access	cases.0.case_id	cases.0.submitter_id	data_category	data_format	experimental_strategy	file_id	file_name	id
open	90db503c-f9c8-4d31-bed4-e3383b69c89b	TCGA-X9-A973	Copy Number Variation	TSV	Genotyping Array	f2e4354e-aee4-4c06-acaa-b5b6eb084cbf	TCGA-SARC.8bad38ee-5f75-4c5f-97dd-b49a46fb3f98.gene_level_copy_number.v36.tsv	f2e4354e-aee4-4c06-acaa-b5b6eb084cbf
controlled	a37238f3-55b5-43df-a0c5-3d22ee5156f3	TCGA-DX-A48R	Copy Number Variation	CEL	Genotyping Array	484bb82e-96ea-478c-97b1-9284286658f7	SNOWS_p_TCGA_Batch_309_310_NSP_GenomeWideSNP_6_F02_1362042.CEL	484bb82e-96ea-478c-97b1-9284286658f7
controlled	89a3ccb1-252a-46f9-97c7-3e44b34d7967	TCGA-X6-A7WB	Copy Number Variation	CEL	Genotyping Array	bcf80f35-5c4d-4443-9b0e-5f7f976e445d	TAZZA_p_TCGAb3_62_63_64_65_NSP_GenomeWideSNP_6_C12_1387836.CEL	bcf80f35-5c4d-4443-9b0e-5f7f976e445d
open	93dfe3c6-445d-4976-93c0-9a826730fd58	TCGA-QQ-A5V9	Copy Number Variation	TSV	Genotyping Array	463fa5d4-df2e-464c-b1ea-518c924d459c	TCGA-SARC.a6fa13c1-e24c-4f28-9e87-3bb24e6a2fde.ascat3.gene_level_copy_number.v36.tsv	463fa5d4-df2e-464c-b1ea-518c924d459c
open	8d8921ac-ca12-4e17-bd5e-982ff0d699a1	TCGA-DX-A23U	Copy Number Variation	TSV	Genotyping Array	10b3c7e3-1ec5-49bf-a796-7c681933d4ca	TCGA-SARC.ebd9bc36-03a7-419f-ace8-2402959a914d.ascat3.gene_level_copy_number.v36.tsv	10b3c7e3-1ec5-49bf-a796-7c681933d4ca
open	94359edf-7208-4b4c-ad7c-4064974de818	TCGA-DX-AB3C	Copy Number Variation	TSV	Genotyping Array	bcefdfc4-598c-4831-b41f-902eb4b359ae	TCGA-SARC.9273d715-6ef2-4151-a9c4-dc536c3640fd.absolute_liftover.gene_level_copy_number.v36.tsv	bcefdfc4-598c-4831-b41f-902eb4b359ae
controlled	8d8921ac-ca12-4e17-bd5e-982ff0d699a1	TCGA-DX-A23U	Simple Nucleotide Variation	TSV	Genotyping Array	df868ba8-f7c6-420a-8760-35495159b13e	WAGER_p_TCGA_282_284_285_286_N_GenomeWideSNP_6_D11_1359112.birdseed.data.txt	df868ba8-f7c6-420a-8760-35495159b13e
open	9111759f-a0b7-452d-a0de-838fe010245e	TCGA-LI-A9QH	Copy Number Variation	TXT	Genotyping Array	679010d4-ee91-44af-8cce-253acf77913e	TCGA-SARC.d018b579-f3b9-4f35-819e-5506f2b1e849.ascat2.allelic_specific.seg.txt	679010d4-ee91-44af-8cce-253acf77913e
open	9bdc3867-2115-4351-af5f-a52a2c20ae5d	TCGA-K1-A42X	Copy Number Variation	TXT	Genotyping Array	08847865-ac9d-485d-9fad-90470182b820	TCGA-SARC.ca032186-cf0a-47c8-a29d-ea5fd60eae92.ascat3.allelic_specific.seg.txt	08847865-ac9d-485d-9fad-90470182b820
open	8f3f6f7c-4b50-467e-a6e8-d836735913f6	TCGA-DX-A3U5	Copy Number Variation	TXT	Genotyping Array	e1a76383-907a-4191-b115-7fbc82f41fbb	TCGA-SARC.92b66271-a319-4c66-87e1-f2d354b95eb5.ascat2.allelic_specific.seg.txt	e1a76383-907a-4191-b115-7fbc82f41fbb
open	9111759f-a0b7-452d-a0de-838fe010245e	TCGA-LI-A9QH	Copy Number Variation	TXT	Genotyping Array	442ad9b0-b9b7-465f-b433-315a4a3680c1	BREWS_p_TCGAb_382_383_NSP_GenomeWideSNP_6_G10_1465138.nocnv_grch38.seg.v2.txt	442ad9b0-b9b7-465f-b433-315a4a3680c1
controlled	9111759f-a0b7-452d-a0de-838fe010245e	TCGA-LI-A9QH	Simple Nucleotide Variation	TSV	Genotyping Array	d114b0b4-9d8e-44ba-a4ae-120489881843	BREWS_p_TCGAb_382_383_NSP_GenomeWideSNP_6_G11_1465062.birdseed.data.txt	d114b0b4-9d8e-44ba-a4ae-120489881843
open	8f3f6f7c-4b50-467e-a6e8-d836735913f6	TCGA-DX-A3U5	Copy Number Variation	TXT	Genotyping Array	4b1f8256-fed8-45c8-a11a-332744029d12	TCGA-SARC.92b66271-a319-4c66-87e1-f2d354b95eb5.ascat3.allelic_specific.seg.txt	4b1f8256-fed8-45c8-a11a-332744029d12
open	a4f68239-5b9f-40d7-9e52-b68efa170c1c	TCGA-3B-A9I1	Copy Number Variation	TXT	Genotyping Array	2150e799-d7b5-4272-97a8-4e15b222dbe2	TCGA-SARC.af4bdf35-149f-479e-9945-b99e7c10e0b2.ascat2.allelic_specific.seg.txt	2150e799-d7b5-4272-97a8-4e15b222dbe2
controlled	94359edf-7208-4b4c-ad7c-4064974de818	TCGA-DX-AB3C	Copy Number Variation	CEL	Genotyping Array	c3fca304-002b-482b-95c9-ced3f2ba4666	CUBES_p_TCGAb_425_426_427_NSP_GenomeWideSNP_6_G03_1514004.CEL	c3fca304-002b-482b-95c9-ced3f2ba4666
controlled	914df75d-25f5-4b2f-96c7-95861d7dfa30	TCGA-DX-A8BM	Simple Nucleotide Variation	TSV	Genotyping Array	f7f7ae27-1a05-43b0-8b40-543dc05360d3	CUBES_p_TCGAb_425_426_427_NSP_GenomeWideSNP_6_E09_1513976.birdseed.data.txt	f7f7ae27-1a05-43b0-8b40-543dc05360d3
open	9bdc3867-2115-4351-af5f-a52a2c20ae5d	TCGA-K1-A42X	Copy Number Variation	TSV	Genotyping Array	013c95e4-209f-46ed-8c63-e915bac962e7	TCGA-SARC.29235268-4f4d-478c-8af3-1d908be031e9.absolute_liftover.gene_level_copy_number.v36.tsv	013c95e4-209f-46ed-8c63-e915bac962e7
controlled	a4f68239-5b9f-40d7-9e52-b68efa170c1c	TCGA-3B-A9I1	Copy Number Variation	CEL	Genotyping Array	96c25042-8ccf-46be-a3c8-4467bac8f29c	PRION_p_TCGAb_410_11_12_13_NSP_GenomeWideSNP_6_E10_1486634.CEL	96c25042-8ccf-46be-a3c8-4467bac8f29c
open	a4f68239-5b9f-40d7-9e52-b68efa170c1c	TCGA-3B-A9I1	Copy Number Variation	TSV	Genotyping Array	9ab9e2c5-67f5-499f-9a8e-5c5077277122	TCGA-SARC.af4bdf35-149f-479e-9945-b99e7c10e0b2.absolute_liftover.gene_level_copy_number.v36.tsv	9ab9e2c5-67f5-499f-9a8e-5c5077277122
controlled	9517413b-b5b8-4130-8ba1-d86d44abe2ec	TCGA-DX-A1L3	Copy Number Variation	CEL	Genotyping Array	c874520b-76ef-4ec9-bf92-3180f4d6ba82	YOGIN_p_TCGA_4_262_263_N_GenomeWideSNP_6_D07_1306108.CEL	c874520b-76ef-4ec9-bf92-3180f4d6ba82
open	9517413b-b5b8-4130-8ba1-d86d44abe2ec	TCGA-DX-A1L3	Copy Number Variation	TSV	Genotyping Array	ad3933f7-2bda-4c9b-904a-d44e38dd9f46	TCGA-SARC.4c87e44d-f539-4efc-b6fb-bdd0561b7219.absolute_liftover.gene_level_copy_number.v36.tsv	ad3933f7-2bda-4c9b-904a-d44e38dd9f46
open	9bf78d02-f5e5-4cee-8d4d-57cc567cb510	TCGA-MB-A8JL	Copy Number Variation	TSV	Genotyping Array	bf4c0116-af37-4cce-a763-8bbadaaa10f3	TCGA-SARC.5c587667-20f8-4f13-90e3-03cdfcda3ab1.ascat3.gene_level_copy_number.v36.tsv	bf4c0116-af37-4cce-a763-8bbadaaa10f3
open	9517413b-b5b8-4130-8ba1-d86d44abe2ec	TCGA-DX-A1L3	Copy Number Variation	TSV	Genotyping Array	5e8bf11b-77c7-4641-8a72-a5fb2f20fec6	TCGA-SARC.4c87e44d-f539-4efc-b6fb-bdd0561b7219.ascat3.gene_level_copy_number.v36.tsv	5e8bf11b-77c7-4641-8a72-a5fb2f20fec6
open	9bf78d02-f5e5-4cee-8d4d-57cc567cb510	TCGA-MB-A8JL	Copy Number Variation	TXT	Genotyping Array	09f2fdc6-a1b0-4165-8a41-bb089b6a55ff	TCGA-SARC.5c587667-20f8-4f13-90e3-03cdfcda3ab1.ascat2.allelic_specific.seg.txt	09f2fdc6-a1b0-4165-8a41-bb089b6a55ff
open	8f4293b0-bafc-4348-a203-9516d6f2dc48	TCGA-UE-A6QT	Copy Number Variation	TSV	Genotyping Array	1b958b86-c5e2-475d-823c-73d771fdc274	TCGA-SARC.04e8ef7d-5d0b-452c-b27d-891fcbf6608b.ascat3.gene_level_copy_number.v36.tsv	1b958b86-c5e2-475d-823c-73d771fdc274
open	8f4293b0-bafc-4348-a203-9516d6f2dc48	TCGA-UE-A6QT	Copy Number Variation	TXT	Genotyping Array	e62f8a6f-518c-47b6-ae0f-d1e4961d9841	TCGA-SARC.04e8ef7d-5d0b-452c-b27d-891fcbf6608b.ascat2.allelic_specific.seg.txt	e62f8a6f-518c-47b6-ae0f-d1e4961d9841
open	91d9a1b9-ae23-4eae-9354-8b3a29e3d1e6	TCGA-DX-AB2Z	Copy Number Variation	TSV	Genotyping Array	3a25f0bc-da56-409f-9a94-2969f95af46b	TCGA-SARC.50efa72d-44c3-4921-a289-9664df662f8e.gene_level_copy_number.v36.tsv	3a25f0bc-da56-409f-9a94-2969f95af46b
controlled	9bf78d02-f5e5-4cee-8d4d-57cc567cb510	TCGA-MB-A8JL	Copy Number Variation	CEL	Genotyping Array	77e4edbf-f8b3-457e-82d2-71d07d6d22ca	HONGS_p_TCGAb3_75_76_77_NSP_GenomeWideSNP_6_E07_1438268.CEL	77e4edbf-f8b3-457e-82d2-71d07d6d22ca
controlled	9517413b-b5b8-4130-8ba1-d86d44abe2ec	TCGA-DX-A1L3	Simple Nucleotide Variation	TSV	Genotyping Array	776742db-1859-4a96-b569-48cde4689200	YOGIN_p_TCGA_4_262_263_N_GenomeWideSNP_6_D04_1306216.birdseed.data.txt	776742db-1859-4a96-b569-48cde4689200
open	ab706ea0-d642-4f58-ba8d-f5d930b91286	TCGA-WK-A8Y0	Copy Number Variation	TSV	Genotyping Array	36f8e841-2aa1-4bf1-8cf0-939714525a32	TCGA-SARC.70109c42-bf20-49a5-b26d-e989cbcc5a8d.ascat3.gene_level_copy_number.v36.tsv	36f8e841-2aa1-4bf1-8cf0-939714525a32
open	9bf78d02-f5e5-4cee-8d4d-57cc567cb510	TCGA-MB-A8JL	Copy Number Variation	TXT	Genotyping Array	4683bf1a-7700-4aaf-b706-e171e5df9153	HONGS_p_TCGAb3_75_76_77_NSP_GenomeWideSNP_6_E07_1438268.grch38.seg.v2.txt	4683bf1a-7700-4aaf-b706-e171e5df9153
open	ab706ea0-d642-4f58-ba8d-f5d930b91286	TCGA-WK-A8Y0	Copy Number Variation	TXT	Genotyping Array	1157e481-c130-4fec-a290-d8a962a2fdf8	TCGA-SARC.70109c42-bf20-49a5-b26d-e989cbcc5a8d.ascat2.allelic_specific.seg.txt	1157e481-c130-4fec-a290-d8a962a2fdf8
controlled	91d9a1b9-ae23-4eae-9354-8b3a29e3d1e6	TCGA-DX-AB2Z	Simple Nucleotide Variation	TSV	Genotyping Array	c4b932f2-106e-48de-91c2-ae7b071fe771	ENATE_p_TCGAb_394_395_396_NSP_GenomeWideSNP_6_F03_1474158.birdseed.data.txt	c4b932f2-106e-48de-91c2-ae7b071fe771
open	8f4c042c-fbe3-4d0c-b2bd-695bc37483f5	TCGA-N1-A6IA	Copy Number Variation	TXT	Genotyping Array	3b04e866-1df9-4edf-bb19-ad01907ba868	THREW_p_TCGAb_329_335_336_NSP_GenomeWideSNP_6_E10_1367180.nocnv_grch38.seg.v2.txt	3b04e866-1df9-4edf-bb19-ad01907ba868
open	a7613c60-93a1-4a4c-9b12-dfd2103b0168	TCGA-QC-AA9N	Copy Number Variation	TXT	Genotyping Array	fb180883-cef2-4287-a5cb-5c8a5cd386c6	TCGA-SARC.ab0ceefd-4c0f-46a2-9f51-9dbf0aec6a2f.ascat3.allelic_specific.seg.txt	fb180883-cef2-4287-a5cb-5c8a5cd386c6
open	9c58e3b2-1dee-4375-8239-ce69a725e3de	TCGA-DX-A6B8	Copy Number Variation	TSV	Genotyping Array	bc01ccc3-6ed3-4af8-b00f-925c33a7ffab	TCGA-SARC.28b602f2-2fc5-4c5e-a7dd-91c7927658f9.gene_level_copy_number.v36.tsv	bc01ccc3-6ed3-4af8-b00f-925c33a7ffab
controlled	a7c45269-b693-45c4-81fd-6dd3379877e8	TCGA-DX-A7ER	Simple Nucleotide Variation	TSV	Genotyping Array	016ec9e6-2c88-4fc4-b268-7b46679247ac	HONGS_p_TCGAb3_75_76_77_NSP_GenomeWideSNP_6_G03_1438170.birdseed.data.txt	016ec9e6-2c88-4fc4-b268-7b46679247ac
open	91d9a1b9-ae23-4eae-9354-8b3a29e3d1e6	TCGA-DX-AB2Z	Copy Number Variation	TXT	Genotyping Array	48af3827-0f3b-4ed8-ac19-1f02e076adf1	ENATE_p_TCGAb_394_395_396_NSP_GenomeWideSNP_6_F04_1474124.nocnv_grch38.seg.v2.txt	48af3827-0f3b-4ed8-ac19-1f02e076adf1
open	a7c45269-b693-45c4-81fd-6dd3379877e8	TCGA-DX-A7ER	Copy Number Variation	TXT	Genotyping Array	4819c4f9-8a70-4e2a-bce3-8b692efc8f60	HONGS_p_TCGAb3_75_76_77_NSP_GenomeWideSNP_6_E08_1438300.grch38.seg.v2.txt	4819c4f9-8a70-4e2a-bce3-8b692efc8f60
controlled	8f4c042c-fbe3-4d0c-b2bd-695bc37483f5	TCGA-N1-A6IA	Copy Number Variation	CEL	Genotyping Array	e00c4940-9c63-4f6f-a129-9ab064d63431	THREW_p_TCGAb_329_335_336_NSP_GenomeWideSNP_6_E10_1367180.CEL	e00c4940-9c63-4f6f-a129-9ab064d63431
controlled	ac1eb376-ff96-4ed9-929a-03975f72ac15	TCGA-DX-A3UA	Copy Number Variation	CEL	Genotyping Array	4146058a-598f-42cf-abf4-8eb21c23d578	SNOWS_p_TCGA_Batch_309_310_NSP_GenomeWideSNP_6_D02_1362180.CEL	4146058a-598f-42cf-abf4-8eb21c23d578
open	ac1eb376-ff96-4ed9-929a-03975f72ac15	TCGA-DX-A3UA	Copy Number Variation	TXT	Genotyping Array	bdcc4064-6b77-40c8-aeef-d81ab3b33d4d	SNOWS_p_TCGA_Batch_309_310_NSP_GenomeWideSNP_6_D02_1362180.nocnv_grch38.seg.v2.txt	bdcc4064-6b77-40c8-aeef-d81ab3b33d4d
open	ac1eb376-ff96-4ed9-929a-03975f72ac15	TCGA-DX-A3UA	Copy Number Variation	TXT	Genotyping Array	a57cf5ee-6df8-4939-a4f1-7e7d0ed1b4c4	TCGA-SARC.3b0d8bbd-0cdf-4b12-a379-04dbd02ae640.ascat2.allelic_specific.seg.txt	a57cf5ee-6df8-4939-a4f1-7e7d0ed1b4c4
open	a7c45269-b693-45c4-81fd-6dd3379877e8	TCGA-DX-A7ER	Copy Number Variation	TXT	Genotyping Array	905c39be-fb07-4d16-98ed-df2abcfe4873	HEIGH_p_TCGAb418_19_21_BCR_NSP_GenomeWideSNP_6_H01_1485640.grch38.seg.v2.txt	905c39be-fb07-4d16-98ed-df2abcfe4873
open	98b4dd76-e6c4-4125-ba9e-9dc318ffb61c	TCGA-DX-AB2F	Copy Number Variation	TSV	Genotyping Array	bb35c65a-6798-4b40-8525-64bf56fd9f26	TCGA-SARC.0e1347f9-53a6-4608-9da5-ce4934c8cdfb.gene_level_copy_number.v36.tsv	bb35c65a-6798-4b40-8525-64bf56fd9f26
open	98b4dd76-e6c4-4125-ba9e-9dc318ffb61c	TCGA-DX-AB2F	Copy Number Variation	TXT	Genotyping Array	067c6ab5-08af-4d4e-a67e-3653117ab597	TCGA-SARC.0e1347f9-53a6-4608-9da5-ce4934c8cdfb.ascat3.allelic_specific.seg.txt	067c6ab5-08af-4d4e-a67e-3653117ab597
open	a857d684-7195-44f9-ba21-b88020bd9633	TCGA-SI-A71O	Copy Number Variation	TXT	Genotyping Array	d19b09c3-5496-4a8c-a730-f6caa5902df8	CACTI_p_TCGAb_392_393_394_NSP_GenomeWideSNP_6_A01_1473974.nocnv_grch38.seg.v2.txt	d19b09c3-5496-4a8c-a730-f6caa5902df8
open	98b4dd76-e6c4-4125-ba9e-9dc318ffb61c	TCGA-DX-AB2F	Copy Number Variation	TSV	Genotyping Array	89f1b006-8283-4e91-a4c5-fa9921b4e309	TCGA-SARC.0e1347f9-53a6-4608-9da5-ce4934c8cdfb.ascat3.gene_level_copy_number.v36.tsv	89f1b006-8283-4e91-a4c5-fa9921b4e309
open	ac9c3d6a-2df7-472a-b9d7-0a5583463750	TCGA-X6-A8C7	Copy Number Variation	TXT	Genotyping Array	1a2c0050-6c85-4645-b58c-e1b850d9c05e	HONGS_p_TCGAb3_75_76_77_NSP_GenomeWideSNP_6_E10_1438140.grch38.seg.v2.txt	1a2c0050-6c85-4645-b58c-e1b850d9c05e
open	ac9c3d6a-2df7-472a-b9d7-0a5583463750	TCGA-X6-A8C7	Copy Number Variation	TXT	Genotyping Array	1bdbe42c-28e2-41ab-ad13-9252c1e51f61	HONGS_p_TCGAb3_75_76_77_NSP_GenomeWideSNP_6_E10_1438140.nocnv_grch38.seg.v2.txt	1bdbe42c-28e2-41ab-ad13-9252c1e51f61
controlled	ac9c3d6a-2df7-472a-b9d7-0a5583463750	TCGA-X6-A8C7	Simple Nucleotide Variation	TSV	Genotyping Array	e72f9840-623d-4e6f-b21e-f2ccc8b5531b	HONGS_p_TCGAb3_75_76_77_NSP_GenomeWideSNP_6_E10_1438140.birdseed.data.txt	e72f9840-623d-4e6f-b21e-f2ccc8b5531b
open	9dcdbd1b-2e03-4314-aef2-1f6b6fe18523	TCGA-DX-AB2X	Copy Number Variation	TSV	Genotyping Array	f3e8a37b-347a-4975-9fd5-aefb40fb48e1	TCGA-SARC.64eb6928-a008-4cf1-9dc9-b5b7825cbf6f.gene_level_copy_number.v36.tsv	f3e8a37b-347a-4975-9fd5-aefb40fb48e1
open	a857d684-7195-44f9-ba21-b88020bd9633	TCGA-SI-A71O	Copy Number Variation	TSV	Genotyping Array	4bb26faa-d682-4c82-8ed8-cd51a30e3f10	TCGA-SARC.57a669c7-179f-4c39-90a9-e169b95bcb13.absolute_liftover.gene_level_copy_number.v36.tsv	4bb26faa-d682-4c82-8ed8-cd51a30e3f10
open	9dcdbd1b-2e03-4314-aef2-1f6b6fe18523	TCGA-DX-AB2X	Copy Number Variation	TSV	Genotyping Array	95ae1e88-e9ef-451e-9338-04702f02c2aa	TCGA-SARC.64eb6928-a008-4cf1-9dc9-b5b7825cbf6f.ascat3.gene_level_copy_number.v36.tsv	95ae1e88-e9ef-451e-9338-04702f02c2aa
open	ac9c3d6a-2df7-472a-b9d7-0a5583463750	TCGA-X6-A8C7	Copy Number Variation	TSV	Genotyping Array	1ba8d16d-ed76-4ae8-84d2-c4249ad9f7ae	TCGA-SARC.37d5debf-f438-48d2-b978-d6140c679b92.gene_level_copy_number.v36.tsv	1ba8d16d-ed76-4ae8-84d2-c4249ad9f7ae
open	a857d684-7195-44f9-ba21-b88020bd9633	TCGA-SI-A71O	Copy Number Variation	TXT	Genotyping Array	79ede393-d5f6-4655-8fa0-69edfb21c94e	TCGA-SARC.57a669c7-179f-4c39-90a9-e169b95bcb13.ascat2.allelic_specific.seg.txt	79ede393-d5f6-4655-8fa0-69edfb21c94e
controlled	ac9c3d6a-2df7-472a-b9d7-0a5583463750	TCGA-X6-A8C7	Simple Nucleotide Variation	TSV	Genotyping Array	968d9a0a-11fe-49fd-9952-04c05fbb8144	HONGS_p_TCGAb3_75_76_77_NSP_GenomeWideSNP_6_G05_1438270.birdseed.data.txt	968d9a0a-11fe-49fd-9952-04c05fbb8144
open	9ebda267-a475-408a-a512-cd3761de83b4	TCGA-QC-A6FX	Copy Number Variation	TXT	Genotyping Array	b7bac0f5-58e0-4c9a-9dc4-08c588edfe2e	THREW_p_TCGAb_329_335_336_NSP_GenomeWideSNP_6_E12_1367078.nocnv_grch38.seg.v2.txt	b7bac0f5-58e0-4c9a-9dc4-08c588edfe2e
open	b85e2156-d5ac-486c-93e1-86525ea41a64	TCGA-DX-A3M1	Copy Number Variation	TXT	Genotyping Array	4a1515f4-5c79-4f56-9df1-5b70c744b3e2	TCGA-SARC.ce61b491-98f1-497f-9c25-4c453e98c6ca.ascat3.allelic_specific.seg.txt	4a1515f4-5c79-4f56-9df1-5b70c744b3e2
open	c20682a1-f340-430d-99f9-077fe093ed19	TCGA-IW-A3M5	Copy Number Variation	TXT	Genotyping Array	ba03f184-4502-45c5-8fa6-75abb9203598	MACON_p_TCGASNP_218_AML_PP_N_GenomeWideSNP_6_C04_1040148.grch38.seg.v2.txt	ba03f184-4502-45c5-8fa6-75abb9203598
open	9bdc3867-2115-4351-af5f-a52a2c20ae5d	TCGA-K1-A42X	Copy Number Variation	TSV	Genotyping Array	00ab146e-9605-4f11-b2ee-bd15295f7433	TCGA-SARC.ca032186-cf0a-47c8-a29d-ea5fd60eae92.ascat3.gene_level_copy_number.v36.tsv	00ab146e-9605-4f11-b2ee-bd15295f7433
controlled	c20682a1-f340-430d-99f9-077fe093ed19	TCGA-IW-A3M5	Simple Nucleotide Variation	TSV	Genotyping Array	edcd4281-c625-4505-8a9e-fd51426f4e2d	MACON_p_TCGASNP_218_AML_PP_N_GenomeWideSNP_6_C04_1040148.birdseed.data.txt	edcd4281-c625-4505-8a9e-fd51426f4e2d
open	c20682a1-f340-430d-99f9-077fe093ed19	TCGA-IW-A3M5	Copy Number Variation	TXT	Genotyping Array	7741bd44-47b2-474b-a1f2-429addfd8a4c	TCGA-SARC.8e3731a9-16af-446f-9657-2390839f3986.ascat3.allelic_specific.seg.txt	7741bd44-47b2-474b-a1f2-429addfd8a4c
open	cc891960-42a2-4d76-b93b-c2914c929154	TCGA-DX-A6B9	Copy Number Variation	TXT	Genotyping Array	d8ab8f4e-e9c5-4aa8-968c-10c72da05713	THREW_p_TCGAb_329_335_336_NSP_GenomeWideSNP_6_D09_1367142.nocnv_grch38.seg.v2.txt	d8ab8f4e-e9c5-4aa8-968c-10c72da05713
open	9ebda267-a475-408a-a512-cd3761de83b4	TCGA-QC-A6FX	Copy Number Variation	TXT	Genotyping Array	464c3384-d33f-4a87-80a4-6bff4494bc15	TCGA-SARC.32a4cbb3-c1d7-408a-8768-9e07a8274020.ascat2.allelic_specific.seg.txt	464c3384-d33f-4a87-80a4-6bff4494bc15
open	9ebda267-a475-408a-a512-cd3761de83b4	TCGA-QC-A6FX	Copy Number Variation	TXT	Genotyping Array	167f223d-f255-4978-83c4-5c0e046b304e	TCGA-SARC.32a4cbb3-c1d7-408a-8768-9e07a8274020.ascat3.allelic_specific.seg.txt	167f223d-f255-4978-83c4-5c0e046b304e
open	a8ce2be1-1f15-4e02-9161-5f161447a541	TCGA-3B-A9I0	Copy Number Variation	TXT	Genotyping Array	34c104ac-f468-4dc6-be71-0829d40e6b3f	PRION_p_TCGAb_410_11_12_13_NSP_GenomeWideSNP_6_E04_1486586.grch38.seg.v2.txt	34c104ac-f468-4dc6-be71-0829d40e6b3f
open	b9a01a64-3c9d-44b3-8ee1-a880b7816fee	TCGA-DX-A7EM	Copy Number Variation	TXT	Genotyping Array	23094172-b401-46ad-ae81-450bb5c09c5a	HONGS_p_TCGAb3_75_76_77_NSP_GenomeWideSNP_6_H11_1438234.nocnv_grch38.seg.v2.txt	23094172-b401-46ad-ae81-450bb5c09c5a
controlled	9ef5cdda-8aba-4027-8cf0-e53b2f54704a	TCGA-3B-A9HU	Simple Nucleotide Variation	TSV	Genotyping Array	69e02ef9-f4a8-483f-95f7-8e6d18457854	PRION_p_TCGAb_410_11_12_13_NSP_GenomeWideSNP_6_C03_1486692.birdseed.data.txt	69e02ef9-f4a8-483f-95f7-8e6d18457854
open	9ef5cdda-8aba-4027-8cf0-e53b2f54704a	TCGA-3B-A9HU	Copy Number Variation	TSV	Genotyping Array	12b9dff3-ce22-42e5-af85-6a5ae071e1a0	TCGA-SARC.496e1a3a-94ab-4917-ae24-ce4ab4eabbdd.gene_level_copy_number.v36.tsv	12b9dff3-ce22-42e5-af85-6a5ae071e1a0
open	a93fd240-59c1-4527-854e-dfd042222fcf	TCGA-3B-A9I3	Copy Number Variation	TSV	Genotyping Array	d4b86125-0300-48ae-b9ad-e70faf7d6046	TCGA-SARC.faaf8654-8341-4fbc-8a9b-8add4db80295.gene_level_copy_number.v36.tsv	d4b86125-0300-48ae-b9ad-e70faf7d6046
open	cc9eb46b-47a6-44b2-97c1-3ee866bbfc3d	TCGA-DX-AB2E	Copy Number Variation	TXT	Genotyping Array	4e7015ac-6eb3-49b0-a21c-a4433a900856	PRION_p_TCGAb_410_11_12_13_NSP_GenomeWideSNP_6_D05_1486598.nocnv_grch38.seg.v2.txt	4e7015ac-6eb3-49b0-a21c-a4433a900856
open	b0c194ce-8f60-423f-afca-7f577813421c	TCGA-X9-A971	Copy Number Variation	TSV	Genotyping Array	1b596274-4eb6-4232-8658-186f004edb80	TCGA-SARC.a82fdfae-7b34-48ca-b43d-ee816193dafc.absolute_liftover.gene_level_copy_number.v36.tsv	1b596274-4eb6-4232-8658-186f004edb80
open	a93fd240-59c1-4527-854e-dfd042222fcf	TCGA-3B-A9I3	Copy Number Variation	TXT	Genotyping Array	f308aa90-f860-4f5c-923e-f9ec3a41b319	PRION_p_TCGAb_410_11_12_13_NSP_GenomeWideSNP_6_C09_1486628.nocnv_grch38.seg.v2.txt	f308aa90-f860-4f5c-923e-f9ec3a41b319
controlled	b9a01a64-3c9d-44b3-8ee1-a880b7816fee	TCGA-DX-A7EM	Simple Nucleotide Variation	TSV	Genotyping Array	ab6cd1a1-ded2-427d-8eee-37f1895a52ac	HONGS_p_TCGAb3_75_76_77_NSP_GenomeWideSNP_6_H11_1438234.birdseed.data.txt	ab6cd1a1-ded2-427d-8eee-37f1895a52ac
open	cc9eb46b-47a6-44b2-97c1-3ee866bbfc3d	TCGA-DX-AB2E	Copy Number Variation	TXT	Genotyping Array	933e9cc4-2b90-43a0-9e43-108af618a4c4	PRION_p_TCGAb_410_11_12_13_NSP_GenomeWideSNP_6_D04_1486734.nocnv_grch38.seg.v2.txt	933e9cc4-2b90-43a0-9e43-108af618a4c4
controlled	bc282a61-9e8b-4330-9177-fc515293f051	TCGA-DX-AB2S	Copy Number Variation	CEL	Genotyping Array	9191ed68-50e6-4b00-b3fa-57ba958492d8	PRION_p_TCGAb_410_11_12_13_NSP_GenomeWideSNP_6_C10_1486708.CEL	9191ed68-50e6-4b00-b3fa-57ba958492d8
controlled	a93fd240-59c1-4527-854e-dfd042222fcf	TCGA-3B-A9I3	Copy Number Variation	CEL	Genotyping Array	0e553ba9-ddd1-409f-832b-6df4553f9e79	PRION_p_TCGAb_410_11_12_13_NSP_GenomeWideSNP_6_C09_1486628.CEL	0e553ba9-ddd1-409f-832b-6df4553f9e79
controlled	bc282a61-9e8b-4330-9177-fc515293f051	TCGA-DX-AB2S	Simple Nucleotide Variation	TSV	Genotyping Array	d80cc696-3af6-4a0b-997f-e54c908e297c	PRION_p_TCGAb_410_11_12_13_NSP_GenomeWideSNP_6_C11_1486678.birdseed.data.txt	d80cc696-3af6-4a0b-997f-e54c908e297c
open	aaf93a92-2f93-477d-9ea4-d18ab7d4f258	TCGA-3B-A9HL	Copy Number Variation	TXT	Genotyping Array	87631cd5-d643-44fd-9625-55d7c0cd9991	ENATE_p_TCGAb_394_395_396_NSP_GenomeWideSNP_6_F10_1474156.nocnv_grch38.seg.v2.txt	87631cd5-d643-44fd-9625-55d7c0cd9991
open	cd8637c0-1651-4e8a-9a88-7fb06dc36ff8	TCGA-JV-A75J	Copy Number Variation	TSV	Genotyping Array	55edd158-534f-443a-b870-bd4dd04a993e	TCGA-SARC.2dc3c665-007d-46c5-86ff-9ac939f7eb9b.gene_level_copy_number.v36.tsv	55edd158-534f-443a-b870-bd4dd04a993e
controlled	bc282a61-9e8b-4330-9177-fc515293f051	TCGA-DX-AB2S	Simple Nucleotide Variation	TSV	Genotyping Array	904e9983-30a3-42e9-9e2c-31c1f7e5d40b	PRION_p_TCGAb_410_11_12_13_NSP_GenomeWideSNP_6_C10_1486708.birdseed.data.txt	904e9983-30a3-42e9-9e2c-31c1f7e5d40b
open	a1f0e5db-5c73-4b83-8cc4-6208941806de	TCGA-DX-A7ES	Copy Number Variation	TXT	Genotyping Array	a4d383b8-d00f-44fe-baab-a0313ff01564	PRION_p_TCGAb_410_11_12_13_NSP_GenomeWideSNP_6_E01_1486714.grch38.seg.v2.txt	a4d383b8-d00f-44fe-baab-a0313ff01564
open	b2ee912a-0a57-4d46-bc25-3594028fe387	TCGA-X6-A8C4	Copy Number Variation	TXT	Genotyping Array	226f8cee-a20f-4960-8afe-49044f3d913c	HONGS_p_TCGAb3_75_76_77_NSP_GenomeWideSNP_6_H06_1438258.grch38.seg.v2.txt	226f8cee-a20f-4960-8afe-49044f3d913c
open	cd8637c0-1651-4e8a-9a88-7fb06dc36ff8	TCGA-JV-A75J	Copy Number Variation	TXT	Genotyping Array	f95131f1-23f3-45bc-aed6-d6a708706099	THREW_p_TCGAb_329_335_336_NSP_GenomeWideSNP_6_E04_1367188.nocnv_grch38.seg.v2.txt	f95131f1-23f3-45bc-aed6-d6a708706099
open	b2ee912a-0a57-4d46-bc25-3594028fe387	TCGA-X6-A8C4	Copy Number Variation	TXT	Genotyping Array	38f0b7e6-32e0-49a9-8e92-7d45b0a958d8	TCGA-SARC.5c1df810-e043-40e8-88c3-8444210d3339.ascat2.allelic_specific.seg.txt	38f0b7e6-32e0-49a9-8e92-7d45b0a958d8
open	cedf4099-076d-4ea7-9a86-76fe9530b88c	TCGA-JV-A5VF	Copy Number Variation	TSV	Genotyping Array	ee84b0d3-dd37-464a-93ce-109c08484fa4	TCGA-SARC.2047428f-14d9-474f-9dbe-57145bf6309c.absolute_liftover.gene_level_copy_number.v36.tsv	ee84b0d3-dd37-464a-93ce-109c08484fa4
controlled	bfaafe2d-0e83-43aa-9f81-b34b62a46d38	TCGA-DX-A1KY	Copy Number Variation	CEL	Genotyping Array	53f1fdc8-42ab-48ed-8615-f2b50bc0f804	YOGIN_p_TCGA_4_262_263_N_GenomeWideSNP_6_B11_1306150.CEL	53f1fdc8-42ab-48ed-8615-f2b50bc0f804
open	b2ee912a-0a57-4d46-bc25-3594028fe387	TCGA-X6-A8C4	Copy Number Variation	TXT	Genotyping Array	ff58f444-9f69-47be-abb7-85bd50415b00	HONGS_p_TCGAb3_75_76_77_NSP_GenomeWideSNP_6_H06_1438258.nocnv_grch38.seg.v2.txt	ff58f444-9f69-47be-abb7-85bd50415b00
open	ab706ea0-d642-4f58-ba8d-f5d930b91286	TCGA-WK-A8Y0	Copy Number Variation	TXT	Genotyping Array	c85d5ce4-b19f-48f8-8447-0b08fed893f5	CUBES_p_TCGAb_425_426_427_NSP_GenomeWideSNP_6_D08_1514040.nocnv_grch38.seg.v2.txt	c85d5ce4-b19f-48f8-8447-0b08fed893f5
open	c5e23947-253b-40d2-916a-277b2a580be2	TCGA-IE-A4EI	Copy Number Variation	TSV	Genotyping Array	bd29520a-6269-4c73-bfc5-5383ef8b5495	TCGA-SARC.791f8c5d-91d1-471a-8bf2-8f954935f3f3.absolute_liftover.gene_level_copy_number.v36.tsv	bd29520a-6269-4c73-bfc5-5383ef8b5495
open	b2ee912a-0a57-4d46-bc25-3594028fe387	TCGA-X6-A8C4	Copy Number Variation	TSV	Genotyping Array	5f148d79-4843-48c9-9895-7040a3d11cc7	TCGA-SARC.5c1df810-e043-40e8-88c3-8444210d3339.ascat3.gene_level_copy_number.v36.tsv	5f148d79-4843-48c9-9895-7040a3d11cc7
controlled	bfaafe2d-0e83-43aa-9f81-b34b62a46d38	TCGA-DX-A1KY	Copy Number Variation	CEL	Genotyping Array	dc80e829-3f88-4782-8471-c441746b7154	YOGIN_p_TCGA_4_262_263_N_GenomeWideSNP_6_B07_1306094.CEL	dc80e829-3f88-4782-8471-c441746b7154
open	a37238f3-55b5-43df-a0c5-3d22ee5156f3	TCGA-DX-A48R	Copy Number Variation	TSV	Genotyping Array	23d98b76-85c4-48fb-813b-c3f60f94d710	TCGA-SARC.084383c9-5045-4b23-bc79-962685f7da85.gene_level_copy_number.v36.tsv	23d98b76-85c4-48fb-813b-c3f60f94d710
open	cedf4099-076d-4ea7-9a86-76fe9530b88c	TCGA-JV-A5VF	Copy Number Variation	TXT	Genotyping Array	83b36d87-5bf2-4a43-a2ba-23bec9ddb994	TCGA-SARC.2047428f-14d9-474f-9dbe-57145bf6309c.ascat3.allelic_specific.seg.txt	83b36d87-5bf2-4a43-a2ba-23bec9ddb994
controlled	b5f27002-4277-418d-90b0-cc5a2742692e	TCGA-DX-A23R	Copy Number Variation	CEL	Genotyping Array	1e4bdbfb-577d-4120-9963-af4ac8cd6865	WAGER_p_TCGA_282_284_285_286_N_GenomeWideSNP_6_E09_1359090.CEL	1e4bdbfb-577d-4120-9963-af4ac8cd6865
controlled	bfaafe2d-0e83-43aa-9f81-b34b62a46d38	TCGA-DX-A1KY	Simple Nucleotide Variation	TSV	Genotyping Array	f2e8af3d-2be6-434a-b560-18686b0be85e	YOGIN_p_TCGA_4_262_263_N_GenomeWideSNP_6_B07_1306094.birdseed.data.txt	f2e8af3d-2be6-434a-b560-18686b0be85e
open	d7d9204b-b85e-4260-8a54-c39e7847e982	TCGA-SG-A849	Copy Number Variation	TSV	Genotyping Array	66a61166-a423-4df7-8091-64fcb0252271	TCGA-SARC.00e80dbf-ab3c-4920-a3bc-9d8225a4030c.absolute_liftover.gene_level_copy_number.v36.tsv	66a61166-a423-4df7-8091-64fcb0252271
controlled	d0d989cb-a50f-4ed9-8478-ae300ebc0970	TCGA-DX-AB32	Copy Number Variation	CEL	Genotyping Array	a37c9ac3-43fa-4c96-a885-0c84c6dc3b34	CUBES_p_TCGAb_425_426_427_NSP_GenomeWideSNP_6_D03_1514102.CEL	a37c9ac3-43fa-4c96-a885-0c84c6dc3b34
open	e119dc43-9ba7-43ad-add0-1ce8a01e3b06	TCGA-JV-A5VE	Copy Number Variation	TSV	Genotyping Array	2b071e70-a62b-491a-ab84-f79f76c9ce8b	TCGA-SARC.17009a70-61f1-4363-ab21-9b6efd972d97.ascat3.gene_level_copy_number.v36.tsv	2b071e70-a62b-491a-ab84-f79f76c9ce8b
controlled	e119dc43-9ba7-43ad-add0-1ce8a01e3b06	TCGA-JV-A5VE	Simple Nucleotide Variation	TSV	Genotyping Array	950eacf0-1b17-4d79-bbfe-bbeab9a5fa91	BURSA_p_TCGA_303_304_305_N_GenomeWideSNP_6_D01_1344796.birdseed.data.txt	950eacf0-1b17-4d79-bbfe-bbeab9a5fa91
open	d0d989cb-a50f-4ed9-8478-ae300ebc0970	TCGA-DX-AB32	Copy Number Variation	TXT	Genotyping Array	966e1cbf-5459-4515-8212-6cc12d9fcd78	CUBES_p_TCGAb_425_426_427_NSP_GenomeWideSNP_6_D02_1513950.grch38.seg.v2.txt	966e1cbf-5459-4515-8212-6cc12d9fcd78
open	d40c99d0-79f6-499d-b7f1-5fc4237cfc57	TCGA-DX-A3U8	Copy Number Variation	TXT	Genotyping Array	02ea3ae0-1bf1-4b77-b61a-b9e80be6cf58	TCGA-SARC.3d6ee6b5-c7ea-4b03-b468-e5096af2133e.ascat3.allelic_specific.seg.txt	02ea3ae0-1bf1-4b77-b61a-b9e80be6cf58
open	b61e39f5-f0dd-485e-8e22-d4fdea751f55	TCGA-SI-A71Q	Copy Number Variation	TXT	Genotyping Array	7cf39349-3442-463f-a849-1bffb630125a	TCGA-SARC.89c146f4-b242-4a27-aec9-6807ce85e494.ascat3.allelic_specific.seg.txt	7cf39349-3442-463f-a849-1bffb630125a
open	c849127a-2f15-4fab-8815-db09b017f48c	TCGA-X6-A7W8	Copy Number Variation	TXT	Genotyping Array	21f4cf3e-42c4-447c-bf12-4ff52269fee5	TAZZA_p_TCGAb3_62_63_64_65_NSP_GenomeWideSNP_6_C02_1387962.nocnv_grch38.seg.v2.txt	21f4cf3e-42c4-447c-bf12-4ff52269fee5
open	d40c99d0-79f6-499d-b7f1-5fc4237cfc57	TCGA-DX-A3U8	Copy Number Variation	TXT	Genotyping Array	c1c184ca-5774-4267-a6eb-042986028154	BURSA_p_TCGA_303_304_305_N_GenomeWideSNP_6_E05_1344696.grch38.seg.v2.txt	c1c184ca-5774-4267-a6eb-042986028154
open	c849127a-2f15-4fab-8815-db09b017f48c	TCGA-X6-A7W8	Copy Number Variation	TXT	Genotyping Array	7dda195d-a412-4363-993c-f45ca8cde8e0	TCGA-SARC.6592905d-2b60-4612-b3a4-ce935577de7b.ascat2.allelic_specific.seg.txt	7dda195d-a412-4363-993c-f45ca8cde8e0
open	c9a5b051-0503-4aae-8bc6-270af3033326	TCGA-DX-A6Z0	Copy Number Variation	TXT	Genotyping Array	f696fa73-a5bf-482f-90d5-acd353c766a7	HONGS_p_TCGAb3_75_76_77_NSP_GenomeWideSNP_6_G11_1438168.grch38.seg.v2.txt	f696fa73-a5bf-482f-90d5-acd353c766a7
open	e5608743-59c4-4846-96b5-b3d36efbed85	TCGA-MB-A5Y9	Copy Number Variation	TSV	Genotyping Array	5d36e63b-02d9-41aa-843a-56f4f5e667fd	TCGA-SARC.8e442e14-271d-4290-825c-f6bcd65ef424.gene_level_copy_number.v36.tsv	5d36e63b-02d9-41aa-843a-56f4f5e667fd
controlled	c9a5b051-0503-4aae-8bc6-270af3033326	TCGA-DX-A6Z0	Simple Nucleotide Variation	TSV	Genotyping Array	a17be8de-1437-4b33-9f9d-60f603049258	HONGS_p_TCGAb3_75_76_77_NSP_GenomeWideSNP_6_G11_1438168.birdseed.data.txt	a17be8de-1437-4b33-9f9d-60f603049258
open	dc18ccea-b332-4fac-b49b-1e0217ad025b	TCGA-PC-A5DN	Copy Number Variation	TXT	Genotyping Array	44e31d8a-29c5-4644-bcfd-66f683488e32	VIBES_p_TCGA_290_291_292_293_S_GenomeWideSNP_6_F05_1362426.grch38.seg.v2.txt	44e31d8a-29c5-4644-bcfd-66f683488e32
open	de0cfb5d-0db6-4bf9-8a92-c5de4208bb04	TCGA-Z4-A8JB	Copy Number Variation	TXT	Genotyping Array	9fb0f41d-3df7-4abd-af1c-a6b0c4a170fc	VISTA_p_TCGAb_383_384_NSP_GenomeWideSNP_6_B06_1464942.grch38.seg.v2.txt	9fb0f41d-3df7-4abd-af1c-a6b0c4a170fc
controlled	de0cfb5d-0db6-4bf9-8a92-c5de4208bb04	TCGA-Z4-A8JB	Copy Number Variation	CEL	Genotyping Array	74700238-0f12-46d5-8337-4ad97f6969a8	VISTA_p_TCGAb_383_384_NSP_GenomeWideSNP_6_B06_1464942.CEL	74700238-0f12-46d5-8337-4ad97f6969a8
open	eea7d707-aeb9-4d00-ab5e-c1ea608517e9	TCGA-DX-A8BT	Copy Number Variation	TXT	Genotyping Array	eed84bf1-0b32-43ba-911a-8c9cbc1468bf	VISTA_p_TCGAb_383_384_NSP_GenomeWideSNP_6_A12_1465004.nocnv_grch38.seg.v2.txt	eed84bf1-0b32-43ba-911a-8c9cbc1468bf
open	de0cfb5d-0db6-4bf9-8a92-c5de4208bb04	TCGA-Z4-A8JB	Copy Number Variation	TXT	Genotyping Array	3ce8dfc2-8871-4934-997b-220c83846661	VISTA_p_TCGAb_383_384_NSP_GenomeWideSNP_6_B06_1464942.nocnv_grch38.seg.v2.txt	3ce8dfc2-8871-4934-997b-220c83846661
open	de0cfb5d-0db6-4bf9-8a92-c5de4208bb04	TCGA-Z4-A8JB	Copy Number Variation	TXT	Genotyping Array	81562891-ebb8-4466-80d2-a65334d4f306	VISTA_p_TCGAb_383_384_NSP_GenomeWideSNP_6_B07_1465016.grch38.seg.v2.txt	81562891-ebb8-4466-80d2-a65334d4f306
open	c030f196-9591-4b0e-ad72-2320f277773b	TCGA-QQ-A5V2	Copy Number Variation	TXT	Genotyping Array	b9ac80c5-9dac-43f4-b10a-63718012414d	THREW_p_TCGAb_329_335_336_NSP_GenomeWideSNP_6_F02_1367124.grch38.seg.v2.txt	b9ac80c5-9dac-43f4-b10a-63718012414d
open	d51b9939-aef7-426b-a57f-01c3684e2dc2	TCGA-RN-A68Q	Copy Number Variation	TSV	Genotyping Array	1b2de62e-ff9c-4986-981b-39124de9f2d8	TCGA-SARC.1c42180e-e828-43ad-938a-d93e8d894207.ascat3.gene_level_copy_number.v36.tsv	1b2de62e-ff9c-4986-981b-39124de9f2d8
controlled	cabd63ee-d833-47b0-9a0b-8a046d260af1	TCGA-DX-AB3A	Simple Nucleotide Variation	TSV	Genotyping Array	313bd792-b43c-4aeb-947c-6767b7d4be45	CUBES_p_TCGAb_425_426_427_NSP_GenomeWideSNP_6_F05_1514060.birdseed.data.txt	313bd792-b43c-4aeb-947c-6767b7d4be45
open	c030f196-9591-4b0e-ad72-2320f277773b	TCGA-QQ-A5V2	Copy Number Variation	TXT	Genotyping Array	5f8dafe5-c86c-4807-94a4-220bc7cb8314	THREW_p_TCGAb_329_335_336_NSP_GenomeWideSNP_6_F01_1367228.grch38.seg.v2.txt	5f8dafe5-c86c-4807-94a4-220bc7cb8314
open	de0cfb5d-0db6-4bf9-8a92-c5de4208bb04	TCGA-Z4-A8JB	Copy Number Variation	TXT	Genotyping Array	f1344ca5-21ce-4fc0-a57d-73c7cb170e7e	VISTA_p_TCGAb_383_384_NSP_GenomeWideSNP_6_B07_1465016.nocnv_grch38.seg.v2.txt	f1344ca5-21ce-4fc0-a57d-73c7cb170e7e
open	d680595d-2956-4780-8ea4-e815edb0706d	TCGA-DX-A7EU	Copy Number Variation	TXT	Genotyping Array	2880fc83-b2a3-4153-8fd6-b7d1bccc0e9c	HONGS_p_TCGAb3_75_76_77_NSP_GenomeWideSNP_6_F02_1438238.grch38.seg.v2.txt	2880fc83-b2a3-4153-8fd6-b7d1bccc0e9c
open	de277edb-4543-4bd7-8f86-206c18b54d8d	TCGA-DX-A48P	Copy Number Variation	TXT	Genotyping Array	ba5b308d-b74c-4639-b76e-15acecf75f36	TCGA-SARC.9770e332-3bd1-4585-b5eb-b4a137e50cf5.ascat2.allelic_specific.seg.txt	ba5b308d-b74c-4639-b76e-15acecf75f36
open	de277edb-4543-4bd7-8f86-206c18b54d8d	TCGA-DX-A48P	Copy Number Variation	TXT	Genotyping Array	e9b21849-6b03-4d9b-b0f4-ae6a9e39e7be	SNOWS_p_TCGA_Batch_309_310_NSP_GenomeWideSNP_6_E12_1362174.grch38.seg.v2.txt	e9b21849-6b03-4d9b-b0f4-ae6a9e39e7be
controlled	d680595d-2956-4780-8ea4-e815edb0706d	TCGA-DX-A7EU	Copy Number Variation	CEL	Genotyping Array	7744b104-9cab-4794-b05c-c1f38539e846	HONGS_p_TCGAb3_75_76_77_NSP_GenomeWideSNP_6_F02_1438238.CEL	7744b104-9cab-4794-b05c-c1f38539e846
open	cabd63ee-d833-47b0-9a0b-8a046d260af1	TCGA-DX-AB3A	Copy Number Variation	TSV	Genotyping Array	8f9f25c7-7360-453c-877f-de28c6843a6a	TCGA-SARC.3b2424b0-1bc2-4eba-bbba-bbe6d1c1bcec.absolute_liftover.gene_level_copy_number.v36.tsv	8f9f25c7-7360-453c-877f-de28c6843a6a
controlled	de509aa1-6f20-480f-bf9d-d6bc04a7f72c	TCGA-RN-AAAQ	Copy Number Variation	CEL	Genotyping Array	71bf2242-be33-4f9d-a165-686e1b0709e2	PRION_p_TCGAb_410_11_12_13_NSP_GenomeWideSNP_6_F03_1486590.CEL	71bf2242-be33-4f9d-a165-686e1b0709e2
controlled	de509aa1-6f20-480f-bf9d-d6bc04a7f72c	TCGA-RN-AAAQ	Simple Nucleotide Variation	TSV	Genotyping Array	ce5e80c9-e466-4128-99dc-7c447993c6f5	PRION_p_TCGAb_410_11_12_13_NSP_GenomeWideSNP_6_F02_1486764.birdseed.data.txt	ce5e80c9-e466-4128-99dc-7c447993c6f5
open	ef273fe6-aab0-41eb-94f7-cca980bf789e	TCGA-DX-A7EL	Copy Number Variation	TSV	Genotyping Array	520bf68a-fda3-416d-8df8-61e502b6c995	TCGA-SARC.b97dd03b-40e3-4a98-a56d-bbc8f7f03a4b.ascat3.gene_level_copy_number.v36.tsv	520bf68a-fda3-416d-8df8-61e502b6c995
open	c05498e7-5b93-4acb-9d91-3a505116558d	TCGA-KD-A5QT	Copy Number Variation	TSV	Genotyping Array	8005d98d-770b-40de-aa6f-1f5fef1556b0	TCGA-SARC.fc168f3e-34b0-42cd-97f5-5a5bce21ee34.ascat3.gene_level_copy_number.v36.tsv	8005d98d-770b-40de-aa6f-1f5fef1556b0
open	c05498e7-5b93-4acb-9d91-3a505116558d	TCGA-KD-A5QT	Copy Number Variation	TXT	Genotyping Array	b33060ca-f900-4f09-8750-e9c96398c8f6	TCGA-SARC.fc168f3e-34b0-42cd-97f5-5a5bce21ee34.ascat3.allelic_specific.seg.txt	b33060ca-f900-4f09-8750-e9c96398c8f6
controlled	e7a72f7e-77b1-4d95-8f37-39a6cffc35dc	TCGA-DX-A3LT	Simple Nucleotide Variation	TSV	Genotyping Array	ec571a73-e81e-406e-9801-e0317506d691	MACON_p_TCGASNP_218_AML_PP_N_GenomeWideSNP_6_A07_1040028.birdseed.data.txt	ec571a73-e81e-406e-9801-e0317506d691
open	c05498e7-5b93-4acb-9d91-3a505116558d	TCGA-KD-A5QT	Copy Number Variation	TXT	Genotyping Array	061e44e5-cd18-43e2-883e-3b72074b500b	VIBES_p_TCGA_290_291_292_293_S_GenomeWideSNP_6_G04_1362466.grch38.seg.v2.txt	061e44e5-cd18-43e2-883e-3b72074b500b
controlled	c05498e7-5b93-4acb-9d91-3a505116558d	TCGA-KD-A5QT	Simple Nucleotide Variation	TSV	Genotyping Array	6c756f6e-b7f8-4110-afc2-dfc46ad84bfa	VIBES_p_TCGA_290_291_292_293_S_GenomeWideSNP_6_G05_1362394.birdseed.data.txt	6c756f6e-b7f8-4110-afc2-dfc46ad84bfa
open	ef273fe6-aab0-41eb-94f7-cca980bf789e	TCGA-DX-A7EL	Copy Number Variation	TXT	Genotyping Array	80ca097d-624c-4f84-b5bd-6dda4c5d123d	HONGS_p_TCGAb3_75_76_77_NSP_GenomeWideSNP_6_F07_1438246.nocnv_grch38.seg.v2.txt	80ca097d-624c-4f84-b5bd-6dda4c5d123d
controlled	e7a72f7e-77b1-4d95-8f37-39a6cffc35dc	TCGA-DX-A3LT	Simple Nucleotide Variation	TSV	Genotyping Array	7fd23c66-7ace-4fb7-965e-fa607024193d	MACON_p_TCGASNP_218_AML_PP_N_GenomeWideSNP_6_C07_1040084.birdseed.data.txt	7fd23c66-7ace-4fb7-965e-fa607024193d
controlled	e7a72f7e-77b1-4d95-8f37-39a6cffc35dc	TCGA-DX-A3LT	Copy Number Variation	CEL	Genotyping Array	7866652a-ba52-4dae-a54b-6d88565f5abe	MACON_p_TCGASNP_218_AML_PP_N_GenomeWideSNP_6_A07_1040028.CEL	7866652a-ba52-4dae-a54b-6d88565f5abe
open	c05498e7-5b93-4acb-9d91-3a505116558d	TCGA-KD-A5QT	Copy Number Variation	TSV	Genotyping Array	272aa95e-b775-4d6f-b6c3-bc4e797a6be7	TCGA-SARC.fc168f3e-34b0-42cd-97f5-5a5bce21ee34.gene_level_copy_number.v36.tsv	272aa95e-b775-4d6f-b6c3-bc4e797a6be7
open	de509aa1-6f20-480f-bf9d-d6bc04a7f72c	TCGA-RN-AAAQ	Copy Number Variation	TXT	Genotyping Array	ef6ca72c-080b-4e3b-a892-27b00ca5d497	PRION_p_TCGAb_410_11_12_13_NSP_GenomeWideSNP_6_F02_1486764.grch38.seg.v2.txt	ef6ca72c-080b-4e3b-a892-27b00ca5d497
open	de509aa1-6f20-480f-bf9d-d6bc04a7f72c	TCGA-RN-AAAQ	Copy Number Variation	TXT	Genotyping Array	39e53136-6498-4d17-8f3f-598e127257be	TCGA-SARC.77d2ed4f-892f-465e-a00d-65979ffaffe8.ascat3.allelic_specific.seg.txt	39e53136-6498-4d17-8f3f-598e127257be
controlled	e7a72f7e-77b1-4d95-8f37-39a6cffc35dc	TCGA-DX-A3LT	Copy Number Variation	CEL	Genotyping Array	35279ce2-18f5-4238-a9e5-d346f02758ad	MACON_p_TCGASNP_218_AML_PP_N_GenomeWideSNP_6_C07_1040084.CEL	35279ce2-18f5-4238-a9e5-d346f02758ad
open	c1bab0e5-4cb2-4d9a-ae92-673fe7967fde	TCGA-PC-A5DK	Copy Number Variation	TXT	Genotyping Array	7d76304e-ecc8-4df1-be13-71b3cc1adfb1	VIBES_p_TCGA_290_291_292_293_S_GenomeWideSNP_6_G09_1362512.grch38.seg.v2.txt	7d76304e-ecc8-4df1-be13-71b3cc1adfb1
open	c1bab0e5-4cb2-4d9a-ae92-673fe7967fde	TCGA-PC-A5DK	Copy Number Variation	TSV	Genotyping Array	f6602e22-a23e-449d-963c-0450e82c6e84	TCGA-SARC.d9153f60-6862-43d5-8ba4-1b2712af9e0e.gene_level_copy_number.v36.tsv	f6602e22-a23e-449d-963c-0450e82c6e84
controlled	f2fcb8c3-4679-4753-8887-bf4c2781df3a	TCGA-DX-A48U	Copy Number Variation	CEL	Genotyping Array	b4154d18-c313-4c5c-8789-f0c1c19db05a	SNOWS_p_TCGA_Batch_309_310_NSP_GenomeWideSNP_6_F04_1362162.CEL	b4154d18-c313-4c5c-8789-f0c1c19db05a
open	f2fcb8c3-4679-4753-8887-bf4c2781df3a	TCGA-DX-A48U	Copy Number Variation	TSV	Genotyping Array	c26ed2ea-f0da-49c9-b266-35648459ae1e	TCGA-SARC.c9ee5b6a-1b79-4bc7-a93d-e3c52f77d216.ascat3.gene_level_copy_number.v36.tsv	c26ed2ea-f0da-49c9-b266-35648459ae1e
open	df4954d3-8334-4b0b-a781-43c12d03d604	TCGA-X6-A7WD	Copy Number Variation	TXT	Genotyping Array	00f23d8e-2001-4e8f-8510-660b328e3ea1	DLP_REDO_FROM_TAZZA_B08.nocnv_grch38.seg.v2.txt	00f23d8e-2001-4e8f-8510-660b328e3ea1
open	e7a72f7e-77b1-4d95-8f37-39a6cffc35dc	TCGA-DX-A3LT	Copy Number Variation	TXT	Genotyping Array	33de929c-5636-43f8-8c0b-b1cf624d44a7	MACON_p_TCGASNP_218_AML_PP_N_GenomeWideSNP_6_A07_1040028.nocnv_grch38.seg.v2.txt	33de929c-5636-43f8-8c0b-b1cf624d44a7
open	f39cf57e-e8e6-428b-b1ce-3ecc52eecf92	TCGA-3R-A8YX	Copy Number Variation	TXT	Genotyping Array	6eecbd1e-50c0-4ae4-876e-99911f303abc	VISTA_p_TCGAb_383_384_NSP_GenomeWideSNP_6_A06_1464844.grch38.seg.v2.txt	6eecbd1e-50c0-4ae4-876e-99911f303abc
open	f75d2589-fd7b-49a1-a1c8-0b4726b81f3c	TCGA-DX-A2J4	Copy Number Variation	TXT	Genotyping Array	68a06f76-f65b-4fe3-aa1c-33a298d9babc	MACON_p_TCGASNP_218_AML_PP_N_GenomeWideSNP_6_D07_1040164.grch38.seg.v2.txt	68a06f76-f65b-4fe3-aa1c-33a298d9babc
controlled	df4954d3-8334-4b0b-a781-43c12d03d604	TCGA-X6-A7WD	Copy Number Variation	CEL	Genotyping Array	ee1b43b9-df4f-4085-a63d-a6750e36588d	TAZZA_p_TCGAb3_62_63_64_65_NSP_GenomeWideSNP_6_B07_1387850.CEL	ee1b43b9-df4f-4085-a63d-a6750e36588d
controlled	f39cf57e-e8e6-428b-b1ce-3ecc52eecf92	TCGA-3R-A8YX	Copy Number Variation	CEL	Genotyping Array	29c98da7-367b-4459-b4ac-e5ec98b0cab2	VISTA_p_TCGAb_383_384_NSP_GenomeWideSNP_6_A07_1464830.CEL	29c98da7-367b-4459-b4ac-e5ec98b0cab2
open	e987c47d-6ecb-41bb-a66f-a0489e56449f	TCGA-DX-A8BL	Copy Number Variation	TXT	Genotyping Array	7f2a9a94-120a-48fa-88e2-d3be957dad0a	TCGA-SARC.cfeb9c17-ceb5-40b5-9459-dfc41a377a66.ascat2.allelic_specific.seg.txt	7f2a9a94-120a-48fa-88e2-d3be957dad0a
controlled	f39cf57e-e8e6-428b-b1ce-3ecc52eecf92	TCGA-3R-A8YX	Simple Nucleotide Variation	TSV	Genotyping Array	4b815a48-d04e-46c4-8bf1-3a08040839ae	VISTA_p_TCGAb_383_384_NSP_GenomeWideSNP_6_A06_1464844.birdseed.data.txt	4b815a48-d04e-46c4-8bf1-3a08040839ae
open	f39cf57e-e8e6-428b-b1ce-3ecc52eecf92	TCGA-3R-A8YX	Copy Number Variation	TXT	Genotyping Array	2b4817b1-95d0-4b17-afb2-3ac1a84b9175	TCGA-SARC.4fb4becf-3826-4639-96d5-4fb2fd0fb550.ascat3.allelic_specific.seg.txt	2b4817b1-95d0-4b17-afb2-3ac1a84b9175
open	f75d2589-fd7b-49a1-a1c8-0b4726b81f3c	TCGA-DX-A2J4	Copy Number Variation	TSV	Genotyping Array	64b4eeda-4615-4bff-b273-3da6c3f6d783	TCGA-SARC.c5b15050-291f-4f2c-93da-1c5b2a206533.ascat3.gene_level_copy_number.v36.tsv	64b4eeda-4615-4bff-b273-3da6c3f6d783
controlled	f75d2589-fd7b-49a1-a1c8-0b4726b81f3c	TCGA-DX-A2J4	Copy Number Variation	CEL	Genotyping Array	95ca4406-bc1e-4a31-a8db-4439c012957c	MACON_p_TCGASNP_218_AML_PP_N_GenomeWideSNP_6_A08_1040110.CEL	95ca4406-bc1e-4a31-a8db-4439c012957c
open	e987c47d-6ecb-41bb-a66f-a0489e56449f	TCGA-DX-A8BL	Copy Number Variation	TSV	Genotyping Array	d5f64eec-9065-43a3-bbf5-3c51ec8e9927	TCGA-SARC.cfeb9c17-ceb5-40b5-9459-dfc41a377a66.gene_level_copy_number.v36.tsv	d5f64eec-9065-43a3-bbf5-3c51ec8e9927
open	e0b298e0-0d11-4cc8-a9fa-7f2cc9f1d6e9	TCGA-Z4-AAPF	Copy Number Variation	TXT	Genotyping Array	8b16ec46-52a9-4ec8-bdf7-d9d6caba51c0	TCGA-SARC.fd88b143-f58c-4d24-984c-0024ad172700.ascat3.allelic_specific.seg.txt	8b16ec46-52a9-4ec8-bdf7-d9d6caba51c0
open	e0b298e0-0d11-4cc8-a9fa-7f2cc9f1d6e9	TCGA-Z4-AAPF	Copy Number Variation	TSV	Genotyping Array	6a97f9b3-c629-4d20-b09c-bf2716329dac	TCGA-SARC.fd88b143-f58c-4d24-984c-0024ad172700.ascat3.gene_level_copy_number.v36.tsv	6a97f9b3-c629-4d20-b09c-bf2716329dac
open	e987c47d-6ecb-41bb-a66f-a0489e56449f	TCGA-DX-A8BL	Copy Number Variation	TSV	Genotyping Array	97014054-708a-4b5e-976a-6decb9bb1c04	TCGA-SARC.cfeb9c17-ceb5-40b5-9459-dfc41a377a66.ascat3.gene_level_copy_number.v36.tsv	97014054-708a-4b5e-976a-6decb9bb1c04
controlled	e0b298e0-0d11-4cc8-a9fa-7f2cc9f1d6e9	TCGA-Z4-AAPF	Simple Nucleotide Variation	TSV	Genotyping Array	a50a4f60-cd33-4d69-94bb-588006f8517c	PRION_p_TCGAb_410_11_12_13_NSP_GenomeWideSNP_6_C01_1486652.birdseed.data.txt	a50a4f60-cd33-4d69-94bb-588006f8517c
open	f94615ea-551c-4f63-af0d-5e49c87fc66e	TCGA-3B-A9HP	Copy Number Variation	TSV	Genotyping Array	432d8f1c-a274-4d3a-818b-26cabc22e817	TCGA-SARC.4b0d3f45-7715-46ba-8f03-d531d59e2634.absolute_liftover.gene_level_copy_number.v36.tsv	432d8f1c-a274-4d3a-818b-26cabc22e817
open	f94615ea-551c-4f63-af0d-5e49c87fc66e	TCGA-3B-A9HP	Copy Number Variation	TXT	Genotyping Array	32133afb-2aeb-4bb0-9bbc-1ed8810e7e0b	ENATE_p_TCGAb_394_395_396_NSP_GenomeWideSNP_6_D11_1474164.grch38.seg.v2.txt	32133afb-2aeb-4bb0-9bbc-1ed8810e7e0b
open	e0b298e0-0d11-4cc8-a9fa-7f2cc9f1d6e9	TCGA-Z4-AAPF	Copy Number Variation	TXT	Genotyping Array	59fc6c5b-6cda-4fd8-af61-00bc9edc5830	PRION_p_TCGAb_410_11_12_13_NSP_GenomeWideSNP_6_C01_1486652.nocnv_grch38.seg.v2.txt	59fc6c5b-6cda-4fd8-af61-00bc9edc5830
controlled	f4852819-6c2d-45f7-8479-5e79f143c7b5	TCGA-KD-A5QS	Simple Nucleotide Variation	TSV	Genotyping Array	2fb26c58-4c71-4c31-9eea-ce744b4427a6	VIBES_p_TCGA_290_291_292_293_S_GenomeWideSNP_6_G03_1362492.birdseed.data.txt	2fb26c58-4c71-4c31-9eea-ce744b4427a6
open	e0b298e0-0d11-4cc8-a9fa-7f2cc9f1d6e9	TCGA-Z4-AAPF	Copy Number Variation	TSV	Genotyping Array	c13bf030-f9f3-43d2-89dd-f0b4ad3a3f9e	TCGA-SARC.fd88b143-f58c-4d24-984c-0024ad172700.gene_level_copy_number.v36.tsv	c13bf030-f9f3-43d2-89dd-f0b4ad3a3f9e
open	f94615ea-551c-4f63-af0d-5e49c87fc66e	TCGA-3B-A9HP	Copy Number Variation	TXT	Genotyping Array	35ee51a7-a81e-47cd-95fd-86748c72a0fd	TCGA-SARC.4b0d3f45-7715-46ba-8f03-d531d59e2634.ascat2.allelic_specific.seg.txt	35ee51a7-a81e-47cd-95fd-86748c72a0fd
controlled	ea0e5ae7-1f15-4504-aea3-efd1f6733304	TCGA-DX-A1KU	Copy Number Variation	CEL	Genotyping Array	f2461947-163e-4a63-8445-20deb48da360	YOGIN_p_TCGA_4_262_263_N_GenomeWideSNP_6_D12_1306096.CEL	f2461947-163e-4a63-8445-20deb48da360
controlled	f9ceee8b-aa08-4123-ba70-76b3cbfc50e6	TCGA-DX-A6YT	Copy Number Variation	CEL	Genotyping Array	2120bc1d-3643-4dd8-bf3c-22fbc855866c	TAZZA_p_TCGAb3_62_63_64_65_NSP_GenomeWideSNP_6_C10_1387936.CEL	2120bc1d-3643-4dd8-bf3c-22fbc855866c
open	e0b298e0-0d11-4cc8-a9fa-7f2cc9f1d6e9	TCGA-Z4-AAPF	Copy Number Variation	TXT	Genotyping Array	4fb092f4-a581-4346-8aff-21691686c6e7	PRION_p_TCGAb_410_11_12_13_NSP_GenomeWideSNP_6_B12_1486718.nocnv_grch38.seg.v2.txt	4fb092f4-a581-4346-8aff-21691686c6e7
open	f9ceee8b-aa08-4123-ba70-76b3cbfc50e6	TCGA-DX-A6YT	Copy Number Variation	TXT	Genotyping Array	208d75a9-d7df-4a2f-8f71-714306e09020	TAZZA_p_TCGAb3_62_63_64_65_NSP_GenomeWideSNP_6_C10_1387936.grch38.seg.v2.txt	208d75a9-d7df-4a2f-8f71-714306e09020
open	ea0e5ae7-1f15-4504-aea3-efd1f6733304	TCGA-DX-A1KU	Copy Number Variation	TSV	Genotyping Array	78470328-d3e8-427a-8ee5-b12c7eff07b7	TCGA-SARC.48b516b7-49be-422c-952d-078a99276d70.ascat3.gene_level_copy_number.v36.tsv	78470328-d3e8-427a-8ee5-b12c7eff07b7
open	ea0e5ae7-1f15-4504-aea3-efd1f6733304	TCGA-DX-A1KU	Copy Number Variation	TXT	Genotyping Array	2fb27f23-88ec-4c77-bc9c-14dec5e4e52f	TCGA-SARC.48b516b7-49be-422c-952d-078a99276d70.ascat3.allelic_specific.seg.txt	2fb27f23-88ec-4c77-bc9c-14dec5e4e52f
open	f519be07-434e-4eb2-acf9-318565b83d50	TCGA-K1-A3PN	Copy Number Variation	TXT	Genotyping Array	de9614e2-67e2-4940-bf14-00bebfbf3753	FLUES_p_TCGASNP_228_229_230_N_GenomeWideSNP_6_D06_1148922.nocnv_grch38.seg.v2.txt	de9614e2-67e2-4940-bf14-00bebfbf3753
controlled	2948d657-e5dd-4d6e-91b5-88c54f73ac31	TCGA-HS-A5N9	Simple Nucleotide Variation	TSV	Genotyping Array	e39f1fc5-2923-4953-94c4-c9cc5e232d9f	WAGER_p_TCGA_282_284_285_286_N_GenomeWideSNP_6_H08_1347274.birdseed.data.txt	e39f1fc5-2923-4953-94c4-c9cc5e232d9f
open	2948d657-e5dd-4d6e-91b5-88c54f73ac31	TCGA-HS-A5N9	Copy Number Variation	TXT	Genotyping Array	ef39c279-d0d5-4656-a8c5-420929c096af	WAGER_p_TCGA_282_284_285_286_N_GenomeWideSNP_6_C09_1359008.nocnv_grch38.seg.v2.txt	ef39c279-d0d5-4656-a8c5-420929c096af
open	2948d657-e5dd-4d6e-91b5-88c54f73ac31	TCGA-HS-A5N9	Copy Number Variation	TXT	Genotyping Array	80423cd7-00a1-42f4-a7ca-b329c76dd48b	WAGER_p_TCGA_282_284_285_286_N_GenomeWideSNP_6_H08_1347274.grch38.seg.v2.txt	80423cd7-00a1-42f4-a7ca-b329c76dd48b
controlled	2948d657-e5dd-4d6e-91b5-88c54f73ac31	TCGA-HS-A5N9	Simple Nucleotide Variation	TSV	Genotyping Array	4b0a1115-cc6f-4f31-a73e-0e06cb53deff	WAGER_p_TCGA_282_284_285_286_N_GenomeWideSNP_6_C09_1359008.birdseed.data.txt	4b0a1115-cc6f-4f31-a73e-0e06cb53deff
open	2948d657-e5dd-4d6e-91b5-88c54f73ac31	TCGA-HS-A5N9	Copy Number Variation	TXT	Genotyping Array	76652438-3230-45c8-b302-25aeca6806db	TCGA-SARC.58815c5e-d54a-4e3d-83b5-6e2ae5bf6c56.ascat2.allelic_specific.seg.txt	76652438-3230-45c8-b302-25aeca6806db
controlled	f6509c51-3bdc-45cc-81fe-5e775236305a	TCGA-3B-A9HO	Simple Nucleotide Variation	TSV	Genotyping Array	4557ec1b-2221-4d62-b5dd-cb7b95987941	ENATE_p_TCGAb_394_395_396_NSP_GenomeWideSNP_6_G04_1474136.birdseed.data.txt	4557ec1b-2221-4d62-b5dd-cb7b95987941
open	f6509c51-3bdc-45cc-81fe-5e775236305a	TCGA-3B-A9HO	Copy Number Variation	TXT	Genotyping Array	9240df07-5550-4a12-9451-7bc4954166d3	ENATE_p_TCGAb_394_395_396_NSP_GenomeWideSNP_6_G04_1474136.grch38.seg.v2.txt	9240df07-5550-4a12-9451-7bc4954166d3
open	f6509c51-3bdc-45cc-81fe-5e775236305a	TCGA-3B-A9HO	Copy Number Variation	TSV	Genotyping Array	9c5010ce-081c-47eb-baa2-d28b90a10755	TCGA-SARC.6af033f7-10e9-4692-b0bf-4c54e6e23e88.absolute_liftover.gene_level_copy_number.v36.tsv	9c5010ce-081c-47eb-baa2-d28b90a10755
open	f6509c51-3bdc-45cc-81fe-5e775236305a	TCGA-3B-A9HO	Copy Number Variation	TSV	Genotyping Array	8a8f590c-2889-4597-bb1a-7b6bbe3edf62	TCGA-SARC.6af033f7-10e9-4692-b0bf-4c54e6e23e88.gene_level_copy_number.v36.tsv	8a8f590c-2889-4597-bb1a-7b6bbe3edf62
controlled	f6509c51-3bdc-45cc-81fe-5e775236305a	TCGA-3B-A9HO	Copy Number Variation	CEL	Genotyping Array	b8c76306-9212-4382-b521-6525abbb598e	ENATE_p_TCGAb_394_395_396_NSP_GenomeWideSNP_6_G04_1474136.CEL	b8c76306-9212-4382-b521-6525abbb598e
open	f6509c51-3bdc-45cc-81fe-5e775236305a	TCGA-3B-A9HO	Copy Number Variation	TXT	Genotyping Array	8d5c4dcc-f594-4bf6-b385-fbcfa742d26a	TCGA-SARC.6af033f7-10e9-4692-b0bf-4c54e6e23e88.ascat3.allelic_specific.seg.txt	8d5c4dcc-f594-4bf6-b385-fbcfa742d26a
open	f6509c51-3bdc-45cc-81fe-5e775236305a	TCGA-3B-A9HO	Copy Number Variation	TSV	Genotyping Array	76789c36-fc65-4352-b7a4-295178aa581a	TCGA-SARC.6af033f7-10e9-4692-b0bf-4c54e6e23e88.ascat3.gene_level_copy_number.v36.tsv	76789c36-fc65-4352-b7a4-295178aa581a
open	2905cbd1-719b-46d9-b8af-8fe4927bc473	TCGA-FX-A2QS	Copy Number Variation	TXT	Genotyping Array	49e624e9-3129-4415-bf78-ec6b5d3a29f5	DLP_REDO_FROM_MACON_C10.nocnv_grch38.seg.v2.txt	49e624e9-3129-4415-bf78-ec6b5d3a29f5
open	2905cbd1-719b-46d9-b8af-8fe4927bc473	TCGA-FX-A2QS	Copy Number Variation	TXT	Genotyping Array	fd732860-f9ba-40fb-95c7-3ea45dbd6944	MACON_p_TCGASNP_218_AML_PP_N_GenomeWideSNP_6_D03_1040132.nocnv_grch38.seg.v2.txt	fd732860-f9ba-40fb-95c7-3ea45dbd6944
open	9c9b53e5-cdbe-4510-a839-4a3b5039681b	TCGA-HB-A43Z	Copy Number Variation	TSV	Genotyping Array	9fc248ff-e11d-479b-b629-cb88973e8743	TCGA-SARC.0481cd5d-3183-4ef5-8849-7305ec2eb9a2.ascat3.gene_level_copy_number.v36.tsv	9fc248ff-e11d-479b-b629-cb88973e8743
controlled	9c9b53e5-cdbe-4510-a839-4a3b5039681b	TCGA-HB-A43Z	Copy Number Variation	CEL	Genotyping Array	a91866b0-ad11-4bce-988b-3eff032838b2	YOGIN_p_TCGA_4_262_263_N_GenomeWideSNP_6_D10_1306156.CEL	a91866b0-ad11-4bce-988b-3eff032838b2
controlled	2905cbd1-719b-46d9-b8af-8fe4927bc473	TCGA-FX-A2QS	Copy Number Variation	CEL	Genotyping Array	f0311375-540b-4fda-90d5-d79d5db4be33	DLP_REDO_FROM_MACON_C10.CEL	f0311375-540b-4fda-90d5-d79d5db4be33
open	2905cbd1-719b-46d9-b8af-8fe4927bc473	TCGA-FX-A2QS	Copy Number Variation	TXT	Genotyping Array	80cad1a6-1034-45a4-8434-66d6196bca48	TCGA-SARC.7fc7841f-2ccc-4dde-9e6d-312594747fc0.ascat2.allelic_specific.seg.txt	80cad1a6-1034-45a4-8434-66d6196bca48
controlled	9c9b53e5-cdbe-4510-a839-4a3b5039681b	TCGA-HB-A43Z	Copy Number Variation	CEL	Genotyping Array	c1b38598-119a-4161-b4ca-9272257d4885	YOGIN_p_TCGA_4_262_263_N_GenomeWideSNP_6_E01_1306226.CEL	c1b38598-119a-4161-b4ca-9272257d4885
open	9c9b53e5-cdbe-4510-a839-4a3b5039681b	TCGA-HB-A43Z	Copy Number Variation	TSV	Genotyping Array	07512f96-8c2a-4965-946b-cc8a9badb6a1	TCGA-SARC.0481cd5d-3183-4ef5-8849-7305ec2eb9a2.absolute_liftover.gene_level_copy_number.v36.tsv	07512f96-8c2a-4965-946b-cc8a9badb6a1
open	6de12993-cfbf-443b-8220-73d8180d68f1	TCGA-DX-A6BK	Copy Number Variation	TXT	Genotyping Array	de76c3a6-40c7-4ce2-81f5-1b538e4afce2	SNOWS_p_TCGA_Batch_309_310_NSP_GenomeWideSNP_6_G09_1362164.grch38.seg.v2.txt	de76c3a6-40c7-4ce2-81f5-1b538e4afce2
controlled	eaadfe2a-23fb-400b-86b3-4fba6d968aa3	TCGA-IS-A3K6	Simple Nucleotide Variation	TSV	Genotyping Array	5dabd820-c1b2-4051-84c4-5d99878759f5	MACON_p_TCGASNP_218_AML_PP_N_GenomeWideSNP_6_D09_1040078.birdseed.data.txt	5dabd820-c1b2-4051-84c4-5d99878759f5
controlled	6de12993-cfbf-443b-8220-73d8180d68f1	TCGA-DX-A6BK	Simple Nucleotide Variation	TSV	Genotyping Array	0aa6aaea-42bd-4084-ba29-92c5914abb49	SNOWS_p_TCGA_Batch_309_310_NSP_GenomeWideSNP_6_G08_1362130.birdseed.data.txt	0aa6aaea-42bd-4084-ba29-92c5914abb49
open	8488bb97-bf11-45cc-b1bd-52969598448d	TCGA-IF-A3RQ	Copy Number Variation	TXT	Genotyping Array	2c01b1f8-e392-4157-b669-5f4b8fee9b50	FLUES_p_TCGASNP_228_229_230_N_GenomeWideSNP_6_D05_1148846.grch38.seg.v2.txt	2c01b1f8-e392-4157-b669-5f4b8fee9b50
open	27818e2c-aa23-4be3-a1d6-d6a7aa88795d	TCGA-K1-A3PO	Copy Number Variation	TSV	Genotyping Array	7baf8743-6c99-4c60-ae93-fa5e53faa041	TCGA-SARC.9193b317-bee4-4bd0-a23b-84556468c859.absolute_liftover.gene_level_copy_number.v36.tsv	7baf8743-6c99-4c60-ae93-fa5e53faa041
open	8488bb97-bf11-45cc-b1bd-52969598448d	TCGA-IF-A3RQ	Copy Number Variation	TXT	Genotyping Array	5e990cae-e900-47bb-8d2f-00f72686ea42	FLUES_p_TCGASNP_228_229_230_N_GenomeWideSNP_6_D01_1148800.grch38.seg.v2.txt	5e990cae-e900-47bb-8d2f-00f72686ea42
controlled	8488bb97-bf11-45cc-b1bd-52969598448d	TCGA-IF-A3RQ	Copy Number Variation	CEL	Genotyping Array	5bf52273-745c-4861-b2e5-196fffb6270c	FLUES_p_TCGASNP_228_229_230_N_GenomeWideSNP_6_D05_1148846.CEL	5bf52273-745c-4861-b2e5-196fffb6270c
open	8488bb97-bf11-45cc-b1bd-52969598448d	TCGA-IF-A3RQ	Copy Number Variation	TXT	Genotyping Array	9bb18a19-4086-430b-83ac-4f643793faa5	FLUES_p_TCGASNP_228_229_230_N_GenomeWideSNP_6_D01_1148800.nocnv_grch38.seg.v2.txt	9bb18a19-4086-430b-83ac-4f643793faa5
open	27818e2c-aa23-4be3-a1d6-d6a7aa88795d	TCGA-K1-A3PO	Copy Number Variation	TXT	Genotyping Array	ae468696-3aae-49bb-be75-4a8d922644ca	TCGA-SARC.9193b317-bee4-4bd0-a23b-84556468c859.ascat3.allelic_specific.seg.txt	ae468696-3aae-49bb-be75-4a8d922644ca
controlled	cd73a55f-03c1-4da0-9fa7-1ae4a263664e	TCGA-DX-A1KW	Simple Nucleotide Variation	TSV	Genotyping Array	17201eb2-ee01-4cb3-ac7b-cd5d8a64e99d	YOGIN_p_TCGA_4_262_263_N_GenomeWideSNP_6_A07_1306192.birdseed.data.txt	17201eb2-ee01-4cb3-ac7b-cd5d8a64e99d
open	27818e2c-aa23-4be3-a1d6-d6a7aa88795d	TCGA-K1-A3PO	Copy Number Variation	TXT	Genotyping Array	d4dbe16a-61d6-4a49-aa97-46c9c06ddc1d	MACON_p_TCGASNP_218_AML_PP_N_GenomeWideSNP_6_B10_1040138.nocnv_grch38.seg.v2.txt	d4dbe16a-61d6-4a49-aa97-46c9c06ddc1d
controlled	a46c2122-9eb3-429c-aaf7-24fcb1f7a6a1	TCGA-FX-A3NK	Copy Number Variation	CEL	Genotyping Array	b2297d4d-9dab-41a9-ab42-99571cd567a3	MACON_p_TCGASNP_218_AML_PP_N_GenomeWideSNP_6_B09_1040100.CEL	b2297d4d-9dab-41a9-ab42-99571cd567a3
open	e9e4731a-a7ca-455c-868c-a6d53d0aa749	TCGA-DX-AB35	Copy Number Variation	TXT	Genotyping Array	1d8428b7-f826-4f8e-9131-41fb1b1b40a0	CUBES_p_TCGAb_425_426_427_NSP_GenomeWideSNP_6_D11_1513946.nocnv_grch38.seg.v2.txt	1d8428b7-f826-4f8e-9131-41fb1b1b40a0
open	a46c2122-9eb3-429c-aaf7-24fcb1f7a6a1	TCGA-FX-A3NK	Copy Number Variation	TXT	Genotyping Array	7144dac7-bc90-4155-bc97-e8e4dc821260	TCGA-SARC.3b2dc5c2-f7ae-461c-ac26-7a45de2258da.ascat3.allelic_specific.seg.txt	7144dac7-bc90-4155-bc97-e8e4dc821260
open	1c851f7b-a206-45db-ad52-338aa57c2ac1	TCGA-DX-AB2T	Copy Number Variation	TXT	Genotyping Array	6580692c-a99e-4422-90cd-56c80dabd033	ENATE_p_TCGAb_394_395_396_NSP_GenomeWideSNP_6_E02_1474248.grch38.seg.v2.txt	6580692c-a99e-4422-90cd-56c80dabd033
open	1c851f7b-a206-45db-ad52-338aa57c2ac1	TCGA-DX-AB2T	Copy Number Variation	TSV	Genotyping Array	b4727562-1d2f-4801-abb5-f8e842b12661	TCGA-SARC.72d656d5-5de3-4979-80b4-7e10e6f52abe.gene_level_copy_number.v36.tsv	b4727562-1d2f-4801-abb5-f8e842b12661
open	e9e4731a-a7ca-455c-868c-a6d53d0aa749	TCGA-DX-AB35	Copy Number Variation	TXT	Genotyping Array	08d4f4c2-f1f8-401e-8f8f-23636c3038cb	CUBES_p_TCGAb_425_426_427_NSP_GenomeWideSNP_6_D11_1513946.grch38.seg.v2.txt	08d4f4c2-f1f8-401e-8f8f-23636c3038cb
controlled	e9e4731a-a7ca-455c-868c-a6d53d0aa749	TCGA-DX-AB35	Simple Nucleotide Variation	TSV	Genotyping Array	76689214-55c7-41f4-9c03-30ad4301e8d0	CUBES_p_TCGAb_425_426_427_NSP_GenomeWideSNP_6_D11_1513946.birdseed.data.txt	76689214-55c7-41f4-9c03-30ad4301e8d0
open	a46c2122-9eb3-429c-aaf7-24fcb1f7a6a1	TCGA-FX-A3NK	Copy Number Variation	TXT	Genotyping Array	1d43d4ce-c854-4db3-ad87-5f71823c9b3e	MACON_p_TCGASNP_218_AML_PP_N_GenomeWideSNP_6_B03_1039996.nocnv_grch38.seg.v2.txt	1d43d4ce-c854-4db3-ad87-5f71823c9b3e
open	1c851f7b-a206-45db-ad52-338aa57c2ac1	TCGA-DX-AB2T	Copy Number Variation	TXT	Genotyping Array	225e13be-a31d-46e9-8eba-2252102f5d21	ENATE_p_TCGAb_394_395_396_NSP_GenomeWideSNP_6_E01_1474094.grch38.seg.v2.txt	225e13be-a31d-46e9-8eba-2252102f5d21
controlled	e9e4731a-a7ca-455c-868c-a6d53d0aa749	TCGA-DX-AB35	Simple Nucleotide Variation	TSV	Genotyping Array	928598ad-7bb3-446f-8928-94ebb4f6b872	CUBES_p_TCGAb_425_426_427_NSP_GenomeWideSNP_6_D10_1514022.birdseed.data.txt	928598ad-7bb3-446f-8928-94ebb4f6b872
controlled	a46c2122-9eb3-429c-aaf7-24fcb1f7a6a1	TCGA-FX-A3NK	Copy Number Variation	CEL	Genotyping Array	4c56d380-4d78-43e2-84ad-2a1e13a7d1e8	MACON_p_TCGASNP_218_AML_PP_N_GenomeWideSNP_6_B03_1039996.CEL	4c56d380-4d78-43e2-84ad-2a1e13a7d1e8
open	9ff814f6-4a05-4471-8492-41574fa3eeeb	TCGA-3B-A9HX	Copy Number Variation	TSV	Genotyping Array	00e65cad-5005-415c-bf14-13151b1a8cc9	TCGA-SARC.1d4063b5-378d-4782-bdc4-52115de1a25a.absolute_liftover.gene_level_copy_number.v36.tsv	00e65cad-5005-415c-bf14-13151b1a8cc9
open	27a6bd26-4b57-4eee-be02-6b20f5b69e1e	TCGA-DX-AB2L	Copy Number Variation	TXT	Genotyping Array	27ec6d3e-9c1a-448b-823d-9349d51d7d54	TCGA-SARC.6993c78e-a08a-4d22-ad84-91bbde01db72.ascat3.allelic_specific.seg.txt	27ec6d3e-9c1a-448b-823d-9349d51d7d54
open	37a3b7c7-971a-4c96-8c77-14bb0b7741a3	TCGA-QQ-A8VG	Copy Number Variation	TXT	Genotyping Array	d4a508f0-026c-4241-bb10-13f0c0c621e1	TCGA-SARC.6faacf51-538b-4429-b507-09c9c47da485.ascat3.allelic_specific.seg.txt	d4a508f0-026c-4241-bb10-13f0c0c621e1
open	37a3b7c7-971a-4c96-8c77-14bb0b7741a3	TCGA-QQ-A8VG	Copy Number Variation	TXT	Genotyping Array	74658490-2c66-4a34-a695-be9f54571f61	VISTA_p_TCGAb_383_384_NSP_GenomeWideSNP_6_B12_1464920.nocnv_grch38.seg.v2.txt	74658490-2c66-4a34-a695-be9f54571f61
open	27a6bd26-4b57-4eee-be02-6b20f5b69e1e	TCGA-DX-AB2L	Copy Number Variation	TXT	Genotyping Array	3ad5c09c-e50d-4ed1-8d68-8ccafaabd2a2	CUBES_p_TCGAb_425_426_427_NSP_GenomeWideSNP_6_E06_1513984.grch38.seg.v2.txt	3ad5c09c-e50d-4ed1-8d68-8ccafaabd2a2
controlled	27a6bd26-4b57-4eee-be02-6b20f5b69e1e	TCGA-DX-AB2L	Copy Number Variation	CEL	Genotyping Array	53768c13-1b90-4b3a-844d-4b70ab7058aa	CUBES_p_TCGAb_425_426_427_NSP_GenomeWideSNP_6_E07_1514050.CEL	53768c13-1b90-4b3a-844d-4b70ab7058aa
open	0020317d-d10e-4e75-8fa6-7c1bdcdee471	TCGA-HS-A5NA	Copy Number Variation	TXT	Genotyping Array	e49a0543-79d4-4a2f-8890-708736a90ac3	TCGA-SARC.2798b35c-6a9f-4716-9ffc-933c1395ba87.ascat2.allelic_specific.seg.txt	e49a0543-79d4-4a2f-8890-708736a90ac3
controlled	1610d467-e83f-490f-a971-7b099f3b46f8	TCGA-DX-A8BO	Copy Number Variation	CEL	Genotyping Array	e198c1f5-a794-4c13-9eb6-a98c9e1f18a5	CUBES_p_TCGAb_425_426_427_NSP_GenomeWideSNP_6_E03_1513926.CEL	e198c1f5-a794-4c13-9eb6-a98c9e1f18a5
open	27a6bd26-4b57-4eee-be02-6b20f5b69e1e	TCGA-DX-AB2L	Copy Number Variation	TXT	Genotyping Array	d9dba62a-01ed-45b8-8c51-6472c1dd6b71	CUBES_p_TCGAb_425_426_427_NSP_GenomeWideSNP_6_E07_1514050.nocnv_grch38.seg.v2.txt	d9dba62a-01ed-45b8-8c51-6472c1dd6b71
open	5d9608fd-e3eb-4bf9-911f-7656d6814b98	TCGA-DX-AB2J	Copy Number Variation	TXT	Genotyping Array	93b6d25c-175f-479a-a57a-e455f7f26f18	ENATE_p_TCGAb_394_395_396_NSP_GenomeWideSNP_6_F07_1474096.grch38.seg.v2.txt	93b6d25c-175f-479a-a57a-e455f7f26f18
open	5d9608fd-e3eb-4bf9-911f-7656d6814b98	TCGA-DX-AB2J	Copy Number Variation	TSV	Genotyping Array	aeca96ab-5569-410b-adff-e482523f5d48	TCGA-SARC.ff061216-2f2d-4f05-a66a-37f3ad2e497d.gene_level_copy_number.v36.tsv	aeca96ab-5569-410b-adff-e482523f5d48
open	1610d467-e83f-490f-a971-7b099f3b46f8	TCGA-DX-A8BO	Copy Number Variation	TXT	Genotyping Array	451555fb-a11c-4445-b7a3-2a0ddf36815b	CUBES_p_TCGAb_425_426_427_NSP_GenomeWideSNP_6_E02_1514006.nocnv_grch38.seg.v2.txt	451555fb-a11c-4445-b7a3-2a0ddf36815b
controlled	5d9608fd-e3eb-4bf9-911f-7656d6814b98	TCGA-DX-AB2J	Simple Nucleotide Variation	TSV	Genotyping Array	01ba572b-b584-4d0d-b946-b10b0af598f7	ENATE_p_TCGAb_394_395_396_NSP_GenomeWideSNP_6_F08_1474168.birdseed.data.txt	01ba572b-b584-4d0d-b946-b10b0af598f7
controlled	00eaaf62-c43e-4555-9134-1e5593386fdb	TCGA-3B-A9HS	Simple Nucleotide Variation	TSV	Genotyping Array	1a1dc695-6ac5-4db8-8909-961605fee935	PRION_p_TCGAb_410_11_12_13_NSP_GenomeWideSNP_6_E07_1486696.birdseed.data.txt	1a1dc695-6ac5-4db8-8909-961605fee935
open	00eaaf62-c43e-4555-9134-1e5593386fdb	TCGA-3B-A9HS	Copy Number Variation	TSV	Genotyping Array	eda3c97a-fa69-46e2-9ef5-508e68e443ba	TCGA-SARC.e6a7b89c-9cfc-4751-a49e-5d6d9c2c0cac.ascat3.gene_level_copy_number.v36.tsv	eda3c97a-fa69-46e2-9ef5-508e68e443ba
controlled	00eaaf62-c43e-4555-9134-1e5593386fdb	TCGA-3B-A9HS	Copy Number Variation	CEL	Genotyping Array	44f0b375-7a82-4a34-9ffc-b0c6192e0921	PRION_p_TCGAb_410_11_12_13_NSP_GenomeWideSNP_6_E07_1486696.CEL	44f0b375-7a82-4a34-9ffc-b0c6192e0921
controlled	00eaaf62-c43e-4555-9134-1e5593386fdb	TCGA-3B-A9HS	Simple Nucleotide Variation	TSV	Genotyping Array	32301d83-6b80-4286-8766-3f0e6cb94ee8	PRION_p_TCGAb_410_11_12_13_NSP_GenomeWideSNP_6_E06_1486710.birdseed.data.txt	32301d83-6b80-4286-8766-3f0e6cb94ee8
open	9f7b8012-3dee-44b2-8159-f96a6eb5036a	TCGA-DX-A6BE	Copy Number Variation	TSV	Genotyping Array	a0705adf-9529-4a50-bdf4-be7da25a6dbf	TCGA-SARC.4939b4a9-4608-4d39-bb4f-f6c53e55d9ea.gene_level_copy_number.v36.tsv	a0705adf-9529-4a50-bdf4-be7da25a6dbf
controlled	9f7b8012-3dee-44b2-8159-f96a6eb5036a	TCGA-DX-A6BE	Copy Number Variation	CEL	Genotyping Array	72343e2e-65fb-4e33-9b49-9ca274500828	THREW_p_TCGAb_329_335_336_NSP_GenomeWideSNP_6_E01_1367112.CEL	72343e2e-65fb-4e33-9b49-9ca274500828
open	01c5f902-ec3c-4eb7-9e38-1d29ae6ab959	TCGA-WK-A8XY	Copy Number Variation	TXT	Genotyping Array	41d998e5-088f-4cb2-bf1c-ab634925eed1	TCGA-SARC.26afa6a3-e618-488c-a7b6-b09ea190a6e3.ascat3.allelic_specific.seg.txt	41d998e5-088f-4cb2-bf1c-ab634925eed1
open	c054c61b-0783-46f9-9c5c-8589ea47f43d	TCGA-3B-A9HJ	Copy Number Variation	TXT	Genotyping Array	96e459bb-5c6f-4949-8aff-42fe4cb7ae3e	ENATE_p_TCGAb_394_395_396_NSP_GenomeWideSNP_6_G05_1474104.grch38.seg.v2.txt	96e459bb-5c6f-4949-8aff-42fe4cb7ae3e
controlled	01c5f902-ec3c-4eb7-9e38-1d29ae6ab959	TCGA-WK-A8XY	Copy Number Variation	CEL	Genotyping Array	715c2eea-8872-4147-ba35-b1e76784d09b	VISTA_p_TCGAb_383_384_NSP_GenomeWideSNP_6_B02_1464912.CEL	715c2eea-8872-4147-ba35-b1e76784d09b
controlled	01c5f902-ec3c-4eb7-9e38-1d29ae6ab959	TCGA-WK-A8XY	Simple Nucleotide Variation	TSV	Genotyping Array	b3f2d67a-b7cb-4054-b154-661d6dc47a83	VISTA_p_TCGAb_383_384_NSP_GenomeWideSNP_6_B02_1464912.birdseed.data.txt	b3f2d67a-b7cb-4054-b154-661d6dc47a83
open	01c5f902-ec3c-4eb7-9e38-1d29ae6ab959	TCGA-WK-A8XY	Copy Number Variation	TXT	Genotyping Array	1b4541c6-1b74-42d3-b3eb-9146b70af22e	TCGA-SARC.26afa6a3-e618-488c-a7b6-b09ea190a6e3.ascat2.allelic_specific.seg.txt	1b4541c6-1b74-42d3-b3eb-9146b70af22e
open	02b7b0c5-dad6-4270-b56b-3d04285e8147	TCGA-KD-A5QU	Copy Number Variation	TXT	Genotyping Array	9d9f859f-c758-42e9-a71e-cae3b5a5b53f	TCGA-SARC.a9835890-6a8d-4851-bc48-7abd4f254bbf.ascat2.allelic_specific.seg.txt	9d9f859f-c758-42e9-a71e-cae3b5a5b53f
open	02b7b0c5-dad6-4270-b56b-3d04285e8147	TCGA-KD-A5QU	Copy Number Variation	TXT	Genotyping Array	c6f10d33-006b-4261-933a-acd2d0ed5cdf	SAVOR_p_TCGA_290_291_292_293_N_GenomeWideSNP_6_G06_1343422.grch38.seg.v2.txt	c6f10d33-006b-4261-933a-acd2d0ed5cdf
controlled	c054c61b-0783-46f9-9c5c-8589ea47f43d	TCGA-3B-A9HJ	Copy Number Variation	CEL	Genotyping Array	2a91b969-5a1e-491a-9847-baa42b1ad9ce	ENATE_p_TCGAb_394_395_396_NSP_GenomeWideSNP_6_G06_1474222.CEL	2a91b969-5a1e-491a-9847-baa42b1ad9ce
controlled	02b7b0c5-dad6-4270-b56b-3d04285e8147	TCGA-KD-A5QU	Simple Nucleotide Variation	TSV	Genotyping Array	0edf1e06-e77d-4827-8cce-d5f5a60be0ed	VIBES_p_TCGA_290_291_292_293_S_GenomeWideSNP_6_G07_1362422.birdseed.data.txt	0edf1e06-e77d-4827-8cce-d5f5a60be0ed
open	8372e154-c9c1-4382-8120-7e14dd426367	TCGA-X2-A95T	Copy Number Variation	TSV	Genotyping Array	51463f98-6992-42c3-9b1f-11fc2361e177	TCGA-SARC.d37a4725-ac99-4902-8aed-e00d0bbc79cc.gene_level_copy_number.v36.tsv	51463f98-6992-42c3-9b1f-11fc2361e177
open	02b7b0c5-dad6-4270-b56b-3d04285e8147	TCGA-KD-A5QU	Copy Number Variation	TSV	Genotyping Array	d2575086-0088-4297-b1cf-0e27766e924f	TCGA-SARC.a9835890-6a8d-4851-bc48-7abd4f254bbf.gene_level_copy_number.v36.tsv	d2575086-0088-4297-b1cf-0e27766e924f
controlled	8372e154-c9c1-4382-8120-7e14dd426367	TCGA-X2-A95T	Simple Nucleotide Variation	TSV	Genotyping Array	4815c652-7c5b-4bbf-9b41-315a5113de9e	VISTA_p_TCGAb_383_384_NSP_GenomeWideSNP_6_B05_1464922.birdseed.data.txt	4815c652-7c5b-4bbf-9b41-315a5113de9e
open	02b7b0c5-dad6-4270-b56b-3d04285e8147	TCGA-KD-A5QU	Copy Number Variation	TSV	Genotyping Array	4039c819-9b41-4e48-8dcd-d4a35125ea34	TCGA-SARC.a9835890-6a8d-4851-bc48-7abd4f254bbf.ascat3.gene_level_copy_number.v36.tsv	4039c819-9b41-4e48-8dcd-d4a35125ea34
controlled	02b7b0c5-dad6-4270-b56b-3d04285e8147	TCGA-KD-A5QU	Copy Number Variation	CEL	Genotyping Array	4ffdbe0b-c14a-476a-8615-97d689e2cdfe	SAVOR_p_TCGA_290_291_292_293_N_GenomeWideSNP_6_G06_1343422.CEL	4ffdbe0b-c14a-476a-8615-97d689e2cdfe
open	07a6bbce-012b-48fe-8c62-e79a1b200eb6	TCGA-DX-A8BV	Copy Number Variation	TXT	Genotyping Array	cc17fbaa-f300-4e41-8b84-efdc59d76fe5	VISTA_p_TCGAb_383_384_NSP_GenomeWideSNP_6_C03_1464902.nocnv_grch38.seg.v2.txt	cc17fbaa-f300-4e41-8b84-efdc59d76fe5
controlled	e2272de4-02b8-4a94-b8ee-c7454996a2da	TCGA-DX-AB2Q	Simple Nucleotide Variation	TSV	Genotyping Array	27f50e17-19b5-4acd-a1b1-4a311c039846	DLP_REDO_FROM_PRION_B10.birdseed.data.txt	27f50e17-19b5-4acd-a1b1-4a311c039846
open	0494a8ea-ecf3-4f3e-8b3c-26a9254b6755	TCGA-QQ-A5VC	Copy Number Variation	TXT	Genotyping Array	a75a0932-6fb8-4088-b19b-93a62583959e	THREW_p_TCGAb_329_335_336_NSP_GenomeWideSNP_6_F07_1367086.nocnv_grch38.seg.v2.txt	a75a0932-6fb8-4088-b19b-93a62583959e
open	07a6bbce-012b-48fe-8c62-e79a1b200eb6	TCGA-DX-A8BV	Copy Number Variation	TXT	Genotyping Array	7b146258-0e4e-46ef-add5-66bb64d9a3de	VISTA_p_TCGAb_383_384_NSP_GenomeWideSNP_6_C02_1465006.nocnv_grch38.seg.v2.txt	7b146258-0e4e-46ef-add5-66bb64d9a3de
controlled	0494a8ea-ecf3-4f3e-8b3c-26a9254b6755	TCGA-QQ-A5VC	Simple Nucleotide Variation	TSV	Genotyping Array	3817aa9d-97c5-46db-a232-44e17db5495a	THREW_p_TCGAb_329_335_336_NSP_GenomeWideSNP_6_F07_1367086.birdseed.data.txt	3817aa9d-97c5-46db-a232-44e17db5495a
open	e2272de4-02b8-4a94-b8ee-c7454996a2da	TCGA-DX-AB2Q	Copy Number Variation	TSV	Genotyping Array	f7d1fc3c-7050-4d18-8eb5-d93af2e7aab1	TCGA-SARC.4c725b73-5279-4559-bc1b-d1b7a08b5740.ascat3.gene_level_copy_number.v36.tsv	f7d1fc3c-7050-4d18-8eb5-d93af2e7aab1
open	07a6bbce-012b-48fe-8c62-e79a1b200eb6	TCGA-DX-A8BV	Copy Number Variation	TXT	Genotyping Array	41a13485-aaef-4416-b519-39390096da49	VISTA_p_TCGAb_383_384_NSP_GenomeWideSNP_6_C02_1465006.grch38.seg.v2.txt	41a13485-aaef-4416-b519-39390096da49
open	04d45a95-4282-42e7-8e2f-2b7a5082e1b5	TCGA-WK-A8XX	Copy Number Variation	TXT	Genotyping Array	aa8632a3-c618-4517-909a-fce227cbaba9	TCGA-SARC.7492086b-c6fc-491d-864f-60693549073a.ascat2.allelic_specific.seg.txt	aa8632a3-c618-4517-909a-fce227cbaba9
open	0ac700f3-c9cf-4ed7-a8bd-975527750024	TCGA-DX-A6B7	Copy Number Variation	TXT	Genotyping Array	d460ba3c-bdf4-4636-a2d7-d6ae17c38571	SNOWS_p_TCGA_Batch_309_310_NSP_GenomeWideSNP_6_F08_1362034.nocnv_grch38.seg.v2.txt	d460ba3c-bdf4-4636-a2d7-d6ae17c38571
open	e2272de4-02b8-4a94-b8ee-c7454996a2da	TCGA-DX-AB2Q	Copy Number Variation	TXT	Genotyping Array	7b3dd6aa-c0fb-47b1-a4fc-92974d691a36	DLP_REDO_FROM_PRION_B11.grch38.seg.v2.txt	7b3dd6aa-c0fb-47b1-a4fc-92974d691a36
open	e2272de4-02b8-4a94-b8ee-c7454996a2da	TCGA-DX-AB2Q	Copy Number Variation	TXT	Genotyping Array	7cb4320c-c751-47a2-88b7-ef3752a4c8e4	TCGA-SARC.4c725b73-5279-4559-bc1b-d1b7a08b5740.ascat2.allelic_specific.seg.txt	7cb4320c-c751-47a2-88b7-ef3752a4c8e4
open	04d45a95-4282-42e7-8e2f-2b7a5082e1b5	TCGA-WK-A8XX	Copy Number Variation	TSV	Genotyping Array	48c7140b-6b4a-45e3-a9fb-642e1386dbbc	TCGA-SARC.7492086b-c6fc-491d-864f-60693549073a.ascat3.gene_level_copy_number.v36.tsv	48c7140b-6b4a-45e3-a9fb-642e1386dbbc
open	00eaaf62-c43e-4555-9134-1e5593386fdb	TCGA-3B-A9HS	Copy Number Variation	TXT	Genotyping Array	7515eb09-f7e4-4ccd-bc45-1e32145468d1	TCGA-SARC.e6a7b89c-9cfc-4751-a49e-5d6d9c2c0cac.ascat3.allelic_specific.seg.txt	7515eb09-f7e4-4ccd-bc45-1e32145468d1
open	0ac700f3-c9cf-4ed7-a8bd-975527750024	TCGA-DX-A6B7	Copy Number Variation	TXT	Genotyping Array	ee5c6e16-83fc-422d-91ba-a4fa7c169319	SNOWS_p_TCGA_Batch_309_310_NSP_GenomeWideSNP_6_F08_1362034.grch38.seg.v2.txt	ee5c6e16-83fc-422d-91ba-a4fa7c169319
open	0ac700f3-c9cf-4ed7-a8bd-975527750024	TCGA-DX-A6B7	Copy Number Variation	TSV	Genotyping Array	59ea0ac3-0107-41c6-a599-e85018bd71cf	TCGA-SARC.e4d80a22-abac-4fcd-9cdf-7aac483f2654.absolute_liftover.gene_level_copy_number.v36.tsv	59ea0ac3-0107-41c6-a599-e85018bd71cf
open	0ac700f3-c9cf-4ed7-a8bd-975527750024	TCGA-DX-A6B7	Copy Number Variation	TXT	Genotyping Array	e951bf6a-7819-435f-85da-d471e9598901	TCGA-SARC.e4d80a22-abac-4fcd-9cdf-7aac483f2654.ascat3.allelic_specific.seg.txt	e951bf6a-7819-435f-85da-d471e9598901
open	0b6418fc-c775-4baa-8776-74ffcc492e9a	TCGA-DX-A7EQ	Copy Number Variation	TXT	Genotyping Array	db45e0e9-6df3-4ca6-8235-c783af7daed2	ENATE_p_TCGAb_394_395_396_NSP_GenomeWideSNP_6_E11_1474154.grch38.seg.v2.txt	db45e0e9-6df3-4ca6-8235-c783af7daed2
open	0b6418fc-c775-4baa-8776-74ffcc492e9a	TCGA-DX-A7EQ	Copy Number Variation	TSV	Genotyping Array	6df61e6c-939b-45d9-ace7-ad4f83e4fd73	TCGA-SARC.9043a977-4d3e-4903-a595-b0da9dd1e87f.ascat3.gene_level_copy_number.v36.tsv	6df61e6c-939b-45d9-ace7-ad4f83e4fd73
open	0b6418fc-c775-4baa-8776-74ffcc492e9a	TCGA-DX-A7EQ	Copy Number Variation	TXT	Genotyping Array	52983576-611f-46ca-948b-20f16c811b00	TCGA-SARC.9043a977-4d3e-4903-a595-b0da9dd1e87f.ascat2.allelic_specific.seg.txt	52983576-611f-46ca-948b-20f16c811b00
controlled	04d45a95-4282-42e7-8e2f-2b7a5082e1b5	TCGA-WK-A8XX	Simple Nucleotide Variation	TSV	Genotyping Array	a07067ba-0295-435a-9da4-d610f87629e3	VISTA_p_TCGAb_383_384_NSP_GenomeWideSNP_6_A04_1464932.birdseed.data.txt	a07067ba-0295-435a-9da4-d610f87629e3
open	04d45a95-4282-42e7-8e2f-2b7a5082e1b5	TCGA-WK-A8XX	Copy Number Variation	TXT	Genotyping Array	96ee342f-cef0-4754-b6be-6f41c4002191	TCGA-SARC.7492086b-c6fc-491d-864f-60693549073a.ascat3.allelic_specific.seg.txt	96ee342f-cef0-4754-b6be-6f41c4002191
open	0b6418fc-c775-4baa-8776-74ffcc492e9a	TCGA-DX-A7EQ	Copy Number Variation	TXT	Genotyping Array	81a62077-a442-4d22-b48f-1dcc480830d8	TCGA-SARC.9043a977-4d3e-4903-a595-b0da9dd1e87f.ascat3.allelic_specific.seg.txt	81a62077-a442-4d22-b48f-1dcc480830d8
open	109df703-2865-4b4c-8e4b-badff8eb3f22	TCGA-HB-A3YV	Copy Number Variation	TSV	Genotyping Array	b00ed6c6-953f-429a-b551-fe1d69024753	TCGA-SARC.e7cddc48-9b99-4933-be70-4a3730cae2ef.absolute_liftover.gene_level_copy_number.v36.tsv	b00ed6c6-953f-429a-b551-fe1d69024753
controlled	0b6418fc-c775-4baa-8776-74ffcc492e9a	TCGA-DX-A7EQ	Copy Number Variation	CEL	Genotyping Array	73c9cd37-5d91-429d-a258-83d09b76b886	ENATE_p_TCGAb_394_395_396_NSP_GenomeWideSNP_6_E11_1474154.CEL	73c9cd37-5d91-429d-a258-83d09b76b886
open	051a8605-e674-4b66-a142-11ec36a96454	TCGA-DX-AB2P	Copy Number Variation	TXT	Genotyping Array	01f0324a-f17e-4279-9f25-4041679c532b	ENATE_p_TCGAb_394_395_396_NSP_GenomeWideSNP_6_F11_1474092.grch38.seg.v2.txt	01f0324a-f17e-4279-9f25-4041679c532b
open	051a8605-e674-4b66-a142-11ec36a96454	TCGA-DX-AB2P	Copy Number Variation	TSV	Genotyping Array	41fc5d19-c731-43d7-bc92-738405fd338a	TCGA-SARC.d8c7fd5f-d353-4ecf-8cc5-881056c38275.ascat3.gene_level_copy_number.v36.tsv	41fc5d19-c731-43d7-bc92-738405fd338a
controlled	10a6de43-a681-4cbc-821d-08335ed65320	TCGA-MJ-A68J	Copy Number Variation	CEL	Genotyping Array	977640fd-2252-4e4c-b44e-a0a7609c641b	RICES_p_TCGA_Batch_310_311_NSP_GenomeWideSNP_6_A08_1361958.CEL	977640fd-2252-4e4c-b44e-a0a7609c641b
open	051a8605-e674-4b66-a142-11ec36a96454	TCGA-DX-AB2P	Copy Number Variation	TSV	Genotyping Array	190d9a27-b04b-4081-bc72-3fe8948a6e7e	TCGA-SARC.d8c7fd5f-d353-4ecf-8cc5-881056c38275.gene_level_copy_number.v36.tsv	190d9a27-b04b-4081-bc72-3fe8948a6e7e
open	051a8605-e674-4b66-a142-11ec36a96454	TCGA-DX-AB2P	Copy Number Variation	TSV	Genotyping Array	354d7328-c196-40b5-8457-034522011f04	TCGA-SARC.d8c7fd5f-d353-4ecf-8cc5-881056c38275.absolute_liftover.gene_level_copy_number.v36.tsv	354d7328-c196-40b5-8457-034522011f04
controlled	059f7eb8-6e42-4f57-8248-ff82896aab54	TCGA-DX-A3UE	Simple Nucleotide Variation	TSV	Genotyping Array	d2cb227e-3d7d-45e1-a9d7-1dd12e17e8b3	SNOWS_p_TCGA_Batch_309_310_NSP_GenomeWideSNP_6_D11_1362096.birdseed.data.txt	d2cb227e-3d7d-45e1-a9d7-1dd12e17e8b3
controlled	059f7eb8-6e42-4f57-8248-ff82896aab54	TCGA-DX-A3UE	Simple Nucleotide Variation	TSV	Genotyping Array	fc1cc4c0-680f-432a-9658-2a5a8b8d3d7b	SNOWS_p_TCGA_Batch_309_310_NSP_GenomeWideSNP_6_D10_1362182.birdseed.data.txt	fc1cc4c0-680f-432a-9658-2a5a8b8d3d7b
open	0da5ee6c-d012-4a57-9992-9d74937aaa5f	TCGA-IW-A3M4	Copy Number Variation	TXT	Genotyping Array	86205023-2b15-4b85-885d-df41a69edacd	MACON_p_TCGASNP_218_AML_PP_N_GenomeWideSNP_6_D04_1039988.nocnv_grch38.seg.v2.txt	86205023-2b15-4b85-885d-df41a69edacd
controlled	10a6de43-a681-4cbc-821d-08335ed65320	TCGA-MJ-A68J	Simple Nucleotide Variation	TSV	Genotyping Array	5167ba65-aab0-4fc3-8ffa-4b707177f991	RICES_p_TCGA_Batch_310_311_NSP_GenomeWideSNP_6_A09_1361866.birdseed.data.txt	5167ba65-aab0-4fc3-8ffa-4b707177f991
controlled	059f7eb8-6e42-4f57-8248-ff82896aab54	TCGA-DX-A3UE	Copy Number Variation	CEL	Genotyping Array	8327fa29-3168-4873-85a4-18454e6edbc1	SNOWS_p_TCGA_Batch_309_310_NSP_GenomeWideSNP_6_D10_1362182.CEL	8327fa29-3168-4873-85a4-18454e6edbc1
open	12b45061-9ed6-46cd-971a-b81d79bc88ec	TCGA-DX-A6YU	Copy Number Variation	TXT	Genotyping Array	2f2194b1-cb14-40d8-aa95-abe150724723	MOWED_p_TCGAb3_39_40_41_42_STY_GenomeWideSNP_6_F12_1377512.grch38.seg.v2.txt	2f2194b1-cb14-40d8-aa95-abe150724723
open	f0cbc2a4-c1f7-4b32-bce1-57eb59d351cc	TCGA-PC-A5DP	Copy Number Variation	TXT	Genotyping Array	4ac7936c-7eb0-4752-83f1-7a5428852b10	WAGER_p_TCGA_282_284_285_286_N_GenomeWideSNP_6_A12_1359062.grch38.seg.v2.txt	4ac7936c-7eb0-4752-83f1-7a5428852b10
open	0da5ee6c-d012-4a57-9992-9d74937aaa5f	TCGA-IW-A3M4	Copy Number Variation	TXT	Genotyping Array	1dcb84a6-6712-42c9-a2ff-369ff810322a	TCGA-SARC.98958fb5-a984-4173-8e2a-7c4043bf0faa.ascat3.allelic_specific.seg.txt	1dcb84a6-6712-42c9-a2ff-369ff810322a
open	12b45061-9ed6-46cd-971a-b81d79bc88ec	TCGA-DX-A6YU	Copy Number Variation	TXT	Genotyping Array	ffd1cb26-4022-4da1-95d0-afad3401de8a	MOWED_p_TCGAb3_39_40_41_42_STY_GenomeWideSNP_6_F11_1377392.nocnv_grch38.seg.v2.txt	ffd1cb26-4022-4da1-95d0-afad3401de8a
controlled	0da5ee6c-d012-4a57-9992-9d74937aaa5f	TCGA-IW-A3M4	Copy Number Variation	CEL	Genotyping Array	3a42ec48-a1b4-4766-b230-337c412c7888	MACON_p_TCGASNP_218_AML_PP_N_GenomeWideSNP_6_D04_1039988.CEL	3a42ec48-a1b4-4766-b230-337c412c7888
controlled	12b45061-9ed6-46cd-971a-b81d79bc88ec	TCGA-DX-A6YU	Simple Nucleotide Variation	TSV	Genotyping Array	740b327c-fbcc-49e9-9fee-4cca99421ae3	MOWED_p_TCGAb3_39_40_41_42_STY_GenomeWideSNP_6_F12_1377512.birdseed.data.txt	740b327c-fbcc-49e9-9fee-4cca99421ae3
open	05d4099f-521a-4df6-abac-f86f84b3af7f	TCGA-WP-A9GB	Copy Number Variation	TXT	Genotyping Array	834518e9-9149-4bcc-aeb6-a89e9d323728	TCGA-SARC.6d98506f-9d10-47d5-8fed-4e11cec0bad2.ascat3.allelic_specific.seg.txt	834518e9-9149-4bcc-aeb6-a89e9d323728
controlled	0f94362d-368f-4570-b8c1-70fc4b1f5e35	TCGA-QQ-A5VB	Simple Nucleotide Variation	TSV	Genotyping Array	316ea596-0b68-4cdb-816d-646d33d7bd4d	HONGS_p_TCGAb3_75_76_77_NSP_GenomeWideSNP_6_G02_1438194.birdseed.data.txt	316ea596-0b68-4cdb-816d-646d33d7bd4d
open	12bfd446-2ee5-4664-a492-c023d134f60f	TCGA-FX-A48G	Copy Number Variation	TXT	Genotyping Array	da93e6f0-c246-4363-9ede-de7c2b894f2d	YOGIN_p_TCGA_4_262_263_N_GenomeWideSNP_6_B05_1306160.nocnv_grch38.seg.v2.txt	da93e6f0-c246-4363-9ede-de7c2b894f2d
open	05d4099f-521a-4df6-abac-f86f84b3af7f	TCGA-WP-A9GB	Copy Number Variation	TXT	Genotyping Array	223545fc-6067-4eab-b0b9-6c2cd480fd02	VISTA_p_TCGAb_383_384_NSP_GenomeWideSNP_6_C04_1464962.nocnv_grch38.seg.v2.txt	223545fc-6067-4eab-b0b9-6c2cd480fd02
open	1c89da99-9e89-4726-b196-97eeab46d504	TCGA-X6-A7WC	Copy Number Variation	TSV	Genotyping Array	d32b175f-3594-412a-94eb-dcb42120b3c7	TCGA-SARC.07fbe2a0-470a-4fdb-99e2-8ac308e39473.ascat3.gene_level_copy_number.v36.tsv	d32b175f-3594-412a-94eb-dcb42120b3c7
controlled	109df703-2865-4b4c-8e4b-badff8eb3f22	TCGA-HB-A3YV	Simple Nucleotide Variation	TSV	Genotyping Array	b296eb1c-4201-471a-b05e-939a8ea5621c	YOGIN_p_TCGA_4_262_263_N_GenomeWideSNP_6_B12_1306202.birdseed.data.txt	b296eb1c-4201-471a-b05e-939a8ea5621c
controlled	1d03c1e5-8ab1-46b7-a46c-3738d463fd1c	TCGA-DX-AB37	Copy Number Variation	CEL	Genotyping Array	198f2e8e-4b14-47a5-9dae-c3d5ad693f5c	CUBES_p_TCGAb_425_426_427_NSP_GenomeWideSNP_6_E05_1514068.CEL	198f2e8e-4b14-47a5-9dae-c3d5ad693f5c
controlled	2560fb5b-5f49-4d38-8f61-1ab911aed3eb	TCGA-SI-A71P	Simple Nucleotide Variation	TSV	Genotyping Array	2a5088a9-807a-4c43-a624-3703f9a99520	MOWED_p_TCGAb3_39_40_41_42_STY_GenomeWideSNP_6_F09_1377444.birdseed.data.txt	2a5088a9-807a-4c43-a624-3703f9a99520
controlled	17cecba9-37ed-4967-8756-e0f7c20c8209	TCGA-MJ-A850	Simple Nucleotide Variation	TSV	Genotyping Array	4ed6ab74-4622-45e7-8a05-0e3637b8f3b6	TAZZA_p_TCGAb3_62_63_64_65_NSP_GenomeWideSNP_6_B11_1387880.birdseed.data.txt	4ed6ab74-4622-45e7-8a05-0e3637b8f3b6
controlled	17cecba9-37ed-4967-8756-e0f7c20c8209	TCGA-MJ-A850	Simple Nucleotide Variation	TSV	Genotyping Array	e1d00fab-3877-483d-b51c-7c526d91248a	TAZZA_p_TCGAb3_62_63_64_65_NSP_GenomeWideSNP_6_B12_1387890.birdseed.data.txt	e1d00fab-3877-483d-b51c-7c526d91248a
controlled	1db4962a-3cf7-4f36-bd60-46a1b63b6c20	TCGA-SG-A6Z4	Copy Number Variation	CEL	Genotyping Array	5a3e904c-b983-4820-988f-2428a9234597	MOWED_p_TCGAb3_39_40_41_42_STY_GenomeWideSNP_6_G07_1377442.CEL	5a3e904c-b983-4820-988f-2428a9234597
controlled	17cecba9-37ed-4967-8756-e0f7c20c8209	TCGA-MJ-A850	Copy Number Variation	CEL	Genotyping Array	f949f20a-c866-4261-a338-8f755819233d	TAZZA_p_TCGAb3_62_63_64_65_NSP_GenomeWideSNP_6_B12_1387890.CEL	f949f20a-c866-4261-a338-8f755819233d
controlled	257dc623-41e1-4fa3-859c-c787db10bd60	TCGA-IS-A3KA	Copy Number Variation	CEL	Genotyping Array	8d63c349-9752-491b-90cf-ccc174d18f94	MACON_p_TCGASNP_218_AML_PP_N_GenomeWideSNP_6_C03_1040142.CEL	8d63c349-9752-491b-90cf-ccc174d18f94
open	1db4962a-3cf7-4f36-bd60-46a1b63b6c20	TCGA-SG-A6Z4	Copy Number Variation	TXT	Genotyping Array	ce8a3788-729b-46e5-b877-e7a8507ae644	MOWED_p_TCGAb3_39_40_41_42_STY_GenomeWideSNP_6_G07_1377442.grch38.seg.v2.txt	ce8a3788-729b-46e5-b877-e7a8507ae644
open	ca0f032b-a34c-4a92-a403-bc7dc6eca8e9	TCGA-KF-A41W	Copy Number Variation	TXT	Genotyping Array	fdfb25f3-9ab2-4763-9de0-fd7d0cf664ac	YOGIN_p_TCGA_4_262_263_N_GenomeWideSNP_6_C05_1306140.grch38.seg.v2.txt	fdfb25f3-9ab2-4763-9de0-fd7d0cf664ac
open	257dc623-41e1-4fa3-859c-c787db10bd60	TCGA-IS-A3KA	Copy Number Variation	TXT	Genotyping Array	5bcc3603-fae4-49bd-ad69-f30528c30122	TCGA-SARC.f84098f3-f23f-47ce-8a7c-621258e24021.ascat2.allelic_specific.seg.txt	5bcc3603-fae4-49bd-ad69-f30528c30122
controlled	1db4962a-3cf7-4f36-bd60-46a1b63b6c20	TCGA-SG-A6Z4	Simple Nucleotide Variation	TSV	Genotyping Array	baad564d-0307-4811-b8e6-9abda0e40b02	MOWED_p_TCGAb3_39_40_41_42_STY_GenomeWideSNP_6_G07_1377442.birdseed.data.txt	baad564d-0307-4811-b8e6-9abda0e40b02
open	1db4962a-3cf7-4f36-bd60-46a1b63b6c20	TCGA-SG-A6Z4	Copy Number Variation	TSV	Genotyping Array	6018dfdf-8e1e-4f11-9737-92e16a6226cb	TCGA-SARC.16a00020-a856-4c90-8b5f-c8907b243df5.gene_level_copy_number.v36.tsv	6018dfdf-8e1e-4f11-9737-92e16a6226cb
controlled	ca0f032b-a34c-4a92-a403-bc7dc6eca8e9	TCGA-KF-A41W	Simple Nucleotide Variation	TSV	Genotyping Array	c97983d3-afdc-4075-8265-0aa6802bba66	YOGIN_p_TCGA_4_262_263_N_GenomeWideSNP_6_B08_1306246.birdseed.data.txt	c97983d3-afdc-4075-8265-0aa6802bba66
open	ca0f032b-a34c-4a92-a403-bc7dc6eca8e9	TCGA-KF-A41W	Copy Number Variation	TXT	Genotyping Array	b745bcb7-6b38-45cd-99e9-2e9ab9d88f0e	TCGA-SARC.5f38663f-a033-4cd1-9962-33b2c23c3f65.ascat3.allelic_specific.seg.txt	b745bcb7-6b38-45cd-99e9-2e9ab9d88f0e
open	257dc623-41e1-4fa3-859c-c787db10bd60	TCGA-IS-A3KA	Copy Number Variation	TXT	Genotyping Array	44aee94d-e298-4b76-a148-aba83bc11e33	TCGA-SARC.f84098f3-f23f-47ce-8a7c-621258e24021.ascat3.allelic_specific.seg.txt	44aee94d-e298-4b76-a148-aba83bc11e33
controlled	ca0f032b-a34c-4a92-a403-bc7dc6eca8e9	TCGA-KF-A41W	Copy Number Variation	CEL	Genotyping Array	75ac4d27-ff3e-40d6-99f4-3d122e5b650b	YOGIN_p_TCGA_4_262_263_N_GenomeWideSNP_6_C05_1306140.CEL	75ac4d27-ff3e-40d6-99f4-3d122e5b650b
controlled	257dc623-41e1-4fa3-859c-c787db10bd60	TCGA-IS-A3KA	Simple Nucleotide Variation	TSV	Genotyping Array	4acf937b-5435-4693-82a9-1777ec0b7ed7	MACON_p_TCGASNP_218_AML_PP_N_GenomeWideSNP_6_B01_1039980.birdseed.data.txt	4acf937b-5435-4693-82a9-1777ec0b7ed7
open	1a319d92-d5d4-41f7-8a10-2afb52513d83	TCGA-DX-A3U9	Copy Number Variation	TXT	Genotyping Array	34605321-07e1-4d9c-b9f7-a1861b220ee3	SNOWS_p_TCGA_Batch_309_310_NSP_GenomeWideSNP_6_C12_1362086.nocnv_grch38.seg.v2.txt	34605321-07e1-4d9c-b9f7-a1861b220ee3
open	2d468c02-45f7-4b4b-920a-557ae6c91a43	TCGA-DX-AB2W	Copy Number Variation	TSV	Genotyping Array	2a8b0a2a-7e07-43e4-9e06-0a4d2065cd80	TCGA-SARC.f881ef1d-d495-4bce-975a-f468c2c31e9b.absolute_liftover.gene_level_copy_number.v36.tsv	2a8b0a2a-7e07-43e4-9e06-0a4d2065cd80
open	ca0f032b-a34c-4a92-a403-bc7dc6eca8e9	TCGA-KF-A41W	Copy Number Variation	TSV	Genotyping Array	50b183fd-2ade-4c99-9685-3805aed093b5	TCGA-SARC.5f38663f-a033-4cd1-9962-33b2c23c3f65.absolute_liftover.gene_level_copy_number.v36.tsv	50b183fd-2ade-4c99-9685-3805aed093b5
open	2892ee84-ac7c-4e0e-8311-ce721d6afc32	TCGA-SG-A6Z7	Copy Number Variation	TSV	Genotyping Array	95d46e55-7006-4d16-a41f-9a9d302c7ba5	TCGA-SARC.7f417787-01ec-4cdc-aa67-a833c3fcebcb.gene_level_copy_number.v36.tsv	95d46e55-7006-4d16-a41f-9a9d302c7ba5
open	ca0f032b-a34c-4a92-a403-bc7dc6eca8e9	TCGA-KF-A41W	Copy Number Variation	TXT	Genotyping Array	7565a9bb-4edd-4ea4-a836-e7e5fca31e00	YOGIN_p_TCGA_4_262_263_N_GenomeWideSNP_6_C05_1306140.nocnv_grch38.seg.v2.txt	7565a9bb-4edd-4ea4-a836-e7e5fca31e00
open	212c9acc-d5ad-4b31-91bc-7ab72233aec6	TCGA-DX-A23V	Copy Number Variation	TXT	Genotyping Array	c499e8ed-59ba-4701-8047-cae3742e35e5	BURSA_p_TCGA_303_304_305_N_GenomeWideSNP_6_B05_1344764.nocnv_grch38.seg.v2.txt	c499e8ed-59ba-4701-8047-cae3742e35e5
open	ca0f032b-a34c-4a92-a403-bc7dc6eca8e9	TCGA-KF-A41W	Copy Number Variation	TXT	Genotyping Array	de8647cb-ceed-4782-be77-b3bf2db6aa0c	YOGIN_p_TCGA_4_262_263_N_GenomeWideSNP_6_B08_1306246.nocnv_grch38.seg.v2.txt	de8647cb-ceed-4782-be77-b3bf2db6aa0c
controlled	1a319d92-d5d4-41f7-8a10-2afb52513d83	TCGA-DX-A3U9	Copy Number Variation	CEL	Genotyping Array	d94f3e24-5f3f-4d64-9630-ceb7151570a5	SNOWS_p_TCGA_Batch_309_310_NSP_GenomeWideSNP_6_C12_1362086.CEL	d94f3e24-5f3f-4d64-9630-ceb7151570a5
open	2892ee84-ac7c-4e0e-8311-ce721d6afc32	TCGA-SG-A6Z7	Copy Number Variation	TXT	Genotyping Array	830ba37f-f398-43c5-944b-77050a89f6c4	THREW_p_TCGAb_329_335_336_NSP_GenomeWideSNP_6_F12_1367094.grch38.seg.v2.txt	830ba37f-f398-43c5-944b-77050a89f6c4
controlled	212c9acc-d5ad-4b31-91bc-7ab72233aec6	TCGA-DX-A23V	Copy Number Variation	CEL	Genotyping Array	f2bae71a-7ddd-4c7c-b6a1-fddbc79f758f	BURSA_p_TCGA_303_304_305_N_GenomeWideSNP_6_B01_1344754.CEL	f2bae71a-7ddd-4c7c-b6a1-fddbc79f758f
open	212c9acc-d5ad-4b31-91bc-7ab72233aec6	TCGA-DX-A23V	Copy Number Variation	TXT	Genotyping Array	030568d5-3740-4793-ad93-e75cfb2223a3	TCGA-SARC.bc5eb179-acb9-424a-a37f-19a9a3e52f96.ascat2.allelic_specific.seg.txt	030568d5-3740-4793-ad93-e75cfb2223a3
controlled	a34cfb9c-44dd-4617-bbd1-28edc8d527c4	TCGA-MO-A47P	Simple Nucleotide Variation	TSV	Genotyping Array	dfe25f75-de0b-4780-8e68-e1da3f8e10bd	YOGIN_p_TCGA_4_262_263_N_GenomeWideSNP_6_C08_1306230.birdseed.data.txt	dfe25f75-de0b-4780-8e68-e1da3f8e10bd
controlled	2892ee84-ac7c-4e0e-8311-ce721d6afc32	TCGA-SG-A6Z7	Copy Number Variation	CEL	Genotyping Array	7b850da0-9469-46e2-aa44-117111b626a2	THREW_p_TCGAb_329_335_336_NSP_GenomeWideSNP_6_F11_1367200.CEL	7b850da0-9469-46e2-aa44-117111b626a2
open	a34cfb9c-44dd-4617-bbd1-28edc8d527c4	TCGA-MO-A47P	Copy Number Variation	TXT	Genotyping Array	076b5111-4c91-4593-bbfd-3fbbe5a75630	TCGA-SARC.284d8290-3263-4d8b-bb32-ba0c834cddf9.ascat3.allelic_specific.seg.txt	076b5111-4c91-4593-bbfd-3fbbe5a75630
open	a34cfb9c-44dd-4617-bbd1-28edc8d527c4	TCGA-MO-A47P	Copy Number Variation	TSV	Genotyping Array	85207947-7976-425a-9c92-072b6a4df9c2	TCGA-SARC.284d8290-3263-4d8b-bb32-ba0c834cddf9.gene_level_copy_number.v36.tsv	85207947-7976-425a-9c92-072b6a4df9c2
open	a34cfb9c-44dd-4617-bbd1-28edc8d527c4	TCGA-MO-A47P	Copy Number Variation	TXT	Genotyping Array	3af44db7-040e-47c6-867d-781eb9cd77b5	YOGIN_p_TCGA_4_262_263_N_GenomeWideSNP_6_C08_1306230.grch38.seg.v2.txt	3af44db7-040e-47c6-867d-781eb9cd77b5
open	1ad65834-8bac-4b80-8b2e-2588548ea003	TCGA-DX-A6Z2	Copy Number Variation	TXT	Genotyping Array	51adf48b-a303-45de-9800-0504a5834da2	HONGS_p_TCGAb3_75_76_77_NSP_GenomeWideSNP_6_F04_1438266.nocnv_grch38.seg.v2.txt	51adf48b-a303-45de-9800-0504a5834da2
controlled	a34cfb9c-44dd-4617-bbd1-28edc8d527c4	TCGA-MO-A47P	Copy Number Variation	CEL	Genotyping Array	46ac6aea-7227-4494-a081-54c3d0af6926	YOGIN_p_TCGA_4_262_263_N_GenomeWideSNP_6_C12_1306206.CEL	46ac6aea-7227-4494-a081-54c3d0af6926
open	1ad65834-8bac-4b80-8b2e-2588548ea003	TCGA-DX-A6Z2	Copy Number Variation	TXT	Genotyping Array	f502db15-3011-42dc-a6c2-7a4383943c28	HEIGH_p_TCGAb418_19_21_BCR_NSP_GenomeWideSNP_6_G11_1485726.grch38.seg.v2.txt	f502db15-3011-42dc-a6c2-7a4383943c28
open	23409c1c-9fc2-4c54-8c94-e1aabe05c301	TCGA-DX-A2J1	Copy Number Variation	TXT	Genotyping Array	386a695f-e09b-4150-843c-801f1458e38a	MACON_p_TCGASNP_218_AML_PP_N_GenomeWideSNP_6_C01_1040050.grch38.seg.v2.txt	386a695f-e09b-4150-843c-801f1458e38a
open	23409c1c-9fc2-4c54-8c94-e1aabe05c301	TCGA-DX-A2J1	Copy Number Variation	TXT	Genotyping Array	535fbc02-339f-4295-98ec-42d26dc557a2	MACON_p_TCGASNP_218_AML_PP_N_GenomeWideSNP_6_D01_1040114.nocnv_grch38.seg.v2.txt	535fbc02-339f-4295-98ec-42d26dc557a2
open	28c50a5c-e0ea-4f93-b34c-b0a651264539	TCGA-HS-A5N7	Copy Number Variation	TSV	Genotyping Array	1fc1e4e6-f84a-4307-9b6b-3fca6066366b	TCGA-SARC.101124bf-4d90-4f06-8c7d-06181e981d24.absolute_liftover.gene_level_copy_number.v36.tsv	1fc1e4e6-f84a-4307-9b6b-3fca6066366b
open	3ea1cbd8-f74a-4b14-aa49-23d5a47716ba	TCGA-IW-A3M6	Copy Number Variation	TXT	Genotyping Array	f64752ea-abf3-456b-9ac9-884a65cf0d1f	MACON_p_TCGASNP_218_AML_PP_N_GenomeWideSNP_6_A12_1040120.grch38.seg.v2.txt	f64752ea-abf3-456b-9ac9-884a65cf0d1f
open	3ea1cbd8-f74a-4b14-aa49-23d5a47716ba	TCGA-IW-A3M6	Copy Number Variation	TSV	Genotyping Array	8a1a3086-45f6-4328-ac7e-7b99ce045866	TCGA-SARC.f72d24bd-65f1-4b7e-b2e4-4e93cf4023f2.ascat3.gene_level_copy_number.v36.tsv	8a1a3086-45f6-4328-ac7e-7b99ce045866
open	1ad65834-8bac-4b80-8b2e-2588548ea003	TCGA-DX-A6Z2	Copy Number Variation	TXT	Genotyping Array	eac778c8-0409-45d7-a139-3de81fc932b9	HONGS_p_TCGAb3_75_76_77_NSP_GenomeWideSNP_6_H01_1438202.nocnv_grch38.seg.v2.txt	eac778c8-0409-45d7-a139-3de81fc932b9
open	1c89da99-9e89-4726-b196-97eeab46d504	TCGA-X6-A7WC	Copy Number Variation	TXT	Genotyping Array	e7a0592f-753a-4a30-8efe-28cdf4589447	TCGA-SARC.07fbe2a0-470a-4fdb-99e2-8ac308e39473.ascat2.allelic_specific.seg.txt	e7a0592f-753a-4a30-8efe-28cdf4589447
controlled	239505ce-f2f1-477e-8ae2-b7065989ba79	TCGA-K1-A6RT	Simple Nucleotide Variation	TSV	Genotyping Array	295be2dd-8a0c-41ea-b0ba-fb14856bb000	MOWED_p_TCGAb3_39_40_41_42_STY_GenomeWideSNP_6_G05_1377410.birdseed.data.txt	295be2dd-8a0c-41ea-b0ba-fb14856bb000
open	28c50a5c-e0ea-4f93-b34c-b0a651264539	TCGA-HS-A5N7	Copy Number Variation	TSV	Genotyping Array	71a0bbb1-8f3f-428a-92a7-7bcbd3f30955	TCGA-SARC.101124bf-4d90-4f06-8c7d-06181e981d24.ascat3.gene_level_copy_number.v36.tsv	71a0bbb1-8f3f-428a-92a7-7bcbd3f30955
open	24d08a93-d078-407b-8d93-5f7a099821eb	TCGA-IE-A3OV	Copy Number Variation	TSV	Genotyping Array	958f05bd-4ec1-4b02-b5c7-634d25311dda	TCGA-SARC.25af3703-371a-4276-bf75-61b84e613ccc.absolute_liftover.gene_level_copy_number.v36.tsv	958f05bd-4ec1-4b02-b5c7-634d25311dda
open	2c9f737b-0d37-4931-aff5-4562a0057bae	TCGA-DX-A7EI	Copy Number Variation	TXT	Genotyping Array	fc802e92-c6ab-4e54-b22c-9970f6d26259	TCGA-SARC.bfae7468-70d5-4411-aa91-d05c8663a567.ascat3.allelic_specific.seg.txt	fc802e92-c6ab-4e54-b22c-9970f6d26259
controlled	31397970-59d8-4ee8-83cf-901cd8ba17b3	TCGA-DX-A8BG	Copy Number Variation	CEL	Genotyping Array	0c0fd40f-fa7b-4119-9cd6-a21c9f1ccd7a	CUBES_p_TCGAb_425_426_427_NSP_GenomeWideSNP_6_F11_1514084.CEL	0c0fd40f-fa7b-4119-9cd6-a21c9f1ccd7a
controlled	2c9f737b-0d37-4931-aff5-4562a0057bae	TCGA-DX-A7EI	Copy Number Variation	CEL	Genotyping Array	b39a10b9-c04d-4caf-bcf9-2a06505b464e	MOWED_p_TCGAb3_39_40_41_42_STY_GenomeWideSNP_6_G09_1377518.CEL	b39a10b9-c04d-4caf-bcf9-2a06505b464e
controlled	2c9f737b-0d37-4931-aff5-4562a0057bae	TCGA-DX-A7EI	Simple Nucleotide Variation	TSV	Genotyping Array	57b18cc3-118f-4fab-93db-829c6302daf0	MOWED_p_TCGAb3_39_40_41_42_STY_GenomeWideSNP_6_G09_1377518.birdseed.data.txt	57b18cc3-118f-4fab-93db-829c6302daf0
open	32344f23-524b-4182-ae75-6ad6128eeba0	TCGA-IE-A4EH	Copy Number Variation	TXT	Genotyping Array	0b1e2c46-5382-4e00-90e7-e9ec72fd1c7d	YOGIN_p_TCGA_4_262_263_N_GenomeWideSNP_6_A08_1306222.nocnv_grch38.seg.v2.txt	0b1e2c46-5382-4e00-90e7-e9ec72fd1c7d
open	2c9f737b-0d37-4931-aff5-4562a0057bae	TCGA-DX-A7EI	Copy Number Variation	TXT	Genotyping Array	ba7c647d-4af8-4107-a361-efe1cf0023fb	TCGA-SARC.bfae7468-70d5-4411-aa91-d05c8663a567.ascat2.allelic_specific.seg.txt	ba7c647d-4af8-4107-a361-efe1cf0023fb
open	31397970-59d8-4ee8-83cf-901cd8ba17b3	TCGA-DX-A8BG	Copy Number Variation	TXT	Genotyping Array	2891e3df-40e8-4eef-9f5c-ef536d33cab1	CUBES_p_TCGAb_425_426_427_NSP_GenomeWideSNP_6_F11_1514084.grch38.seg.v2.txt	2891e3df-40e8-4eef-9f5c-ef536d33cab1
open	31397970-59d8-4ee8-83cf-901cd8ba17b3	TCGA-DX-A8BG	Copy Number Variation	TXT	Genotyping Array	ca9a9541-cf1b-4abf-9586-9986c12ee245	TCGA-SARC.0354dd0a-3de5-4926-be37-b050495fafc2.ascat2.allelic_specific.seg.txt	ca9a9541-cf1b-4abf-9586-9986c12ee245
controlled	2ebfbd8e-7db2-4cd7-bf1c-a0c27fcf07e7	TCGA-QC-A7B5	Simple Nucleotide Variation	TSV	Genotyping Array	684471c3-5a0f-4cfd-84ff-b495116fe6a6	MOWED_p_TCGAb3_39_40_41_42_STY_GenomeWideSNP_6_H04_1377504.birdseed.data.txt	684471c3-5a0f-4cfd-84ff-b495116fe6a6
open	2ff01040-5270-4895-bbfa-5819b46ef444	TCGA-DX-A1KZ	Copy Number Variation	TXT	Genotyping Array	c73224d0-f048-4369-ad2c-7231725ed1b0	YOGIN_p_TCGA_4_262_263_N_GenomeWideSNP_6_A01_1306128.nocnv_grch38.seg.v2.txt	c73224d0-f048-4369-ad2c-7231725ed1b0
open	2948d657-e5dd-4d6e-91b5-88c54f73ac31	TCGA-HS-A5N9	Copy Number Variation	TSV	Genotyping Array	6c84acc1-dacc-465d-b7b8-b8b9449726f8	TCGA-SARC.58815c5e-d54a-4e3d-83b5-6e2ae5bf6c56.ascat3.gene_level_copy_number.v36.tsv	6c84acc1-dacc-465d-b7b8-b8b9449726f8
open	2c9f737b-0d37-4931-aff5-4562a0057bae	TCGA-DX-A7EI	Copy Number Variation	TSV	Genotyping Array	5962204e-e8af-4606-8d5f-7022f296a979	TCGA-SARC.bfae7468-70d5-4411-aa91-d05c8663a567.gene_level_copy_number.v36.tsv	5962204e-e8af-4606-8d5f-7022f296a979
open	24d08a93-d078-407b-8d93-5f7a099821eb	TCGA-IE-A3OV	Copy Number Variation	TSV	Genotyping Array	5e4aa4fe-d2b3-4f3e-88a0-263bc8a28cae	TCGA-SARC.25af3703-371a-4276-bf75-61b84e613ccc.gene_level_copy_number.v36.tsv	5e4aa4fe-d2b3-4f3e-88a0-263bc8a28cae
open	2560fb5b-5f49-4d38-8f61-1ab911aed3eb	TCGA-SI-A71P	Copy Number Variation	TXT	Genotyping Array	4e9105c0-9474-4dea-8b2f-5c87aa7812d9	TCGA-SARC.ceb4480a-f13b-40df-a89a-2e7cfa7a4b2d.ascat2.allelic_specific.seg.txt	4e9105c0-9474-4dea-8b2f-5c87aa7812d9
open	2560fb5b-5f49-4d38-8f61-1ab911aed3eb	TCGA-SI-A71P	Copy Number Variation	TSV	Genotyping Array	eb24b85d-ab29-47b3-953a-cc037375c7e4	TCGA-SARC.ceb4480a-f13b-40df-a89a-2e7cfa7a4b2d.gene_level_copy_number.v36.tsv	eb24b85d-ab29-47b3-953a-cc037375c7e4
open	2c9f737b-0d37-4931-aff5-4562a0057bae	TCGA-DX-A7EI	Copy Number Variation	TSV	Genotyping Array	5184ff9a-8b0b-4364-9673-e82af5cb71fc	TCGA-SARC.bfae7468-70d5-4411-aa91-d05c8663a567.ascat3.gene_level_copy_number.v36.tsv	5184ff9a-8b0b-4364-9673-e82af5cb71fc
open	2ff01040-5270-4895-bbfa-5819b46ef444	TCGA-DX-A1KZ	Copy Number Variation	TXT	Genotyping Array	4224eeeb-a67d-4773-bd2a-f8c3ef3cc226	YOGIN_p_TCGA_4_262_263_N_GenomeWideSNP_6_A05_1306124.nocnv_grch38.seg.v2.txt	4224eeeb-a67d-4773-bd2a-f8c3ef3cc226
open	2c9f737b-0d37-4931-aff5-4562a0057bae	TCGA-DX-A7EI	Copy Number Variation	TSV	Genotyping Array	55b36d2c-6ee7-429e-a635-cddac23dd26b	TCGA-SARC.bfae7468-70d5-4411-aa91-d05c8663a567.absolute_liftover.gene_level_copy_number.v36.tsv	55b36d2c-6ee7-429e-a635-cddac23dd26b
controlled	319243bf-d96f-454f-b007-3468d76869df	TCGA-DX-A23Y	Copy Number Variation	CEL	Genotyping Array	7d293ac9-fee3-4a7a-bd68-b4bbe60c05e5	VIBES_p_TCGA_290_291_292_293_S_GenomeWideSNP_6_F11_1362476.CEL	7d293ac9-fee3-4a7a-bd68-b4bbe60c05e5
controlled	319243bf-d96f-454f-b007-3468d76869df	TCGA-DX-A23Y	Simple Nucleotide Variation	TSV	Genotyping Array	8c7e9731-3f8e-49a5-8452-da845e127833	VIBES_p_TCGA_290_291_292_293_S_GenomeWideSNP_6_F11_1362476.birdseed.data.txt	8c7e9731-3f8e-49a5-8452-da845e127833
open	3608bfbb-2a92-4ec2-a330-bf4790a8b65c	TCGA-DX-A240	Copy Number Variation	TXT	Genotyping Array	20f70949-2158-47a6-be4d-d3dc92abf4d8	VIBES_p_TCGA_290_291_292_293_S_GenomeWideSNP_6_F08_1362496.grch38.seg.v2.txt	20f70949-2158-47a6-be4d-d3dc92abf4d8
open	319243bf-d96f-454f-b007-3468d76869df	TCGA-DX-A23Y	Copy Number Variation	TSV	Genotyping Array	d406551d-1111-4b79-b85f-82e31c4bf6f9	TCGA-SARC.11967ba0-a030-4a07-9576-03f774e89959.ascat3.gene_level_copy_number.v36.tsv	d406551d-1111-4b79-b85f-82e31c4bf6f9
open	37ecc5e1-2b04-498e-af2d-6cf54e33ba49	TCGA-DX-A6BH	Copy Number Variation	TSV	Genotyping Array	f0043a24-d1c3-493d-b345-0a98b3c806c0	TCGA-SARC.e793f45a-e1f9-4760-af92-4b2d4118ce92.gene_level_copy_number.v36.tsv	f0043a24-d1c3-493d-b345-0a98b3c806c0
open	2ff01040-5270-4895-bbfa-5819b46ef444	TCGA-DX-A1KZ	Copy Number Variation	TSV	Genotyping Array	77b5f69a-a309-4b5a-abe6-dbbaf201a094	TCGA-SARC.362bf99a-94f3-4f60-9778-41ea7a0ca550.absolute_liftover.gene_level_copy_number.v36.tsv	77b5f69a-a309-4b5a-abe6-dbbaf201a094
controlled	37ecc5e1-2b04-498e-af2d-6cf54e33ba49	TCGA-DX-A6BH	Copy Number Variation	CEL	Genotyping Array	6ef6f8ea-a454-4358-9ed8-1eb23c457640	SNOWS_p_TCGA_Batch_309_310_NSP_GenomeWideSNP_6_G06_1362184.CEL	6ef6f8ea-a454-4358-9ed8-1eb23c457640
open	319243bf-d96f-454f-b007-3468d76869df	TCGA-DX-A23Y	Copy Number Variation	TXT	Genotyping Array	33c930c2-6f3a-4276-bca2-26ca625150c8	VIBES_p_TCGA_290_291_292_293_S_GenomeWideSNP_6_F09_1362554.grch38.seg.v2.txt	33c930c2-6f3a-4276-bca2-26ca625150c8
open	2ff01040-5270-4895-bbfa-5819b46ef444	TCGA-DX-A1KZ	Copy Number Variation	TXT	Genotyping Array	b8b15ab8-e0db-4bcf-92e8-45e0857469b1	YOGIN_p_TCGA_4_262_263_N_GenomeWideSNP_6_A05_1306124.grch38.seg.v2.txt	b8b15ab8-e0db-4bcf-92e8-45e0857469b1
controlled	2cacd9d0-8414-4f17-8259-c9d838597f39	TCGA-DX-A3LW	Copy Number Variation	CEL	Genotyping Array	784166f3-6346-4fa6-82d6-95dab8c3ec0c	DLP_REDO_FROM_MACON_A01.CEL	784166f3-6346-4fa6-82d6-95dab8c3ec0c
open	37ecc5e1-2b04-498e-af2d-6cf54e33ba49	TCGA-DX-A6BH	Copy Number Variation	TXT	Genotyping Array	8dd62afb-5c77-41a1-806e-aac76916690b	TCGA-SARC.e793f45a-e1f9-4760-af92-4b2d4118ce92.ascat3.allelic_specific.seg.txt	8dd62afb-5c77-41a1-806e-aac76916690b
open	37ecc5e1-2b04-498e-af2d-6cf54e33ba49	TCGA-DX-A6BH	Copy Number Variation	TXT	Genotyping Array	ba4ccf02-01cd-4f9d-b72e-5ad9d5a18ff4	SNOWS_p_TCGA_Batch_309_310_NSP_GenomeWideSNP_6_G06_1362184.nocnv_grch38.seg.v2.txt	ba4ccf02-01cd-4f9d-b72e-5ad9d5a18ff4
open	3ed1862b-c6ef-4744-9123-bb1ee557f068	TCGA-DX-A7EN	Copy Number Variation	TXT	Genotyping Array	40d04c95-6629-42b2-a54e-2a13c5a99fba	TCGA-SARC.9a9ec4ee-7535-4c73-8db6-adf3a7aa9828.ascat3.allelic_specific.seg.txt	40d04c95-6629-42b2-a54e-2a13c5a99fba
open	37ecc5e1-2b04-498e-af2d-6cf54e33ba49	TCGA-DX-A6BH	Copy Number Variation	TXT	Genotyping Array	011f9e40-f6e7-402d-a022-56ba68b09157	SNOWS_p_TCGA_Batch_309_310_NSP_GenomeWideSNP_6_G07_1362030.grch38.seg.v2.txt	011f9e40-f6e7-402d-a022-56ba68b09157
open	2ff6aede-7bcd-440b-99ab-7a023faf658e	TCGA-DX-A2J0	Copy Number Variation	TSV	Genotyping Array	64529032-6651-470c-b198-d877bc88aa96	TCGA-SARC.086b9671-9220-478d-9898-e46d449e4d56.gene_level_copy_number.v36.tsv	64529032-6651-470c-b198-d877bc88aa96
open	2cacd9d0-8414-4f17-8259-c9d838597f39	TCGA-DX-A3LW	Copy Number Variation	TXT	Genotyping Array	f24ec36b-c6bd-46b8-91c2-4ff6fe72f620	MACON_p_TCGASNP_218_AML_PP_N_GenomeWideSNP_6_B04_1039976.nocnv_grch38.seg.v2.txt	f24ec36b-c6bd-46b8-91c2-4ff6fe72f620
open	4482da24-bd16-4826-a9ea-1078bcb12411	TCGA-LI-A67I	Copy Number Variation	TXT	Genotyping Array	d8e302e2-65ad-47e5-ab5d-e6d02307f852	RICES_p_TCGA_Batch_310_311_NSP_GenomeWideSNP_6_A05_1361940.grch38.seg.v2.txt	d8e302e2-65ad-47e5-ab5d-e6d02307f852
open	2cacd9d0-8414-4f17-8259-c9d838597f39	TCGA-DX-A3LW	Copy Number Variation	TXT	Genotyping Array	d49a933a-18a6-425a-8433-cf000e9f793c	DLP_REDO_FROM_MACON_A01.grch38.seg.v2.txt	d49a933a-18a6-425a-8433-cf000e9f793c
controlled	2d468c02-45f7-4b4b-920a-557ae6c91a43	TCGA-DX-AB2W	Copy Number Variation	CEL	Genotyping Array	fb057813-b375-4bfe-b216-c56545b6ebac	PRION_p_TCGAb_410_11_12_13_NSP_GenomeWideSNP_6_E08_1486650.CEL	fb057813-b375-4bfe-b216-c56545b6ebac
open	32377dd2-c2a2-44ff-8938-b8cfb35db79c	TCGA-3B-A9HZ	Copy Number Variation	TSV	Genotyping Array	b8273c97-e08a-411f-94be-dcce24928344	TCGA-SARC.be9c4467-f251-47b6-ad07-93ca9d58400d.gene_level_copy_number.v36.tsv	b8273c97-e08a-411f-94be-dcce24928344
open	3239cd26-98ef-4470-9e2e-c43f03d9ab0d	TCGA-X6-A8C5	Copy Number Variation	TXT	Genotyping Array	ddfa3b9c-846a-43eb-bacf-e121884a3d6e	HONGS_p_TCGAb3_75_76_77_NSP_GenomeWideSNP_6_F10_1438314.grch38.seg.v2.txt	ddfa3b9c-846a-43eb-bacf-e121884a3d6e
open	2d468c02-45f7-4b4b-920a-557ae6c91a43	TCGA-DX-AB2W	Copy Number Variation	TSV	Genotyping Array	d41ba4b1-ab4b-46a9-8c86-8dcd50f9002b	TCGA-SARC.f881ef1d-d495-4bce-975a-f468c2c31e9b.gene_level_copy_number.v36.tsv	d41ba4b1-ab4b-46a9-8c86-8dcd50f9002b
controlled	39e24241-cb1f-445e-b167-82ee44bfc14e	TCGA-X6-A8C3	Simple Nucleotide Variation	TSV	Genotyping Array	05f52188-f2dc-4335-b7a9-72997be38903	HONGS_p_TCGAb3_75_76_77_NSP_GenomeWideSNP_6_H03_1438206.birdseed.data.txt	05f52188-f2dc-4335-b7a9-72997be38903
controlled	3239cd26-98ef-4470-9e2e-c43f03d9ab0d	TCGA-X6-A8C5	Copy Number Variation	CEL	Genotyping Array	1e16ddfe-3bc3-4a52-84ca-0f38e7ccdb04	HONGS_p_TCGAb3_75_76_77_NSP_GenomeWideSNP_6_H07_1438210.CEL	1e16ddfe-3bc3-4a52-84ca-0f38e7ccdb04
controlled	30274b4f-13d5-40ac-8929-a986860f38db	TCGA-DX-A8BS	Copy Number Variation	CEL	Genotyping Array	83de7a87-bf7d-4b77-a1b8-6b1fb368d1b1	BREWS_p_TCGAb_382_383_NSP_GenomeWideSNP_6_H05_1465056.CEL	83de7a87-bf7d-4b77-a1b8-6b1fb368d1b1
open	39e24241-cb1f-445e-b167-82ee44bfc14e	TCGA-X6-A8C3	Copy Number Variation	TXT	Genotyping Array	9d6e25ec-2f08-4fa8-a4e5-84b5bade82f8	HONGS_p_TCGAb3_75_76_77_NSP_GenomeWideSNP_6_F06_1438152.nocnv_grch38.seg.v2.txt	9d6e25ec-2f08-4fa8-a4e5-84b5bade82f8
open	4482da24-bd16-4826-a9ea-1078bcb12411	TCGA-LI-A67I	Copy Number Variation	TSV	Genotyping Array	c124fe26-c0f8-4a14-a9a4-f282e2c746f1	TCGA-SARC.7198d4ba-e461-4023-a007-e36c95fe4d2b.gene_level_copy_number.v36.tsv	c124fe26-c0f8-4a14-a9a4-f282e2c746f1
open	39e24241-cb1f-445e-b167-82ee44bfc14e	TCGA-X6-A8C3	Copy Number Variation	TXT	Genotyping Array	d8b0040f-36ee-4903-81b8-d6086d3a0cf5	HONGS_p_TCGAb3_75_76_77_NSP_GenomeWideSNP_6_H03_1438206.grch38.seg.v2.txt	d8b0040f-36ee-4903-81b8-d6086d3a0cf5
open	3239cd26-98ef-4470-9e2e-c43f03d9ab0d	TCGA-X6-A8C5	Copy Number Variation	TXT	Genotyping Array	df2b0ea8-eaf7-4572-9cdb-ce08fd43502f	HONGS_p_TCGAb3_75_76_77_NSP_GenomeWideSNP_6_F10_1438314.nocnv_grch38.seg.v2.txt	df2b0ea8-eaf7-4572-9cdb-ce08fd43502f
open	479d7a5a-63dc-412b-9075-920525334fe7	TCGA-WK-A8XT	Copy Number Variation	TXT	Genotyping Array	7c27ae54-ee5b-42a4-a678-b3e67d470672	TCGA-SARC.bdabad1e-ef72-421f-81dd-d073e9b0ee1d.ascat2.allelic_specific.seg.txt	7c27ae54-ee5b-42a4-a678-b3e67d470672
open	2d468c02-45f7-4b4b-920a-557ae6c91a43	TCGA-DX-AB2W	Copy Number Variation	TXT	Genotyping Array	908bc326-3e75-4797-8960-d658166a67b9	PRION_p_TCGAb_410_11_12_13_NSP_GenomeWideSNP_6_E09_1486672.grch38.seg.v2.txt	908bc326-3e75-4797-8960-d658166a67b9
open	306c53fb-640d-42ad-889a-abc5fd3ad778	TCGA-K1-A6RU	Copy Number Variation	TXT	Genotyping Array	c1d1956d-8de0-4634-99b5-880492dadcdf	THREW_p_TCGAb_329_335_336_NSP_GenomeWideSNP_6_E06_1367146.grch38.seg.v2.txt	c1d1956d-8de0-4634-99b5-880492dadcdf
open	34a1c0a8-3af7-48a7-b9dd-91c551ac5ce7	TCGA-DX-AB2G	Copy Number Variation	TXT	Genotyping Array	50aa9111-a875-4c85-9566-40cd6300cea5	TCGA-SARC.7eaea461-c841-494b-ad9f-0ccc9bbddd44.ascat2.allelic_specific.seg.txt	50aa9111-a875-4c85-9566-40cd6300cea5
open	39f68467-3d37-4b19-aa43-ed7b120c619d	TCGA-DX-A3LS	Copy Number Variation	TSV	Genotyping Array	f15eee61-3308-4200-a7e5-6091e6506b18	TCGA-SARC.0bce492e-f15f-4fb4-b88b-0a32887bdc49.ascat3.gene_level_copy_number.v36.tsv	f15eee61-3308-4200-a7e5-6091e6506b18
open	306c53fb-640d-42ad-889a-abc5fd3ad778	TCGA-K1-A6RU	Copy Number Variation	TSV	Genotyping Array	18bbd1ed-3e2f-4e28-bfe3-315808d0a2f4	TCGA-SARC.286620f4-d0be-4e4f-ad93-9972c9e121fa.gene_level_copy_number.v36.tsv	18bbd1ed-3e2f-4e28-bfe3-315808d0a2f4
controlled	39f68467-3d37-4b19-aa43-ed7b120c619d	TCGA-DX-A3LS	Simple Nucleotide Variation	TSV	Genotyping Array	84fdc7c7-1a5c-4892-aa5b-25d66aed696e	MACON_p_TCGASNP_218_AML_PP_N_GenomeWideSNP_6_A11_1040076.birdseed.data.txt	84fdc7c7-1a5c-4892-aa5b-25d66aed696e
open	39f68467-3d37-4b19-aa43-ed7b120c619d	TCGA-DX-A3LS	Copy Number Variation	TXT	Genotyping Array	ff10ff9a-8605-43af-a50c-79c0f741ad3f	MACON_p_TCGASNP_218_AML_PP_N_GenomeWideSNP_6_B08_1040034.grch38.seg.v2.txt	ff10ff9a-8605-43af-a50c-79c0f741ad3f
controlled	479d7a5a-63dc-412b-9075-920525334fe7	TCGA-WK-A8XT	Copy Number Variation	CEL	Genotyping Array	81a33446-6f4a-43f4-aaa5-0d44a32c6691	VISTA_p_TCGAb_383_384_NSP_GenomeWideSNP_6_A08_1464836.CEL	81a33446-6f4a-43f4-aaa5-0d44a32c6691
controlled	34a1c0a8-3af7-48a7-b9dd-91c551ac5ce7	TCGA-DX-AB2G	Copy Number Variation	CEL	Genotyping Array	b61ab97c-e9ad-4e4d-a82d-d5975b6e4851	PRION_p_TCGAb_410_11_12_13_NSP_GenomeWideSNP_6_F07_1486640.CEL	b61ab97c-e9ad-4e4d-a82d-d5975b6e4851
controlled	30cade9c-a0e0-4be6-9dab-1c495630fd1a	TCGA-FX-A8OO	Simple Nucleotide Variation	TSV	Genotyping Array	b23fdd39-f03e-4d8f-88da-85aa342e61ca	HONGS_p_TCGAb3_75_76_77_NSP_GenomeWideSNP_6_H02_1438278.birdseed.data.txt	b23fdd39-f03e-4d8f-88da-85aa342e61ca
open	34a1c0a8-3af7-48a7-b9dd-91c551ac5ce7	TCGA-DX-AB2G	Copy Number Variation	TSV	Genotyping Array	f0576cab-63b2-484a-b52e-9202f804cf59	TCGA-SARC.7eaea461-c841-494b-ad9f-0ccc9bbddd44.gene_level_copy_number.v36.tsv	f0576cab-63b2-484a-b52e-9202f804cf59
open	30cade9c-a0e0-4be6-9dab-1c495630fd1a	TCGA-FX-A8OO	Copy Number Variation	TXT	Genotyping Array	7c3802d2-4a4a-457b-b308-7f5a1ac80f56	TCGA-SARC.f5ecfb68-e0f3-4d43-8a8a-5b55b71aa60c.ascat2.allelic_specific.seg.txt	7c3802d2-4a4a-457b-b308-7f5a1ac80f56
open	3a473f10-a5e0-4cfa-87dd-f032d74dfa9e	TCGA-DX-A8BX	Copy Number Variation	TSV	Genotyping Array	dd715541-7e10-4a04-bdb0-2102c95a5205	TCGA-SARC.9300d721-8573-4193-bf6f-3992909e4598.ascat3.gene_level_copy_number.v36.tsv	dd715541-7e10-4a04-bdb0-2102c95a5205
controlled	3a473f10-a5e0-4cfa-87dd-f032d74dfa9e	TCGA-DX-A8BX	Copy Number Variation	CEL	Genotyping Array	338a4dd2-6853-462a-a94f-95560fa19fb7	VISTA_p_TCGAb_383_384_NSP_GenomeWideSNP_6_C09_1464862.CEL	338a4dd2-6853-462a-a94f-95560fa19fb7
open	47a0e4a8-140f-475c-878d-8e03df3f82de	TCGA-DX-A7ET	Copy Number Variation	TXT	Genotyping Array	9a95116a-6037-4808-af1f-57ce2828353e	HONGS_p_TCGAb3_75_76_77_NSP_GenomeWideSNP_6_E11_1438280.nocnv_grch38.seg.v2.txt	9a95116a-6037-4808-af1f-57ce2828353e
open	4b3c152f-a9ea-48cc-9189-f09078a92c48	TCGA-3B-A9HT	Copy Number Variation	TSV	Genotyping Array	53e2afd9-6b64-412a-9f2b-f2830d839e51	TCGA-SARC.eb8961ec-fdd0-471b-8d94-99ef2cf3989e.ascat3.gene_level_copy_number.v36.tsv	53e2afd9-6b64-412a-9f2b-f2830d839e51
open	34c39a6b-db6a-47e5-b0d4-5fa990ef7eb8	TCGA-3B-A9HI	Copy Number Variation	TSV	Genotyping Array	fac0235e-4ab1-490e-9f9f-aa81bd4af648	TCGA-SARC.60785c89-6561-4826-a79a-d024e58aa15d.ascat3.gene_level_copy_number.v36.tsv	fac0235e-4ab1-490e-9f9f-aa81bd4af648
open	34c39a6b-db6a-47e5-b0d4-5fa990ef7eb8	TCGA-3B-A9HI	Copy Number Variation	TSV	Genotyping Array	49fbd45a-3fbb-42be-9e17-8e11e4eaaa28	TCGA-SARC.60785c89-6561-4826-a79a-d024e58aa15d.absolute_liftover.gene_level_copy_number.v36.tsv	49fbd45a-3fbb-42be-9e17-8e11e4eaaa28
open	4d016bd8-006c-4a90-ace7-28f151624112	TCGA-QQ-A8VF	Copy Number Variation	TSV	Genotyping Array	cf985212-f0b9-4805-825d-abbc19d10945	TCGA-SARC.f286cc79-b188-4ff9-9a16-d8f100d772f5.gene_level_copy_number.v36.tsv	cf985212-f0b9-4805-825d-abbc19d10945
open	4d016bd8-006c-4a90-ace7-28f151624112	TCGA-QQ-A8VF	Copy Number Variation	TXT	Genotyping Array	5a77c69a-b4f0-4251-8512-fc250186eede	VISTA_p_TCGAb_383_384_NSP_GenomeWideSNP_6_A01_1464948.nocnv_grch38.seg.v2.txt	5a77c69a-b4f0-4251-8512-fc250186eede
controlled	3a473f10-a5e0-4cfa-87dd-f032d74dfa9e	TCGA-DX-A8BX	Simple Nucleotide Variation	TSV	Genotyping Array	1130358d-4adb-44ce-86e8-1dbf4871cb39	VISTA_p_TCGAb_383_384_NSP_GenomeWideSNP_6_C08_1464874.birdseed.data.txt	1130358d-4adb-44ce-86e8-1dbf4871cb39
controlled	4d016bd8-006c-4a90-ace7-28f151624112	TCGA-QQ-A8VF	Simple Nucleotide Variation	TSV	Genotyping Array	47a1d2bf-a1fb-4e9a-b9cd-fc8052113182	VISTA_p_TCGAb_383_384_NSP_GenomeWideSNP_6_A01_1464948.birdseed.data.txt	47a1d2bf-a1fb-4e9a-b9cd-fc8052113182
controlled	34c39a6b-db6a-47e5-b0d4-5fa990ef7eb8	TCGA-3B-A9HI	Simple Nucleotide Variation	TSV	Genotyping Array	46a85336-e77b-4e2d-9493-dc39811adfb8	ENATE_p_TCGAb_394_395_396_NSP_GenomeWideSNP_6_E09_1474186.birdseed.data.txt	46a85336-e77b-4e2d-9493-dc39811adfb8
open	47f18eee-3e56-4388-aac3-9ac141bcb414	TCGA-DX-A8BN	Copy Number Variation	TXT	Genotyping Array	444895e1-2d01-4518-94ba-410ec13921eb	VISTA_p_TCGAb_383_384_NSP_GenomeWideSNP_6_C11_1464868.nocnv_grch38.seg.v2.txt	444895e1-2d01-4518-94ba-410ec13921eb
open	47f18eee-3e56-4388-aac3-9ac141bcb414	TCGA-DX-A8BN	Copy Number Variation	TSV	Genotyping Array	470ce157-6f9d-464d-a2f2-81ec7501667c	TCGA-SARC.19098956-10c1-4bc3-9508-ea862dafa0a6.gene_level_copy_number.v36.tsv	470ce157-6f9d-464d-a2f2-81ec7501667c
controlled	3a473f10-a5e0-4cfa-87dd-f032d74dfa9e	TCGA-DX-A8BX	Simple Nucleotide Variation	TSV	Genotyping Array	48a67f10-6451-4fc6-9b9c-3fd100b0ca57	VISTA_p_TCGAb_383_384_NSP_GenomeWideSNP_6_C09_1464862.birdseed.data.txt	48a67f10-6451-4fc6-9b9c-3fd100b0ca57
open	3505f91d-bc66-4732-84b6-18c5b32ca6b8	TCGA-DX-A3LY	Copy Number Variation	TXT	Genotyping Array	387795ee-1c34-48fc-b82a-02eb2877a764	TCGA-SARC.415a058a-072a-4088-baa5-7387efd002ed.ascat2.allelic_specific.seg.txt	387795ee-1c34-48fc-b82a-02eb2877a764
open	3505f91d-bc66-4732-84b6-18c5b32ca6b8	TCGA-DX-A3LY	Copy Number Variation	TXT	Genotyping Array	531435a3-6354-4ed8-b4af-35cc6446fa89	TCGA-SARC.415a058a-072a-4088-baa5-7387efd002ed.ascat3.allelic_specific.seg.txt	531435a3-6354-4ed8-b4af-35cc6446fa89
controlled	3505f91d-bc66-4732-84b6-18c5b32ca6b8	TCGA-DX-A3LY	Simple Nucleotide Variation	TSV	Genotyping Array	1da96dcf-0893-47fc-b714-876f44ee32e0	VIBES_p_TCGA_290_291_292_293_S_GenomeWideSNP_6_G01_1362428.birdseed.data.txt	1da96dcf-0893-47fc-b714-876f44ee32e0
open	3a835214-6fc7-4921-b014-f91decfc25f4	TCGA-DX-A23Z	Copy Number Variation	TSV	Genotyping Array	540cde18-ce47-4a98-97ac-2e1cced51506	TCGA-SARC.2931d244-8f70-4768-9820-9f8667bd6571.ascat3.gene_level_copy_number.v36.tsv	540cde18-ce47-4a98-97ac-2e1cced51506
open	4d67b910-6681-45a4-9dac-6a12d67287a8	TCGA-VT-AB3D	Copy Number Variation	TXT	Genotyping Array	e8883c7b-f105-4d88-b852-48cd02a80102	TCGA-SARC.051411d6-149b-4a3c-90db-3632fca27ff2.ascat2.allelic_specific.seg.txt	e8883c7b-f105-4d88-b852-48cd02a80102
open	3505f91d-bc66-4732-84b6-18c5b32ca6b8	TCGA-DX-A3LY	Copy Number Variation	TSV	Genotyping Array	4d70ee95-02f4-4528-8938-7310e61ff381	TCGA-SARC.415a058a-072a-4088-baa5-7387efd002ed.ascat3.gene_level_copy_number.v36.tsv	4d70ee95-02f4-4528-8938-7310e61ff381
controlled	4d67b910-6681-45a4-9dac-6a12d67287a8	TCGA-VT-AB3D	Copy Number Variation	CEL	Genotyping Array	f29b6df0-a4e2-4eaf-bdbc-9b3c6b2513f6	CUBES_p_TCGAb_425_426_427_NSP_GenomeWideSNP_6_D05_1513942.CEL	f29b6df0-a4e2-4eaf-bdbc-9b3c6b2513f6
controlled	47fb776c-7839-4590-8f2d-6d149a0f1782	TCGA-3B-A9HV	Copy Number Variation	CEL	Genotyping Array	5c0475a9-81c8-43b1-9198-ff334a9781c9	PRION_p_TCGAb_410_11_12_13_NSP_GenomeWideSNP_6_D03_1486656.CEL	5c0475a9-81c8-43b1-9198-ff334a9781c9
open	47fb776c-7839-4590-8f2d-6d149a0f1782	TCGA-3B-A9HV	Copy Number Variation	TXT	Genotyping Array	1feffee6-4f28-42c3-9743-5ed0182ce05b	PRION_p_TCGAb_410_11_12_13_NSP_GenomeWideSNP_6_D02_1486732.nocnv_grch38.seg.v2.txt	1feffee6-4f28-42c3-9743-5ed0182ce05b
controlled	4d67b910-6681-45a4-9dac-6a12d67287a8	TCGA-VT-AB3D	Copy Number Variation	CEL	Genotyping Array	48ca741e-2f1b-48cc-ab2f-cf114c4a3dbf	CUBES_p_TCGAb_425_426_427_NSP_GenomeWideSNP_6_D04_1514000.CEL	48ca741e-2f1b-48cc-ab2f-cf114c4a3dbf
open	4d67b910-6681-45a4-9dac-6a12d67287a8	TCGA-VT-AB3D	Copy Number Variation	TXT	Genotyping Array	c0d8a495-0c51-4149-aa91-7c73267ba378	CUBES_p_TCGAb_425_426_427_NSP_GenomeWideSNP_6_D04_1514000.nocnv_grch38.seg.v2.txt	c0d8a495-0c51-4149-aa91-7c73267ba378
open	4d67b910-6681-45a4-9dac-6a12d67287a8	TCGA-VT-AB3D	Copy Number Variation	TSV	Genotyping Array	9526ee6a-2bee-4ae3-a0ff-a61953e1e37c	TCGA-SARC.051411d6-149b-4a3c-90db-3632fca27ff2.gene_level_copy_number.v36.tsv	9526ee6a-2bee-4ae3-a0ff-a61953e1e37c
controlled	4d67b910-6681-45a4-9dac-6a12d67287a8	TCGA-VT-AB3D	Simple Nucleotide Variation	TSV	Genotyping Array	fd7da0a1-8b2c-4a1e-99c1-6bb4a24d8f82	CUBES_p_TCGAb_425_426_427_NSP_GenomeWideSNP_6_D05_1513942.birdseed.data.txt	fd7da0a1-8b2c-4a1e-99c1-6bb4a24d8f82
open	3608bfbb-2a92-4ec2-a330-bf4790a8b65c	TCGA-DX-A240	Copy Number Variation	TXT	Genotyping Array	268c9761-f94e-4102-9d61-0938bb4bd314	TCGA-SARC.c6f8a3e8-59d4-4096-9e11-d699510f99fd.ascat2.allelic_specific.seg.txt	268c9761-f94e-4102-9d61-0938bb4bd314
open	4d67b910-6681-45a4-9dac-6a12d67287a8	TCGA-VT-AB3D	Copy Number Variation	TXT	Genotyping Array	5a30db80-5cce-4273-9f49-05478d09cb6d	CUBES_p_TCGAb_425_426_427_NSP_GenomeWideSNP_6_D05_1513942.grch38.seg.v2.txt	5a30db80-5cce-4273-9f49-05478d09cb6d
open	47fb776c-7839-4590-8f2d-6d149a0f1782	TCGA-3B-A9HV	Copy Number Variation	TXT	Genotyping Array	f7cca7f5-4f00-4285-93bd-c44c517ba1cb	PRION_p_TCGAb_410_11_12_13_NSP_GenomeWideSNP_6_D03_1486656.grch38.seg.v2.txt	f7cca7f5-4f00-4285-93bd-c44c517ba1cb
open	4dc28966-d2c4-4661-b71f-d7f85e536cb6	TCGA-DX-A6BA	Copy Number Variation	TXT	Genotyping Array	170f9881-3303-4aa8-ad30-a4f9c81a4b88	SNOWS_p_TCGA_Batch_309_310_NSP_GenomeWideSNP_6_G01_1362176.grch38.seg.v2.txt	170f9881-3303-4aa8-ad30-a4f9c81a4b88
open	4996e458-db04-4c6d-9ae6-66316240a8ed	TCGA-DX-A8BU	Copy Number Variation	TSV	Genotyping Array	17784496-16e9-4b14-8618-9739313fa57a	TCGA-SARC.3f50fa02-5bd6-44e2-86db-fec0ea239f53.gene_level_copy_number.v36.tsv	17784496-16e9-4b14-8618-9739313fa57a
open	3608bfbb-2a92-4ec2-a330-bf4790a8b65c	TCGA-DX-A240	Copy Number Variation	TSV	Genotyping Array	960c2d62-e46c-4a13-b024-7c672fd6ba0f	TCGA-SARC.c6f8a3e8-59d4-4096-9e11-d699510f99fd.ascat3.gene_level_copy_number.v36.tsv	960c2d62-e46c-4a13-b024-7c672fd6ba0f
open	4dc28966-d2c4-4661-b71f-d7f85e536cb6	TCGA-DX-A6BA	Copy Number Variation	TSV	Genotyping Array	2b2d23c3-c2f7-473f-8954-1a357d85cdbc	TCGA-SARC.1557ec60-bb88-4941-8c61-a00bc1bec7c6.absolute_liftover.gene_level_copy_number.v36.tsv	2b2d23c3-c2f7-473f-8954-1a357d85cdbc
open	4996e458-db04-4c6d-9ae6-66316240a8ed	TCGA-DX-A8BU	Copy Number Variation	TXT	Genotyping Array	75bc0eac-b3bd-437f-9331-25cad55feeba	TCGA-SARC.3f50fa02-5bd6-44e2-86db-fec0ea239f53.ascat2.allelic_specific.seg.txt	75bc0eac-b3bd-437f-9331-25cad55feeba
open	4dc28966-d2c4-4661-b71f-d7f85e536cb6	TCGA-DX-A6BA	Copy Number Variation	TSV	Genotyping Array	5737c0aa-bba7-4f56-bb58-292f69910d53	TCGA-SARC.1557ec60-bb88-4941-8c61-a00bc1bec7c6.ascat3.gene_level_copy_number.v36.tsv	5737c0aa-bba7-4f56-bb58-292f69910d53
open	4996e458-db04-4c6d-9ae6-66316240a8ed	TCGA-DX-A8BU	Copy Number Variation	TXT	Genotyping Array	cfb38dbc-6910-4c9e-8c22-8cf70def8821	BREWS_p_TCGAb_382_383_NSP_GenomeWideSNP_6_H10_1465102.nocnv_grch38.seg.v2.txt	cfb38dbc-6910-4c9e-8c22-8cf70def8821
open	4996e458-db04-4c6d-9ae6-66316240a8ed	TCGA-DX-A8BU	Copy Number Variation	TSV	Genotyping Array	b89cbdf5-4551-4dc2-8ac2-d8826a55caab	TCGA-SARC.3f50fa02-5bd6-44e2-86db-fec0ea239f53.absolute_liftover.gene_level_copy_number.v36.tsv	b89cbdf5-4551-4dc2-8ac2-d8826a55caab
open	3a96e833-996a-4319-83f1-326b96f4ee80	TCGA-FX-A76Y	Copy Number Variation	TXT	Genotyping Array	51e85bb3-7608-4b16-a0d3-20db360c63a5	TAZZA_p_TCGAb3_62_63_64_65_NSP_GenomeWideSNP_6_C06_1387856.nocnv_grch38.seg.v2.txt	51e85bb3-7608-4b16-a0d3-20db360c63a5
controlled	520088b0-ffc0-4ecd-b1ed-2339811d7ad2	TCGA-HB-A3L4	Copy Number Variation	CEL	Genotyping Array	520e569b-7d1e-42eb-9d92-f99fda075790	MACON_p_TCGASNP_218_AML_PP_N_GenomeWideSNP_6_C12_1040018.CEL	520e569b-7d1e-42eb-9d92-f99fda075790
open	520088b0-ffc0-4ecd-b1ed-2339811d7ad2	TCGA-HB-A3L4	Copy Number Variation	TSV	Genotyping Array	fd51647f-0da2-43c6-b4c0-e08ff50d96ce	TCGA-SARC.309737bf-aeeb-4f88-9042-e62cc52df00f.ascat3.gene_level_copy_number.v36.tsv	fd51647f-0da2-43c6-b4c0-e08ff50d96ce
controlled	3b1666cf-879d-4910-a0af-e5c9acbcc109	TCGA-DX-A6BB	Copy Number Variation	CEL	Genotyping Array	cafb3c68-a7cd-45d4-9ff9-6a8b9dd9690f	THREW_p_TCGAb_329_335_336_NSP_GenomeWideSNP_6_D12_1367054.CEL	cafb3c68-a7cd-45d4-9ff9-6a8b9dd9690f
controlled	4996e458-db04-4c6d-9ae6-66316240a8ed	TCGA-DX-A8BU	Simple Nucleotide Variation	TSV	Genotyping Array	7ec874c5-6a67-4a6b-ac40-300ffcf6078d	BREWS_p_TCGAb_382_383_NSP_GenomeWideSNP_6_H11_1465182.birdseed.data.txt	7ec874c5-6a67-4a6b-ac40-300ffcf6078d
controlled	520088b0-ffc0-4ecd-b1ed-2339811d7ad2	TCGA-HB-A3L4	Simple Nucleotide Variation	TSV	Genotyping Array	47b644d9-242e-4138-8c63-37361c7067e6	MACON_p_TCGASNP_218_AML_PP_N_GenomeWideSNP_6_A05_1040136.birdseed.data.txt	47b644d9-242e-4138-8c63-37361c7067e6
open	4e8c570c-3cbe-4878-8b2c-b966868dd60d	TCGA-IF-A4AJ	Copy Number Variation	TSV	Genotyping Array	41a57aa0-a746-45e7-9929-1de96d41844b	TCGA-SARC.60f924df-f5b8-4b65-ac22-3c1289e8f6f9.ascat3.gene_level_copy_number.v36.tsv	41a57aa0-a746-45e7-9929-1de96d41844b
open	4e8c570c-3cbe-4878-8b2c-b966868dd60d	TCGA-IF-A4AJ	Copy Number Variation	TXT	Genotyping Array	09b6d75e-0aad-420f-85c5-f6829fa48019	YOGIN_p_TCGA_4_262_263_N_GenomeWideSNP_6_A06_1306234.grch38.seg.v2.txt	09b6d75e-0aad-420f-85c5-f6829fa48019
open	3b1666cf-879d-4910-a0af-e5c9acbcc109	TCGA-DX-A6BB	Copy Number Variation	TSV	Genotyping Array	4343bd60-09a3-4739-b7fb-11beb7071efa	TCGA-SARC.e27a40bd-19e4-4044-88c4-da6a4177deb8.absolute_liftover.gene_level_copy_number.v36.tsv	4343bd60-09a3-4739-b7fb-11beb7071efa
controlled	4e8c570c-3cbe-4878-8b2c-b966868dd60d	TCGA-IF-A4AJ	Copy Number Variation	CEL	Genotyping Array	b64d46fa-de6b-413a-a60d-401ca47a4481	YOGIN_p_TCGA_4_262_263_N_GenomeWideSNP_6_A02_1306086.CEL	b64d46fa-de6b-413a-a60d-401ca47a4481
open	520088b0-ffc0-4ecd-b1ed-2339811d7ad2	TCGA-HB-A3L4	Copy Number Variation	TSV	Genotyping Array	d35eb14d-2931-44d5-b31b-f5e8506752dd	TCGA-SARC.309737bf-aeeb-4f88-9042-e62cc52df00f.gene_level_copy_number.v36.tsv	d35eb14d-2931-44d5-b31b-f5e8506752dd
open	49fd3506-eb64-4ecd-a367-303b1d7a7fc9	TCGA-MB-A5Y8	Copy Number Variation	TXT	Genotyping Array	a8c2ce89-4ffa-434c-b1b4-60351450b4b5	BURSA_p_TCGA_303_304_305_N_GenomeWideSNP_6_B06_1344730.nocnv_grch38.seg.v2.txt	a8c2ce89-4ffa-434c-b1b4-60351450b4b5
open	4e8c570c-3cbe-4878-8b2c-b966868dd60d	TCGA-IF-A4AJ	Copy Number Variation	TXT	Genotyping Array	c86a4bfe-862b-4859-ab92-6674c8dbb1e4	YOGIN_p_TCGA_4_262_263_N_GenomeWideSNP_6_A06_1306234.nocnv_grch38.seg.v2.txt	c86a4bfe-862b-4859-ab92-6674c8dbb1e4
controlled	3ed1862b-c6ef-4744-9123-bb1ee557f068	TCGA-DX-A7EN	Copy Number Variation	CEL	Genotyping Array	3780358f-e7d2-4d2f-814f-e38c8ef1bcbf	PRION_p_TCGAb_410_11_12_13_NSP_GenomeWideSNP_6_C12_1486748.CEL	3780358f-e7d2-4d2f-814f-e38c8ef1bcbf
open	49fd3506-eb64-4ecd-a367-303b1d7a7fc9	TCGA-MB-A5Y8	Copy Number Variation	TXT	Genotyping Array	5ac4bafb-b79e-4d65-a9b1-42dca646df97	TCGA-SARC.e71d8a09-2cda-423c-884e-aea5275cf68e.ascat3.allelic_specific.seg.txt	5ac4bafb-b79e-4d65-a9b1-42dca646df97
controlled	49fd3506-eb64-4ecd-a367-303b1d7a7fc9	TCGA-MB-A5Y8	Copy Number Variation	CEL	Genotyping Array	6381f4d0-8dbf-4627-ad1f-20482d6151bf	BURSA_p_TCGA_303_304_305_N_GenomeWideSNP_6_B06_1344730.CEL	6381f4d0-8dbf-4627-ad1f-20482d6151bf
open	52c1d341-94cb-4cb8-948f-bf802fef8bd0	TCGA-DX-AATS	Copy Number Variation	TXT	Genotyping Array	9382a0c8-fd3d-452b-90f1-10651c55700b	CUBES_p_TCGAb_425_426_427_NSP_GenomeWideSNP_6_F09_1513932.grch38.seg.v2.txt	9382a0c8-fd3d-452b-90f1-10651c55700b
open	49fd3506-eb64-4ecd-a367-303b1d7a7fc9	TCGA-MB-A5Y8	Copy Number Variation	TSV	Genotyping Array	5d80099a-f534-48ab-9534-97845fd2ffc6	TCGA-SARC.e71d8a09-2cda-423c-884e-aea5275cf68e.absolute_liftover.gene_level_copy_number.v36.tsv	5d80099a-f534-48ab-9534-97845fd2ffc6
controlled	52c1d341-94cb-4cb8-948f-bf802fef8bd0	TCGA-DX-AATS	Copy Number Variation	CEL	Genotyping Array	cf289854-c6b7-46c6-ad85-7891c005cbd3	CUBES_p_TCGAb_425_426_427_NSP_GenomeWideSNP_6_F08_1514038.CEL	cf289854-c6b7-46c6-ad85-7891c005cbd3
open	3ed1862b-c6ef-4744-9123-bb1ee557f068	TCGA-DX-A7EN	Copy Number Variation	TXT	Genotyping Array	19e2b212-3c48-442e-bd75-fc04024bcd56	PRION_p_TCGAb_410_11_12_13_NSP_GenomeWideSNP_6_C12_1486748.grch38.seg.v2.txt	19e2b212-3c48-442e-bd75-fc04024bcd56
open	3ed1862b-c6ef-4744-9123-bb1ee557f068	TCGA-DX-A7EN	Copy Number Variation	TSV	Genotyping Array	bd24cf4b-90ef-46a8-9353-8b951656bd8d	TCGA-SARC.9a9ec4ee-7535-4c73-8db6-adf3a7aa9828.absolute_liftover.gene_level_copy_number.v36.tsv	bd24cf4b-90ef-46a8-9353-8b951656bd8d
open	52c1d341-94cb-4cb8-948f-bf802fef8bd0	TCGA-DX-AATS	Copy Number Variation	TXT	Genotyping Array	fde6180a-31ab-4719-a3d5-d9aac4b9817d	TCGA-SARC.0209f46e-5169-41c8-8134-b140bca83612.ascat3.allelic_specific.seg.txt	fde6180a-31ab-4719-a3d5-d9aac4b9817d
open	3ed1862b-c6ef-4744-9123-bb1ee557f068	TCGA-DX-A7EN	Copy Number Variation	TSV	Genotyping Array	c4423d9e-a808-4aab-8cdc-44edecd67558	TCGA-SARC.9a9ec4ee-7535-4c73-8db6-adf3a7aa9828.ascat3.gene_level_copy_number.v36.tsv	c4423d9e-a808-4aab-8cdc-44edecd67558
open	3ed1862b-c6ef-4744-9123-bb1ee557f068	TCGA-DX-A7EN	Copy Number Variation	TXT	Genotyping Array	c0447b03-4a53-4285-9a70-dec99263f209	TCGA-SARC.9a9ec4ee-7535-4c73-8db6-adf3a7aa9828.ascat2.allelic_specific.seg.txt	c0447b03-4a53-4285-9a70-dec99263f209
controlled	4b3c152f-a9ea-48cc-9189-f09078a92c48	TCGA-3B-A9HT	Simple Nucleotide Variation	TSV	Genotyping Array	a0dcb4f8-8a1d-45a4-976e-d9bd73bec49a	PRION_p_TCGAb_410_11_12_13_NSP_GenomeWideSNP_6_F04_1486622.birdseed.data.txt	a0dcb4f8-8a1d-45a4-976e-d9bd73bec49a
open	4b3c152f-a9ea-48cc-9189-f09078a92c48	TCGA-3B-A9HT	Copy Number Variation	TXT	Genotyping Array	3c1c46b9-d41c-48b2-858f-5f27864cc756	PRION_p_TCGAb_410_11_12_13_NSP_GenomeWideSNP_6_F05_1486638.grch38.seg.v2.txt	3c1c46b9-d41c-48b2-858f-5f27864cc756
open	3ed1862b-c6ef-4744-9123-bb1ee557f068	TCGA-DX-A7EN	Copy Number Variation	TXT	Genotyping Array	d80c8d96-05f4-4a81-8f8a-2dcdb4f35b17	PRION_p_TCGAb_410_11_12_13_NSP_GenomeWideSNP_6_C12_1486748.nocnv_grch38.seg.v2.txt	d80c8d96-05f4-4a81-8f8a-2dcdb4f35b17
open	3ed1862b-c6ef-4744-9123-bb1ee557f068	TCGA-DX-A7EN	Copy Number Variation	TXT	Genotyping Array	864d6b91-dcdd-48de-881d-2b08b733d9a9	PRION_p_TCGAb_410_11_12_13_NSP_GenomeWideSNP_6_D01_1486698.nocnv_grch38.seg.v2.txt	864d6b91-dcdd-48de-881d-2b08b733d9a9
controlled	4b3c152f-a9ea-48cc-9189-f09078a92c48	TCGA-3B-A9HT	Simple Nucleotide Variation	TSV	Genotyping Array	b28ac656-4fc3-44d3-b9dc-6d7919aa76e1	PRION_p_TCGAb_410_11_12_13_NSP_GenomeWideSNP_6_F05_1486638.birdseed.data.txt	b28ac656-4fc3-44d3-b9dc-6d7919aa76e1
open	52ef31c5-35d8-41cf-8694-4ab4a5debc56	TCGA-SI-AA8B	Copy Number Variation	TXT	Genotyping Array	991c7643-d5e6-4929-b804-34b9828f1ee8	ENATE_p_TCGAb_394_395_396_NSP_GenomeWideSNP_6_E08_1474146.grch38.seg.v2.txt	991c7643-d5e6-4929-b804-34b9828f1ee8
controlled	52ef31c5-35d8-41cf-8694-4ab4a5debc56	TCGA-SI-AA8B	Copy Number Variation	CEL	Genotyping Array	2c241a58-49de-44c2-baea-cb76c00b0e60	ENATE_p_TCGAb_394_395_396_NSP_GenomeWideSNP_6_E07_1474224.CEL	2c241a58-49de-44c2-baea-cb76c00b0e60
open	52ef31c5-35d8-41cf-8694-4ab4a5debc56	TCGA-SI-AA8B	Copy Number Variation	TSV	Genotyping Array	a54d42d5-44b7-493b-9d27-945621cfa9f6	TCGA-SARC.110767f7-2d8c-4754-9958-6fce7b088378.absolute_liftover.gene_level_copy_number.v36.tsv	a54d42d5-44b7-493b-9d27-945621cfa9f6
open	4fed8f7a-7ff9-4566-8094-27bdb6ee6b12	TCGA-DX-A8BZ	Copy Number Variation	TXT	Genotyping Array	a329a9f0-fb93-4164-981e-14d51ba17e5e	TCGA-SARC.026035e0-8d0d-489d-993a-470999d6a522.ascat2.allelic_specific.seg.txt	a329a9f0-fb93-4164-981e-14d51ba17e5e
open	4fed8f7a-7ff9-4566-8094-27bdb6ee6b12	TCGA-DX-A8BZ	Copy Number Variation	TSV	Genotyping Array	009fc586-6a2a-4b13-999b-81486d35b8b6	TCGA-SARC.026035e0-8d0d-489d-993a-470999d6a522.ascat3.gene_level_copy_number.v36.tsv	009fc586-6a2a-4b13-999b-81486d35b8b6
open	4fed8f7a-7ff9-4566-8094-27bdb6ee6b12	TCGA-DX-A8BZ	Copy Number Variation	TSV	Genotyping Array	d2f17dc2-7703-4953-964f-6dad8cd2c6ed	TCGA-SARC.026035e0-8d0d-489d-993a-470999d6a522.absolute_liftover.gene_level_copy_number.v36.tsv	d2f17dc2-7703-4953-964f-6dad8cd2c6ed
controlled	4fed8f7a-7ff9-4566-8094-27bdb6ee6b12	TCGA-DX-A8BZ	Simple Nucleotide Variation	TSV	Genotyping Array	e51465ec-4ec8-4d6c-bf1e-9d1cbc773b03	VISTA_p_TCGAb_383_384_NSP_GenomeWideSNP_6_D02_1464910.birdseed.data.txt	e51465ec-4ec8-4d6c-bf1e-9d1cbc773b03
open	4fed8f7a-7ff9-4566-8094-27bdb6ee6b12	TCGA-DX-A8BZ	Copy Number Variation	TXT	Genotyping Array	1c078d70-b532-4270-a433-b7932b6ab34a	VISTA_p_TCGAb_383_384_NSP_GenomeWideSNP_6_D02_1464910.nocnv_grch38.seg.v2.txt	1c078d70-b532-4270-a433-b7932b6ab34a
open	4fed8f7a-7ff9-4566-8094-27bdb6ee6b12	TCGA-DX-A8BZ	Copy Number Variation	TXT	Genotyping Array	9b073905-ab06-4c1f-8e8b-e546ce7240eb	TCGA-SARC.026035e0-8d0d-489d-993a-470999d6a522.ascat3.allelic_specific.seg.txt	9b073905-ab06-4c1f-8e8b-e546ce7240eb
open	52ef31c5-35d8-41cf-8694-4ab4a5debc56	TCGA-SI-AA8B	Copy Number Variation	TSV	Genotyping Array	b2dc20fd-85b9-40a3-98f1-c5484204e533	TCGA-SARC.110767f7-2d8c-4754-9958-6fce7b088378.ascat3.gene_level_copy_number.v36.tsv	b2dc20fd-85b9-40a3-98f1-c5484204e533
open	590fdb76-20ef-4f95-9783-7d80e7a25e5a	TCGA-IE-A4EK	Copy Number Variation	TXT	Genotyping Array	ab6b29a5-3080-48e9-9e74-b019f643d705	YOGIN_p_TCGA_4_262_263_N_GenomeWideSNP_6_D11_1306210.nocnv_grch38.seg.v2.txt	ab6b29a5-3080-48e9-9e74-b019f643d705
controlled	52ef31c5-35d8-41cf-8694-4ab4a5debc56	TCGA-SI-AA8B	Simple Nucleotide Variation	TSV	Genotyping Array	27bf99e3-7307-4778-b2b6-5620675e424d	ENATE_p_TCGAb_394_395_396_NSP_GenomeWideSNP_6_E08_1474146.birdseed.data.txt	27bf99e3-7307-4778-b2b6-5620675e424d
controlled	590fdb76-20ef-4f95-9783-7d80e7a25e5a	TCGA-IE-A4EK	Simple Nucleotide Variation	TSV	Genotyping Array	676caae4-842e-4d5c-9fef-682981482ff9	YOGIN_p_TCGA_4_262_263_N_GenomeWideSNP_6_D11_1306210.birdseed.data.txt	676caae4-842e-4d5c-9fef-682981482ff9
open	4fed8f7a-7ff9-4566-8094-27bdb6ee6b12	TCGA-DX-A8BZ	Copy Number Variation	TXT	Genotyping Array	3e547960-d7c9-4197-9b8d-ec5799bd2203	VISTA_p_TCGAb_383_384_NSP_GenomeWideSNP_6_D02_1464910.grch38.seg.v2.txt	3e547960-d7c9-4197-9b8d-ec5799bd2203
open	590fdb76-20ef-4f95-9783-7d80e7a25e5a	TCGA-IE-A4EK	Copy Number Variation	TSV	Genotyping Array	1e0362f4-74bc-4178-8421-bc9af927b958	TCGA-SARC.feb9be00-9dac-4b43-a7a2-3c5d39d20a15.absolute_liftover.gene_level_copy_number.v36.tsv	1e0362f4-74bc-4178-8421-bc9af927b958
open	590fdb76-20ef-4f95-9783-7d80e7a25e5a	TCGA-IE-A4EK	Copy Number Variation	TXT	Genotyping Array	64d674d2-b4b2-4b4e-978b-67bdf5179511	YOGIN_p_TCGA_4_262_263_N_GenomeWideSNP_6_D08_1306098.nocnv_grch38.seg.v2.txt	64d674d2-b4b2-4b4e-978b-67bdf5179511
controlled	5370ed4a-eb6b-4eb4-8c71-f5b5d75cfa2d	TCGA-VT-A80J	Simple Nucleotide Variation	TSV	Genotyping Array	8bd1b67e-5430-4e33-b85e-45acebf5d267	TAKEN_p_TCGAb_379_400_FFPE_NSP_GenomeWideSNP_6_A02_1513240.birdseed.data.txt	8bd1b67e-5430-4e33-b85e-45acebf5d267
controlled	505dc15c-4f74-43de-8eaf-32b7d7515edb	TCGA-DX-A8BH	Copy Number Variation	CEL	Genotyping Array	0104347d-9eca-42d8-a2e7-e7ccdfe319f5	BREWS_p_TCGAb_382_383_NSP_GenomeWideSNP_6_H09_1465044.CEL	0104347d-9eca-42d8-a2e7-e7ccdfe319f5
open	5370ed4a-eb6b-4eb4-8c71-f5b5d75cfa2d	TCGA-VT-A80J	Copy Number Variation	TSV	Genotyping Array	22235c9d-35ac-4e2d-906a-55b6047e78ea	TCGA-SARC.d77becc0-4c18-4206-a4a7-66c80020520b.absolute_liftover.gene_level_copy_number.v36.tsv	22235c9d-35ac-4e2d-906a-55b6047e78ea
open	5a2b2e1b-b631-40ae-ba41-d8022cddb550	TCGA-QQ-A8VH	Copy Number Variation	TSV	Genotyping Array	66525c60-0995-4655-b9e1-1bfa8755427c	TCGA-SARC.3d502bbe-ed09-4e6e-9625-4524226514dc.ascat3.gene_level_copy_number.v36.tsv	66525c60-0995-4655-b9e1-1bfa8755427c
controlled	505dc15c-4f74-43de-8eaf-32b7d7515edb	TCGA-DX-A8BH	Copy Number Variation	CEL	Genotyping Array	04829dc0-32c1-44c5-8812-0c78de3a764f	BREWS_p_TCGAb_382_383_NSP_GenomeWideSNP_6_H08_1465196.CEL	04829dc0-32c1-44c5-8812-0c78de3a764f
open	505dc15c-4f74-43de-8eaf-32b7d7515edb	TCGA-DX-A8BH	Copy Number Variation	TSV	Genotyping Array	e264547b-fc9f-4f4b-9123-d6634237feca	TCGA-SARC.996ea84f-9401-4f64-9074-f600728b5c39.gene_level_copy_number.v36.tsv	e264547b-fc9f-4f4b-9123-d6634237feca
controlled	5a2b2e1b-b631-40ae-ba41-d8022cddb550	TCGA-QQ-A8VH	Copy Number Variation	CEL	Genotyping Array	7d514547-0283-486e-be39-8da4c8d04f40	VISTA_p_TCGAb_383_384_NSP_GenomeWideSNP_6_C07_1464914.CEL	7d514547-0283-486e-be39-8da4c8d04f40
open	506c7c3d-c414-4fc7-963d-e77106b501fb	TCGA-IE-A4EJ	Copy Number Variation	TXT	Genotyping Array	fbf2e22b-1132-4341-b77a-fe88425bd10d	YOGIN_p_TCGA_4_262_263_N_GenomeWideSNP_6_D02_1306242.grch38.seg.v2.txt	fbf2e22b-1132-4341-b77a-fe88425bd10d
open	506c7c3d-c414-4fc7-963d-e77106b501fb	TCGA-IE-A4EJ	Copy Number Variation	TXT	Genotyping Array	f1207d3f-ce39-4b70-9251-5e4dcc5dcd24	YOGIN_p_TCGA_4_262_263_N_GenomeWideSNP_6_D05_1306110.nocnv_grch38.seg.v2.txt	f1207d3f-ce39-4b70-9251-5e4dcc5dcd24
open	506c7c3d-c414-4fc7-963d-e77106b501fb	TCGA-IE-A4EJ	Copy Number Variation	TXT	Genotyping Array	1daf8b2b-136d-4ed0-b6f1-327a887f94f6	TCGA-SARC.c8409e1e-e721-4d28-ab10-cf6a7a529e00.ascat2.allelic_specific.seg.txt	1daf8b2b-136d-4ed0-b6f1-327a887f94f6
open	5a2b2e1b-b631-40ae-ba41-d8022cddb550	TCGA-QQ-A8VH	Copy Number Variation	TSV	Genotyping Array	b3552dc3-6db7-498e-8466-f43063e6eaf3	TCGA-SARC.3d502bbe-ed09-4e6e-9625-4524226514dc.absolute_liftover.gene_level_copy_number.v36.tsv	b3552dc3-6db7-498e-8466-f43063e6eaf3
controlled	5a2b2e1b-b631-40ae-ba41-d8022cddb550	TCGA-QQ-A8VH	Simple Nucleotide Variation	TSV	Genotyping Array	23636888-8f18-4c22-910e-9528c298cf2c	VISTA_p_TCGAb_383_384_NSP_GenomeWideSNP_6_C07_1464914.birdseed.data.txt	23636888-8f18-4c22-910e-9528c298cf2c
controlled	5a2b2e1b-b631-40ae-ba41-d8022cddb550	TCGA-QQ-A8VH	Copy Number Variation	CEL	Genotyping Array	04213361-8a07-461b-8df5-fddd1cd0e01b	VISTA_p_TCGAb_383_384_NSP_GenomeWideSNP_6_C06_1464882.CEL	04213361-8a07-461b-8df5-fddd1cd0e01b
open	506c7c3d-c414-4fc7-963d-e77106b501fb	TCGA-IE-A4EJ	Copy Number Variation	TSV	Genotyping Array	e06c11db-bb1c-449c-95b1-b6465e3b7f84	TCGA-SARC.c8409e1e-e721-4d28-ab10-cf6a7a529e00.ascat3.gene_level_copy_number.v36.tsv	e06c11db-bb1c-449c-95b1-b6465e3b7f84
open	506c7c3d-c414-4fc7-963d-e77106b501fb	TCGA-IE-A4EJ	Copy Number Variation	TXT	Genotyping Array	f5ce109a-bd7a-4e6a-9c54-3f139aa56eca	TCGA-SARC.c8409e1e-e721-4d28-ab10-cf6a7a529e00.ascat3.allelic_specific.seg.txt	f5ce109a-bd7a-4e6a-9c54-3f139aa56eca
controlled	5370ed4a-eb6b-4eb4-8c71-f5b5d75cfa2d	TCGA-VT-A80J	Copy Number Variation	CEL	Genotyping Array	599949b2-33dd-4720-9f24-2687e256ac9f	HONGS_p_TCGAb3_75_76_77_NSP_GenomeWideSNP_6_G09_1438302.CEL	599949b2-33dd-4720-9f24-2687e256ac9f
open	5190d965-0d48-4058-83e6-ec5879266be1	TCGA-Z4-A9VC	Copy Number Variation	TXT	Genotyping Array	d6b880cd-045b-43c0-aa07-17717a331e9b	VISTA_p_TCGAb_383_384_NSP_GenomeWideSNP_6_B10_1464858.nocnv_grch38.seg.v2.txt	d6b880cd-045b-43c0-aa07-17717a331e9b
open	5a64f7e9-3833-4a3c-962b-13eb3e305c69	TCGA-IS-A3K7	Copy Number Variation	TSV	Genotyping Array	bcb59455-9917-46a0-b488-bd1366891d40	TCGA-SARC.04433529-fc9a-439f-b645-cbd55904470d.ascat3.gene_level_copy_number.v36.tsv	bcb59455-9917-46a0-b488-bd1366891d40
open	5190d965-0d48-4058-83e6-ec5879266be1	TCGA-Z4-A9VC	Copy Number Variation	TXT	Genotyping Array	0169a52c-5ba4-4cc3-8bac-9d5bddc2296c	VISTA_p_TCGAb_383_384_NSP_GenomeWideSNP_6_B11_1464944.grch38.seg.v2.txt	0169a52c-5ba4-4cc3-8bac-9d5bddc2296c
controlled	685be6b4-1d9c-4539-ae4b-ca658fc83fbc	TCGA-DX-A48J	Copy Number Variation	CEL	Genotyping Array	5e83dde7-7062-409e-b02d-d82545de71de	SNOWS_p_TCGA_Batch_309_310_NSP_GenomeWideSNP_6_E03_1362006.CEL	5e83dde7-7062-409e-b02d-d82545de71de
open	68c229a9-4c98-495a-b75a-f6f2172b075b	TCGA-QQ-A5VA	Copy Number Variation	TXT	Genotyping Array	1d9117f2-b2ab-494e-87a7-c6cc6c088bb6	THREW_p_TCGAb_329_335_336_NSP_GenomeWideSNP_6_F05_1367158.grch38.seg.v2.txt	1d9117f2-b2ab-494e-87a7-c6cc6c088bb6
open	5a64f7e9-3833-4a3c-962b-13eb3e305c69	TCGA-IS-A3K7	Copy Number Variation	TXT	Genotyping Array	f94013fb-897c-4c16-bf7c-b4f05185aa26	MACON_p_TCGASNP_218_AML_PP_N_GenomeWideSNP_6_A04_1040156.grch38.seg.v2.txt	f94013fb-897c-4c16-bf7c-b4f05185aa26
open	5190d965-0d48-4058-83e6-ec5879266be1	TCGA-Z4-A9VC	Copy Number Variation	TXT	Genotyping Array	e13cc15b-b21b-4058-8c2f-f245328e6d96	VISTA_p_TCGAb_383_384_NSP_GenomeWideSNP_6_B10_1464858.grch38.seg.v2.txt	e13cc15b-b21b-4058-8c2f-f245328e6d96
open	5a64f7e9-3833-4a3c-962b-13eb3e305c69	TCGA-IS-A3K7	Copy Number Variation	TSV	Genotyping Array	1c84bd78-033f-44d9-829d-bb89b711f031	TCGA-SARC.04433529-fc9a-439f-b645-cbd55904470d.absolute_liftover.gene_level_copy_number.v36.tsv	1c84bd78-033f-44d9-829d-bb89b711f031
controlled	5190d965-0d48-4058-83e6-ec5879266be1	TCGA-Z4-A9VC	Simple Nucleotide Variation	TSV	Genotyping Array	0efb2624-da27-45f7-81e2-87e459ad6301	VISTA_p_TCGAb_383_384_NSP_GenomeWideSNP_6_B10_1464858.birdseed.data.txt	0efb2624-da27-45f7-81e2-87e459ad6301
open	5452ffd8-0408-4a78-b2fd-f1e0b0d05276	TCGA-DX-A8BR	Copy Number Variation	TSV	Genotyping Array	f5c0ddd4-397a-41f5-9471-a7ebf5501b57	TCGA-SARC.413cb162-556c-45d3-a6b5-a8c2462d18be.absolute_liftover.gene_level_copy_number.v36.tsv	f5c0ddd4-397a-41f5-9471-a7ebf5501b57
controlled	5452ffd8-0408-4a78-b2fd-f1e0b0d05276	TCGA-DX-A8BR	Copy Number Variation	CEL	Genotyping Array	9dedf8b5-3e6d-4a22-a48b-d3f27537c647	CUBES_p_TCGAb_425_426_427_NSP_GenomeWideSNP_6_F02_1513966.CEL	9dedf8b5-3e6d-4a22-a48b-d3f27537c647
controlled	68c229a9-4c98-495a-b75a-f6f2172b075b	TCGA-QQ-A5VA	Copy Number Variation	CEL	Genotyping Array	6d7b0fb1-5e21-4bcc-a4d5-a5ca07a8ab33	THREW_p_TCGAb_329_335_336_NSP_GenomeWideSNP_6_F06_1367208.CEL	6d7b0fb1-5e21-4bcc-a4d5-a5ca07a8ab33
controlled	5b9d27a3-7483-4118-a719-a164800ba957	TCGA-DX-A3UF	Simple Nucleotide Variation	TSV	Genotyping Array	0e5f1846-d2e0-4ae2-ac2b-114bc81e3182	SNOWS_p_TCGA_Batch_309_310_NSP_GenomeWideSNP_6_D12_1362134.birdseed.data.txt	0e5f1846-d2e0-4ae2-ac2b-114bc81e3182
open	68c229a9-4c98-495a-b75a-f6f2172b075b	TCGA-QQ-A5VA	Copy Number Variation	TXT	Genotyping Array	6210a2b9-a4a8-49e5-a38a-6727197517a3	THREW_p_TCGAb_329_335_336_NSP_GenomeWideSNP_6_F05_1367158.nocnv_grch38.seg.v2.txt	6210a2b9-a4a8-49e5-a38a-6727197517a3
open	5467fb35-7cb4-4d13-a0bb-fe727d5b7bb1	TCGA-DX-A1L1	Copy Number Variation	TSV	Genotyping Array	31695352-398d-43f4-bda6-a29dabd8adcb	TCGA-SARC.a3c62602-7557-4194-b43f-5a3b91877d08.ascat3.gene_level_copy_number.v36.tsv	31695352-398d-43f4-bda6-a29dabd8adcb
open	5b9d27a3-7483-4118-a719-a164800ba957	TCGA-DX-A3UF	Copy Number Variation	TSV	Genotyping Array	a59b0ca4-9a0b-4eef-9c4b-cad506304fe0	TCGA-SARC.ae0fe7b8-3e13-4418-8e42-1d1572e6936b.absolute_liftover.gene_level_copy_number.v36.tsv	a59b0ca4-9a0b-4eef-9c4b-cad506304fe0
open	5467fb35-7cb4-4d13-a0bb-fe727d5b7bb1	TCGA-DX-A1L1	Copy Number Variation	TXT	Genotyping Array	afa24ee3-87ec-460d-bafd-1ec1cb3ce723	YOGIN_p_TCGA_4_262_263_N_GenomeWideSNP_6_A09_1306116.nocnv_grch38.seg.v2.txt	afa24ee3-87ec-460d-bafd-1ec1cb3ce723
controlled	5467fb35-7cb4-4d13-a0bb-fe727d5b7bb1	TCGA-DX-A1L1	Copy Number Variation	CEL	Genotyping Array	03d0d0f5-f5a7-4ba9-bfd8-ecaaa7771af0	YOGIN_p_TCGA_4_262_263_N_GenomeWideSNP_6_A09_1306116.CEL	03d0d0f5-f5a7-4ba9-bfd8-ecaaa7771af0
open	6a25aeca-126b-408b-ae13-e7df29f552b4	TCGA-DX-AB36	Copy Number Variation	TXT	Genotyping Array	5516795f-f849-4810-884a-fb9c5e549fc2	TCGA-SARC.d764ec7c-bfd0-4cd4-8058-5b083f30dd76.ascat2.allelic_specific.seg.txt	5516795f-f849-4810-884a-fb9c5e549fc2
open	56fdf145-26c2-44d2-bf0e-67d8c8999a6e	TCGA-DX-A6YZ	Copy Number Variation	TXT	Genotyping Array	b84d2ada-f51a-492a-9091-0dfec857b484	TCGA-SARC.686e8989-223c-4fb4-9e48-8d5dc94b9e60.ascat2.allelic_specific.seg.txt	b84d2ada-f51a-492a-9091-0dfec857b484
open	5dbd1eed-523e-48cc-b69b-ac905a1116eb	TCGA-PT-A8TR	Copy Number Variation	TSV	Genotyping Array	6fa53e67-0b49-45ac-b61c-21c17000ea4a	TCGA-SARC.927b221d-3897-419f-a4e9-43490b8ebe73.ascat3.gene_level_copy_number.v36.tsv	6fa53e67-0b49-45ac-b61c-21c17000ea4a
controlled	5dbd1eed-523e-48cc-b69b-ac905a1116eb	TCGA-PT-A8TR	Simple Nucleotide Variation	TSV	Genotyping Array	06e86bd2-898c-463b-b0ac-19fed149f4dc	BREWS_p_TCGAb_382_383_NSP_GenomeWideSNP_6_H03_1465136.birdseed.data.txt	06e86bd2-898c-463b-b0ac-19fed149f4dc
controlled	56fdf145-26c2-44d2-bf0e-67d8c8999a6e	TCGA-DX-A6YZ	Copy Number Variation	CEL	Genotyping Array	80f62743-b63d-4c08-95e6-891d7583881d	TAZZA_p_TCGAb3_62_63_64_65_NSP_GenomeWideSNP_6_B09_1387872.CEL	80f62743-b63d-4c08-95e6-891d7583881d
controlled	56fdf145-26c2-44d2-bf0e-67d8c8999a6e	TCGA-DX-A6YZ	Copy Number Variation	CEL	Genotyping Array	6e11c28e-b2dc-4995-ab7d-ecbca03efb62	TAZZA_p_TCGAb3_62_63_64_65_NSP_GenomeWideSNP_6_B10_1387892.CEL	6e11c28e-b2dc-4995-ab7d-ecbca03efb62
controlled	56fdf145-26c2-44d2-bf0e-67d8c8999a6e	TCGA-DX-A6YZ	Simple Nucleotide Variation	TSV	Genotyping Array	0b0504f2-c199-4482-b126-b4ffbfca638c	TAZZA_p_TCGAb3_62_63_64_65_NSP_GenomeWideSNP_6_B10_1387892.birdseed.data.txt	0b0504f2-c199-4482-b126-b4ffbfca638c
open	6ac81dec-4802-440b-a5f0-e6eb81a0b22b	TCGA-Z4-AAPG	Copy Number Variation	TXT	Genotyping Array	7d4eb75d-d2d9-4087-9b12-98448d898cde	PRION_p_TCGAb_410_11_12_13_NSP_GenomeWideSNP_6_C07_1486668.nocnv_grch38.seg.v2.txt	7d4eb75d-d2d9-4087-9b12-98448d898cde
controlled	6037a772-38a4-4f44-95a5-681f90b81684	TCGA-DX-A6YQ	Simple Nucleotide Variation	TSV	Genotyping Array	f721fd48-5ab9-4554-ae3b-6c7c2d9caac3	MOWED_p_TCGAb3_39_40_41_42_STY_GenomeWideSNP_6_G12_1377558.birdseed.data.txt	f721fd48-5ab9-4554-ae3b-6c7c2d9caac3
controlled	6ac81dec-4802-440b-a5f0-e6eb81a0b22b	TCGA-Z4-AAPG	Simple Nucleotide Variation	TSV	Genotyping Array	4154c932-8edf-433d-99bd-fdbd36e4fbe2	PRION_p_TCGAb_410_11_12_13_NSP_GenomeWideSNP_6_C07_1486668.birdseed.data.txt	4154c932-8edf-433d-99bd-fdbd36e4fbe2
open	6037a772-38a4-4f44-95a5-681f90b81684	TCGA-DX-A6YQ	Copy Number Variation	TSV	Genotyping Array	7b5e4a85-b011-44a3-85ea-468c9cc2e847	TCGA-SARC.506360b4-12fc-46b3-9694-50388841a64a.ascat3.gene_level_copy_number.v36.tsv	7b5e4a85-b011-44a3-85ea-468c9cc2e847
open	590fdb76-20ef-4f95-9783-7d80e7a25e5a	TCGA-IE-A4EK	Copy Number Variation	TXT	Genotyping Array	a2528634-00ce-413b-b38c-784d38334411	YOGIN_p_TCGA_4_262_263_N_GenomeWideSNP_6_D08_1306098.grch38.seg.v2.txt	a2528634-00ce-413b-b38c-784d38334411
open	6ac81dec-4802-440b-a5f0-e6eb81a0b22b	TCGA-Z4-AAPG	Copy Number Variation	TXT	Genotyping Array	3c91e305-390d-45ba-b863-b891f704f225	TCGA-SARC.c741954e-5f29-4345-829d-c00ff3b5480a.ascat2.allelic_specific.seg.txt	3c91e305-390d-45ba-b863-b891f704f225
controlled	590fdb76-20ef-4f95-9783-7d80e7a25e5a	TCGA-IE-A4EK	Copy Number Variation	CEL	Genotyping Array	d7dae12c-1453-4929-9133-7dad91146b61	YOGIN_p_TCGA_4_262_263_N_GenomeWideSNP_6_D08_1306098.CEL	d7dae12c-1453-4929-9133-7dad91146b61
open	6037a772-38a4-4f44-95a5-681f90b81684	TCGA-DX-A6YQ	Copy Number Variation	TXT	Genotyping Array	e4155824-facb-436f-ae7e-4ab45ee50270	MOWED_p_TCGAb3_39_40_41_42_STY_GenomeWideSNP_6_G11_1377480.nocnv_grch38.seg.v2.txt	e4155824-facb-436f-ae7e-4ab45ee50270
open	6ac81dec-4802-440b-a5f0-e6eb81a0b22b	TCGA-Z4-AAPG	Copy Number Variation	TXT	Genotyping Array	650ae6b6-35df-4f7e-8457-009d49db1eef	TCGA-SARC.c741954e-5f29-4345-829d-c00ff3b5480a.ascat3.allelic_specific.seg.txt	650ae6b6-35df-4f7e-8457-009d49db1eef
open	6037a772-38a4-4f44-95a5-681f90b81684	TCGA-DX-A6YQ	Copy Number Variation	TXT	Genotyping Array	69ab3c05-419d-429c-87eb-5b0c6e570fb9	MOWED_p_TCGAb3_39_40_41_42_STY_GenomeWideSNP_6_G12_1377558.grch38.seg.v2.txt	69ab3c05-419d-429c-87eb-5b0c6e570fb9
controlled	719fa3f6-0194-423d-8a96-3709e8180565	TCGA-X6-A8C6	Copy Number Variation	CEL	Genotyping Array	26190113-667e-472f-8db4-cc670f50d7c8	HONGS_p_TCGAb3_75_76_77_NSP_GenomeWideSNP_6_F11_1438224.CEL	26190113-667e-472f-8db4-cc670f50d7c8
open	7b5a66c5-17d2-487e-8ea3-81a00c836738	TCGA-DX-A8BP	Copy Number Variation	TXT	Genotyping Array	a219b0c7-5b9e-4f34-b2a7-c8516442bb97	VISTA_p_TCGAb_383_384_NSP_GenomeWideSNP_6_C12_1464950.nocnv_grch38.seg.v2.txt	a219b0c7-5b9e-4f34-b2a7-c8516442bb97
open	719fa3f6-0194-423d-8a96-3709e8180565	TCGA-X6-A8C6	Copy Number Variation	TXT	Genotyping Array	5f6a2633-6c97-48f0-a462-d8ac9a9246d9	HONGS_p_TCGAb3_75_76_77_NSP_GenomeWideSNP_6_F11_1438224.grch38.seg.v2.txt	5f6a2633-6c97-48f0-a462-d8ac9a9246d9
open	7b5a66c5-17d2-487e-8ea3-81a00c836738	TCGA-DX-A8BP	Copy Number Variation	TXT	Genotyping Array	a6d253a0-bbdd-41f2-a64c-810858ea8d24	TCGA-SARC.18813cf6-aec9-47b8-8864-447f32f66a42.ascat2.allelic_specific.seg.txt	a6d253a0-bbdd-41f2-a64c-810858ea8d24
controlled	7b5a66c5-17d2-487e-8ea3-81a00c836738	TCGA-DX-A8BP	Copy Number Variation	CEL	Genotyping Array	b885df70-c02a-4c35-b30a-93423b4ebbfd	VISTA_p_TCGAb_383_384_NSP_GenomeWideSNP_6_D01_1464840.CEL	b885df70-c02a-4c35-b30a-93423b4ebbfd
open	7b5a66c5-17d2-487e-8ea3-81a00c836738	TCGA-DX-A8BP	Copy Number Variation	TXT	Genotyping Array	594dc169-6dbd-4517-b435-0d9eb6c39008	VISTA_p_TCGAb_383_384_NSP_GenomeWideSNP_6_D01_1464840.nocnv_grch38.seg.v2.txt	594dc169-6dbd-4517-b435-0d9eb6c39008
open	719fa3f6-0194-423d-8a96-3709e8180565	TCGA-X6-A8C6	Copy Number Variation	TXT	Genotyping Array	1fe1e2c9-a3d4-45b6-a317-101169dd5d43	TCGA-SARC.5039fe19-41b3-4aad-ab4d-084a539fde58.ascat2.allelic_specific.seg.txt	1fe1e2c9-a3d4-45b6-a317-101169dd5d43
open	7bab6742-4e3d-4fcf-9b90-d3e0218b4d79	TCGA-FX-A3NJ	Copy Number Variation	TSV	Genotyping Array	97cedcc5-a73f-4d99-8d1a-6a7cb1584b64	TCGA-SARC.d7dc84b6-c480-4da0-82eb-e49112c6f4e6.absolute_liftover.gene_level_copy_number.v36.tsv	97cedcc5-a73f-4d99-8d1a-6a7cb1584b64
open	7bab6742-4e3d-4fcf-9b90-d3e0218b4d79	TCGA-FX-A3NJ	Copy Number Variation	TXT	Genotyping Array	78c82bf6-da1c-4f00-8054-2328771cb670	TCGA-SARC.d7dc84b6-c480-4da0-82eb-e49112c6f4e6.ascat3.allelic_specific.seg.txt	78c82bf6-da1c-4f00-8054-2328771cb670
controlled	6b189eff-b919-49d6-8775-dbf32c9ccbba	TCGA-DX-A2IZ	Copy Number Variation	CEL	Genotyping Array	4304bc35-3876-485e-aa4d-a538a9a4c30e	MACON_p_TCGASNP_218_AML_PP_N_GenomeWideSNP_6_D11_1040016.CEL	4304bc35-3876-485e-aa4d-a538a9a4c30e
controlled	7bab6742-4e3d-4fcf-9b90-d3e0218b4d79	TCGA-FX-A3NJ	Copy Number Variation	CEL	Genotyping Array	0fa029a0-fd60-4e17-b9cb-db287f011665	MACON_p_TCGASNP_218_AML_PP_N_GenomeWideSNP_6_D10_1040144.CEL	0fa029a0-fd60-4e17-b9cb-db287f011665
open	6be3885c-219b-44f4-92bc-c055dc843a87	TCGA-DX-A6YV	Copy Number Variation	TXT	Genotyping Array	61887a93-d6ff-4fd0-9fee-25db0f5c735a	TAZZA_p_TCGAb3_62_63_64_65_NSP_GenomeWideSNP_6_B03_1387792.nocnv_grch38.seg.v2.txt	61887a93-d6ff-4fd0-9fee-25db0f5c735a
open	6201394f-b70e-4f14-9519-ff9d5f06eb09	TCGA-DX-A3U6	Copy Number Variation	TXT	Genotyping Array	3f199c2a-532a-4f96-ae55-13dddb3827c1	BURSA_p_TCGA_303_304_305_N_GenomeWideSNP_6_C01_1344714.nocnv_grch38.seg.v2.txt	3f199c2a-532a-4f96-ae55-13dddb3827c1
open	6be3885c-219b-44f4-92bc-c055dc843a87	TCGA-DX-A6YV	Copy Number Variation	TSV	Genotyping Array	3c799ae1-9a9e-42b2-aa7d-0bfaca8b1285	TCGA-SARC.26e12bdc-5d33-40f6-ae06-34c4e8adc5d6.absolute_liftover.gene_level_copy_number.v36.tsv	3c799ae1-9a9e-42b2-aa7d-0bfaca8b1285
controlled	7bab6742-4e3d-4fcf-9b90-d3e0218b4d79	TCGA-FX-A3NJ	Copy Number Variation	CEL	Genotyping Array	d94c99b6-5bd3-4b1f-b878-a20bb581f018	MACON_p_TCGASNP_218_AML_PP_N_GenomeWideSNP_6_D06_1040092.CEL	d94c99b6-5bd3-4b1f-b878-a20bb581f018
open	6201394f-b70e-4f14-9519-ff9d5f06eb09	TCGA-DX-A3U6	Copy Number Variation	TXT	Genotyping Array	29ef848f-3c0f-408b-960d-412c84c7fa82	BURSA_p_TCGA_303_304_305_N_GenomeWideSNP_6_C05_1344758.grch38.seg.v2.txt	29ef848f-3c0f-408b-960d-412c84c7fa82
open	7bab6742-4e3d-4fcf-9b90-d3e0218b4d79	TCGA-FX-A3NJ	Copy Number Variation	TSV	Genotyping Array	090b963d-4639-44d9-baa0-89344f5f7d4c	TCGA-SARC.d7dc84b6-c480-4da0-82eb-e49112c6f4e6.gene_level_copy_number.v36.tsv	090b963d-4639-44d9-baa0-89344f5f7d4c
controlled	6be3885c-219b-44f4-92bc-c055dc843a87	TCGA-DX-A6YV	Copy Number Variation	CEL	Genotyping Array	a3a92589-a4ab-4e6e-b689-c39d621153a6	TAZZA_p_TCGAb3_62_63_64_65_NSP_GenomeWideSNP_6_B03_1387792.CEL	a3a92589-a4ab-4e6e-b689-c39d621153a6
open	7bab6742-4e3d-4fcf-9b90-d3e0218b4d79	TCGA-FX-A3NJ	Copy Number Variation	TXT	Genotyping Array	5ae9cfcb-67d9-4d49-acd3-fb851ff33906	MACON_p_TCGASNP_218_AML_PP_N_GenomeWideSNP_6_D06_1040092.nocnv_grch38.seg.v2.txt	5ae9cfcb-67d9-4d49-acd3-fb851ff33906
controlled	724edf28-c9b2-4b11-ae30-70a137f821b8	TCGA-HS-A5N8	Copy Number Variation	CEL	Genotyping Array	41299ece-e4ab-4d4c-9487-eaf6834fc7e3	WAGER_p_TCGA_282_284_285_286_N_GenomeWideSNP_6_E11_1359094.CEL	41299ece-e4ab-4d4c-9487-eaf6834fc7e3
controlled	73d2e8ef-4e10-416a-845b-f48374e48ecb	TCGA-DX-A1L2	Simple Nucleotide Variation	TSV	Genotyping Array	7b483413-bb2f-4758-93c6-5515ceb5156c	YOGIN_p_TCGA_4_262_263_N_GenomeWideSNP_6_C09_1306164.birdseed.data.txt	7b483413-bb2f-4758-93c6-5515ceb5156c
open	7bab6742-4e3d-4fcf-9b90-d3e0218b4d79	TCGA-FX-A3NJ	Copy Number Variation	TXT	Genotyping Array	f9714c15-d6a3-40a7-aabe-5878af0bdcfe	MACON_p_TCGASNP_218_AML_PP_N_GenomeWideSNP_6_D10_1040144.grch38.seg.v2.txt	f9714c15-d6a3-40a7-aabe-5878af0bdcfe
open	6201394f-b70e-4f14-9519-ff9d5f06eb09	TCGA-DX-A3U6	Copy Number Variation	TXT	Genotyping Array	0858b1f9-09ac-4516-8b09-d61f42c2bf6c	BURSA_p_TCGA_303_304_305_N_GenomeWideSNP_6_C01_1344714.grch38.seg.v2.txt	0858b1f9-09ac-4516-8b09-d61f42c2bf6c
controlled	6e82bcfc-a61d-441b-a1ed-cb46dc88a860	TCGA-DX-A7EO	Simple Nucleotide Variation	TSV	Genotyping Array	4506f4c9-58e4-4bcc-9b0d-5854c0daf983	HONGS_p_TCGAb3_75_76_77_NSP_GenomeWideSNP_6_G01_1438132.birdseed.data.txt	4506f4c9-58e4-4bcc-9b0d-5854c0daf983
open	6201394f-b70e-4f14-9519-ff9d5f06eb09	TCGA-DX-A3U6	Copy Number Variation	TSV	Genotyping Array	2f699c2d-9bb9-468e-b4b8-f5062d0e519e	TCGA-SARC.377047a2-2510-4c52-b73d-6766bcf14a18.ascat3.gene_level_copy_number.v36.tsv	2f699c2d-9bb9-468e-b4b8-f5062d0e519e
controlled	6e82bcfc-a61d-441b-a1ed-cb46dc88a860	TCGA-DX-A7EO	Copy Number Variation	CEL	Genotyping Array	79192822-597d-4466-bed5-56331911a7da	HONGS_p_TCGAb3_75_76_77_NSP_GenomeWideSNP_6_H09_1438248.CEL	79192822-597d-4466-bed5-56331911a7da
open	685be6b4-1d9c-4539-ae4b-ca658fc83fbc	TCGA-DX-A48J	Copy Number Variation	TXT	Genotyping Array	a382b87e-7014-4953-8123-fe6a1b45e91e	SNOWS_p_TCGA_Batch_309_310_NSP_GenomeWideSNP_6_E03_1362006.grch38.seg.v2.txt	a382b87e-7014-4953-8123-fe6a1b45e91e
controlled	7c82e2d6-a768-4078-9084-4b47e8a2ce95	TCGA-DX-A3UB	Simple Nucleotide Variation	TSV	Genotyping Array	c4f7d957-9b42-4190-a7d5-f639a0db36d1	SNOWS_p_TCGA_Batch_309_310_NSP_GenomeWideSNP_6_D04_1362016.birdseed.data.txt	c4f7d957-9b42-4190-a7d5-f639a0db36d1
open	6e82bcfc-a61d-441b-a1ed-cb46dc88a860	TCGA-DX-A7EO	Copy Number Variation	TSV	Genotyping Array	07b33e6c-746c-496d-bcf7-ab51b6d072af	TCGA-SARC.304740e1-40b7-42df-a7c2-e2c8f2bff20d.gene_level_copy_number.v36.tsv	07b33e6c-746c-496d-bcf7-ab51b6d072af
open	83a93378-0978-4102-9e4b-09b547b75687	TCGA-K1-A42W	Copy Number Variation	TSV	Genotyping Array	84183430-05e0-4b91-beac-6d22a97cb901	TCGA-SARC.db9a3940-19be-4c9e-bc2f-1daf319b024d.absolute_liftover.gene_level_copy_number.v36.tsv	84183430-05e0-4b91-beac-6d22a97cb901
open	76e3ec27-2c64-4e38-96f1-30307893b825	TCGA-HB-A2OT	Copy Number Variation	TSV	Genotyping Array	68c1c73c-f86b-48a2-88e1-658a022023c6	TCGA-SARC.77f0f727-a5c8-4233-bb05-e645fe298d49.gene_level_copy_number.v36.tsv	68c1c73c-f86b-48a2-88e1-658a022023c6
open	83a93378-0978-4102-9e4b-09b547b75687	TCGA-K1-A42W	Copy Number Variation	TXT	Genotyping Array	2eff3563-f376-4dc6-ada4-c4538541f0a3	YOGIN_p_TCGA_4_262_263_N_GenomeWideSNP_6_A10_1306136.grch38.seg.v2.txt	2eff3563-f376-4dc6-ada4-c4538541f0a3
open	76e3ec27-2c64-4e38-96f1-30307893b825	TCGA-HB-A2OT	Copy Number Variation	TXT	Genotyping Array	8a312e8d-0c88-4fb6-a403-5420ae4c1b7e	TCGA-SARC.77f0f727-a5c8-4233-bb05-e645fe298d49.ascat3.allelic_specific.seg.txt	8a312e8d-0c88-4fb6-a403-5420ae4c1b7e
open	76e3ec27-2c64-4e38-96f1-30307893b825	TCGA-HB-A2OT	Copy Number Variation	TXT	Genotyping Array	ff19c244-5770-43c9-bced-3eb9c3cec093	MACON_p_TCGASNP_218_AML_PP_N_GenomeWideSNP_6_B12_1040058.nocnv_grch38.seg.v2.txt	ff19c244-5770-43c9-bced-3eb9c3cec093
controlled	83a93378-0978-4102-9e4b-09b547b75687	TCGA-K1-A42W	Simple Nucleotide Variation	TSV	Genotyping Array	4763086f-7f7b-42af-acbf-0d5ce3ed12d5	YOGIN_p_TCGA_4_262_263_N_GenomeWideSNP_6_A10_1306136.birdseed.data.txt	4763086f-7f7b-42af-acbf-0d5ce3ed12d5
open	76e3ec27-2c64-4e38-96f1-30307893b825	TCGA-HB-A2OT	Copy Number Variation	TXT	Genotyping Array	93e37a5f-c8a9-4ad5-9b09-214102cd7d04	MACON_p_TCGASNP_218_AML_PP_N_GenomeWideSNP_6_B11_1040166.nocnv_grch38.seg.v2.txt	93e37a5f-c8a9-4ad5-9b09-214102cd7d04
open	6e9f74a4-2f41-4b2f-b0e1-39c4d779bd40	TCGA-QQ-A8VD	Copy Number Variation	TXT	Genotyping Array	39c718d9-b805-4ede-a211-7c1c9abcdce1	TCGA-SARC.ef10e964-4667-4d5a-82b2-2844b2ece1a9.ascat3.allelic_specific.seg.txt	39c718d9-b805-4ede-a211-7c1c9abcdce1
controlled	83a93378-0978-4102-9e4b-09b547b75687	TCGA-K1-A42W	Copy Number Variation	CEL	Genotyping Array	4a1601d5-c44b-46f1-8d4e-3b77544c44a7	YOGIN_p_TCGA_4_262_263_N_GenomeWideSNP_6_A10_1306136.CEL	4a1601d5-c44b-46f1-8d4e-3b77544c44a7
open	771b35b6-e0a9-427e-8c67-e934f5e0d9bd	TCGA-DX-A1KX	Copy Number Variation	TXT	Genotyping Array	bed9b264-66b7-4aa8-a51a-cb007c00f5f0	YOGIN_p_TCGA_4_262_263_N_GenomeWideSNP_6_A11_1306252.nocnv_grch38.seg.v2.txt	bed9b264-66b7-4aa8-a51a-cb007c00f5f0
open	851f8905-778c-4016-85e5-bc22817a6a28	TCGA-3B-A9HQ	Copy Number Variation	TXT	Genotyping Array	90c37213-1b85-4117-a81b-e86d0fa4b237	ENATE_p_TCGAb_394_395_396_NSP_GenomeWideSNP_6_E05_1474242.nocnv_grch38.seg.v2.txt	90c37213-1b85-4117-a81b-e86d0fa4b237
controlled	7cbfe175-9329-496e-adc7-6b8ed2bdd113	TCGA-DX-A3UD	Copy Number Variation	CEL	Genotyping Array	d57b874b-a383-491b-a390-50dae3667121	SNOWS_p_TCGA_Batch_309_310_NSP_GenomeWideSNP_6_D09_1362040.CEL	d57b874b-a383-491b-a390-50dae3667121
open	851f8905-778c-4016-85e5-bc22817a6a28	TCGA-3B-A9HQ	Copy Number Variation	TXT	Genotyping Array	f54c6566-e241-4e7f-b809-8105d235a7ac	TCGA-SARC.ffbd85c9-1aa0-40f0-8d3a-f108d6708b79.ascat2.allelic_specific.seg.txt	f54c6566-e241-4e7f-b809-8105d235a7ac
open	851f8905-778c-4016-85e5-bc22817a6a28	TCGA-3B-A9HQ	Copy Number Variation	TXT	Genotyping Array	30a7b42a-c7be-4c51-9e9d-9195b527b7eb	TCGA-SARC.ffbd85c9-1aa0-40f0-8d3a-f108d6708b79.ascat3.allelic_specific.seg.txt	30a7b42a-c7be-4c51-9e9d-9195b527b7eb
open	851f8905-778c-4016-85e5-bc22817a6a28	TCGA-3B-A9HQ	Copy Number Variation	TXT	Genotyping Array	d5c53091-71a9-426b-8f01-8888687dc710	ENATE_p_TCGAb_394_395_396_NSP_GenomeWideSNP_6_E06_1474240.nocnv_grch38.seg.v2.txt	d5c53091-71a9-426b-8f01-8888687dc710
open	7cbfe175-9329-496e-adc7-6b8ed2bdd113	TCGA-DX-A3UD	Copy Number Variation	TXT	Genotyping Array	27735e8b-a552-45de-a01c-5d23f31687ac	TCGA-SARC.3903a036-c105-4a8b-a571-ae0bdec6b69b.ascat2.allelic_specific.seg.txt	27735e8b-a552-45de-a01c-5d23f31687ac
controlled	771b35b6-e0a9-427e-8c67-e934f5e0d9bd	TCGA-DX-A1KX	Copy Number Variation	CEL	Genotyping Array	bbdc3b88-acb8-45b1-933a-ade6ade8f30e	YOGIN_p_TCGA_4_262_263_N_GenomeWideSNP_6_A11_1306252.CEL	bbdc3b88-acb8-45b1-933a-ade6ade8f30e
open	7cbfe175-9329-496e-adc7-6b8ed2bdd113	TCGA-DX-A3UD	Copy Number Variation	TSV	Genotyping Array	3f27c25d-5dfe-4187-a895-1f8fd612e141	TCGA-SARC.3903a036-c105-4a8b-a571-ae0bdec6b69b.ascat3.gene_level_copy_number.v36.tsv	3f27c25d-5dfe-4187-a895-1f8fd612e141
controlled	778dc00a-0b94-45a8-ae13-9c80f0c1dfd6	TCGA-DX-A3UC	Simple Nucleotide Variation	TSV	Genotyping Array	91109d85-695b-4d95-a413-d1871db41104	SNOWS_p_TCGA_Batch_309_310_NSP_GenomeWideSNP_6_D07_1362048.birdseed.data.txt	91109d85-695b-4d95-a413-d1871db41104
controlled	7f9031da-124a-4a38-83e6-878a50e58c24	TCGA-FX-A3RE	Simple Nucleotide Variation	TSV	Genotyping Array	d885096d-0353-4b47-9d20-cd994d7647c5	FLUES_p_TCGASNP_228_229_230_N_GenomeWideSNP_6_D07_1148880.birdseed.data.txt	d885096d-0353-4b47-9d20-cd994d7647c5
open	778dc00a-0b94-45a8-ae13-9c80f0c1dfd6	TCGA-DX-A3UC	Copy Number Variation	TSV	Genotyping Array	95ca3d1e-5080-4152-93dd-c7ac1e1d4372	TCGA-SARC.1f165549-2cff-46de-a072-18778b543919.ascat3.gene_level_copy_number.v36.tsv	95ca3d1e-5080-4152-93dd-c7ac1e1d4372
open	7f9031da-124a-4a38-83e6-878a50e58c24	TCGA-FX-A3RE	Copy Number Variation	TXT	Genotyping Array	4cbe3864-14b6-4bf9-9cb9-afdd32c4dd94	TCGA-SARC.c472c3bf-5fb6-4790-9c62-eea1e1914696.ascat2.allelic_specific.seg.txt	4cbe3864-14b6-4bf9-9cb9-afdd32c4dd94
controlled	854e42bc-95b2-4b77-a4b2-ffbd6c28b281	TCGA-DX-A1L0	Simple Nucleotide Variation	TSV	Genotyping Array	7dc4c599-d4df-441f-9c30-dc5ada5bf405	YOGIN_p_TCGA_4_262_263_N_GenomeWideSNP_6_C06_1306092.birdseed.data.txt	7dc4c599-d4df-441f-9c30-dc5ada5bf405
controlled	7f9031da-124a-4a38-83e6-878a50e58c24	TCGA-FX-A3RE	Copy Number Variation	CEL	Genotyping Array	adb3960a-1193-4885-ad11-25d58f99cadd	FLUES_p_TCGASNP_228_229_230_N_GenomeWideSNP_6_D07_1148880.CEL	adb3960a-1193-4885-ad11-25d58f99cadd
open	854e42bc-95b2-4b77-a4b2-ffbd6c28b281	TCGA-DX-A1L0	Copy Number Variation	TSV	Genotyping Array	9e9613fd-97e4-4508-8db6-cf391029c3ec	TCGA-SARC.9ee1c4e2-3601-4d1f-8fa3-f671c016c4d7.ascat3.gene_level_copy_number.v36.tsv	9e9613fd-97e4-4508-8db6-cf391029c3ec
controlled	7f9031da-124a-4a38-83e6-878a50e58c24	TCGA-FX-A3RE	Copy Number Variation	CEL	Genotyping Array	018abf80-cba3-4a9c-86ce-a654c46facf8	FLUES_p_TCGASNP_228_229_230_N_GenomeWideSNP_6_E12_1148806.CEL	018abf80-cba3-4a9c-86ce-a654c46facf8
open	89ea0e21-c5af-42b4-9f64-5ba4874ab76e	TCGA-DX-A7EF	Copy Number Variation	TXT	Genotyping Array	9ba0f7ff-4aa7-43c2-b6fb-7011486497ff	MOWED_p_TCGAb3_39_40_41_42_STY_GenomeWideSNP_6_G03_1377562.nocnv_grch38.seg.v2.txt	9ba0f7ff-4aa7-43c2-b6fb-7011486497ff
open	7f9031da-124a-4a38-83e6-878a50e58c24	TCGA-FX-A3RE	Copy Number Variation	TXT	Genotyping Array	0ed3187d-cdfa-46b5-9680-7c31b5be089f	TCGA-SARC.c472c3bf-5fb6-4790-9c62-eea1e1914696.ascat3.allelic_specific.seg.txt	0ed3187d-cdfa-46b5-9680-7c31b5be089f
open	7fb69277-2aff-45e0-8f44-d2794f831a2a	TCGA-MJ-A68H	Copy Number Variation	TSV	Genotyping Array	a85516fb-b124-44cb-a9ca-8dae9bf7c8fa	TCGA-SARC.9cfb2cf6-b678-4ca9-94f9-be9ee84873ca.gene_level_copy_number.v36.tsv	a85516fb-b124-44cb-a9ca-8dae9bf7c8fa
open	788dbebb-3d1b-4f6d-8a40-869157d25025	TCGA-WK-A8XQ	Copy Number Variation	TXT	Genotyping Array	2b19eb0f-cda5-4598-8d9b-27cbc49ab4f7	TCGA-SARC.b61111a6-36f7-4947-9b71-3d8ffbf8dbbe.ascat2.allelic_specific.seg.txt	2b19eb0f-cda5-4598-8d9b-27cbc49ab4f7
controlled	85a7da1e-a8d0-4366-890a-79c0461967c6	TCGA-X6-A7WA	Copy Number Variation	CEL	Genotyping Array	de17738e-aaea-4e0d-8b49-d2c772472a21	TAZZA_p_TCGAb3_62_63_64_65_NSP_GenomeWideSNP_6_D02_1387848.CEL	de17738e-aaea-4e0d-8b49-d2c772472a21
open	7fb69277-2aff-45e0-8f44-d2794f831a2a	TCGA-MJ-A68H	Copy Number Variation	TSV	Genotyping Array	50bcf92c-d727-4eb9-a6f6-a243d24c856a	TCGA-SARC.9cfb2cf6-b678-4ca9-94f9-be9ee84873ca.ascat3.gene_level_copy_number.v36.tsv	50bcf92c-d727-4eb9-a6f6-a243d24c856a
open	85a7da1e-a8d0-4366-890a-79c0461967c6	TCGA-X6-A7WA	Copy Number Variation	TXT	Genotyping Array	d3b3b8c9-c9fa-46ce-8e8f-c2cf4080c314	TCGA-SARC.11d773f1-8bf0-4752-8a04-015cda55fce3.ascat3.allelic_specific.seg.txt	d3b3b8c9-c9fa-46ce-8e8f-c2cf4080c314
controlled	85a7da1e-a8d0-4366-890a-79c0461967c6	TCGA-X6-A7WA	Simple Nucleotide Variation	TSV	Genotyping Array	b83ac8c0-76ab-4b47-98c5-b14524a03c78	TAZZA_p_TCGAb3_62_63_64_65_NSP_GenomeWideSNP_6_D01_1387976.birdseed.data.txt	b83ac8c0-76ab-4b47-98c5-b14524a03c78
controlled	788dbebb-3d1b-4f6d-8a40-869157d25025	TCGA-WK-A8XQ	Copy Number Variation	CEL	Genotyping Array	ac18c31c-353c-4b6e-be20-58018454be6e	BREWS_p_TCGAb_382_383_NSP_GenomeWideSNP_6_H06_1465020.CEL	ac18c31c-353c-4b6e-be20-58018454be6e
controlled	7fb69277-2aff-45e0-8f44-d2794f831a2a	TCGA-MJ-A68H	Simple Nucleotide Variation	TSV	Genotyping Array	c7adfc28-adb9-40b8-ad86-4205840f032f	RICES_p_TCGA_Batch_310_311_NSP_GenomeWideSNP_6_A06_1361968.birdseed.data.txt	c7adfc28-adb9-40b8-ad86-4205840f032f
open	788dbebb-3d1b-4f6d-8a40-869157d25025	TCGA-WK-A8XQ	Copy Number Variation	TXT	Genotyping Array	fb71438a-f203-4e2a-9747-af2a26974725	BREWS_p_TCGAb_382_383_NSP_GenomeWideSNP_6_H07_1465208.grch38.seg.v2.txt	fb71438a-f203-4e2a-9747-af2a26974725
open	85a7da1e-a8d0-4366-890a-79c0461967c6	TCGA-X6-A7WA	Copy Number Variation	TXT	Genotyping Array	5fa44816-b449-4f87-bace-9571d39c9651	TCGA-SARC.11d773f1-8bf0-4752-8a04-015cda55fce3.ascat2.allelic_specific.seg.txt	5fa44816-b449-4f87-bace-9571d39c9651
controlled	788dbebb-3d1b-4f6d-8a40-869157d25025	TCGA-WK-A8XQ	Simple Nucleotide Variation	TSV	Genotyping Array	25b333c1-fcf8-49da-8e1f-f3e34b01fd93	BREWS_p_TCGAb_382_383_NSP_GenomeWideSNP_6_H06_1465020.birdseed.data.txt	25b333c1-fcf8-49da-8e1f-f3e34b01fd93
controlled	85a7da1e-a8d0-4366-890a-79c0461967c6	TCGA-X6-A7WA	Copy Number Variation	CEL	Genotyping Array	852ed807-df1b-42dd-bcb7-3c1b91fc1759	TAZZA_p_TCGAb3_62_63_64_65_NSP_GenomeWideSNP_6_D01_1387976.CEL	852ed807-df1b-42dd-bcb7-3c1b91fc1759
open	8b20dd03-46da-4d6b-95b4-f329fdc486cf	TCGA-VT-A80G	Copy Number Variation	TXT	Genotyping Array	f0816739-354d-4d71-aee2-b4b45ca417d7	TCGA-SARC.ec841cbe-4820-4d18-87e7-e64416d0d3fb.ascat3.allelic_specific.seg.txt	f0816739-354d-4d71-aee2-b4b45ca417d7
open	85a7da1e-a8d0-4366-890a-79c0461967c6	TCGA-X6-A7WA	Copy Number Variation	TSV	Genotyping Array	d3475195-cc03-469f-b21c-b00dd76841b3	TCGA-SARC.11d773f1-8bf0-4752-8a04-015cda55fce3.gene_level_copy_number.v36.tsv	d3475195-cc03-469f-b21c-b00dd76841b3
open	8194aa20-bdb7-4928-8992-438d9f2631d4	TCGA-DX-A48V	Copy Number Variation	TXT	Genotyping Array	81b9f2d8-e749-4280-aca2-0e4b01ac0801	TCGA-SARC.901e8323-4007-4035-8737-49bdb8c3b4fc.ascat2.allelic_specific.seg.txt	81b9f2d8-e749-4280-aca2-0e4b01ac0801
controlled	8b20dd03-46da-4d6b-95b4-f329fdc486cf	TCGA-VT-A80G	Copy Number Variation	CEL	Genotyping Array	3a750d66-b4f9-439a-a349-ba6f7a7cf662	HONGS_p_TCGAb3_75_76_77_NSP_GenomeWideSNP_6_G04_1438188.CEL	3a750d66-b4f9-439a-a349-ba6f7a7cf662
open	8194aa20-bdb7-4928-8992-438d9f2631d4	TCGA-DX-A48V	Copy Number Variation	TSV	Genotyping Array	5cf5c623-fe48-41ed-912d-0b3e6eb2856c	TCGA-SARC.901e8323-4007-4035-8737-49bdb8c3b4fc.ascat3.gene_level_copy_number.v36.tsv	5cf5c623-fe48-41ed-912d-0b3e6eb2856c
open	78c0d30c-0905-49de-be7f-afc1337f59b7	TCGA-K1-A6RV	Copy Number Variation	TXT	Genotyping Array	f48e9ab9-44ad-41a0-8fe7-6a4866ef039e	THREW_p_TCGAb_329_335_336_NSP_GenomeWideSNP_6_E08_1367152.grch38.seg.v2.txt	f48e9ab9-44ad-41a0-8fe7-6a4866ef039e
controlled	8b20dd03-46da-4d6b-95b4-f329fdc486cf	TCGA-VT-A80G	Simple Nucleotide Variation	TSV	Genotyping Array	fdb47603-fa79-4f55-a2cc-65c1dbe6ec2e	HONGS_p_TCGAb3_75_76_77_NSP_GenomeWideSNP_6_E09_1438126.birdseed.data.txt	fdb47603-fa79-4f55-a2cc-65c1dbe6ec2e
open	8654c2b5-27d7-43c5-9a39-7fdefd7a0324	TCGA-MO-A47R	Copy Number Variation	TXT	Genotyping Array	9ebeb4a4-07c1-45f6-9a62-d642d1820bff	TCGA-SARC.387fc536-d68b-4130-a53b-dcfa7329356a.ascat2.allelic_specific.seg.txt	9ebeb4a4-07c1-45f6-9a62-d642d1820bff
open	8194aa20-bdb7-4928-8992-438d9f2631d4	TCGA-DX-A48V	Copy Number Variation	TSV	Genotyping Array	6755fd14-7b3d-47c7-96ea-3d4d9532a3f5	TCGA-SARC.901e8323-4007-4035-8737-49bdb8c3b4fc.absolute_liftover.gene_level_copy_number.v36.tsv	6755fd14-7b3d-47c7-96ea-3d4d9532a3f5
open	8194aa20-bdb7-4928-8992-438d9f2631d4	TCGA-DX-A48V	Copy Number Variation	TXT	Genotyping Array	81e2baa4-af40-4f4c-a825-69245ddcaf06	SNOWS_p_TCGA_Batch_309_310_NSP_GenomeWideSNP_6_F06_1362142.nocnv_grch38.seg.v2.txt	81e2baa4-af40-4f4c-a825-69245ddcaf06
open	8b20dd03-46da-4d6b-95b4-f329fdc486cf	TCGA-VT-A80G	Copy Number Variation	TXT	Genotyping Array	1fd5c71e-70b7-449b-9000-40046c07f9b2	TCGA-SARC.ec841cbe-4820-4d18-87e7-e64416d0d3fb.ascat2.allelic_specific.seg.txt	1fd5c71e-70b7-449b-9000-40046c07f9b2
controlled	8194aa20-bdb7-4928-8992-438d9f2631d4	TCGA-DX-A48V	Copy Number Variation	CEL	Genotyping Array	5b53f10a-a42c-4abe-a1bd-6ddc80b0a8a5	SNOWS_p_TCGA_Batch_309_310_NSP_GenomeWideSNP_6_F07_1362044.CEL	5b53f10a-a42c-4abe-a1bd-6ddc80b0a8a5
open	8194aa20-bdb7-4928-8992-438d9f2631d4	TCGA-DX-A48V	Copy Number Variation	TSV	Genotyping Array	64318504-1235-4612-b171-b1ba20f60fda	TCGA-SARC.901e8323-4007-4035-8737-49bdb8c3b4fc.gene_level_copy_number.v36.tsv	64318504-1235-4612-b171-b1ba20f60fda
open	83488a9c-6b28-4a48-850a-2a2fa47ce25e	TCGA-DX-A8BK	Copy Number Variation	TXT	Genotyping Array	b08615d8-1809-49dd-87f2-f965f99420b1	VISTA_p_TCGAb_383_384_NSP_GenomeWideSNP_6_B09_1464860.nocnv_grch38.seg.v2.txt	b08615d8-1809-49dd-87f2-f965f99420b1
open	8fabdaf2-00b1-4d41-a27b-f4aa13f7b451	TCGA-DX-A3M2	Copy Number Variation	TXT	Genotyping Array	e9fa3d4c-321d-4e51-959a-6b4872c2df20	FLUES_p_TCGASNP_228_229_230_N_GenomeWideSNP_6_F06_1148932.nocnv_grch38.seg.v2.txt	e9fa3d4c-321d-4e51-959a-6b4872c2df20
controlled	8654c2b5-27d7-43c5-9a39-7fdefd7a0324	TCGA-MO-A47R	Simple Nucleotide Variation	TSV	Genotyping Array	7725ac59-658d-40da-9f6b-6197849155bf	YOGIN_p_TCGA_4_262_263_N_GenomeWideSNP_6_D03_1306162.birdseed.data.txt	7725ac59-658d-40da-9f6b-6197849155bf
open	8fabdaf2-00b1-4d41-a27b-f4aa13f7b451	TCGA-DX-A3M2	Copy Number Variation	TXT	Genotyping Array	dd3e5f6d-3c43-4cac-b975-eca9b6f6f8bf	FLUES_p_TCGASNP_228_229_230_N_GenomeWideSNP_6_E10_1148834.grch38.seg.v2.txt	dd3e5f6d-3c43-4cac-b975-eca9b6f6f8bf
open	8fabdaf2-00b1-4d41-a27b-f4aa13f7b451	TCGA-DX-A3M2	Copy Number Variation	TSV	Genotyping Array	849048f8-5213-4d77-bc6d-f3b6aafd380a	TCGA-SARC.c2ac4d7c-9026-4e15-bbfb-fda0f7255c6c.gene_level_copy_number.v36.tsv	849048f8-5213-4d77-bc6d-f3b6aafd380a
open	8654c2b5-27d7-43c5-9a39-7fdefd7a0324	TCGA-MO-A47R	Copy Number Variation	TXT	Genotyping Array	7fc28926-7389-4bef-a503-be6e249037da	YOGIN_p_TCGA_4_262_263_N_GenomeWideSNP_6_D06_1306204.grch38.seg.v2.txt	7fc28926-7389-4bef-a503-be6e249037da
open	872244e2-d1ed-4a1d-9162-365f45e7f1a0	TCGA-DX-AB30	Copy Number Variation	TSV	Genotyping Array	2bd63432-b70c-40f8-84ff-36cf37c44680	TCGA-SARC.12095bc2-7c3e-41d2-9c15-23927a2766d0.gene_level_copy_number.v36.tsv	2bd63432-b70c-40f8-84ff-36cf37c44680
open	8c279bc5-117e-440b-b118-af01fc6c11a2	TCGA-MB-A8JK	Copy Number Variation	TSV	Genotyping Array	2c1fa2f8-7f67-4363-ab61-18f572fdebeb	TCGA-SARC.df99a19a-c11f-4969-a654-74edb515893d.gene_level_copy_number.v36.tsv	2c1fa2f8-7f67-4363-ab61-18f572fdebeb
open	8fc1fade-42aa-45d9-8ed3-2f7e73cb0936	TCGA-DX-A48N	Copy Number Variation	TSV	Genotyping Array	29aa135f-d1f9-43ba-9812-13e4e5418046	TCGA-SARC.dced15f4-6936-4bd2-8c04-9919768b40ca.gene_level_copy_number.v36.tsv	29aa135f-d1f9-43ba-9812-13e4e5418046
open	83a93378-0978-4102-9e4b-09b547b75687	TCGA-K1-A42W	Copy Number Variation	TSV	Genotyping Array	0de60749-f974-4563-a5df-b49fa318a2bd	TCGA-SARC.db9a3940-19be-4c9e-bc2f-1daf319b024d.gene_level_copy_number.v36.tsv	0de60749-f974-4563-a5df-b49fa318a2bd
open	8fc1fade-42aa-45d9-8ed3-2f7e73cb0936	TCGA-DX-A48N	Copy Number Variation	TSV	Genotyping Array	742dee72-e28e-4f4a-99cc-40e572c9e15e	TCGA-SARC.dced15f4-6936-4bd2-8c04-9919768b40ca.ascat3.gene_level_copy_number.v36.tsv	742dee72-e28e-4f4a-99cc-40e572c9e15e
open	92da1d84-03a1-4fe9-bc0d-7fe61dfbe904	TCGA-PC-A5DL	Copy Number Variation	TSV	Genotyping Array	09ec7c53-3410-466b-b5c7-83b4eade4617	TCGA-SARC.a25f21a5-c22a-429e-b0d1-a7c35339c5f7.absolute_liftover.gene_level_copy_number.v36.tsv	09ec7c53-3410-466b-b5c7-83b4eade4617
open	92da1d84-03a1-4fe9-bc0d-7fe61dfbe904	TCGA-PC-A5DL	Copy Number Variation	TXT	Genotyping Array	8a6377a3-e061-4f24-8fe4-da666f8c0061	WAGER_p_TCGA_282_284_285_286_N_GenomeWideSNP_6_A10_1359106.nocnv_grch38.seg.v2.txt	8a6377a3-e061-4f24-8fe4-da666f8c0061
open	92da1d84-03a1-4fe9-bc0d-7fe61dfbe904	TCGA-PC-A5DL	Copy Number Variation	TSV	Genotyping Array	e8514fe8-f0cb-408f-926e-eae36a2fec37	TCGA-SARC.a25f21a5-c22a-429e-b0d1-a7c35339c5f7.gene_level_copy_number.v36.tsv	e8514fe8-f0cb-408f-926e-eae36a2fec37
open	885b1b65-4280-4aab-a7f0-434b0317d86f	TCGA-IE-A6BZ	Copy Number Variation	TXT	Genotyping Array	c6c998d4-0d4c-4263-bddf-f923aff2f06c	TCGA-SARC.07440254-c4ae-43ec-8f9d-fdebdfc41021.ascat3.allelic_specific.seg.txt	c6c998d4-0d4c-4263-bddf-f923aff2f06c
open	8c66f5f5-3e37-4353-b0f8-64b92a733da8	TCGA-DX-A1L4	Copy Number Variation	TXT	Genotyping Array	e311f14b-b3b9-42cd-b0f8-2740e6f68f1e	WAGER_p_TCGA_282_284_285_286_N_GenomeWideSNP_6_C10_1359036.grch38.seg.v2.txt	e311f14b-b3b9-42cd-b0f8-2740e6f68f1e
open	9bdc3867-2115-4351-af5f-a52a2c20ae5d	TCGA-K1-A42X	Copy Number Variation	TSV	Genotyping Array	28a0535d-edeb-4c8d-b9ec-7cf91434d562	TCGA-SARC.ca032186-cf0a-47c8-a29d-ea5fd60eae92.absolute_liftover.gene_level_copy_number.v36.tsv	28a0535d-edeb-4c8d-b9ec-7cf91434d562
controlled	90db503c-f9c8-4d31-bed4-e3383b69c89b	TCGA-X9-A973	Copy Number Variation	CEL	Genotyping Array	25d3d3ea-94f0-4a98-984c-fda248bbb5b6	ENATE_p_TCGAb_394_395_396_NSP_GenomeWideSNP_6_G02_1474192.CEL	25d3d3ea-94f0-4a98-984c-fda248bbb5b6
open	90db503c-f9c8-4d31-bed4-e3383b69c89b	TCGA-X9-A973	Copy Number Variation	TXT	Genotyping Array	9d759ce3-7e3e-4d7c-ac77-40eaf504282e	TCGA-SARC.8bad38ee-5f75-4c5f-97dd-b49a46fb3f98.ascat2.allelic_specific.seg.txt	9d759ce3-7e3e-4d7c-ac77-40eaf504282e
controlled	a37238f3-55b5-43df-a0c5-3d22ee5156f3	TCGA-DX-A48R	Simple Nucleotide Variation	TSV	Genotyping Array	5cabc83a-2994-46a1-b254-23c243dcf2cf	SNOWS_p_TCGA_Batch_309_310_NSP_GenomeWideSNP_6_F03_1362106.birdseed.data.txt	5cabc83a-2994-46a1-b254-23c243dcf2cf
open	89a3ccb1-252a-46f9-97c7-3e44b34d7967	TCGA-X6-A7WB	Copy Number Variation	TXT	Genotyping Array	4c0b1cdd-2de8-40e7-abe9-52c6231adf8d	TAZZA_p_TCGAb3_62_63_64_65_NSP_GenomeWideSNP_6_C11_1387970.nocnv_grch38.seg.v2.txt	4c0b1cdd-2de8-40e7-abe9-52c6231adf8d
open	89a3ccb1-252a-46f9-97c7-3e44b34d7967	TCGA-X6-A7WB	Copy Number Variation	TSV	Genotyping Array	230c4b0e-2c02-43ce-aa11-c59d17b2ca29	TCGA-SARC.eb118aaa-c623-40fb-b489-bb0b846b082f.gene_level_copy_number.v36.tsv	230c4b0e-2c02-43ce-aa11-c59d17b2ca29
open	93dfe3c6-445d-4976-93c0-9a826730fd58	TCGA-QQ-A5V9	Copy Number Variation	TXT	Genotyping Array	0ecf604a-94a2-4c3d-a1e3-882073bcf601	THREW_p_TCGAb_329_335_336_NSP_GenomeWideSNP_6_F03_1367098.grch38.seg.v2.txt	0ecf604a-94a2-4c3d-a1e3-882073bcf601
open	8d8921ac-ca12-4e17-bd5e-982ff0d699a1	TCGA-DX-A23U	Copy Number Variation	TXT	Genotyping Array	889b6789-9e49-40ff-8652-9b19cc0671c9	TCGA-SARC.ebd9bc36-03a7-419f-ace8-2402959a914d.ascat3.allelic_specific.seg.txt	889b6789-9e49-40ff-8652-9b19cc0671c9
open	93dfe3c6-445d-4976-93c0-9a826730fd58	TCGA-QQ-A5V9	Copy Number Variation	TXT	Genotyping Array	b42a0c68-bb06-420a-8c50-780bc4d4f126	THREW_p_TCGAb_329_335_336_NSP_GenomeWideSNP_6_F04_1367218.grch38.seg.v2.txt	b42a0c68-bb06-420a-8c50-780bc4d4f126
open	90db503c-f9c8-4d31-bed4-e3383b69c89b	TCGA-X9-A973	Copy Number Variation	TSV	Genotyping Array	f6c92d10-3120-4ff5-ae19-a24745a73f84	TCGA-SARC.8bad38ee-5f75-4c5f-97dd-b49a46fb3f98.absolute_liftover.gene_level_copy_number.v36.tsv	f6c92d10-3120-4ff5-ae19-a24745a73f84
controlled	90db503c-f9c8-4d31-bed4-e3383b69c89b	TCGA-X9-A973	Simple Nucleotide Variation	TSV	Genotyping Array	0e91d8d8-de27-4fe7-9d5a-a8d913308d85	ENATE_p_TCGAb_394_395_396_NSP_GenomeWideSNP_6_G02_1474192.birdseed.data.txt	0e91d8d8-de27-4fe7-9d5a-a8d913308d85
controlled	9111759f-a0b7-452d-a0de-838fe010245e	TCGA-LI-A9QH	Copy Number Variation	CEL	Genotyping Array	858d4ebc-a8c0-4760-bfa7-29d68e4983c3	BREWS_p_TCGAb_382_383_NSP_GenomeWideSNP_6_G10_1465138.CEL	858d4ebc-a8c0-4760-bfa7-29d68e4983c3
open	9bdc3867-2115-4351-af5f-a52a2c20ae5d	TCGA-K1-A42X	Copy Number Variation	TXT	Genotyping Array	398a7f0f-d4b2-41a2-b724-8660c68858d0	YOGIN_p_TCGA_4_262_263_N_GenomeWideSNP_6_B06_1306224.nocnv_grch38.seg.v2.txt	398a7f0f-d4b2-41a2-b724-8660c68858d0
open	8d8921ac-ca12-4e17-bd5e-982ff0d699a1	TCGA-DX-A23U	Copy Number Variation	TSV	Genotyping Array	871ab4cf-716c-43f4-b97a-9495609af1f2	TCGA-SARC.ebd9bc36-03a7-419f-ace8-2402959a914d.absolute_liftover.gene_level_copy_number.v36.tsv	871ab4cf-716c-43f4-b97a-9495609af1f2
controlled	9111759f-a0b7-452d-a0de-838fe010245e	TCGA-LI-A9QH	Copy Number Variation	CEL	Genotyping Array	d30e3272-8aa3-4c6f-9edb-7a8b234eebe6	BREWS_p_TCGAb_382_383_NSP_GenomeWideSNP_6_G11_1465062.CEL	d30e3272-8aa3-4c6f-9edb-7a8b234eebe6
open	89ea0e21-c5af-42b4-9f64-5ba4874ab76e	TCGA-DX-A7EF	Copy Number Variation	TSV	Genotyping Array	3e3619ca-d2cc-49fe-a95d-bca4e77ed1bf	TCGA-SARC.50c5baaa-298c-4340-82d9-714a27b2c093.gene_level_copy_number.v36.tsv	3e3619ca-d2cc-49fe-a95d-bca4e77ed1bf
open	94359edf-7208-4b4c-ad7c-4064974de818	TCGA-DX-AB3C	Copy Number Variation	TXT	Genotyping Array	83399d31-0386-48e4-aa87-99bf014c31be	CUBES_p_TCGAb_425_426_427_NSP_GenomeWideSNP_6_G02_1513930.nocnv_grch38.seg.v2.txt	83399d31-0386-48e4-aa87-99bf014c31be
controlled	8f3f6f7c-4b50-467e-a6e8-d836735913f6	TCGA-DX-A3U5	Simple Nucleotide Variation	TSV	Genotyping Array	3eefa63a-d08d-4abf-a950-c9b7b2f2d7ad	FLUES_p_TCGASNP_228_229_230_N_GenomeWideSNP_6_E11_1148798.birdseed.data.txt	3eefa63a-d08d-4abf-a950-c9b7b2f2d7ad
open	9111759f-a0b7-452d-a0de-838fe010245e	TCGA-LI-A9QH	Copy Number Variation	TXT	Genotyping Array	76c2ade5-7fbb-49a9-8edd-2f6e1ea9272f	TCGA-SARC.d018b579-f3b9-4f35-819e-5506f2b1e849.ascat3.allelic_specific.seg.txt	76c2ade5-7fbb-49a9-8edd-2f6e1ea9272f
controlled	a4f68239-5b9f-40d7-9e52-b68efa170c1c	TCGA-3B-A9I1	Simple Nucleotide Variation	TSV	Genotyping Array	80335363-2a2d-4fd9-926e-a4fa7cb20b3b	PRION_p_TCGAb_410_11_12_13_NSP_GenomeWideSNP_6_E10_1486634.birdseed.data.txt	80335363-2a2d-4fd9-926e-a4fa7cb20b3b
controlled	9bdc3867-2115-4351-af5f-a52a2c20ae5d	TCGA-K1-A42X	Copy Number Variation	CEL	Genotyping Array	934509a1-562d-45f0-b77f-cda5d3b2a98b	YOGIN_p_TCGA_4_262_263_N_GenomeWideSNP_6_C10_1306228.CEL	934509a1-562d-45f0-b77f-cda5d3b2a98b
open	94359edf-7208-4b4c-ad7c-4064974de818	TCGA-DX-AB3C	Copy Number Variation	TSV	Genotyping Array	f20591e5-e833-4b70-af9e-008cece2c30e	TCGA-SARC.9273d715-6ef2-4151-a9c4-dc536c3640fd.gene_level_copy_number.v36.tsv	f20591e5-e833-4b70-af9e-008cece2c30e
open	9bdc3867-2115-4351-af5f-a52a2c20ae5d	TCGA-K1-A42X	Copy Number Variation	TXT	Genotyping Array	29668c97-b7ff-4692-b87e-e22a1b33910e	YOGIN_p_TCGA_4_262_263_N_GenomeWideSNP_6_B10_1306266.nocnv_grch38.seg.v2.txt	29668c97-b7ff-4692-b87e-e22a1b33910e
open	9bdc3867-2115-4351-af5f-a52a2c20ae5d	TCGA-K1-A42X	Copy Number Variation	TXT	Genotyping Array	f89223e2-42d2-408c-8801-0c3bcc8cec37	YOGIN_p_TCGA_4_262_263_N_GenomeWideSNP_6_B06_1306224.grch38.seg.v2.txt	f89223e2-42d2-408c-8801-0c3bcc8cec37
open	914df75d-25f5-4b2f-96c7-95861d7dfa30	TCGA-DX-A8BM	Copy Number Variation	TXT	Genotyping Array	0c1f63d3-1b44-44a0-a024-8259e9527afc	TCGA-SARC.fe565711-ae28-4680-95ec-cd0b2c0bb754.ascat2.allelic_specific.seg.txt	0c1f63d3-1b44-44a0-a024-8259e9527afc
open	9bf78d02-f5e5-4cee-8d4d-57cc567cb510	TCGA-MB-A8JL	Copy Number Variation	TSV	Genotyping Array	0afedb4f-6cd7-4646-935e-580f29049f18	TCGA-SARC.5c587667-20f8-4f13-90e3-03cdfcda3ab1.gene_level_copy_number.v36.tsv	0afedb4f-6cd7-4646-935e-580f29049f18
open	9517413b-b5b8-4130-8ba1-d86d44abe2ec	TCGA-DX-A1L3	Copy Number Variation	TSV	Genotyping Array	1dede2f4-7cad-4f1b-8695-56a33197c4ba	TCGA-SARC.4c87e44d-f539-4efc-b6fb-bdd0561b7219.gene_level_copy_number.v36.tsv	1dede2f4-7cad-4f1b-8695-56a33197c4ba
open	a7613c60-93a1-4a4c-9b12-dfd2103b0168	TCGA-QC-AA9N	Copy Number Variation	TSV	Genotyping Array	864b1fb7-c347-4f2e-ad9c-0252355ef8e4	TCGA-SARC.ab0ceefd-4c0f-46a2-9f51-9dbf0aec6a2f.gene_level_copy_number.v36.tsv	864b1fb7-c347-4f2e-ad9c-0252355ef8e4
open	8f4293b0-bafc-4348-a203-9516d6f2dc48	TCGA-UE-A6QT	Copy Number Variation	TXT	Genotyping Array	532638f1-64d1-4846-a7d1-6e471045aaa6	THREW_p_TCGAb_329_335_336_NSP_GenomeWideSNP_6_G02_1367040.nocnv_grch38.seg.v2.txt	532638f1-64d1-4846-a7d1-6e471045aaa6
controlled	914df75d-25f5-4b2f-96c7-95861d7dfa30	TCGA-DX-A8BM	Copy Number Variation	CEL	Genotyping Array	d6c81415-7e4f-4c89-8cd7-a7201af3af56	CUBES_p_TCGAb_425_426_427_NSP_GenomeWideSNP_6_E08_1513962.CEL	d6c81415-7e4f-4c89-8cd7-a7201af3af56
open	9bf78d02-f5e5-4cee-8d4d-57cc567cb510	TCGA-MB-A8JL	Copy Number Variation	TXT	Genotyping Array	9245c237-89df-46ce-957d-d65136b4d517	HONGS_p_TCGAb3_75_76_77_NSP_GenomeWideSNP_6_G07_1438148.grch38.seg.v2.txt	9245c237-89df-46ce-957d-d65136b4d517
controlled	9bf78d02-f5e5-4cee-8d4d-57cc567cb510	TCGA-MB-A8JL	Copy Number Variation	CEL	Genotyping Array	0c26fca1-9a6a-4029-a4d2-13e3f384b281	HONGS_p_TCGAb3_75_76_77_NSP_GenomeWideSNP_6_G07_1438148.CEL	0c26fca1-9a6a-4029-a4d2-13e3f384b281
open	ab706ea0-d642-4f58-ba8d-f5d930b91286	TCGA-WK-A8Y0	Copy Number Variation	TXT	Genotyping Array	51517742-582e-4c18-9ba9-d0883a8e3b4f	CUBES_p_TCGAb_425_426_427_NSP_GenomeWideSNP_6_D09_1513982.grch38.seg.v2.txt	51517742-582e-4c18-9ba9-d0883a8e3b4f
open	91d9a1b9-ae23-4eae-9354-8b3a29e3d1e6	TCGA-DX-AB2Z	Copy Number Variation	TXT	Genotyping Array	69f77364-fda7-4644-bcec-17167226a4af	ENATE_p_TCGAb_394_395_396_NSP_GenomeWideSNP_6_F03_1474158.grch38.seg.v2.txt	69f77364-fda7-4644-bcec-17167226a4af
open	ab706ea0-d642-4f58-ba8d-f5d930b91286	TCGA-WK-A8Y0	Copy Number Variation	TSV	Genotyping Array	6df5da65-eae6-4601-ba4d-c82a2b4efd22	TCGA-SARC.70109c42-bf20-49a5-b26d-e989cbcc5a8d.gene_level_copy_number.v36.tsv	6df5da65-eae6-4601-ba4d-c82a2b4efd22
open	9bf78d02-f5e5-4cee-8d4d-57cc567cb510	TCGA-MB-A8JL	Copy Number Variation	TXT	Genotyping Array	5bc3c6a1-690a-4057-a582-d7c42c7b36f4	HONGS_p_TCGAb3_75_76_77_NSP_GenomeWideSNP_6_G07_1438148.nocnv_grch38.seg.v2.txt	5bc3c6a1-690a-4057-a582-d7c42c7b36f4
open	8f4293b0-bafc-4348-a203-9516d6f2dc48	TCGA-UE-A6QT	Copy Number Variation	TXT	Genotyping Array	82ab17a3-d776-4a2e-82f1-850198149334	THREW_p_TCGAb_329_335_336_NSP_GenomeWideSNP_6_G01_1367182.nocnv_grch38.seg.v2.txt	82ab17a3-d776-4a2e-82f1-850198149334
open	a7613c60-93a1-4a4c-9b12-dfd2103b0168	TCGA-QC-AA9N	Copy Number Variation	TXT	Genotyping Array	efffd215-a2a2-4441-ab55-6287c299e7ff	PRION_p_TCGAb_410_11_12_13_NSP_GenomeWideSNP_6_F11_1486736.nocnv_grch38.seg.v2.txt	efffd215-a2a2-4441-ab55-6287c299e7ff
controlled	a7613c60-93a1-4a4c-9b12-dfd2103b0168	TCGA-QC-AA9N	Copy Number Variation	CEL	Genotyping Array	4e6c2910-4c5b-4fad-85e3-726537b0e2d9	PRION_p_TCGAb_410_11_12_13_NSP_GenomeWideSNP_6_F10_1486772.CEL	4e6c2910-4c5b-4fad-85e3-726537b0e2d9
open	969954a8-7f15-4052-9e6a-c5956115f3ad	TCGA-DX-A6BG	Copy Number Variation	TXT	Genotyping Array	ae3b7074-6d15-41fc-bed6-576438bc6971	SNOWS_p_TCGA_Batch_309_310_NSP_GenomeWideSNP_6_G05_1362100.grch38.seg.v2.txt	ae3b7074-6d15-41fc-bed6-576438bc6971
open	9c58e3b2-1dee-4375-8239-ce69a725e3de	TCGA-DX-A6B8	Copy Number Variation	TSV	Genotyping Array	922205f1-5f07-4eb1-9e69-daa926366f3e	TCGA-SARC.28b602f2-2fc5-4c5e-a7dd-91c7927658f9.ascat3.gene_level_copy_number.v36.tsv	922205f1-5f07-4eb1-9e69-daa926366f3e
open	9c58e3b2-1dee-4375-8239-ce69a725e3de	TCGA-DX-A6B8	Copy Number Variation	TXT	Genotyping Array	cecb6beb-64dc-4ff9-8a03-cb4199b9e0f7	SNOWS_p_TCGA_Batch_309_310_NSP_GenomeWideSNP_6_F10_1362122.grch38.seg.v2.txt	cecb6beb-64dc-4ff9-8a03-cb4199b9e0f7
open	a7c45269-b693-45c4-81fd-6dd3379877e8	TCGA-DX-A7ER	Copy Number Variation	TXT	Genotyping Array	f4307c06-7a5e-411a-b9fc-6d4c50b7e410	HEIGH_p_TCGAb418_19_21_BCR_NSP_GenomeWideSNP_6_H01_1485640.nocnv_grch38.seg.v2.txt	f4307c06-7a5e-411a-b9fc-6d4c50b7e410
controlled	91d9a1b9-ae23-4eae-9354-8b3a29e3d1e6	TCGA-DX-AB2Z	Copy Number Variation	CEL	Genotyping Array	e6407bae-3200-4ec6-86cd-ad70174ce895	ENATE_p_TCGAb_394_395_396_NSP_GenomeWideSNP_6_F04_1474124.CEL	e6407bae-3200-4ec6-86cd-ad70174ce895
open	91d9a1b9-ae23-4eae-9354-8b3a29e3d1e6	TCGA-DX-AB2Z	Copy Number Variation	TXT	Genotyping Array	ef673f37-ca10-4903-bc5b-dad4d55e9a4b	TCGA-SARC.50efa72d-44c3-4921-a289-9664df662f8e.ascat3.allelic_specific.seg.txt	ef673f37-ca10-4903-bc5b-dad4d55e9a4b
open	ac1eb376-ff96-4ed9-929a-03975f72ac15	TCGA-DX-A3UA	Copy Number Variation	TSV	Genotyping Array	bb27b34b-b709-4934-b1d3-abd8e98c05e8	TCGA-SARC.3b0d8bbd-0cdf-4b12-a379-04dbd02ae640.gene_level_copy_number.v36.tsv	bb27b34b-b709-4934-b1d3-abd8e98c05e8
open	a7c45269-b693-45c4-81fd-6dd3379877e8	TCGA-DX-A7ER	Copy Number Variation	TXT	Genotyping Array	2d71e13c-36fa-4328-b631-eadf27281ceb	HONGS_p_TCGAb3_75_76_77_NSP_GenomeWideSNP_6_G03_1438170.grch38.seg.v2.txt	2d71e13c-36fa-4328-b631-eadf27281ceb
controlled	a7c45269-b693-45c4-81fd-6dd3379877e8	TCGA-DX-A7ER	Simple Nucleotide Variation	TSV	Genotyping Array	fb62fd5d-4aa8-4ff3-ad89-56738ed4bda3	HONGS_p_TCGAb3_75_76_77_NSP_GenomeWideSNP_6_E08_1438300.birdseed.data.txt	fb62fd5d-4aa8-4ff3-ad89-56738ed4bda3
open	8f4c042c-fbe3-4d0c-b2bd-695bc37483f5	TCGA-N1-A6IA	Copy Number Variation	TSV	Genotyping Array	08215254-7b77-4a03-8082-4a4c774cb8e8	TCGA-SARC.9c8245da-bbbc-426e-9245-cdfe1e6079d3.ascat3.gene_level_copy_number.v36.tsv	08215254-7b77-4a03-8082-4a4c774cb8e8
controlled	9c58e3b2-1dee-4375-8239-ce69a725e3de	TCGA-DX-A6B8	Simple Nucleotide Variation	TSV	Genotyping Array	c96fb3f9-ef84-4890-baaa-a771b520eb82	SNOWS_p_TCGA_Batch_309_310_NSP_GenomeWideSNP_6_F11_1361996.birdseed.data.txt	c96fb3f9-ef84-4890-baaa-a771b520eb82
controlled	ac1eb376-ff96-4ed9-929a-03975f72ac15	TCGA-DX-A3UA	Copy Number Variation	CEL	Genotyping Array	662048fd-6d87-436b-946f-095b2faadf40	SNOWS_p_TCGA_Batch_309_310_NSP_GenomeWideSNP_6_D03_1362146.CEL	662048fd-6d87-436b-946f-095b2faadf40
open	a7c45269-b693-45c4-81fd-6dd3379877e8	TCGA-DX-A7ER	Copy Number Variation	TXT	Genotyping Array	ebd1b94f-96cc-495b-b2f6-8aa102cb2ec2	HONGS_p_TCGAb3_75_76_77_NSP_GenomeWideSNP_6_G03_1438170.nocnv_grch38.seg.v2.txt	ebd1b94f-96cc-495b-b2f6-8aa102cb2ec2
open	8f4c042c-fbe3-4d0c-b2bd-695bc37483f5	TCGA-N1-A6IA	Copy Number Variation	TSV	Genotyping Array	54962e23-f827-46ab-b7a3-11b2689afc39	TCGA-SARC.9c8245da-bbbc-426e-9245-cdfe1e6079d3.absolute_liftover.gene_level_copy_number.v36.tsv	54962e23-f827-46ab-b7a3-11b2689afc39
open	969954a8-7f15-4052-9e6a-c5956115f3ad	TCGA-DX-A6BG	Copy Number Variation	TXT	Genotyping Array	9cdae2c6-e25f-47ce-8b4c-4befd204403f	TCGA-SARC.096b01ce-bd04-4d2e-aa9d-155e2ca1e24d.ascat2.allelic_specific.seg.txt	9cdae2c6-e25f-47ce-8b4c-4befd204403f
open	a7c45269-b693-45c4-81fd-6dd3379877e8	TCGA-DX-A7ER	Copy Number Variation	TSV	Genotyping Array	f8c6a19e-7617-495b-bb4b-df2adecb3070	TCGA-SARC.2ebdcb6a-a3bf-41c0-9217-d95e17969fbf.gene_level_copy_number.v36.tsv	f8c6a19e-7617-495b-bb4b-df2adecb3070
open	8f4c042c-fbe3-4d0c-b2bd-695bc37483f5	TCGA-N1-A6IA	Copy Number Variation	TXT	Genotyping Array	bdce3c67-b887-4e0c-b405-b75f5707f1cd	THREW_p_TCGAb_329_335_336_NSP_GenomeWideSNP_6_E09_1367148.nocnv_grch38.seg.v2.txt	bdce3c67-b887-4e0c-b405-b75f5707f1cd
open	a7c45269-b693-45c4-81fd-6dd3379877e8	TCGA-DX-A7ER	Copy Number Variation	TSV	Genotyping Array	b4ce3605-06df-4b1c-96d8-4ad1be3d2c82	TCGA-SARC.1dd23cc2-aa04-4361-a428-fc0a51aed1f8.gene_level_copy_number.v36.tsv	b4ce3605-06df-4b1c-96d8-4ad1be3d2c82
controlled	a7c45269-b693-45c4-81fd-6dd3379877e8	TCGA-DX-A7ER	Copy Number Variation	CEL	Genotyping Array	07e5f585-a6a2-4b5a-b43f-32644b49d702	HONGS_p_TCGAb3_75_76_77_NSP_GenomeWideSNP_6_G03_1438170.CEL	07e5f585-a6a2-4b5a-b43f-32644b49d702
open	a857d684-7195-44f9-ba21-b88020bd9633	TCGA-SI-A71O	Copy Number Variation	TSV	Genotyping Array	0336d2ca-b688-48f5-882f-bae3fc748927	TCGA-SARC.f688fae7-a29c-4e17-9f9f-57c6bb09b305.absolute_liftover.gene_level_copy_number.v36.tsv	0336d2ca-b688-48f5-882f-bae3fc748927
controlled	ac2eeb9d-b5eb-465c-8271-c89bdb1ba136	TCGA-DX-A8BQ	Copy Number Variation	CEL	Genotyping Array	f34e383b-00ac-4fe5-a849-21c0bc36254d	BREWS_p_TCGAb_382_383_NSP_GenomeWideSNP_6_G09_1465130.CEL	f34e383b-00ac-4fe5-a849-21c0bc36254d
open	a857d684-7195-44f9-ba21-b88020bd9633	TCGA-SI-A71O	Copy Number Variation	TSV	Genotyping Array	2c894e6a-2d21-42d8-b7cb-b862b1ccc654	TCGA-SARC.f688fae7-a29c-4e17-9f9f-57c6bb09b305.gene_level_copy_number.v36.tsv	2c894e6a-2d21-42d8-b7cb-b862b1ccc654
open	91f6eb4c-0143-47b9-bcbd-5332d913a039	TCGA-DX-AB3B	Copy Number Variation	TXT	Genotyping Array	7af2563f-61a1-45a3-9ad9-8a6d71c48951	CUBES_p_TCGAb_425_426_427_NSP_GenomeWideSNP_6_F07_1513952.nocnv_grch38.seg.v2.txt	7af2563f-61a1-45a3-9ad9-8a6d71c48951
open	91f6eb4c-0143-47b9-bcbd-5332d913a039	TCGA-DX-AB3B	Copy Number Variation	TXT	Genotyping Array	250841b9-d511-4d05-8f9f-2687e2e66e13	CUBES_p_TCGAb_425_426_427_NSP_GenomeWideSNP_6_F06_1514098.grch38.seg.v2.txt	250841b9-d511-4d05-8f9f-2687e2e66e13
open	b61e39f5-f0dd-485e-8e22-d4fdea751f55	TCGA-SI-A71Q	Copy Number Variation	TXT	Genotyping Array	627e31f7-3630-45d1-affe-2f6543d57888	TCGA-SARC.89c146f4-b242-4a27-aec9-6807ce85e494.ascat2.allelic_specific.seg.txt	627e31f7-3630-45d1-affe-2f6543d57888
open	98b4dd76-e6c4-4125-ba9e-9dc318ffb61c	TCGA-DX-AB2F	Copy Number Variation	TXT	Genotyping Array	d5802d2f-11cf-4747-b395-754508674d39	ENATE_p_TCGAb_394_395_396_NSP_GenomeWideSNP_6_G10_1474080.grch38.seg.v2.txt	d5802d2f-11cf-4747-b395-754508674d39
open	9dcdbd1b-2e03-4314-aef2-1f6b6fe18523	TCGA-DX-AB2X	Copy Number Variation	TXT	Genotyping Array	abf70f9b-02dc-4ede-bbca-e168d05bf2a1	ENATE_p_TCGAb_394_395_396_NSP_GenomeWideSNP_6_E03_1474216.grch38.seg.v2.txt	abf70f9b-02dc-4ede-bbca-e168d05bf2a1
open	98b4dd76-e6c4-4125-ba9e-9dc318ffb61c	TCGA-DX-AB2F	Copy Number Variation	TXT	Genotyping Array	bef73e95-8de0-40c4-916d-158ded7480d0	TCGA-SARC.0e1347f9-53a6-4608-9da5-ce4934c8cdfb.ascat2.allelic_specific.seg.txt	bef73e95-8de0-40c4-916d-158ded7480d0
controlled	91f6eb4c-0143-47b9-bcbd-5332d913a039	TCGA-DX-AB3B	Copy Number Variation	CEL	Genotyping Array	886a8d5b-eca4-497a-90c4-ee51a1e1c737	CUBES_p_TCGAb_425_426_427_NSP_GenomeWideSNP_6_F06_1514098.CEL	886a8d5b-eca4-497a-90c4-ee51a1e1c737
controlled	98b4dd76-e6c4-4125-ba9e-9dc318ffb61c	TCGA-DX-AB2F	Copy Number Variation	CEL	Genotyping Array	a14a9ed8-7b38-48c4-b8ee-30e3a6007bf6	ENATE_p_TCGAb_394_395_396_NSP_GenomeWideSNP_6_G10_1474080.CEL	a14a9ed8-7b38-48c4-b8ee-30e3a6007bf6
controlled	b61e39f5-f0dd-485e-8e22-d4fdea751f55	TCGA-SI-A71Q	Copy Number Variation	CEL	Genotyping Array	4a5fcea3-8842-4692-87fb-93493aac9cf2	MOWED_p_TCGAb3_39_40_41_42_STY_GenomeWideSNP_6_G01_1377464.CEL	4a5fcea3-8842-4692-87fb-93493aac9cf2
controlled	b85e2156-d5ac-486c-93e1-86525ea41a64	TCGA-DX-A3M1	Simple Nucleotide Variation	TSV	Genotyping Array	c3fd0ebd-5a98-45e7-9bd1-d0100498383f	FLUES_p_TCGASNP_228_229_230_N_GenomeWideSNP_6_F05_1148890.birdseed.data.txt	c3fd0ebd-5a98-45e7-9bd1-d0100498383f
controlled	b85e2156-d5ac-486c-93e1-86525ea41a64	TCGA-DX-A3M1	Copy Number Variation	CEL	Genotyping Array	0506f16b-989b-4842-a949-40e0ead38bc7	FLUES_p_TCGASNP_228_229_230_N_GenomeWideSNP_6_G08_1148900.CEL	0506f16b-989b-4842-a949-40e0ead38bc7
open	9dcdbd1b-2e03-4314-aef2-1f6b6fe18523	TCGA-DX-AB2X	Copy Number Variation	TXT	Genotyping Array	c66c7f21-011d-477f-8747-12a5b3e3cb28	TCGA-SARC.64eb6928-a008-4cf1-9dc9-b5b7825cbf6f.ascat3.allelic_specific.seg.txt	c66c7f21-011d-477f-8747-12a5b3e3cb28
controlled	9b781072-66d8-49f2-80f7-7b020746b6e9	TCGA-SI-AA8C	Simple Nucleotide Variation	TSV	Genotyping Array	fd27cc92-c05e-4a32-a5db-1c3a5902cfc4	ENATE_p_TCGAb_394_395_396_NSP_GenomeWideSNP_6_G07_1474166.birdseed.data.txt	fd27cc92-c05e-4a32-a5db-1c3a5902cfc4
controlled	926176c2-0a8f-414a-a7b1-91734bdce6ae	TCGA-DX-A8BJ	Simple Nucleotide Variation	TSV	Genotyping Array	ee562484-1f22-4445-b80c-bd19d8f91d87	CUBES_p_TCGAb_425_426_427_NSP_GenomeWideSNP_6_D06_1514078.birdseed.data.txt	ee562484-1f22-4445-b80c-bd19d8f91d87
open	ac9c3d6a-2df7-472a-b9d7-0a5583463750	TCGA-X6-A8C7	Copy Number Variation	TSV	Genotyping Array	dc7d7daf-3986-4b07-b05f-7ee8ac4ed670	TCGA-SARC.37d5debf-f438-48d2-b978-d6140c679b92.absolute_liftover.gene_level_copy_number.v36.tsv	dc7d7daf-3986-4b07-b05f-7ee8ac4ed670
open	9b781072-66d8-49f2-80f7-7b020746b6e9	TCGA-SI-AA8C	Copy Number Variation	TXT	Genotyping Array	f2a8f950-a631-49ce-9575-dc0466d29bdb	TCGA-SARC.030a8b8c-ce8c-4ec5-af7b-c7e574ea20b6.ascat3.allelic_specific.seg.txt	f2a8f950-a631-49ce-9575-dc0466d29bdb
open	9b781072-66d8-49f2-80f7-7b020746b6e9	TCGA-SI-AA8C	Copy Number Variation	TXT	Genotyping Array	1e0c0f8b-70ca-46ad-a9f8-88d75ce63b6a	ENATE_p_TCGAb_394_395_396_NSP_GenomeWideSNP_6_G07_1474166.grch38.seg.v2.txt	1e0c0f8b-70ca-46ad-a9f8-88d75ce63b6a
open	a857d684-7195-44f9-ba21-b88020bd9633	TCGA-SI-A71O	Copy Number Variation	TXT	Genotyping Array	58ff5add-3e5b-4d82-8e2c-6e38e273d1c1	SODDY_p_TCGAb3_39_40_41_42_NSP_GenomeWideSNP_6_H02_1373982.grch38.seg.v2.txt	58ff5add-3e5b-4d82-8e2c-6e38e273d1c1
open	a857d684-7195-44f9-ba21-b88020bd9633	TCGA-SI-A71O	Copy Number Variation	TSV	Genotyping Array	89f07a8a-0995-4547-b7fd-b99885dddb1a	TCGA-SARC.57a669c7-179f-4c39-90a9-e169b95bcb13.gene_level_copy_number.v36.tsv	89f07a8a-0995-4547-b7fd-b99885dddb1a
controlled	9ebda267-a475-408a-a512-cd3761de83b4	TCGA-QC-A6FX	Simple Nucleotide Variation	TSV	Genotyping Array	4163efda-505b-479a-9a4a-7e754c97f75b	THREW_p_TCGAb_329_335_336_NSP_GenomeWideSNP_6_E12_1367078.birdseed.data.txt	4163efda-505b-479a-9a4a-7e754c97f75b
open	ac9c3d6a-2df7-472a-b9d7-0a5583463750	TCGA-X6-A8C7	Copy Number Variation	TXT	Genotyping Array	50b3a473-9455-4fbd-aa45-d37163643a0c	TCGA-SARC.37d5debf-f438-48d2-b978-d6140c679b92.ascat2.allelic_specific.seg.txt	50b3a473-9455-4fbd-aa45-d37163643a0c
controlled	ac9c3d6a-2df7-472a-b9d7-0a5583463750	TCGA-X6-A8C7	Copy Number Variation	CEL	Genotyping Array	5d8f976b-421a-4ee5-a416-587b4a1f7780	HONGS_p_TCGAb3_75_76_77_NSP_GenomeWideSNP_6_G05_1438270.CEL	5d8f976b-421a-4ee5-a416-587b4a1f7780
open	b85e2156-d5ac-486c-93e1-86525ea41a64	TCGA-DX-A3M1	Copy Number Variation	TXT	Genotyping Array	828c3ae1-908a-40f4-8e11-747c084f4dd4	TCGA-SARC.ce61b491-98f1-497f-9c25-4c453e98c6ca.ascat2.allelic_specific.seg.txt	828c3ae1-908a-40f4-8e11-747c084f4dd4
open	a8ce2be1-1f15-4e02-9161-5f161447a541	TCGA-3B-A9I0	Copy Number Variation	TXT	Genotyping Array	ef0a9e80-0ca0-48f6-9e8a-5cf649733cee	TCGA-SARC.5b0a431b-f8ac-4e83-ba2d-d88e8a437bbf.ascat3.allelic_specific.seg.txt	ef0a9e80-0ca0-48f6-9e8a-5cf649733cee
open	c20682a1-f340-430d-99f9-077fe093ed19	TCGA-IW-A3M5	Copy Number Variation	TSV	Genotyping Array	c4ef0af3-be17-405c-a623-d168382ffebe	TCGA-SARC.8e3731a9-16af-446f-9657-2390839f3986.gene_level_copy_number.v36.tsv	c4ef0af3-be17-405c-a623-d168382ffebe
controlled	a8ce2be1-1f15-4e02-9161-5f161447a541	TCGA-3B-A9I0	Simple Nucleotide Variation	TSV	Genotyping Array	5b94c38b-e834-45bd-9326-9b2db27b37d6	PRION_p_TCGAb_410_11_12_13_NSP_GenomeWideSNP_6_E04_1486586.birdseed.data.txt	5b94c38b-e834-45bd-9326-9b2db27b37d6
open	cc891960-42a2-4d76-b93b-c2914c929154	TCGA-DX-A6B9	Copy Number Variation	TSV	Genotyping Array	5fb3674f-85c3-4a1a-8ebf-01bb4d76b2b0	TCGA-SARC.083315bd-fac2-4fb6-ad91-1271b00bb737.ascat3.gene_level_copy_number.v36.tsv	5fb3674f-85c3-4a1a-8ebf-01bb4d76b2b0
open	b8dd67ae-5808-45fc-9a1f-47f18a2f827d	TCGA-DX-A6YS	Copy Number Variation	TSV	Genotyping Array	096d7fbf-f63c-4c36-9d2f-7fc73e6104f3	TCGA-SARC.ffae65f7-973f-462e-8dd6-165b8d6e21a6.ascat3.gene_level_copy_number.v36.tsv	096d7fbf-f63c-4c36-9d2f-7fc73e6104f3
open	b0c194ce-8f60-423f-afca-7f577813421c	TCGA-X9-A971	Copy Number Variation	TXT	Genotyping Array	3238c46f-6d48-4d88-9d4e-02893f2e70bf	ENATE_p_TCGAb_394_395_396_NSP_GenomeWideSNP_6_F02_1474088.nocnv_grch38.seg.v2.txt	3238c46f-6d48-4d88-9d4e-02893f2e70bf
open	c20682a1-f340-430d-99f9-077fe093ed19	TCGA-IW-A3M5	Copy Number Variation	TSV	Genotyping Array	b03c78fb-5836-412f-87a1-eb5276d6b196	TCGA-SARC.8e3731a9-16af-446f-9657-2390839f3986.ascat3.gene_level_copy_number.v36.tsv	b03c78fb-5836-412f-87a1-eb5276d6b196
open	b8dd67ae-5808-45fc-9a1f-47f18a2f827d	TCGA-DX-A6YS	Copy Number Variation	TXT	Genotyping Array	8e2512df-35c9-4291-ad61-e32729051dd5	TCGA-SARC.ffae65f7-973f-462e-8dd6-165b8d6e21a6.ascat3.allelic_specific.seg.txt	8e2512df-35c9-4291-ad61-e32729051dd5
open	c25a0746-d2cf-47cc-82fc-8547cd9f89b0	TCGA-WK-A8XS	Copy Number Variation	TSV	Genotyping Array	069d230a-c81a-4149-82e0-a455d04381c7	TCGA-SARC.103bdc11-8aa9-486c-ba84-cad23e72c603.gene_level_copy_number.v36.tsv	069d230a-c81a-4149-82e0-a455d04381c7
open	cc891960-42a2-4d76-b93b-c2914c929154	TCGA-DX-A6B9	Copy Number Variation	TXT	Genotyping Array	d3f3b712-6ddf-4e98-a491-65ecd4415255	TCGA-SARC.083315bd-fac2-4fb6-ad91-1271b00bb737.ascat3.allelic_specific.seg.txt	d3f3b712-6ddf-4e98-a491-65ecd4415255
controlled	a8ce2be1-1f15-4e02-9161-5f161447a541	TCGA-3B-A9I0	Simple Nucleotide Variation	TSV	Genotyping Array	655ea7e9-91d6-4712-9059-176d36aa53ff	PRION_p_TCGAb_410_11_12_13_NSP_GenomeWideSNP_6_E05_1486674.birdseed.data.txt	655ea7e9-91d6-4712-9059-176d36aa53ff
open	b8dd67ae-5808-45fc-9a1f-47f18a2f827d	TCGA-DX-A6YS	Copy Number Variation	TXT	Genotyping Array	3fab525b-0384-44db-8083-8697e4bc70e1	TAZZA_p_TCGAb3_62_63_64_65_NSP_GenomeWideSNP_6_D03_1387900.grch38.seg.v2.txt	3fab525b-0384-44db-8083-8697e4bc70e1
open	9ef5cdda-8aba-4027-8cf0-e53b2f54704a	TCGA-3B-A9HU	Copy Number Variation	TXT	Genotyping Array	2514dc67-bf84-44ca-bb58-705b935c4611	PRION_p_TCGAb_410_11_12_13_NSP_GenomeWideSNP_6_C03_1486692.grch38.seg.v2.txt	2514dc67-bf84-44ca-bb58-705b935c4611
open	b0c194ce-8f60-423f-afca-7f577813421c	TCGA-X9-A971	Copy Number Variation	TXT	Genotyping Array	1073f7ee-13f3-4d54-aa79-f44a1864aff2	TCGA-SARC.a82fdfae-7b34-48ca-b43d-ee816193dafc.ascat3.allelic_specific.seg.txt	1073f7ee-13f3-4d54-aa79-f44a1864aff2
controlled	9ef5cdda-8aba-4027-8cf0-e53b2f54704a	TCGA-3B-A9HU	Copy Number Variation	CEL	Genotyping Array	c9224465-4d7f-4ca5-90ab-85960b76f10e	PRION_p_TCGAb_410_11_12_13_NSP_GenomeWideSNP_6_C03_1486692.CEL	c9224465-4d7f-4ca5-90ab-85960b76f10e
controlled	cc9eb46b-47a6-44b2-97c1-3ee866bbfc3d	TCGA-DX-AB2E	Simple Nucleotide Variation	TSV	Genotyping Array	4f9c692b-c811-4fe8-87a3-105dae09c0f5	PRION_p_TCGAb_410_11_12_13_NSP_GenomeWideSNP_6_D04_1486734.birdseed.data.txt	4f9c692b-c811-4fe8-87a3-105dae09c0f5
open	b1a92728-e119-4f5f-a303-2ebb8ea3db88	TCGA-PC-A5DO	Copy Number Variation	TXT	Genotyping Array	13ceb2c7-f13e-4dbb-959d-3f1d0a4526c8	WAGER_p_TCGA_282_284_285_286_N_GenomeWideSNP_6_H11_1359166.nocnv_grch38.seg.v2.txt	13ceb2c7-f13e-4dbb-959d-3f1d0a4526c8
open	bc282a61-9e8b-4330-9177-fc515293f051	TCGA-DX-AB2S	Copy Number Variation	TXT	Genotyping Array	8ee03514-442b-43b9-9b6d-73a6b0c93caa	PRION_p_TCGAb_410_11_12_13_NSP_GenomeWideSNP_6_C10_1486708.nocnv_grch38.seg.v2.txt	8ee03514-442b-43b9-9b6d-73a6b0c93caa
open	cd8637c0-1651-4e8a-9a88-7fb06dc36ff8	TCGA-JV-A75J	Copy Number Variation	TXT	Genotyping Array	70fce54f-84e9-4e54-a615-78da470eb962	TCGA-SARC.2dc3c665-007d-46c5-86ff-9ac939f7eb9b.ascat3.allelic_specific.seg.txt	70fce54f-84e9-4e54-a615-78da470eb962
controlled	cd8637c0-1651-4e8a-9a88-7fb06dc36ff8	TCGA-JV-A75J	Simple Nucleotide Variation	TSV	Genotyping Array	c9ced96c-b7c0-4903-a182-1ad638a55fce	THREW_p_TCGAb_329_335_336_NSP_GenomeWideSNP_6_E03_1367074.birdseed.data.txt	c9ced96c-b7c0-4903-a182-1ad638a55fce
open	cd8637c0-1651-4e8a-9a88-7fb06dc36ff8	TCGA-JV-A75J	Copy Number Variation	TXT	Genotyping Array	95d9b3ec-699d-47e5-9ae3-780bb94aa171	THREW_p_TCGAb_329_335_336_NSP_GenomeWideSNP_6_E03_1367074.nocnv_grch38.seg.v2.txt	95d9b3ec-699d-47e5-9ae3-780bb94aa171
open	aaf93a92-2f93-477d-9ea4-d18ab7d4f258	TCGA-3B-A9HL	Copy Number Variation	TSV	Genotyping Array	895070dc-f495-4006-accc-a2151c86328e	TCGA-SARC.98c4be6d-efc5-4386-a19e-1967f146d688.absolute_liftover.gene_level_copy_number.v36.tsv	895070dc-f495-4006-accc-a2151c86328e
open	b1a92728-e119-4f5f-a303-2ebb8ea3db88	TCGA-PC-A5DO	Copy Number Variation	TSV	Genotyping Array	0e515443-f11a-43b6-a742-64e12e26eb88	TCGA-SARC.e4969783-5243-4a76-b54b-c76e474df12a.gene_level_copy_number.v36.tsv	0e515443-f11a-43b6-a742-64e12e26eb88
open	a1f0e5db-5c73-4b83-8cc4-6208941806de	TCGA-DX-A7ES	Copy Number Variation	TXT	Genotyping Array	1e092bb6-8ce9-47e6-b9f1-250973659bc3	TCGA-SARC.47e74b95-d554-4a7a-90a8-742f96d53fa1.ascat3.allelic_specific.seg.txt	1e092bb6-8ce9-47e6-b9f1-250973659bc3
controlled	a1f0e5db-5c73-4b83-8cc4-6208941806de	TCGA-DX-A7ES	Copy Number Variation	CEL	Genotyping Array	9401e79b-318e-4296-95b0-76740862871a	PRION_p_TCGAb_410_11_12_13_NSP_GenomeWideSNP_6_E01_1486714.CEL	9401e79b-318e-4296-95b0-76740862871a
controlled	aaf93a92-2f93-477d-9ea4-d18ab7d4f258	TCGA-3B-A9HL	Copy Number Variation	CEL	Genotyping Array	b622a9b6-a7c5-45e8-a586-403b793e6c21	ENATE_p_TCGAb_394_395_396_NSP_GenomeWideSNP_6_F10_1474156.CEL	b622a9b6-a7c5-45e8-a586-403b793e6c21
open	c5b0e6be-48b5-40e5-9d90-f9112050aa88	TCGA-HB-A5W3	Copy Number Variation	TXT	Genotyping Array	2f647b60-a6ea-49c9-b6a9-e99044b24877	TCGA-SARC.32f10c79-8904-434e-978a-e1d2447f12cd.ascat3.allelic_specific.seg.txt	2f647b60-a6ea-49c9-b6a9-e99044b24877
open	c5b0e6be-48b5-40e5-9d90-f9112050aa88	TCGA-HB-A5W3	Copy Number Variation	TXT	Genotyping Array	fd78e81f-972d-4dc5-a9e0-91a9bd3f166b	BURSA_p_TCGA_303_304_305_N_GenomeWideSNP_6_E10_1344846.nocnv_grch38.seg.v2.txt	fd78e81f-972d-4dc5-a9e0-91a9bd3f166b
controlled	b2ee912a-0a57-4d46-bc25-3594028fe387	TCGA-X6-A8C4	Simple Nucleotide Variation	TSV	Genotyping Array	31f8b971-520c-4368-a5bb-59f22116839c	HONGS_p_TCGAb3_75_76_77_NSP_GenomeWideSNP_6_H06_1438258.birdseed.data.txt	31f8b971-520c-4368-a5bb-59f22116839c
controlled	c5b0e6be-48b5-40e5-9d90-f9112050aa88	TCGA-HB-A5W3	Simple Nucleotide Variation	TSV	Genotyping Array	b22b3c44-6072-47cc-a64a-c35ed3e76cbe	BURSA_p_TCGA_303_304_305_N_GenomeWideSNP_6_E10_1344846.birdseed.data.txt	b22b3c44-6072-47cc-a64a-c35ed3e76cbe
controlled	b2ee912a-0a57-4d46-bc25-3594028fe387	TCGA-X6-A8C4	Copy Number Variation	CEL	Genotyping Array	3b606af9-13b1-415c-9919-0b46474f7fb7	HONGS_p_TCGAb3_75_76_77_NSP_GenomeWideSNP_6_H06_1438258.CEL	3b606af9-13b1-415c-9919-0b46474f7fb7
open	bfaafe2d-0e83-43aa-9f81-b34b62a46d38	TCGA-DX-A1KY	Copy Number Variation	TXT	Genotyping Array	4ffec3b7-09d9-4d49-9b12-abab8ad13f2e	TCGA-SARC.a0fb417a-a4c6-45c0-bcfa-b31b3e7acf31.ascat3.allelic_specific.seg.txt	4ffec3b7-09d9-4d49-9b12-abab8ad13f2e
controlled	a37238f3-55b5-43df-a0c5-3d22ee5156f3	TCGA-DX-A48R	Simple Nucleotide Variation	TSV	Genotyping Array	4691ab3c-731b-4f32-8ccd-acbcd5fbc525	SNOWS_p_TCGA_Batch_309_310_NSP_GenomeWideSNP_6_F02_1362042.birdseed.data.txt	4691ab3c-731b-4f32-8ccd-acbcd5fbc525
open	c5e23947-253b-40d2-916a-277b2a580be2	TCGA-IE-A4EI	Copy Number Variation	TXT	Genotyping Array	9596fb4d-f2fd-42b6-bd5f-13534d6c1bd7	TCGA-SARC.791f8c5d-91d1-471a-8bf2-8f954935f3f3.ascat2.allelic_specific.seg.txt	9596fb4d-f2fd-42b6-bd5f-13534d6c1bd7
open	bfaafe2d-0e83-43aa-9f81-b34b62a46d38	TCGA-DX-A1KY	Copy Number Variation	TSV	Genotyping Array	25f757ff-dad2-40ef-9220-e02d87ae4563	TCGA-SARC.a0fb417a-a4c6-45c0-bcfa-b31b3e7acf31.gene_level_copy_number.v36.tsv	25f757ff-dad2-40ef-9220-e02d87ae4563
open	cedf4099-076d-4ea7-9a86-76fe9530b88c	TCGA-JV-A5VF	Copy Number Variation	TXT	Genotyping Array	0782e375-9795-4d35-8a02-a78f6c1a8f81	BURSA_p_TCGA_303_304_305_N_GenomeWideSNP_6_E01_1344762.nocnv_grch38.seg.v2.txt	0782e375-9795-4d35-8a02-a78f6c1a8f81
open	d0d989cb-a50f-4ed9-8478-ae300ebc0970	TCGA-DX-AB32	Copy Number Variation	TSV	Genotyping Array	01c52f3c-460a-41b5-b203-e24c4d5df48e	TCGA-SARC.f31af923-2fe0-48c9-b19b-7720edc23f72.ascat3.gene_level_copy_number.v36.tsv	01c52f3c-460a-41b5-b203-e24c4d5df48e
open	c5e23947-253b-40d2-916a-277b2a580be2	TCGA-IE-A4EI	Copy Number Variation	TXT	Genotyping Array	3df8a767-e2e3-4eff-af58-6eb5eafbc9dd	YOGIN_p_TCGA_4_262_263_N_GenomeWideSNP_6_C07_1306238.nocnv_grch38.seg.v2.txt	3df8a767-e2e3-4eff-af58-6eb5eafbc9dd
open	d7d9204b-b85e-4260-8a54-c39e7847e982	TCGA-SG-A849	Copy Number Variation	TXT	Genotyping Array	d1f2f99d-327c-4c05-b80d-4b1542b860ee	TAZZA_p_TCGAb3_62_63_64_65_NSP_GenomeWideSNP_6_C07_1387838.grch38.seg.v2.txt	d1f2f99d-327c-4c05-b80d-4b1542b860ee
open	b5f27002-4277-418d-90b0-cc5a2742692e	TCGA-DX-A23R	Copy Number Variation	TXT	Genotyping Array	2fe2be60-3046-4a69-9032-2d28cdd1244e	WAGER_p_TCGA_282_284_285_286_N_GenomeWideSNP_6_A08_1359104.nocnv_grch38.seg.v2.txt	2fe2be60-3046-4a69-9032-2d28cdd1244e
open	c5e23947-253b-40d2-916a-277b2a580be2	TCGA-IE-A4EI	Copy Number Variation	TSV	Genotyping Array	cbf5b90b-3f19-4cba-8d30-46729c2c0411	TCGA-SARC.791f8c5d-91d1-471a-8bf2-8f954935f3f3.gene_level_copy_number.v36.tsv	cbf5b90b-3f19-4cba-8d30-46729c2c0411
open	d0d989cb-a50f-4ed9-8478-ae300ebc0970	TCGA-DX-AB32	Copy Number Variation	TXT	Genotyping Array	25d148d4-b4b4-4f2d-a783-460e544b5ad4	CUBES_p_TCGAb_425_426_427_NSP_GenomeWideSNP_6_D02_1513950.nocnv_grch38.seg.v2.txt	25d148d4-b4b4-4f2d-a783-460e544b5ad4
open	d7d9204b-b85e-4260-8a54-c39e7847e982	TCGA-SG-A849	Copy Number Variation	TXT	Genotyping Array	eb896f03-1fcc-4461-88f6-330d90290163	TAZZA_p_TCGAb3_62_63_64_65_NSP_GenomeWideSNP_6_C08_1387854.nocnv_grch38.seg.v2.txt	eb896f03-1fcc-4461-88f6-330d90290163
open	d7dc8efc-30d9-4d86-84a2-f39f4e1ea50e	TCGA-DX-A48L	Copy Number Variation	TXT	Genotyping Array	c429d5dc-e523-4967-9807-52e162ac13b8	SNOWS_p_TCGA_Batch_309_310_NSP_GenomeWideSNP_6_E07_1362094.nocnv_grch38.seg.v2.txt	c429d5dc-e523-4967-9807-52e162ac13b8
open	d40c99d0-79f6-499d-b7f1-5fc4237cfc57	TCGA-DX-A3U8	Copy Number Variation	TXT	Genotyping Array	5fd9c13a-2f8e-4f8e-bc4d-c951b33b7f98	BURSA_p_TCGA_303_304_305_N_GenomeWideSNP_6_C09_1344804.nocnv_grch38.seg.v2.txt	5fd9c13a-2f8e-4f8e-bc4d-c951b33b7f98
controlled	b5f27002-4277-418d-90b0-cc5a2742692e	TCGA-DX-A23R	Copy Number Variation	CEL	Genotyping Array	696bd27b-ea8c-4f80-939b-9343876cf027	WAGER_p_TCGA_282_284_285_286_N_GenomeWideSNP_6_A08_1359104.CEL	696bd27b-ea8c-4f80-939b-9343876cf027
open	e4fb6a08-9d3f-4e62-85ce-7ba0dc03c8e2	TCGA-QQ-A5VD	Copy Number Variation	TSV	Genotyping Array	c8f36a70-f5dd-4a35-88b3-6f62c4b46216	TCGA-SARC.1d4a6c85-0b83-4b48-be42-7e78ada2c3a4.gene_level_copy_number.v36.tsv	c8f36a70-f5dd-4a35-88b3-6f62c4b46216
open	e4fb6a08-9d3f-4e62-85ce-7ba0dc03c8e2	TCGA-QQ-A5VD	Copy Number Variation	TXT	Genotyping Array	58af5733-dd2c-4b73-a117-86b86a8abac6	THREW_p_TCGAb_329_335_336_NSP_GenomeWideSNP_6_F10_1367044.nocnv_grch38.seg.v2.txt	58af5733-dd2c-4b73-a117-86b86a8abac6
open	d7dc8efc-30d9-4d86-84a2-f39f4e1ea50e	TCGA-DX-A48L	Copy Number Variation	TXT	Genotyping Array	249c7324-7035-4c1b-9a43-062efe593e14	SNOWS_p_TCGA_Batch_309_310_NSP_GenomeWideSNP_6_E07_1362094.grch38.seg.v2.txt	249c7324-7035-4c1b-9a43-062efe593e14
controlled	d7dc8efc-30d9-4d86-84a2-f39f4e1ea50e	TCGA-DX-A48L	Copy Number Variation	CEL	Genotyping Array	e0657a17-33f5-464f-beba-f42bbd0bc352	SNOWS_p_TCGA_Batch_309_310_NSP_GenomeWideSNP_6_E06_1362060.CEL	e0657a17-33f5-464f-beba-f42bbd0bc352
open	d7dc8efc-30d9-4d86-84a2-f39f4e1ea50e	TCGA-DX-A48L	Copy Number Variation	TXT	Genotyping Array	d2b63430-f7ff-4d90-a9da-9d4d3ae5042f	SNOWS_p_TCGA_Batch_309_310_NSP_GenomeWideSNP_6_E06_1362060.nocnv_grch38.seg.v2.txt	d2b63430-f7ff-4d90-a9da-9d4d3ae5042f
controlled	d7dc8efc-30d9-4d86-84a2-f39f4e1ea50e	TCGA-DX-A48L	Copy Number Variation	CEL	Genotyping Array	a7aafb01-4a4e-4dd0-a71d-7977f590c8d1	SNOWS_p_TCGA_Batch_309_310_NSP_GenomeWideSNP_6_E07_1362094.CEL	a7aafb01-4a4e-4dd0-a71d-7977f590c8d1
open	d7dc8efc-30d9-4d86-84a2-f39f4e1ea50e	TCGA-DX-A48L	Copy Number Variation	TSV	Genotyping Array	62a678da-c6ea-48bf-aec8-04c57f8b49e5	TCGA-SARC.5c98c4ff-d346-44c5-9908-7452359c5396.absolute_liftover.gene_level_copy_number.v36.tsv	62a678da-c6ea-48bf-aec8-04c57f8b49e5
open	d7dc8efc-30d9-4d86-84a2-f39f4e1ea50e	TCGA-DX-A48L	Copy Number Variation	TSV	Genotyping Array	1d38a0f4-edf2-442d-8100-2af3b877f003	TCGA-SARC.5c98c4ff-d346-44c5-9908-7452359c5396.ascat3.gene_level_copy_number.v36.tsv	1d38a0f4-edf2-442d-8100-2af3b877f003
controlled	c849127a-2f15-4fab-8815-db09b017f48c	TCGA-X6-A7W8	Copy Number Variation	CEL	Genotyping Array	b22fc49a-a9b0-4262-b151-3b9d3d748b1c	TAZZA_p_TCGAb3_62_63_64_65_NSP_GenomeWideSNP_6_C01_1387960.CEL	b22fc49a-a9b0-4262-b151-3b9d3d748b1c
open	dc18ccea-b332-4fac-b49b-1e0217ad025b	TCGA-PC-A5DN	Copy Number Variation	TSV	Genotyping Array	d80b9e9c-153b-41f9-879d-47f245874371	TCGA-SARC.f09fb97e-e893-482a-bca1-5f372353bfd5.absolute_liftover.gene_level_copy_number.v36.tsv	d80b9e9c-153b-41f9-879d-47f245874371
controlled	d40c99d0-79f6-499d-b7f1-5fc4237cfc57	TCGA-DX-A3U8	Copy Number Variation	CEL	Genotyping Array	8d9e0733-eb1b-423f-8f98-dd47bdae4eeb	BURSA_p_TCGA_303_304_305_N_GenomeWideSNP_6_E05_1344696.CEL	8d9e0733-eb1b-423f-8f98-dd47bdae4eeb
controlled	d51b9939-aef7-426b-a57f-01c3684e2dc2	TCGA-RN-A68Q	Simple Nucleotide Variation	TSV	Genotyping Array	50963364-5772-4a7d-b22a-668293de68ec	RICES_p_TCGA_Batch_310_311_NSP_GenomeWideSNP_6_A10_1361988.birdseed.data.txt	50963364-5772-4a7d-b22a-668293de68ec
open	dc18ccea-b332-4fac-b49b-1e0217ad025b	TCGA-PC-A5DN	Copy Number Variation	TSV	Genotyping Array	a1120487-e01b-4116-981e-5ad63a9ceb66	TCGA-SARC.f09fb97e-e893-482a-bca1-5f372353bfd5.ascat3.gene_level_copy_number.v36.tsv	a1120487-e01b-4116-981e-5ad63a9ceb66
open	bfb21f9b-31af-4ecc-a4f4-d7d3f5728e01	TCGA-3B-A9HR	Copy Number Variation	TSV	Genotyping Array	bbc00349-3026-47c9-ad4d-6e01c4285b84	TCGA-SARC.71811cfc-2ce8-4774-947f-8bb0d312de0b.gene_level_copy_number.v36.tsv	bbc00349-3026-47c9-ad4d-6e01c4285b84
controlled	dc18ccea-b332-4fac-b49b-1e0217ad025b	TCGA-PC-A5DN	Copy Number Variation	CEL	Genotyping Array	9ede766f-dec3-49eb-86a0-1547e0bfc331	VIBES_p_TCGA_290_291_292_293_S_GenomeWideSNP_6_F07_1362564.CEL	9ede766f-dec3-49eb-86a0-1547e0bfc331
controlled	bfb21f9b-31af-4ecc-a4f4-d7d3f5728e01	TCGA-3B-A9HR	Copy Number Variation	CEL	Genotyping Array	66ac9712-74b8-4f2c-854c-f5b2269a0cec	ENATE_p_TCGAb_394_395_396_NSP_GenomeWideSNP_6_F05_1474122.CEL	66ac9712-74b8-4f2c-854c-f5b2269a0cec
open	dc18ccea-b332-4fac-b49b-1e0217ad025b	TCGA-PC-A5DN	Copy Number Variation	TXT	Genotyping Array	b466e531-ca3c-4bb3-abee-8f5e12015cde	VIBES_p_TCGA_290_291_292_293_S_GenomeWideSNP_6_F07_1362564.grch38.seg.v2.txt	b466e531-ca3c-4bb3-abee-8f5e12015cde
controlled	d51b9939-aef7-426b-a57f-01c3684e2dc2	TCGA-RN-A68Q	Copy Number Variation	CEL	Genotyping Array	c54f1f91-30f3-4e41-9acd-2746b8f38c89	RICES_p_TCGA_Batch_310_311_NSP_GenomeWideSNP_6_A10_1361988.CEL	c54f1f91-30f3-4e41-9acd-2746b8f38c89
open	e786de34-4c21-460f-89ab-008de4347049	TCGA-DX-A3LU	Copy Number Variation	TXT	Genotyping Array	d6b7a636-e22f-40c4-908a-046de23e368c	MACON_p_TCGASNP_218_AML_PP_N_GenomeWideSNP_6_D08_1040146.nocnv_grch38.seg.v2.txt	d6b7a636-e22f-40c4-908a-046de23e368c
open	de0cfb5d-0db6-4bf9-8a92-c5de4208bb04	TCGA-Z4-A8JB	Copy Number Variation	TXT	Genotyping Array	8d2c4445-e410-44d1-a7f7-22fbccf2a7ca	TCGA-SARC.8db18a9d-5512-4077-9de4-0bf796013023.ascat3.allelic_specific.seg.txt	8d2c4445-e410-44d1-a7f7-22fbccf2a7ca
open	d51b9939-aef7-426b-a57f-01c3684e2dc2	TCGA-RN-A68Q	Copy Number Variation	TXT	Genotyping Array	f0388182-0933-4bc2-a893-16ee5af7d9b4	TCGA-SARC.1c42180e-e828-43ad-938a-d93e8d894207.ascat2.allelic_specific.seg.txt	f0388182-0933-4bc2-a893-16ee5af7d9b4
open	eea7d707-aeb9-4d00-ab5e-c1ea608517e9	TCGA-DX-A8BT	Copy Number Variation	TXT	Genotyping Array	88e449a3-11c1-4d9f-8ef7-20366a123f66	TCGA-SARC.d57d10f8-7e23-42fc-b5ab-144f14c87f87.ascat2.allelic_specific.seg.txt	88e449a3-11c1-4d9f-8ef7-20366a123f66
controlled	eea7d707-aeb9-4d00-ab5e-c1ea608517e9	TCGA-DX-A8BT	Copy Number Variation	CEL	Genotyping Array	12a5b979-97ee-47f8-8996-22dacdb2d3dc	VISTA_p_TCGAb_383_384_NSP_GenomeWideSNP_6_A12_1465004.CEL	12a5b979-97ee-47f8-8996-22dacdb2d3dc
open	eea7d707-aeb9-4d00-ab5e-c1ea608517e9	TCGA-DX-A8BT	Copy Number Variation	TXT	Genotyping Array	bdb10f6c-a5f4-4647-b857-9416d0284726	TCGA-SARC.d57d10f8-7e23-42fc-b5ab-144f14c87f87.ascat3.allelic_specific.seg.txt	bdb10f6c-a5f4-4647-b857-9416d0284726
controlled	de0cfb5d-0db6-4bf9-8a92-c5de4208bb04	TCGA-Z4-A8JB	Simple Nucleotide Variation	TSV	Genotyping Array	a2a573ad-feea-48ae-8de1-f4f5877a3943	VISTA_p_TCGAb_383_384_NSP_GenomeWideSNP_6_B06_1464942.birdseed.data.txt	a2a573ad-feea-48ae-8de1-f4f5877a3943
open	c030f196-9591-4b0e-ad72-2320f277773b	TCGA-QQ-A5V2	Copy Number Variation	TSV	Genotyping Array	6985bc7b-9c24-4c9d-aefa-69458923c70c	TCGA-SARC.6cccc9d3-a19e-4456-ae8a-a6d82fca8902.ascat3.gene_level_copy_number.v36.tsv	6985bc7b-9c24-4c9d-aefa-69458923c70c
open	de0cfb5d-0db6-4bf9-8a92-c5de4208bb04	TCGA-Z4-A8JB	Copy Number Variation	TSV	Genotyping Array	f9fbe6af-3410-41c0-86cf-65d09fe2930a	TCGA-SARC.8db18a9d-5512-4077-9de4-0bf796013023.ascat3.gene_level_copy_number.v36.tsv	f9fbe6af-3410-41c0-86cf-65d09fe2930a
open	c030f196-9591-4b0e-ad72-2320f277773b	TCGA-QQ-A5V2	Copy Number Variation	TXT	Genotyping Array	fc4be829-7823-49d6-98bd-d8f73aa96bee	TCGA-SARC.6cccc9d3-a19e-4456-ae8a-a6d82fca8902.ascat3.allelic_specific.seg.txt	fc4be829-7823-49d6-98bd-d8f73aa96bee
open	c030f196-9591-4b0e-ad72-2320f277773b	TCGA-QQ-A5V2	Copy Number Variation	TSV	Genotyping Array	bc0a439f-ebaa-4c13-94f5-64bafb2adcb0	TCGA-SARC.6cccc9d3-a19e-4456-ae8a-a6d82fca8902.absolute_liftover.gene_level_copy_number.v36.tsv	bc0a439f-ebaa-4c13-94f5-64bafb2adcb0
open	de277edb-4543-4bd7-8f86-206c18b54d8d	TCGA-DX-A48P	Copy Number Variation	TXT	Genotyping Array	acd8abcd-fbeb-44e8-8a1e-23c6c5ac15a9	SNOWS_p_TCGA_Batch_309_310_NSP_GenomeWideSNP_6_F01_1362172.nocnv_grch38.seg.v2.txt	acd8abcd-fbeb-44e8-8a1e-23c6c5ac15a9
open	ef273fe6-aab0-41eb-94f7-cca980bf789e	TCGA-DX-A7EL	Copy Number Variation	TSV	Genotyping Array	bbeb6b27-1492-4248-b40e-8055c8522615	TCGA-SARC.6d5b50b8-fff5-4fff-8b4f-33eec15e5ad0.absolute_liftover.gene_level_copy_number.v36.tsv	bbeb6b27-1492-4248-b40e-8055c8522615
controlled	ef273fe6-aab0-41eb-94f7-cca980bf789e	TCGA-DX-A7EL	Copy Number Variation	CEL	Genotyping Array	dc75889b-c7c3-4ea2-ab9a-01dd81ba7d52	HEIGH_p_TCGAb418_19_21_BCR_NSP_GenomeWideSNP_6_G12_1485758.CEL	dc75889b-c7c3-4ea2-ab9a-01dd81ba7d52
open	ef273fe6-aab0-41eb-94f7-cca980bf789e	TCGA-DX-A7EL	Copy Number Variation	TXT	Genotyping Array	61884a4a-6040-4b02-bfa0-00d0d18c1c65	HEIGH_p_TCGAb418_19_21_BCR_NSP_GenomeWideSNP_6_G12_1485758.grch38.seg.v2.txt	61884a4a-6040-4b02-bfa0-00d0d18c1c65
open	e786de34-4c21-460f-89ab-008de4347049	TCGA-DX-A3LU	Copy Number Variation	TSV	Genotyping Array	ccd746d5-ea2c-4e90-91c2-55e5053a368a	TCGA-SARC.730898d3-cfde-45d2-86db-3133915f4087.gene_level_copy_number.v36.tsv	ccd746d5-ea2c-4e90-91c2-55e5053a368a
controlled	d680595d-2956-4780-8ea4-e815edb0706d	TCGA-DX-A7EU	Simple Nucleotide Variation	TSV	Genotyping Array	1db8a69d-1110-4d83-95c9-af2a1ff08306	HONGS_p_TCGAb3_75_76_77_NSP_GenomeWideSNP_6_F02_1438238.birdseed.data.txt	1db8a69d-1110-4d83-95c9-af2a1ff08306
controlled	ef273fe6-aab0-41eb-94f7-cca980bf789e	TCGA-DX-A7EL	Copy Number Variation	CEL	Genotyping Array	1ca3b7f7-945d-46a5-a91c-c0563871b9d6	HONGS_p_TCGAb3_75_76_77_NSP_GenomeWideSNP_6_H04_1438274.CEL	1ca3b7f7-945d-46a5-a91c-c0563871b9d6
open	cabd63ee-d833-47b0-9a0b-8a046d260af1	TCGA-DX-AB3A	Copy Number Variation	TSV	Genotyping Array	58952ddb-275c-42a6-b3aa-13dd4b7a9cec	TCGA-SARC.3b2424b0-1bc2-4eba-bbba-bbe6d1c1bcec.ascat3.gene_level_copy_number.v36.tsv	58952ddb-275c-42a6-b3aa-13dd4b7a9cec
controlled	e786de34-4c21-460f-89ab-008de4347049	TCGA-DX-A3LU	Simple Nucleotide Variation	TSV	Genotyping Array	7ddbfa53-0ca2-499c-97a4-a43bf804d4f0	MACON_p_TCGASNP_218_AML_PP_N_GenomeWideSNP_6_D08_1040146.birdseed.data.txt	7ddbfa53-0ca2-499c-97a4-a43bf804d4f0
controlled	ef273fe6-aab0-41eb-94f7-cca980bf789e	TCGA-DX-A7EL	Simple Nucleotide Variation	TSV	Genotyping Array	5bbcee4a-73d3-439e-9019-776293c37864	HONGS_p_TCGAb3_75_76_77_NSP_GenomeWideSNP_6_F07_1438246.birdseed.data.txt	5bbcee4a-73d3-439e-9019-776293c37864
open	d7d9204b-b85e-4260-8a54-c39e7847e982	TCGA-SG-A849	Copy Number Variation	TXT	Genotyping Array	01fc41d8-8c25-45f4-b849-8ee500c00fef	TAZZA_p_TCGAb3_62_63_64_65_NSP_GenomeWideSNP_6_C08_1387854.grch38.seg.v2.txt	01fc41d8-8c25-45f4-b849-8ee500c00fef
open	d7d9204b-b85e-4260-8a54-c39e7847e982	TCGA-SG-A849	Copy Number Variation	TSV	Genotyping Array	cb7fa8c8-ce0b-4f8f-91d2-c91b117f54a1	TCGA-SARC.00e80dbf-ab3c-4920-a3bc-9d8225a4030c.gene_level_copy_number.v36.tsv	cb7fa8c8-ce0b-4f8f-91d2-c91b117f54a1
open	ef273fe6-aab0-41eb-94f7-cca980bf789e	TCGA-DX-A7EL	Copy Number Variation	TXT	Genotyping Array	c98c1af6-6e27-4a6d-bf63-0479f0b473e3	HONGS_p_TCGAb3_75_76_77_NSP_GenomeWideSNP_6_F07_1438246.grch38.seg.v2.txt	c98c1af6-6e27-4a6d-bf63-0479f0b473e3
controlled	ef273fe6-aab0-41eb-94f7-cca980bf789e	TCGA-DX-A7EL	Copy Number Variation	CEL	Genotyping Array	c985cfbb-bd3d-4bdc-89a6-d8e25fd4b2ec	HONGS_p_TCGAb3_75_76_77_NSP_GenomeWideSNP_6_F07_1438246.CEL	c985cfbb-bd3d-4bdc-89a6-d8e25fd4b2ec
controlled	f693eec9-cd6e-4696-882f-a6dffe481df9	TCGA-DX-A6BF	Simple Nucleotide Variation	TSV	Genotyping Array	de5eabf2-6ec3-49e0-a818-af75b3afeed6	SNOWS_p_TCGA_Batch_309_310_NSP_GenomeWideSNP_6_G02_1361994.birdseed.data.txt	de5eabf2-6ec3-49e0-a818-af75b3afeed6
open	ef273fe6-aab0-41eb-94f7-cca980bf789e	TCGA-DX-A7EL	Copy Number Variation	TXT	Genotyping Array	26eccfbc-0345-49f4-a042-d9706b40e9ce	TCGA-SARC.b97dd03b-40e3-4a98-a56d-bbc8f7f03a4b.ascat2.allelic_specific.seg.txt	26eccfbc-0345-49f4-a042-d9706b40e9ce
open	de509aa1-6f20-480f-bf9d-d6bc04a7f72c	TCGA-RN-AAAQ	Copy Number Variation	TSV	Genotyping Array	211dc2d5-65c8-4ce6-94d8-18b6124f4aa9	TCGA-SARC.77d2ed4f-892f-465e-a00d-65979ffaffe8.gene_level_copy_number.v36.tsv	211dc2d5-65c8-4ce6-94d8-18b6124f4aa9
controlled	a692aa06-e081-4b62-bc01-a5b0a296290d	TCGA-PC-A5DM	Copy Number Variation	CEL	Genotyping Array	8c233bbd-d78e-4eed-b4cc-bfc190e6beff	VIBES_p_TCGA_290_291_292_293_S_GenomeWideSNP_6_G08_1362522.CEL	8c233bbd-d78e-4eed-b4cc-bfc190e6beff
controlled	2905cbd1-719b-46d9-b8af-8fe4927bc473	TCGA-FX-A2QS	Simple Nucleotide Variation	TSV	Genotyping Array	f095b42b-7df2-47dd-9713-1989f6735d14	MACON_p_TCGASNP_218_AML_PP_N_GenomeWideSNP_6_B07_1040000.birdseed.data.txt	f095b42b-7df2-47dd-9713-1989f6735d14
controlled	2905cbd1-719b-46d9-b8af-8fe4927bc473	TCGA-FX-A2QS	Copy Number Variation	CEL	Genotyping Array	13377367-0a32-49aa-8d1c-6518f2a756bf	MACON_p_TCGASNP_218_AML_PP_N_GenomeWideSNP_6_D03_1040132.CEL	13377367-0a32-49aa-8d1c-6518f2a756bf
open	2905cbd1-719b-46d9-b8af-8fe4927bc473	TCGA-FX-A2QS	Copy Number Variation	TXT	Genotyping Array	7309675a-692d-491f-b51d-96d0e43dd5da	MACON_p_TCGASNP_218_AML_PP_N_GenomeWideSNP_6_B07_1040000.grch38.seg.v2.txt	7309675a-692d-491f-b51d-96d0e43dd5da
controlled	a692aa06-e081-4b62-bc01-a5b0a296290d	TCGA-PC-A5DM	Simple Nucleotide Variation	TSV	Genotyping Array	db2cdb1a-f37c-4e5b-856f-27d81515a410	VIBES_p_TCGA_290_291_292_293_S_GenomeWideSNP_6_G10_1362538.birdseed.data.txt	db2cdb1a-f37c-4e5b-856f-27d81515a410
open	2905cbd1-719b-46d9-b8af-8fe4927bc473	TCGA-FX-A2QS	Copy Number Variation	TSV	Genotyping Array	2a283458-11cb-47fa-91bd-d5d1ffa32779	TCGA-SARC.7fc7841f-2ccc-4dde-9e6d-312594747fc0.absolute_liftover.gene_level_copy_number.v36.tsv	2a283458-11cb-47fa-91bd-d5d1ffa32779
controlled	9c9b53e5-cdbe-4510-a839-4a3b5039681b	TCGA-HB-A43Z	Simple Nucleotide Variation	TSV	Genotyping Array	65f6e63a-fb10-4412-977d-a4c5c39f7b8d	YOGIN_p_TCGA_4_262_263_N_GenomeWideSNP_6_D10_1306156.birdseed.data.txt	65f6e63a-fb10-4412-977d-a4c5c39f7b8d
open	2905cbd1-719b-46d9-b8af-8fe4927bc473	TCGA-FX-A2QS	Copy Number Variation	TXT	Genotyping Array	2b8b208b-f243-4a85-acf4-7ae5e5f1ba01	MACON_p_TCGASNP_218_AML_PP_N_GenomeWideSNP_6_D03_1040132.grch38.seg.v2.txt	2b8b208b-f243-4a85-acf4-7ae5e5f1ba01
open	2905cbd1-719b-46d9-b8af-8fe4927bc473	TCGA-FX-A2QS	Copy Number Variation	TXT	Genotyping Array	c2779e00-53b1-4d18-b23c-cc79a0f5a79d	DLP_REDO_FROM_MACON_C10.grch38.seg.v2.txt	c2779e00-53b1-4d18-b23c-cc79a0f5a79d
open	9c9b53e5-cdbe-4510-a839-4a3b5039681b	TCGA-HB-A43Z	Copy Number Variation	TSV	Genotyping Array	3c082219-99cd-4e81-aa5c-2a61be7f4662	TCGA-SARC.0481cd5d-3183-4ef5-8849-7305ec2eb9a2.gene_level_copy_number.v36.tsv	3c082219-99cd-4e81-aa5c-2a61be7f4662
open	9c9b53e5-cdbe-4510-a839-4a3b5039681b	TCGA-HB-A43Z	Copy Number Variation	TXT	Genotyping Array	59870b54-f346-4883-8cc0-76b91a3501ad	TCGA-SARC.0481cd5d-3183-4ef5-8849-7305ec2eb9a2.ascat2.allelic_specific.seg.txt	59870b54-f346-4883-8cc0-76b91a3501ad
open	9c9b53e5-cdbe-4510-a839-4a3b5039681b	TCGA-HB-A43Z	Copy Number Variation	TXT	Genotyping Array	cea7c6dc-7e58-4b64-a641-1c833c6c262b	YOGIN_p_TCGA_4_262_263_N_GenomeWideSNP_6_D10_1306156.grch38.seg.v2.txt	cea7c6dc-7e58-4b64-a641-1c833c6c262b
controlled	9c9b53e5-cdbe-4510-a839-4a3b5039681b	TCGA-HB-A43Z	Simple Nucleotide Variation	TSV	Genotyping Array	865478bf-aed6-45c2-aee7-15091c3db246	YOGIN_p_TCGA_4_262_263_N_GenomeWideSNP_6_E01_1306226.birdseed.data.txt	865478bf-aed6-45c2-aee7-15091c3db246
controlled	2905cbd1-719b-46d9-b8af-8fe4927bc473	TCGA-FX-A2QS	Copy Number Variation	CEL	Genotyping Array	965e4ff5-fe4a-4ea5-aa9b-46b010442d40	MACON_p_TCGASNP_218_AML_PP_N_GenomeWideSNP_6_B07_1040000.CEL	965e4ff5-fe4a-4ea5-aa9b-46b010442d40
open	eaadfe2a-23fb-400b-86b3-4fba6d968aa3	TCGA-IS-A3K6	Copy Number Variation	TSV	Genotyping Array	a5b9655c-7bde-40d9-a6d1-18972960c7b7	TCGA-SARC.cf3bad65-0513-4831-9de0-45fba06ed615.gene_level_copy_number.v36.tsv	a5b9655c-7bde-40d9-a6d1-18972960c7b7
open	6de12993-cfbf-443b-8220-73d8180d68f1	TCGA-DX-A6BK	Copy Number Variation	TXT	Genotyping Array	6f2eb2a3-5feb-487e-8c45-a2b44273798e	SNOWS_p_TCGA_Batch_309_310_NSP_GenomeWideSNP_6_G08_1362130.grch38.seg.v2.txt	6f2eb2a3-5feb-487e-8c45-a2b44273798e
controlled	6de12993-cfbf-443b-8220-73d8180d68f1	TCGA-DX-A6BK	Copy Number Variation	CEL	Genotyping Array	426edc6b-f008-4774-a988-40a674117d44	SNOWS_p_TCGA_Batch_309_310_NSP_GenomeWideSNP_6_G08_1362130.CEL	426edc6b-f008-4774-a988-40a674117d44
open	6de12993-cfbf-443b-8220-73d8180d68f1	TCGA-DX-A6BK	Copy Number Variation	TSV	Genotyping Array	796365cd-e2e2-43e8-a614-d3c4d2466ace	TCGA-SARC.b6ad3e48-5d27-4b73-9041-dd5ef8ac233b.absolute_liftover.gene_level_copy_number.v36.tsv	796365cd-e2e2-43e8-a614-d3c4d2466ace
controlled	eaadfe2a-23fb-400b-86b3-4fba6d968aa3	TCGA-IS-A3K6	Copy Number Variation	CEL	Genotyping Array	5aa649c1-b6de-43d0-ae2a-ec2ea2766260	MACON_p_TCGASNP_218_AML_PP_N_GenomeWideSNP_6_D12_1040140.CEL	5aa649c1-b6de-43d0-ae2a-ec2ea2766260
open	6de12993-cfbf-443b-8220-73d8180d68f1	TCGA-DX-A6BK	Copy Number Variation	TSV	Genotyping Array	634e8daf-420f-4ce7-9fb8-28a9b44619c4	TCGA-SARC.b6ad3e48-5d27-4b73-9041-dd5ef8ac233b.gene_level_copy_number.v36.tsv	634e8daf-420f-4ce7-9fb8-28a9b44619c4
controlled	6de12993-cfbf-443b-8220-73d8180d68f1	TCGA-DX-A6BK	Copy Number Variation	CEL	Genotyping Array	8fc4a877-be9e-4451-b004-d13c5dcfd3d1	SNOWS_p_TCGA_Batch_309_310_NSP_GenomeWideSNP_6_G09_1362164.CEL	8fc4a877-be9e-4451-b004-d13c5dcfd3d1
open	eaadfe2a-23fb-400b-86b3-4fba6d968aa3	TCGA-IS-A3K6	Copy Number Variation	TXT	Genotyping Array	ee71a318-2554-4477-8927-9b20d6312bda	MACON_p_TCGASNP_218_AML_PP_N_GenomeWideSNP_6_D09_1040078.grch38.seg.v2.txt	ee71a318-2554-4477-8927-9b20d6312bda
controlled	8488bb97-bf11-45cc-b1bd-52969598448d	TCGA-IF-A3RQ	Copy Number Variation	CEL	Genotyping Array	c9f550b2-ea2d-4645-a600-de5a7b1bbffe	FLUES_p_TCGASNP_228_229_230_N_GenomeWideSNP_6_D01_1148800.CEL	c9f550b2-ea2d-4645-a600-de5a7b1bbffe
controlled	8488bb97-bf11-45cc-b1bd-52969598448d	TCGA-IF-A3RQ	Simple Nucleotide Variation	TSV	Genotyping Array	7afc5b67-1175-42c4-ab19-3d955a4cfb65	FLUES_p_TCGASNP_228_229_230_N_GenomeWideSNP_6_D01_1148800.birdseed.data.txt	7afc5b67-1175-42c4-ab19-3d955a4cfb65
open	27818e2c-aa23-4be3-a1d6-d6a7aa88795d	TCGA-K1-A3PO	Copy Number Variation	TXT	Genotyping Array	665985fa-9799-4d6d-8b10-ef003c84a55b	MACON_p_TCGASNP_218_AML_PP_N_GenomeWideSNP_6_B10_1040138.grch38.seg.v2.txt	665985fa-9799-4d6d-8b10-ef003c84a55b
open	27818e2c-aa23-4be3-a1d6-d6a7aa88795d	TCGA-K1-A3PO	Copy Number Variation	TSV	Genotyping Array	dc01713d-89c3-4c1b-98aa-29eb57422087	TCGA-SARC.9193b317-bee4-4bd0-a23b-84556468c859.ascat3.gene_level_copy_number.v36.tsv	dc01713d-89c3-4c1b-98aa-29eb57422087
controlled	cd73a55f-03c1-4da0-9fa7-1ae4a263664e	TCGA-DX-A1KW	Simple Nucleotide Variation	TSV	Genotyping Array	fd6191f9-7d63-4873-9f49-6e4b85b6d710	DLP_REDO_FROM_YOGIN_A03.birdseed.data.txt	fd6191f9-7d63-4873-9f49-6e4b85b6d710
open	cd73a55f-03c1-4da0-9fa7-1ae4a263664e	TCGA-DX-A1KW	Copy Number Variation	TXT	Genotyping Array	ecb99c5b-7f71-4d0a-8b46-19eae9ad1c5e	DLP_REDO_FROM_YOGIN_A03.nocnv_grch38.seg.v2.txt	ecb99c5b-7f71-4d0a-8b46-19eae9ad1c5e
open	27818e2c-aa23-4be3-a1d6-d6a7aa88795d	TCGA-K1-A3PO	Copy Number Variation	TXT	Genotyping Array	d3a89878-5176-4744-bc6c-8fce8dc88051	TCGA-SARC.9193b317-bee4-4bd0-a23b-84556468c859.ascat2.allelic_specific.seg.txt	d3a89878-5176-4744-bc6c-8fce8dc88051
open	27818e2c-aa23-4be3-a1d6-d6a7aa88795d	TCGA-K1-A3PO	Copy Number Variation	TXT	Genotyping Array	4b98b887-31c3-4888-972d-d1d4c02d7660	MACON_p_TCGASNP_218_AML_PP_N_GenomeWideSNP_6_D05_1040162.nocnv_grch38.seg.v2.txt	4b98b887-31c3-4888-972d-d1d4c02d7660
open	27818e2c-aa23-4be3-a1d6-d6a7aa88795d	TCGA-K1-A3PO	Copy Number Variation	TXT	Genotyping Array	9fcc737e-ffc5-4b59-81e9-267c66733035	MACON_p_TCGASNP_218_AML_PP_N_GenomeWideSNP_6_A10_1040042.grch38.seg.v2.txt	9fcc737e-ffc5-4b59-81e9-267c66733035
open	9393e4f1-6a1b-4181-b928-72b6f335bec2	TCGA-IF-A4AK	Copy Number Variation	TXT	Genotyping Array	56203a4d-040c-4576-a751-97a30f6d5acc	TCGA-SARC.5606d829-953a-4a8c-8cab-60bd3e00b1b8.ascat2.allelic_specific.seg.txt	56203a4d-040c-4576-a751-97a30f6d5acc
controlled	27818e2c-aa23-4be3-a1d6-d6a7aa88795d	TCGA-K1-A3PO	Simple Nucleotide Variation	TSV	Genotyping Array	780a14b2-a4fa-416d-b161-3cd463c468fe	MACON_p_TCGASNP_218_AML_PP_N_GenomeWideSNP_6_A10_1040042.birdseed.data.txt	780a14b2-a4fa-416d-b161-3cd463c468fe
open	9393e4f1-6a1b-4181-b928-72b6f335bec2	TCGA-IF-A4AK	Copy Number Variation	TSV	Genotyping Array	9af41a00-dc2b-49ab-9727-7c376addfce9	TCGA-SARC.5606d829-953a-4a8c-8cab-60bd3e00b1b8.ascat3.gene_level_copy_number.v36.tsv	9af41a00-dc2b-49ab-9727-7c376addfce9
controlled	9393e4f1-6a1b-4181-b928-72b6f335bec2	TCGA-IF-A4AK	Copy Number Variation	CEL	Genotyping Array	077d1fd1-522a-4a3d-b3b1-32b394d42def	YOGIN_p_TCGA_4_262_263_N_GenomeWideSNP_6_B04_1306138.CEL	077d1fd1-522a-4a3d-b3b1-32b394d42def
controlled	9393e4f1-6a1b-4181-b928-72b6f335bec2	TCGA-IF-A4AK	Simple Nucleotide Variation	TSV	Genotyping Array	9fdf51b9-0fc3-4bd7-80d7-1885f484bed7	YOGIN_p_TCGA_4_262_263_N_GenomeWideSNP_6_A12_1306262.birdseed.data.txt	9fdf51b9-0fc3-4bd7-80d7-1885f484bed7
open	9393e4f1-6a1b-4181-b928-72b6f335bec2	TCGA-IF-A4AK	Copy Number Variation	TXT	Genotyping Array	0eea5681-320c-499f-9d11-1f992de67afa	YOGIN_p_TCGA_4_262_263_N_GenomeWideSNP_6_A12_1306262.nocnv_grch38.seg.v2.txt	0eea5681-320c-499f-9d11-1f992de67afa
controlled	e9e4731a-a7ca-455c-868c-a6d53d0aa749	TCGA-DX-AB35	Copy Number Variation	CEL	Genotyping Array	c67403e4-7952-44eb-acf3-39f5561f67a6	CUBES_p_TCGAb_425_426_427_NSP_GenomeWideSNP_6_D11_1513946.CEL	c67403e4-7952-44eb-acf3-39f5561f67a6
controlled	9393e4f1-6a1b-4181-b928-72b6f335bec2	TCGA-IF-A4AK	Simple Nucleotide Variation	TSV	Genotyping Array	7dc52d2a-c7e6-49e6-8e0f-f50223a6a463	YOGIN_p_TCGA_4_262_263_N_GenomeWideSNP_6_B04_1306138.birdseed.data.txt	7dc52d2a-c7e6-49e6-8e0f-f50223a6a463
open	1c851f7b-a206-45db-ad52-338aa57c2ac1	TCGA-DX-AB2T	Copy Number Variation	TXT	Genotyping Array	ccd7017a-d943-46fe-a18d-125f2aaa674a	ENATE_p_TCGAb_394_395_396_NSP_GenomeWideSNP_6_E02_1474248.nocnv_grch38.seg.v2.txt	ccd7017a-d943-46fe-a18d-125f2aaa674a
open	a46c2122-9eb3-429c-aaf7-24fcb1f7a6a1	TCGA-FX-A3NK	Copy Number Variation	TXT	Genotyping Array	8722b7e9-b596-471b-8a45-1d13b54b05e8	MACON_p_TCGASNP_218_AML_PP_N_GenomeWideSNP_6_B09_1040100.grch38.seg.v2.txt	8722b7e9-b596-471b-8a45-1d13b54b05e8
open	1c851f7b-a206-45db-ad52-338aa57c2ac1	TCGA-DX-AB2T	Copy Number Variation	TXT	Genotyping Array	690aafd8-fb43-4716-bf43-43743548907f	TCGA-SARC.72d656d5-5de3-4979-80b4-7e10e6f52abe.ascat2.allelic_specific.seg.txt	690aafd8-fb43-4716-bf43-43743548907f
open	9ff814f6-4a05-4471-8492-41574fa3eeeb	TCGA-3B-A9HX	Copy Number Variation	TSV	Genotyping Array	62b7bb5f-8815-47bd-bc0f-f44a6e8f9624	TCGA-SARC.1d4063b5-378d-4782-bdc4-52115de1a25a.ascat3.gene_level_copy_number.v36.tsv	62b7bb5f-8815-47bd-bc0f-f44a6e8f9624
open	1c851f7b-a206-45db-ad52-338aa57c2ac1	TCGA-DX-AB2T	Copy Number Variation	TSV	Genotyping Array	e492b184-22d7-4a79-9eae-6c18a24e5a91	TCGA-SARC.72d656d5-5de3-4979-80b4-7e10e6f52abe.ascat3.gene_level_copy_number.v36.tsv	e492b184-22d7-4a79-9eae-6c18a24e5a91
controlled	1c851f7b-a206-45db-ad52-338aa57c2ac1	TCGA-DX-AB2T	Copy Number Variation	CEL	Genotyping Array	e7f43274-2352-4496-87c9-ba1941c0f757	ENATE_p_TCGAb_394_395_396_NSP_GenomeWideSNP_6_E01_1474094.CEL	e7f43274-2352-4496-87c9-ba1941c0f757
open	9ff814f6-4a05-4471-8492-41574fa3eeeb	TCGA-3B-A9HX	Copy Number Variation	TXT	Genotyping Array	7a80dc22-8eb7-4b21-a180-d182b471b3fc	TCGA-SARC.1d4063b5-378d-4782-bdc4-52115de1a25a.ascat3.allelic_specific.seg.txt	7a80dc22-8eb7-4b21-a180-d182b471b3fc
open	9ff814f6-4a05-4471-8492-41574fa3eeeb	TCGA-3B-A9HX	Copy Number Variation	TXT	Genotyping Array	1c727aee-190e-478f-accf-f6c3730d7742	TCGA-SARC.1d4063b5-378d-4782-bdc4-52115de1a25a.ascat2.allelic_specific.seg.txt	1c727aee-190e-478f-accf-f6c3730d7742
open	9ff814f6-4a05-4471-8492-41574fa3eeeb	TCGA-3B-A9HX	Copy Number Variation	TSV	Genotyping Array	04bcecbb-4b53-4044-a230-f63089a35c6a	TCGA-SARC.1d4063b5-378d-4782-bdc4-52115de1a25a.gene_level_copy_number.v36.tsv	04bcecbb-4b53-4044-a230-f63089a35c6a
open	27a6bd26-4b57-4eee-be02-6b20f5b69e1e	TCGA-DX-AB2L	Copy Number Variation	TXT	Genotyping Array	3d931a29-7a6e-43bd-b1a3-d46e9eb9b582	CUBES_p_TCGAb_425_426_427_NSP_GenomeWideSNP_6_E06_1513984.nocnv_grch38.seg.v2.txt	3d931a29-7a6e-43bd-b1a3-d46e9eb9b582
open	9ff814f6-4a05-4471-8492-41574fa3eeeb	TCGA-3B-A9HX	Copy Number Variation	TXT	Genotyping Array	ca53d325-8577-4da5-b2ae-b3a138d2c82d	PRION_p_TCGAb_410_11_12_13_NSP_GenomeWideSNP_6_E03_1486626.nocnv_grch38.seg.v2.txt	ca53d325-8577-4da5-b2ae-b3a138d2c82d
open	27a6bd26-4b57-4eee-be02-6b20f5b69e1e	TCGA-DX-AB2L	Copy Number Variation	TSV	Genotyping Array	d1f2c483-8e9a-4619-8733-e4d7314cb9ac	TCGA-SARC.6993c78e-a08a-4d22-ad84-91bbde01db72.ascat3.gene_level_copy_number.v36.tsv	d1f2c483-8e9a-4619-8733-e4d7314cb9ac
controlled	37a3b7c7-971a-4c96-8c77-14bb0b7741a3	TCGA-QQ-A8VG	Simple Nucleotide Variation	TSV	Genotyping Array	797ba7e0-153d-4edb-9e67-e7495cbf9a92	VISTA_p_TCGAb_383_384_NSP_GenomeWideSNP_6_C01_1464968.birdseed.data.txt	797ba7e0-153d-4edb-9e67-e7495cbf9a92
open	27a6bd26-4b57-4eee-be02-6b20f5b69e1e	TCGA-DX-AB2L	Copy Number Variation	TXT	Genotyping Array	6a2225c8-1b04-4299-bfd0-7b978ee776a5	TCGA-SARC.6993c78e-a08a-4d22-ad84-91bbde01db72.ascat2.allelic_specific.seg.txt	6a2225c8-1b04-4299-bfd0-7b978ee776a5
controlled	9ff814f6-4a05-4471-8492-41574fa3eeeb	TCGA-3B-A9HX	Simple Nucleotide Variation	TSV	Genotyping Array	fe2a6d24-8846-48f9-bb58-faa8a8750129	PRION_p_TCGAb_410_11_12_13_NSP_GenomeWideSNP_6_E02_1486610.birdseed.data.txt	fe2a6d24-8846-48f9-bb58-faa8a8750129
open	37a3b7c7-971a-4c96-8c77-14bb0b7741a3	TCGA-QQ-A8VG	Copy Number Variation	TSV	Genotyping Array	b6a9782d-010b-4fbd-a267-fab3c34d8d00	TCGA-SARC.6faacf51-538b-4429-b507-09c9c47da485.ascat3.gene_level_copy_number.v36.tsv	b6a9782d-010b-4fbd-a267-fab3c34d8d00
controlled	9ff814f6-4a05-4471-8492-41574fa3eeeb	TCGA-3B-A9HX	Copy Number Variation	CEL	Genotyping Array	1e59ffcc-34c5-4907-a379-f8b391b78d92	PRION_p_TCGAb_410_11_12_13_NSP_GenomeWideSNP_6_E02_1486610.CEL	1e59ffcc-34c5-4907-a379-f8b391b78d92
open	0020317d-d10e-4e75-8fa6-7c1bdcdee471	TCGA-HS-A5NA	Copy Number Variation	TSV	Genotyping Array	5e4b7ea1-3a0d-4613-842d-0d5e011ecdea	TCGA-SARC.2798b35c-6a9f-4716-9ffc-933c1395ba87.gene_level_copy_number.v36.tsv	5e4b7ea1-3a0d-4613-842d-0d5e011ecdea
open	1610d467-e83f-490f-a971-7b099f3b46f8	TCGA-DX-A8BO	Copy Number Variation	TSV	Genotyping Array	6688de59-1d9d-4275-9491-778fee85a0f9	TCGA-SARC.e34dbe2a-2fbc-4633-bea8-32b2aeab9ee0.absolute_liftover.gene_level_copy_number.v36.tsv	6688de59-1d9d-4275-9491-778fee85a0f9
open	0020317d-d10e-4e75-8fa6-7c1bdcdee471	TCGA-HS-A5NA	Copy Number Variation	TXT	Genotyping Array	33dae91d-972b-4b67-afcb-3a9ae7645b17	WAGER_p_TCGA_282_284_285_286_N_GenomeWideSNP_6_D10_1359184.nocnv_grch38.seg.v2.txt	33dae91d-972b-4b67-afcb-3a9ae7645b17
open	0020317d-d10e-4e75-8fa6-7c1bdcdee471	TCGA-HS-A5NA	Copy Number Variation	TXT	Genotyping Array	78596376-a59f-405b-af90-0575b4d92d12	WAGER_p_TCGA_282_284_285_286_N_GenomeWideSNP_6_D10_1359184.grch38.seg.v2.txt	78596376-a59f-405b-af90-0575b4d92d12
controlled	1610d467-e83f-490f-a971-7b099f3b46f8	TCGA-DX-A8BO	Copy Number Variation	CEL	Genotyping Array	f2ba816e-b99c-4a7c-b39d-102b47d365a2	CUBES_p_TCGAb_425_426_427_NSP_GenomeWideSNP_6_E02_1514006.CEL	f2ba816e-b99c-4a7c-b39d-102b47d365a2
open	1610d467-e83f-490f-a971-7b099f3b46f8	TCGA-DX-A8BO	Copy Number Variation	TXT	Genotyping Array	6272a896-8f4b-4b14-b49c-df1c8c434f38	CUBES_p_TCGAb_425_426_427_NSP_GenomeWideSNP_6_E02_1514006.grch38.seg.v2.txt	6272a896-8f4b-4b14-b49c-df1c8c434f38
open	0020317d-d10e-4e75-8fa6-7c1bdcdee471	TCGA-HS-A5NA	Copy Number Variation	TSV	Genotyping Array	c607e440-5c7b-4fca-a1c2-a2c7048beef1	TCGA-SARC.2798b35c-6a9f-4716-9ffc-933c1395ba87.ascat3.gene_level_copy_number.v36.tsv	c607e440-5c7b-4fca-a1c2-a2c7048beef1
open	1610d467-e83f-490f-a971-7b099f3b46f8	TCGA-DX-A8BO	Copy Number Variation	TSV	Genotyping Array	2fe53f17-9b77-456b-bfc5-88215705ddd5	TCGA-SARC.e34dbe2a-2fbc-4633-bea8-32b2aeab9ee0.ascat3.gene_level_copy_number.v36.tsv	2fe53f17-9b77-456b-bfc5-88215705ddd5
open	5d9608fd-e3eb-4bf9-911f-7656d6814b98	TCGA-DX-AB2J	Copy Number Variation	TXT	Genotyping Array	13547425-a633-4c77-b49d-cb435519b52f	ENATE_p_TCGAb_394_395_396_NSP_GenomeWideSNP_6_F08_1474168.grch38.seg.v2.txt	13547425-a633-4c77-b49d-cb435519b52f
open	5d9608fd-e3eb-4bf9-911f-7656d6814b98	TCGA-DX-AB2J	Copy Number Variation	TXT	Genotyping Array	d5a14e34-7d1a-49c3-b58c-1edf38d13ed5	TCGA-SARC.ff061216-2f2d-4f05-a66a-37f3ad2e497d.ascat3.allelic_specific.seg.txt	d5a14e34-7d1a-49c3-b58c-1edf38d13ed5
open	1610d467-e83f-490f-a971-7b099f3b46f8	TCGA-DX-A8BO	Copy Number Variation	TXT	Genotyping Array	ec18131e-a2b2-4f76-ad7c-a72596205f04	CUBES_p_TCGAb_425_426_427_NSP_GenomeWideSNP_6_E03_1513926.grch38.seg.v2.txt	ec18131e-a2b2-4f76-ad7c-a72596205f04
controlled	5d9608fd-e3eb-4bf9-911f-7656d6814b98	TCGA-DX-AB2J	Copy Number Variation	CEL	Genotyping Array	5f18a837-1e92-4bec-b0a8-9d5e0529e733	ENATE_p_TCGAb_394_395_396_NSP_GenomeWideSNP_6_F07_1474096.CEL	5f18a837-1e92-4bec-b0a8-9d5e0529e733
open	00eaaf62-c43e-4555-9134-1e5593386fdb	TCGA-3B-A9HS	Copy Number Variation	TSV	Genotyping Array	0b5ed914-3765-4219-81dd-2d4d54342ca0	TCGA-SARC.e6a7b89c-9cfc-4751-a49e-5d6d9c2c0cac.gene_level_copy_number.v36.tsv	0b5ed914-3765-4219-81dd-2d4d54342ca0
open	1610d467-e83f-490f-a971-7b099f3b46f8	TCGA-DX-A8BO	Copy Number Variation	TXT	Genotyping Array	91b266ab-007b-4b52-ac5b-bd7810232425	TCGA-SARC.e34dbe2a-2fbc-4633-bea8-32b2aeab9ee0.ascat2.allelic_specific.seg.txt	91b266ab-007b-4b52-ac5b-bd7810232425
open	00eaaf62-c43e-4555-9134-1e5593386fdb	TCGA-3B-A9HS	Copy Number Variation	TXT	Genotyping Array	eaebde0c-0afa-44b0-808c-eb587d459b27	TCGA-SARC.e6a7b89c-9cfc-4751-a49e-5d6d9c2c0cac.ascat2.allelic_specific.seg.txt	eaebde0c-0afa-44b0-808c-eb587d459b27
open	00eaaf62-c43e-4555-9134-1e5593386fdb	TCGA-3B-A9HS	Copy Number Variation	TXT	Genotyping Array	ebd383ca-29f5-4be1-8ecc-ab926a9acbc0	PRION_p_TCGAb_410_11_12_13_NSP_GenomeWideSNP_6_E06_1486710.grch38.seg.v2.txt	ebd383ca-29f5-4be1-8ecc-ab926a9acbc0
open	9f7b8012-3dee-44b2-8159-f96a6eb5036a	TCGA-DX-A6BE	Copy Number Variation	TXT	Genotyping Array	aaff452e-8030-4fee-954a-9d3477aeff4f	THREW_p_TCGAb_329_335_336_NSP_GenomeWideSNP_6_E01_1367112.nocnv_grch38.seg.v2.txt	aaff452e-8030-4fee-954a-9d3477aeff4f
controlled	9f7b8012-3dee-44b2-8159-f96a6eb5036a	TCGA-DX-A6BE	Simple Nucleotide Variation	TSV	Genotyping Array	5ebc30b0-ccc7-4189-9b54-11996842fe42	THREW_p_TCGAb_329_335_336_NSP_GenomeWideSNP_6_E02_1367206.birdseed.data.txt	5ebc30b0-ccc7-4189-9b54-11996842fe42
open	00eaaf62-c43e-4555-9134-1e5593386fdb	TCGA-3B-A9HS	Copy Number Variation	TXT	Genotyping Array	3208bd65-616b-43d1-9f60-fdf4559e2a25	PRION_p_TCGAb_410_11_12_13_NSP_GenomeWideSNP_6_E07_1486696.nocnv_grch38.seg.v2.txt	3208bd65-616b-43d1-9f60-fdf4559e2a25
open	0a4af73d-3c12-4740-bf92-c0eedd3dd135	TCGA-WK-A8XZ	Copy Number Variation	TXT	Genotyping Array	2a8bce69-cab9-40d8-95c4-ef11d4dd091a	VISTA_p_TCGAb_383_384_NSP_GenomeWideSNP_6_D06_1464880.grch38.seg.v2.txt	2a8bce69-cab9-40d8-95c4-ef11d4dd091a
open	00eaaf62-c43e-4555-9134-1e5593386fdb	TCGA-3B-A9HS	Copy Number Variation	TXT	Genotyping Array	4a4063a1-b2ca-4d7f-98ed-bd8c5969c9d5	PRION_p_TCGAb_410_11_12_13_NSP_GenomeWideSNP_6_E06_1486710.nocnv_grch38.seg.v2.txt	4a4063a1-b2ca-4d7f-98ed-bd8c5969c9d5
open	0a4af73d-3c12-4740-bf92-c0eedd3dd135	TCGA-WK-A8XZ	Copy Number Variation	TXT	Genotyping Array	a61838f5-9b8f-451c-a765-010f2eb74fcb	VISTA_p_TCGAb_383_384_NSP_GenomeWideSNP_6_D07_1464984.grch38.seg.v2.txt	a61838f5-9b8f-451c-a765-010f2eb74fcb
open	9f7b8012-3dee-44b2-8159-f96a6eb5036a	TCGA-DX-A6BE	Copy Number Variation	TSV	Genotyping Array	b50c6476-97ed-4375-9694-d73b48ee631e	TCGA-SARC.4939b4a9-4608-4d39-bb4f-f6c53e55d9ea.ascat3.gene_level_copy_number.v36.tsv	b50c6476-97ed-4375-9694-d73b48ee631e
controlled	0a4af73d-3c12-4740-bf92-c0eedd3dd135	TCGA-WK-A8XZ	Copy Number Variation	CEL	Genotyping Array	32b2f43b-4554-4cc4-96b6-3aa9ad3d650a	VISTA_p_TCGAb_383_384_NSP_GenomeWideSNP_6_D07_1464984.CEL	32b2f43b-4554-4cc4-96b6-3aa9ad3d650a
open	0a4af73d-3c12-4740-bf92-c0eedd3dd135	TCGA-WK-A8XZ	Copy Number Variation	TXT	Genotyping Array	1e44e441-8379-4c50-bb6e-e2eb19ec4601	TCGA-SARC.ee4d4e2c-2cfe-4828-bfaf-9ae76b1309d8.ascat3.allelic_specific.seg.txt	1e44e441-8379-4c50-bb6e-e2eb19ec4601
open	c054c61b-0783-46f9-9c5c-8589ea47f43d	TCGA-3B-A9HJ	Copy Number Variation	TXT	Genotyping Array	e396d467-1c74-48e2-8409-7acb3aa939b1	TCGA-SARC.6a00864f-0896-4ab8-8680-8e81fc902a20.ascat3.allelic_specific.seg.txt	e396d467-1c74-48e2-8409-7acb3aa939b1
open	02b7b0c5-dad6-4270-b56b-3d04285e8147	TCGA-KD-A5QU	Copy Number Variation	TXT	Genotyping Array	3bc28f0d-d020-4563-bd9b-37295bb86390	TCGA-SARC.a9835890-6a8d-4851-bc48-7abd4f254bbf.ascat3.allelic_specific.seg.txt	3bc28f0d-d020-4563-bd9b-37295bb86390
open	02b7b0c5-dad6-4270-b56b-3d04285e8147	TCGA-KD-A5QU	Copy Number Variation	TXT	Genotyping Array	ebead511-3352-43f6-83bb-4f8378fc3428	VIBES_p_TCGA_290_291_292_293_S_GenomeWideSNP_6_G07_1362422.nocnv_grch38.seg.v2.txt	ebead511-3352-43f6-83bb-4f8378fc3428
open	c054c61b-0783-46f9-9c5c-8589ea47f43d	TCGA-3B-A9HJ	Copy Number Variation	TSV	Genotyping Array	b8b9bfa2-c490-46d3-9c48-84e8d0089b0e	TCGA-SARC.6a00864f-0896-4ab8-8680-8e81fc902a20.ascat3.gene_level_copy_number.v36.tsv	b8b9bfa2-c490-46d3-9c48-84e8d0089b0e
open	07778870-d400-4495-b786-c63ff33fc29d	TCGA-DX-AB2V	Copy Number Variation	TXT	Genotyping Array	bb4d4b66-2943-4ca1-b892-d9234344149f	CUBES_p_TCGAb_425_426_427_NSP_GenomeWideSNP_6_F12_1513968.nocnv_grch38.seg.v2.txt	bb4d4b66-2943-4ca1-b892-d9234344149f
open	07778870-d400-4495-b786-c63ff33fc29d	TCGA-DX-AB2V	Copy Number Variation	TSV	Genotyping Array	f1abc626-7e1b-4d18-9342-e645861ac64b	TCGA-SARC.096f354f-7479-4c65-a73e-18dbb2d631da.gene_level_copy_number.v36.tsv	f1abc626-7e1b-4d18-9342-e645861ac64b
controlled	02b7b0c5-dad6-4270-b56b-3d04285e8147	TCGA-KD-A5QU	Simple Nucleotide Variation	TSV	Genotyping Array	2b898ba5-b1f3-4e35-8394-a4c8ea5c4b91	SAVOR_p_TCGA_290_291_292_293_N_GenomeWideSNP_6_G06_1343422.birdseed.data.txt	2b898ba5-b1f3-4e35-8394-a4c8ea5c4b91
open	07778870-d400-4495-b786-c63ff33fc29d	TCGA-DX-AB2V	Copy Number Variation	TXT	Genotyping Array	ca7b47d6-fff9-49cf-b496-47727a629e97	CUBES_p_TCGAb_425_426_427_NSP_GenomeWideSNP_6_G01_1513944.grch38.seg.v2.txt	ca7b47d6-fff9-49cf-b496-47727a629e97
open	02b7b0c5-dad6-4270-b56b-3d04285e8147	TCGA-KD-A5QU	Copy Number Variation	TXT	Genotyping Array	a15999e2-e345-4603-9e84-911193e9d13f	VIBES_p_TCGA_290_291_292_293_S_GenomeWideSNP_6_G07_1362422.grch38.seg.v2.txt	a15999e2-e345-4603-9e84-911193e9d13f
controlled	02b7b0c5-dad6-4270-b56b-3d04285e8147	TCGA-KD-A5QU	Copy Number Variation	CEL	Genotyping Array	fc45ef17-3c58-45ce-9289-533911900fef	VIBES_p_TCGA_290_291_292_293_S_GenomeWideSNP_6_G07_1362422.CEL	fc45ef17-3c58-45ce-9289-533911900fef
open	8372e154-c9c1-4382-8120-7e14dd426367	TCGA-X2-A95T	Copy Number Variation	TSV	Genotyping Array	2d315ef1-5920-4ce6-9ded-3a191d2306e7	TCGA-SARC.d37a4725-ac99-4902-8aed-e00d0bbc79cc.ascat3.gene_level_copy_number.v36.tsv	2d315ef1-5920-4ce6-9ded-3a191d2306e7
open	02b7b0c5-dad6-4270-b56b-3d04285e8147	TCGA-KD-A5QU	Copy Number Variation	TSV	Genotyping Array	b774bef7-8c38-4149-8c71-79908f78799c	TCGA-SARC.a9835890-6a8d-4851-bc48-7abd4f254bbf.absolute_liftover.gene_level_copy_number.v36.tsv	b774bef7-8c38-4149-8c71-79908f78799c
open	07778870-d400-4495-b786-c63ff33fc29d	TCGA-DX-AB2V	Copy Number Variation	TXT	Genotyping Array	a8f189bf-91f7-4570-b3b1-9cb8479d3811	TCGA-SARC.096f354f-7479-4c65-a73e-18dbb2d631da.ascat3.allelic_specific.seg.txt	a8f189bf-91f7-4570-b3b1-9cb8479d3811
controlled	07778870-d400-4495-b786-c63ff33fc29d	TCGA-DX-AB2V	Copy Number Variation	CEL	Genotyping Array	3e3cb71b-e04e-436f-a141-7482fc1a8063	CUBES_p_TCGAb_425_426_427_NSP_GenomeWideSNP_6_G01_1513944.CEL	3e3cb71b-e04e-436f-a141-7482fc1a8063
open	8372e154-c9c1-4382-8120-7e14dd426367	TCGA-X2-A95T	Copy Number Variation	TXT	Genotyping Array	e11b3d1c-b09e-4f5b-96b2-e8608c739714	VISTA_p_TCGAb_383_384_NSP_GenomeWideSNP_6_B05_1464922.grch38.seg.v2.txt	e11b3d1c-b09e-4f5b-96b2-e8608c739714
controlled	07778870-d400-4495-b786-c63ff33fc29d	TCGA-DX-AB2V	Copy Number Variation	CEL	Genotyping Array	349dec93-4138-470c-bbf9-132622168f23	CUBES_p_TCGAb_425_426_427_NSP_GenomeWideSNP_6_F12_1513968.CEL	349dec93-4138-470c-bbf9-132622168f23
open	0494a8ea-ecf3-4f3e-8b3c-26a9254b6755	TCGA-QQ-A5VC	Copy Number Variation	TSV	Genotyping Array	81f14319-0cb2-4bfc-8dfe-47a52800a99a	TCGA-SARC.4a64833d-52b2-4e4e-a7a7-500777415ac7.absolute_liftover.gene_level_copy_number.v36.tsv	81f14319-0cb2-4bfc-8dfe-47a52800a99a
controlled	8372e154-c9c1-4382-8120-7e14dd426367	TCGA-X2-A95T	Simple Nucleotide Variation	TSV	Genotyping Array	deacf770-0a3d-495f-922b-482c5cb8f41e	VISTA_p_TCGAb_383_384_NSP_GenomeWideSNP_6_B04_1464930.birdseed.data.txt	deacf770-0a3d-495f-922b-482c5cb8f41e
controlled	07778870-d400-4495-b786-c63ff33fc29d	TCGA-DX-AB2V	Simple Nucleotide Variation	TSV	Genotyping Array	afd1d79d-8b87-4030-aafa-88f1df38e8bc	CUBES_p_TCGAb_425_426_427_NSP_GenomeWideSNP_6_F12_1513968.birdseed.data.txt	afd1d79d-8b87-4030-aafa-88f1df38e8bc
controlled	07a6bbce-012b-48fe-8c62-e79a1b200eb6	TCGA-DX-A8BV	Copy Number Variation	CEL	Genotyping Array	9e67eeea-d569-4639-8428-70e756ed1312	VISTA_p_TCGAb_383_384_NSP_GenomeWideSNP_6_C03_1464902.CEL	9e67eeea-d569-4639-8428-70e756ed1312
controlled	e2272de4-02b8-4a94-b8ee-c7454996a2da	TCGA-DX-AB2Q	Copy Number Variation	CEL	Genotyping Array	e378078c-80bc-4f48-a950-46cf4b3e8206	DLP_REDO_FROM_PRION_B11.CEL	e378078c-80bc-4f48-a950-46cf4b3e8206
open	07a6bbce-012b-48fe-8c62-e79a1b200eb6	TCGA-DX-A8BV	Copy Number Variation	TSV	Genotyping Array	a26b78c9-532b-428f-8a9a-d2f482f6fd96	TCGA-SARC.7e814757-fd09-40c3-8743-473904052f7f.ascat3.gene_level_copy_number.v36.tsv	a26b78c9-532b-428f-8a9a-d2f482f6fd96
open	07a6bbce-012b-48fe-8c62-e79a1b200eb6	TCGA-DX-A8BV	Copy Number Variation	TXT	Genotyping Array	b4f5b3ba-ea46-4405-a0e9-e1b9ef13ccdb	TCGA-SARC.7e814757-fd09-40c3-8743-473904052f7f.ascat3.allelic_specific.seg.txt	b4f5b3ba-ea46-4405-a0e9-e1b9ef13ccdb
open	0494a8ea-ecf3-4f3e-8b3c-26a9254b6755	TCGA-QQ-A5VC	Copy Number Variation	TSV	Genotyping Array	8d496adf-52c9-41e1-a496-a65eb202effa	TCGA-SARC.4a64833d-52b2-4e4e-a7a7-500777415ac7.gene_level_copy_number.v36.tsv	8d496adf-52c9-41e1-a496-a65eb202effa
controlled	04d45a95-4282-42e7-8e2f-2b7a5082e1b5	TCGA-WK-A8XX	Simple Nucleotide Variation	TSV	Genotyping Array	45279dd5-f04c-4d4c-bd87-785e6a7884b6	VISTA_p_TCGAb_383_384_NSP_GenomeWideSNP_6_A05_1464934.birdseed.data.txt	45279dd5-f04c-4d4c-bd87-785e6a7884b6
controlled	04d45a95-4282-42e7-8e2f-2b7a5082e1b5	TCGA-WK-A8XX	Copy Number Variation	CEL	Genotyping Array	3afe7217-fbe9-499c-9a78-6417a5207f90	VISTA_p_TCGAb_383_384_NSP_GenomeWideSNP_6_A04_1464932.CEL	3afe7217-fbe9-499c-9a78-6417a5207f90
controlled	109df703-2865-4b4c-8e4b-badff8eb3f22	TCGA-HB-A3YV	Copy Number Variation	CEL	Genotyping Array	5e2f2a72-10de-4698-8cde-9f44deae9e58	YOGIN_p_TCGA_4_262_263_N_GenomeWideSNP_6_C04_1306218.CEL	5e2f2a72-10de-4698-8cde-9f44deae9e58
controlled	0b6418fc-c775-4baa-8776-74ffcc492e9a	TCGA-DX-A7EQ	Copy Number Variation	CEL	Genotyping Array	d0aa2795-3438-4455-b04c-362929a38d89	ENATE_p_TCGAb_394_395_396_NSP_GenomeWideSNP_6_E12_1474086.CEL	d0aa2795-3438-4455-b04c-362929a38d89
controlled	051a8605-e674-4b66-a142-11ec36a96454	TCGA-DX-AB2P	Copy Number Variation	CEL	Genotyping Array	7fe78f17-7a1a-4d95-8ddb-0866835c113e	ENATE_p_TCGAb_394_395_396_NSP_GenomeWideSNP_6_F11_1474092.CEL	7fe78f17-7a1a-4d95-8ddb-0866835c113e
open	051a8605-e674-4b66-a142-11ec36a96454	TCGA-DX-AB2P	Copy Number Variation	TXT	Genotyping Array	26cca22e-459c-4a35-8e7f-343656dc4081	ENATE_p_TCGAb_394_395_396_NSP_GenomeWideSNP_6_F12_1474202.grch38.seg.v2.txt	26cca22e-459c-4a35-8e7f-343656dc4081
open	0b6418fc-c775-4baa-8776-74ffcc492e9a	TCGA-DX-A7EQ	Copy Number Variation	TXT	Genotyping Array	1a0f9e9f-9d68-4814-b634-d51f495cc5e7	ENATE_p_TCGAb_394_395_396_NSP_GenomeWideSNP_6_E12_1474086.nocnv_grch38.seg.v2.txt	1a0f9e9f-9d68-4814-b634-d51f495cc5e7
controlled	10a6de43-a681-4cbc-821d-08335ed65320	TCGA-MJ-A68J	Simple Nucleotide Variation	TSV	Genotyping Array	813cf270-b08a-402e-af1f-ac78bcd3127a	RICES_p_TCGA_Batch_310_311_NSP_GenomeWideSNP_6_A08_1361958.birdseed.data.txt	813cf270-b08a-402e-af1f-ac78bcd3127a
open	059f7eb8-6e42-4f57-8248-ff82896aab54	TCGA-DX-A3UE	Copy Number Variation	TXT	Genotyping Array	4cd68bfb-5505-478a-be2a-3fea53ae7792	TCGA-SARC.1f0dd9d9-3c82-4bee-adc1-7f20794a3fe7.ascat2.allelic_specific.seg.txt	4cd68bfb-5505-478a-be2a-3fea53ae7792
controlled	0da5ee6c-d012-4a57-9992-9d74937aaa5f	TCGA-IW-A3M4	Copy Number Variation	CEL	Genotyping Array	db9e02bf-266f-44a8-bb45-893a13a2b8de	MACON_p_TCGASNP_218_AML_PP_N_GenomeWideSNP_6_C11_1040048.CEL	db9e02bf-266f-44a8-bb45-893a13a2b8de
controlled	0da5ee6c-d012-4a57-9992-9d74937aaa5f	TCGA-IW-A3M4	Simple Nucleotide Variation	TSV	Genotyping Array	a9ecbd90-a1b3-4ee0-afe8-1e1ec4801723	MACON_p_TCGASNP_218_AML_PP_N_GenomeWideSNP_6_C11_1040048.birdseed.data.txt	a9ecbd90-a1b3-4ee0-afe8-1e1ec4801723
open	0da5ee6c-d012-4a57-9992-9d74937aaa5f	TCGA-IW-A3M4	Copy Number Variation	TXT	Genotyping Array	421f1369-3dc0-47c9-84a9-7d6a8fecc2cd	TCGA-SARC.98958fb5-a984-4173-8e2a-7c4043bf0faa.ascat2.allelic_specific.seg.txt	421f1369-3dc0-47c9-84a9-7d6a8fecc2cd
controlled	12b45061-9ed6-46cd-971a-b81d79bc88ec	TCGA-DX-A6YU	Copy Number Variation	CEL	Genotyping Array	7e8e2e7b-414b-4db4-8728-0793c2975e4b	MOWED_p_TCGAb3_39_40_41_42_STY_GenomeWideSNP_6_F12_1377512.CEL	7e8e2e7b-414b-4db4-8728-0793c2975e4b
open	0da5ee6c-d012-4a57-9992-9d74937aaa5f	TCGA-IW-A3M4	Copy Number Variation	TXT	Genotyping Array	b471b8f5-1a47-4f5e-a9b3-b688cfd86cf4	MACON_p_TCGASNP_218_AML_PP_N_GenomeWideSNP_6_C11_1040048.nocnv_grch38.seg.v2.txt	b471b8f5-1a47-4f5e-a9b3-b688cfd86cf4
controlled	f0cbc2a4-c1f7-4b32-bce1-57eb59d351cc	TCGA-PC-A5DP	Simple Nucleotide Variation	TSV	Genotyping Array	1ae237e8-12c3-404a-9bec-79ea193635a8	WAGER_p_TCGA_282_284_285_286_N_GenomeWideSNP_6_A12_1359062.birdseed.data.txt	1ae237e8-12c3-404a-9bec-79ea193635a8
open	f0cbc2a4-c1f7-4b32-bce1-57eb59d351cc	TCGA-PC-A5DP	Copy Number Variation	TXT	Genotyping Array	fbb44b90-d349-44b7-b777-f9db14127f1d	WAGER_p_TCGA_282_284_285_286_N_GenomeWideSNP_6_B10_1359002.grch38.seg.v2.txt	fbb44b90-d349-44b7-b777-f9db14127f1d
open	f0cbc2a4-c1f7-4b32-bce1-57eb59d351cc	TCGA-PC-A5DP	Copy Number Variation	TXT	Genotyping Array	03c528ca-307d-481d-889e-5e2674b65fe0	TCGA-SARC.96ab436c-aec5-4d4e-b2d1-5e44c6d986c3.ascat3.allelic_specific.seg.txt	03c528ca-307d-481d-889e-5e2674b65fe0
controlled	f0cbc2a4-c1f7-4b32-bce1-57eb59d351cc	TCGA-PC-A5DP	Simple Nucleotide Variation	TSV	Genotyping Array	ffa0f5cf-e902-46f7-b979-ea4830192752	WAGER_p_TCGA_282_284_285_286_N_GenomeWideSNP_6_B10_1359002.birdseed.data.txt	ffa0f5cf-e902-46f7-b979-ea4830192752
open	12b45061-9ed6-46cd-971a-b81d79bc88ec	TCGA-DX-A6YU	Copy Number Variation	TSV	Genotyping Array	e6eff619-fc3b-4f7d-a7b0-b4131b4549c5	TCGA-SARC.dd87231a-d658-43b1-ace0-e43c41832718.gene_level_copy_number.v36.tsv	e6eff619-fc3b-4f7d-a7b0-b4131b4549c5
controlled	12b45061-9ed6-46cd-971a-b81d79bc88ec	TCGA-DX-A6YU	Copy Number Variation	CEL	Genotyping Array	c6148520-6344-4bce-8ebe-695247c4a701	MOWED_p_TCGAb3_39_40_41_42_STY_GenomeWideSNP_6_F11_1377392.CEL	c6148520-6344-4bce-8ebe-695247c4a701
controlled	0f94362d-368f-4570-b8c1-70fc4b1f5e35	TCGA-QQ-A5VB	Copy Number Variation	CEL	Genotyping Array	16564aa5-254a-4b4b-b531-9ec48a95d328	HONGS_p_TCGAb3_75_76_77_NSP_GenomeWideSNP_6_H10_1438158.CEL	16564aa5-254a-4b4b-b531-9ec48a95d328
controlled	12bfd446-2ee5-4664-a492-c023d134f60f	TCGA-FX-A48G	Simple Nucleotide Variation	TSV	Genotyping Array	5777a025-b790-4e89-9c74-e3f8d475cfb1	YOGIN_p_TCGA_4_262_263_N_GenomeWideSNP_6_B05_1306160.birdseed.data.txt	5777a025-b790-4e89-9c74-e3f8d475cfb1
open	0f94362d-368f-4570-b8c1-70fc4b1f5e35	TCGA-QQ-A5VB	Copy Number Variation	TSV	Genotyping Array	6e6ce306-c3be-4497-89d9-bcfd374afb49	TCGA-SARC.4133ffe3-9263-41d5-958d-6078bab4891e.absolute_liftover.gene_level_copy_number.v36.tsv	6e6ce306-c3be-4497-89d9-bcfd374afb49
controlled	05d4099f-521a-4df6-abac-f86f84b3af7f	TCGA-WP-A9GB	Simple Nucleotide Variation	TSV	Genotyping Array	e6d81886-fc19-497c-a378-93d74af21a82	VISTA_p_TCGAb_383_384_NSP_GenomeWideSNP_6_C04_1464962.birdseed.data.txt	e6d81886-fc19-497c-a378-93d74af21a82
open	12bfd446-2ee5-4664-a492-c023d134f60f	TCGA-FX-A48G	Copy Number Variation	TXT	Genotyping Array	47fdfdeb-b931-4e49-a8df-5219a9f37409	YOGIN_p_TCGA_4_262_263_N_GenomeWideSNP_6_B05_1306160.grch38.seg.v2.txt	47fdfdeb-b931-4e49-a8df-5219a9f37409
controlled	0f94362d-368f-4570-b8c1-70fc4b1f5e35	TCGA-QQ-A5VB	Copy Number Variation	CEL	Genotyping Array	ece9ab72-c848-437c-a87c-b60a755c5ea0	HONGS_p_TCGAb3_75_76_77_NSP_GenomeWideSNP_6_G02_1438194.CEL	ece9ab72-c848-437c-a87c-b60a755c5ea0
open	05d4099f-521a-4df6-abac-f86f84b3af7f	TCGA-WP-A9GB	Copy Number Variation	TXT	Genotyping Array	fd5e7344-c6e2-459e-8b3c-5ef2e54841bc	VISTA_p_TCGAb_383_384_NSP_GenomeWideSNP_6_C05_1464998.nocnv_grch38.seg.v2.txt	fd5e7344-c6e2-459e-8b3c-5ef2e54841bc
controlled	05d4099f-521a-4df6-abac-f86f84b3af7f	TCGA-WP-A9GB	Simple Nucleotide Variation	TSV	Genotyping Array	9ef136a4-d06b-4961-b948-b841d37547ef	VISTA_p_TCGAb_383_384_NSP_GenomeWideSNP_6_C05_1464998.birdseed.data.txt	9ef136a4-d06b-4961-b948-b841d37547ef
controlled	12bfd446-2ee5-4664-a492-c023d134f60f	TCGA-FX-A48G	Copy Number Variation	CEL	Genotyping Array	7cc523b7-78bd-4c8c-9e41-7a0853bb55ae	YOGIN_p_TCGA_4_262_263_N_GenomeWideSNP_6_C03_1306214.CEL	7cc523b7-78bd-4c8c-9e41-7a0853bb55ae
controlled	05d4099f-521a-4df6-abac-f86f84b3af7f	TCGA-WP-A9GB	Copy Number Variation	CEL	Genotyping Array	20b9eabc-1104-40a1-9d10-f54f656fca15	VISTA_p_TCGAb_383_384_NSP_GenomeWideSNP_6_C05_1464998.CEL	20b9eabc-1104-40a1-9d10-f54f656fca15
open	12bfd446-2ee5-4664-a492-c023d134f60f	TCGA-FX-A48G	Copy Number Variation	TSV	Genotyping Array	03925231-20ad-482d-8a7f-208e5f59b907	TCGA-SARC.673d65c1-c227-4c93-bc47-81bc18597422.absolute_liftover.gene_level_copy_number.v36.tsv	03925231-20ad-482d-8a7f-208e5f59b907
open	1c89da99-9e89-4726-b196-97eeab46d504	TCGA-X6-A7WC	Copy Number Variation	TSV	Genotyping Array	74051247-1698-4bc6-93a7-e4d0992c4035	TCGA-SARC.07fbe2a0-470a-4fdb-99e2-8ac308e39473.gene_level_copy_number.v36.tsv	74051247-1698-4bc6-93a7-e4d0992c4035
controlled	12bfd446-2ee5-4664-a492-c023d134f60f	TCGA-FX-A48G	Simple Nucleotide Variation	TSV	Genotyping Array	87647494-2264-47ce-9579-232c85ff3c72	YOGIN_p_TCGA_4_262_263_N_GenomeWideSNP_6_B09_1306126.birdseed.data.txt	87647494-2264-47ce-9579-232c85ff3c72
open	0f94362d-368f-4570-b8c1-70fc4b1f5e35	TCGA-QQ-A5VB	Copy Number Variation	TSV	Genotyping Array	1fd9c067-38e4-4d2f-b4e9-4a876c9b2997	TCGA-SARC.4133ffe3-9263-41d5-958d-6078bab4891e.gene_level_copy_number.v36.tsv	1fd9c067-38e4-4d2f-b4e9-4a876c9b2997
open	1c89da99-9e89-4726-b196-97eeab46d504	TCGA-X6-A7WC	Copy Number Variation	TXT	Genotyping Array	bff3c934-c19c-409e-9cd7-abf3e308051e	TAZZA_p_TCGAb3_62_63_64_65_NSP_GenomeWideSNP_6_B06_1387810.nocnv_grch38.seg.v2.txt	bff3c934-c19c-409e-9cd7-abf3e308051e
open	12bfd446-2ee5-4664-a492-c023d134f60f	TCGA-FX-A48G	Copy Number Variation	TXT	Genotyping Array	0b32e530-5c95-4c21-bdc5-375cd1a3a9bc	YOGIN_p_TCGA_4_262_263_N_GenomeWideSNP_6_B09_1306126.grch38.seg.v2.txt	0b32e530-5c95-4c21-bdc5-375cd1a3a9bc
open	0f94362d-368f-4570-b8c1-70fc4b1f5e35	TCGA-QQ-A5VB	Copy Number Variation	TXT	Genotyping Array	2e612814-846f-4aaf-bb69-82a0bcc12341	TCGA-SARC.4133ffe3-9263-41d5-958d-6078bab4891e.ascat2.allelic_specific.seg.txt	2e612814-846f-4aaf-bb69-82a0bcc12341
controlled	1c89da99-9e89-4726-b196-97eeab46d504	TCGA-X6-A7WC	Simple Nucleotide Variation	TSV	Genotyping Array	0779abdc-914f-48dc-9b8a-0160c839c055	TAZZA_p_TCGAb3_62_63_64_65_NSP_GenomeWideSNP_6_B05_1387924.birdseed.data.txt	0779abdc-914f-48dc-9b8a-0160c839c055
open	1cbcfbb0-fcad-4ccd-8e83-120faa3e0df3	TCGA-UE-A6QU	Copy Number Variation	TXT	Genotyping Array	0c93177f-842a-4b11-956a-d69f21ed30e3	TCGA-SARC.58a9fc52-af4d-4f80-9a14-235faf1dfb46.ascat3.allelic_specific.seg.txt	0c93177f-842a-4b11-956a-d69f21ed30e3
open	1cbcfbb0-fcad-4ccd-8e83-120faa3e0df3	TCGA-UE-A6QU	Copy Number Variation	TSV	Genotyping Array	d2f7561e-56c6-4ecd-a100-25a14471dfbb	TCGA-SARC.58a9fc52-af4d-4f80-9a14-235faf1dfb46.ascat3.gene_level_copy_number.v36.tsv	d2f7561e-56c6-4ecd-a100-25a14471dfbb
open	1cbcfbb0-fcad-4ccd-8e83-120faa3e0df3	TCGA-UE-A6QU	Copy Number Variation	TXT	Genotyping Array	6a4e6c5d-e168-4dc9-9f2f-9336ad0e10e7	THREW_p_TCGAb_329_335_336_NSP_GenomeWideSNP_6_G03_1367224.nocnv_grch38.seg.v2.txt	6a4e6c5d-e168-4dc9-9f2f-9336ad0e10e7
open	12bfd446-2ee5-4664-a492-c023d134f60f	TCGA-FX-A48G	Copy Number Variation	TXT	Genotyping Array	3a9a3046-cc71-4eb2-b854-029c20094121	YOGIN_p_TCGA_4_262_263_N_GenomeWideSNP_6_C03_1306214.grch38.seg.v2.txt	3a9a3046-cc71-4eb2-b854-029c20094121
open	4c323272-2e94-4910-a894-7836570852cd	TCGA-QQ-A8VB	Copy Number Variation	TXT	Genotyping Array	43c36da4-8b91-48b8-9629-b991bc9c8c69	VISTA_p_TCGAb_383_384_NSP_GenomeWideSNP_6_A11_1465002.nocnv_grch38.seg.v2.txt	43c36da4-8b91-48b8-9629-b991bc9c8c69
controlled	1007195a-7b6a-4575-b6d1-075d76a997ff	TCGA-DX-A6YR	Simple Nucleotide Variation	TSV	Genotyping Array	f24b9379-3f03-4991-9626-271130c807e4	TAZZA_p_TCGAb3_62_63_64_65_NSP_GenomeWideSNP_6_C04_1387860.birdseed.data.txt	f24b9379-3f03-4991-9626-271130c807e4
open	1007195a-7b6a-4575-b6d1-075d76a997ff	TCGA-DX-A6YR	Copy Number Variation	TSV	Genotyping Array	4d7571be-5e52-4d39-9914-10f4e23e6bd1	TCGA-SARC.e5d7e2bc-630c-4eb0-90cf-137dd1d8d0cd.absolute_liftover.gene_level_copy_number.v36.tsv	4d7571be-5e52-4d39-9914-10f4e23e6bd1
controlled	1cbcfbb0-fcad-4ccd-8e83-120faa3e0df3	TCGA-UE-A6QU	Copy Number Variation	CEL	Genotyping Array	7030aa59-d228-47c4-9c55-cc0e66837d40	THREW_p_TCGAb_329_335_336_NSP_GenomeWideSNP_6_G03_1367224.CEL	7030aa59-d228-47c4-9c55-cc0e66837d40
open	16a4412f-0256-498d-b77b-4aecfed34091	TCGA-FX-A3TO	Copy Number Variation	TSV	Genotyping Array	c2713c43-861b-46cc-b433-7e9b16691402	TCGA-SARC.90e8e5d6-e4fc-4f69-a746-a2305b5964f8.absolute_liftover.gene_level_copy_number.v36.tsv	c2713c43-861b-46cc-b433-7e9b16691402
open	1cbcfbb0-fcad-4ccd-8e83-120faa3e0df3	TCGA-UE-A6QU	Copy Number Variation	TXT	Genotyping Array	ba178806-3b17-458d-a68f-d8a8b0427667	THREW_p_TCGAb_329_335_336_NSP_GenomeWideSNP_6_G03_1367224.grch38.seg.v2.txt	ba178806-3b17-458d-a68f-d8a8b0427667
controlled	1007195a-7b6a-4575-b6d1-075d76a997ff	TCGA-DX-A6YR	Copy Number Variation	CEL	Genotyping Array	dd590d32-1875-41c6-91f7-2f129198a2e9	TAZZA_p_TCGAb3_62_63_64_65_NSP_GenomeWideSNP_6_C03_1387800.CEL	dd590d32-1875-41c6-91f7-2f129198a2e9
open	1d03c1e5-8ab1-46b7-a46c-3738d463fd1c	TCGA-DX-AB37	Copy Number Variation	TXT	Genotyping Array	d79cc778-97d3-4c92-893d-f33e12cf4148	CUBES_p_TCGAb_425_426_427_NSP_GenomeWideSNP_6_E05_1514068.grch38.seg.v2.txt	d79cc778-97d3-4c92-893d-f33e12cf4148
controlled	4c323272-2e94-4910-a894-7836570852cd	TCGA-QQ-A8VB	Copy Number Variation	CEL	Genotyping Array	c6a3efd7-623f-488d-ae6f-0756361dd7a7	VISTA_p_TCGAb_383_384_NSP_GenomeWideSNP_6_A10_1464992.CEL	c6a3efd7-623f-488d-ae6f-0756361dd7a7
controlled	1d03c1e5-8ab1-46b7-a46c-3738d463fd1c	TCGA-DX-AB37	Simple Nucleotide Variation	TSV	Genotyping Array	90f70c38-8f3f-48f0-8d29-bd4f96a82524	CUBES_p_TCGAb_425_426_427_NSP_GenomeWideSNP_6_E05_1514068.birdseed.data.txt	90f70c38-8f3f-48f0-8d29-bd4f96a82524
open	1007195a-7b6a-4575-b6d1-075d76a997ff	TCGA-DX-A6YR	Copy Number Variation	TXT	Genotyping Array	4d190c55-bf2b-4f41-8ad3-53df859a43fa	TCGA-SARC.e5d7e2bc-630c-4eb0-90cf-137dd1d8d0cd.ascat3.allelic_specific.seg.txt	4d190c55-bf2b-4f41-8ad3-53df859a43fa
open	1d03c1e5-8ab1-46b7-a46c-3738d463fd1c	TCGA-DX-AB37	Copy Number Variation	TXT	Genotyping Array	b90b51f1-16c4-4817-b8d0-f27dd02e3dc9	CUBES_p_TCGAb_425_426_427_NSP_GenomeWideSNP_6_E05_1514068.nocnv_grch38.seg.v2.txt	b90b51f1-16c4-4817-b8d0-f27dd02e3dc9
open	1d03c1e5-8ab1-46b7-a46c-3738d463fd1c	TCGA-DX-AB37	Copy Number Variation	TXT	Genotyping Array	290c1771-781d-4df1-96f8-231b6d92f8b8	CUBES_p_TCGAb_425_426_427_NSP_GenomeWideSNP_6_E04_1514106.nocnv_grch38.seg.v2.txt	290c1771-781d-4df1-96f8-231b6d92f8b8
open	2560fb5b-5f49-4d38-8f61-1ab911aed3eb	TCGA-SI-A71P	Copy Number Variation	TXT	Genotyping Array	88c1fa06-775a-4fc4-bdef-b21f522b821f	MOWED_p_TCGAb3_39_40_41_42_STY_GenomeWideSNP_6_F09_1377444.nocnv_grch38.seg.v2.txt	88c1fa06-775a-4fc4-bdef-b21f522b821f
open	109df703-2865-4b4c-8e4b-badff8eb3f22	TCGA-HB-A3YV	Copy Number Variation	TXT	Genotyping Array	4033100a-9680-404b-817d-4d049f38c416	YOGIN_p_TCGA_4_262_263_N_GenomeWideSNP_6_B12_1306202.nocnv_grch38.seg.v2.txt	4033100a-9680-404b-817d-4d049f38c416
open	2560fb5b-5f49-4d38-8f61-1ab911aed3eb	TCGA-SI-A71P	Copy Number Variation	TXT	Genotyping Array	c97e8b29-84ea-40dd-bdd0-083f57e045e4	MOWED_p_TCGAb3_39_40_41_42_STY_GenomeWideSNP_6_F10_1377508.grch38.seg.v2.txt	c97e8b29-84ea-40dd-bdd0-083f57e045e4
open	17cecba9-37ed-4967-8756-e0f7c20c8209	TCGA-MJ-A850	Copy Number Variation	TXT	Genotyping Array	b5d93545-b907-4e25-ac5a-e74860983cc9	TAZZA_p_TCGAb3_62_63_64_65_NSP_GenomeWideSNP_6_B11_1387880.grch38.seg.v2.txt	b5d93545-b907-4e25-ac5a-e74860983cc9
open	1d03c1e5-8ab1-46b7-a46c-3738d463fd1c	TCGA-DX-AB37	Copy Number Variation	TXT	Genotyping Array	cd6c2e1c-44f1-47c0-bcec-2d72cf380389	TCGA-SARC.e277fbd0-1c14-40a7-b3b3-aa3b2cd07e01.ascat2.allelic_specific.seg.txt	cd6c2e1c-44f1-47c0-bcec-2d72cf380389
open	1d03c1e5-8ab1-46b7-a46c-3738d463fd1c	TCGA-DX-AB37	Copy Number Variation	TXT	Genotyping Array	5f4a53f8-d941-4f9c-9691-80f710d93a65	TCGA-SARC.e277fbd0-1c14-40a7-b3b3-aa3b2cd07e01.ascat3.allelic_specific.seg.txt	5f4a53f8-d941-4f9c-9691-80f710d93a65
open	2560fb5b-5f49-4d38-8f61-1ab911aed3eb	TCGA-SI-A71P	Copy Number Variation	TXT	Genotyping Array	851e2eb0-3122-4970-902f-8a47b67f343e	MOWED_p_TCGAb3_39_40_41_42_STY_GenomeWideSNP_6_F10_1377508.nocnv_grch38.seg.v2.txt	851e2eb0-3122-4970-902f-8a47b67f343e
open	17cecba9-37ed-4967-8756-e0f7c20c8209	TCGA-MJ-A850	Copy Number Variation	TSV	Genotyping Array	9dcb863c-410c-46bd-9b9b-cb35ecb885b1	TCGA-SARC.8b9cc077-d704-4164-9a94-dc3dbafad8ca.gene_level_copy_number.v36.tsv	9dcb863c-410c-46bd-9b9b-cb35ecb885b1
open	17cecba9-37ed-4967-8756-e0f7c20c8209	TCGA-MJ-A850	Copy Number Variation	TXT	Genotyping Array	f2ab9836-856a-4c19-b3d0-03cd8a4ac725	TAZZA_p_TCGAb3_62_63_64_65_NSP_GenomeWideSNP_6_B12_1387890.grch38.seg.v2.txt	f2ab9836-856a-4c19-b3d0-03cd8a4ac725
open	109df703-2865-4b4c-8e4b-badff8eb3f22	TCGA-HB-A3YV	Copy Number Variation	TXT	Genotyping Array	2967ecc1-ae39-4490-ae1e-1e2b0b5d45dd	TCGA-SARC.e7cddc48-9b99-4933-be70-4a3730cae2ef.ascat2.allelic_specific.seg.txt	2967ecc1-ae39-4490-ae1e-1e2b0b5d45dd
controlled	109df703-2865-4b4c-8e4b-badff8eb3f22	TCGA-HB-A3YV	Copy Number Variation	CEL	Genotyping Array	f35174b8-aa5a-4948-a437-21d274665427	YOGIN_p_TCGA_4_262_263_N_GenomeWideSNP_6_B12_1306202.CEL	f35174b8-aa5a-4948-a437-21d274665427
controlled	1db4962a-3cf7-4f36-bd60-46a1b63b6c20	TCGA-SG-A6Z4	Simple Nucleotide Variation	TSV	Genotyping Array	4197ba8d-fb12-43fb-bc9f-4f12c805694a	MOWED_p_TCGAb3_39_40_41_42_STY_GenomeWideSNP_6_G08_1377440.birdseed.data.txt	4197ba8d-fb12-43fb-bc9f-4f12c805694a
open	257dc623-41e1-4fa3-859c-c787db10bd60	TCGA-IS-A3KA	Copy Number Variation	TSV	Genotyping Array	c47c5152-b48c-41bf-aaed-e43571fab1e3	TCGA-SARC.f84098f3-f23f-47ce-8a7c-621258e24021.ascat3.gene_level_copy_number.v36.tsv	c47c5152-b48c-41bf-aaed-e43571fab1e3
open	1db4962a-3cf7-4f36-bd60-46a1b63b6c20	TCGA-SG-A6Z4	Copy Number Variation	TXT	Genotyping Array	e4b4249b-4603-4cc2-930c-e3dc464b0aae	MOWED_p_TCGAb3_39_40_41_42_STY_GenomeWideSNP_6_G08_1377440.nocnv_grch38.seg.v2.txt	e4b4249b-4603-4cc2-930c-e3dc464b0aae
open	ca0f032b-a34c-4a92-a403-bc7dc6eca8e9	TCGA-KF-A41W	Copy Number Variation	TXT	Genotyping Array	7d02cc7d-188d-4f2c-93a6-f7cea75ea078	TCGA-SARC.5f38663f-a033-4cd1-9962-33b2c23c3f65.ascat2.allelic_specific.seg.txt	7d02cc7d-188d-4f2c-93a6-f7cea75ea078
open	ca0f032b-a34c-4a92-a403-bc7dc6eca8e9	TCGA-KF-A41W	Copy Number Variation	TXT	Genotyping Array	f59527ec-0c08-497f-b38a-75ac2a0e3cf4	YOGIN_p_TCGA_4_262_263_N_GenomeWideSNP_6_C01_1306132.nocnv_grch38.seg.v2.txt	f59527ec-0c08-497f-b38a-75ac2a0e3cf4
controlled	1a319d92-d5d4-41f7-8a10-2afb52513d83	TCGA-DX-A3U9	Simple Nucleotide Variation	TSV	Genotyping Array	bef96d46-e2c6-4cbb-ab02-850814e8093f	SNOWS_p_TCGA_Batch_309_310_NSP_GenomeWideSNP_6_C12_1362086.birdseed.data.txt	bef96d46-e2c6-4cbb-ab02-850814e8093f
open	1a319d92-d5d4-41f7-8a10-2afb52513d83	TCGA-DX-A3U9	Copy Number Variation	TXT	Genotyping Array	724ecdab-f7b6-42ea-8aa5-93d192dd71e2	TCGA-SARC.325289cc-4283-4b48-ae26-83c8cf5c475a.ascat3.allelic_specific.seg.txt	724ecdab-f7b6-42ea-8aa5-93d192dd71e2
controlled	257dc623-41e1-4fa3-859c-c787db10bd60	TCGA-IS-A3KA	Simple Nucleotide Variation	TSV	Genotyping Array	c6fda2c9-20ea-4728-a5c4-d54684d7473b	MACON_p_TCGASNP_218_AML_PP_N_GenomeWideSNP_6_C03_1040142.birdseed.data.txt	c6fda2c9-20ea-4728-a5c4-d54684d7473b
open	1db4962a-3cf7-4f36-bd60-46a1b63b6c20	TCGA-SG-A6Z4	Copy Number Variation	TXT	Genotyping Array	c24f9e95-8cbc-469b-8896-6ec0919b81df	TCGA-SARC.16a00020-a856-4c90-8b5f-c8907b243df5.ascat2.allelic_specific.seg.txt	c24f9e95-8cbc-469b-8896-6ec0919b81df
open	1a319d92-d5d4-41f7-8a10-2afb52513d83	TCGA-DX-A3U9	Copy Number Variation	TXT	Genotyping Array	c1d691c3-f66e-4adf-a893-9e89bc55a6f8	SNOWS_p_TCGA_Batch_309_310_NSP_GenomeWideSNP_6_C12_1362086.grch38.seg.v2.txt	c1d691c3-f66e-4adf-a893-9e89bc55a6f8
open	1db4962a-3cf7-4f36-bd60-46a1b63b6c20	TCGA-SG-A6Z4	Copy Number Variation	TXT	Genotyping Array	818ebe6f-2987-4a20-9f4c-5ee3e556fc81	MOWED_p_TCGAb3_39_40_41_42_STY_GenomeWideSNP_6_G07_1377442.nocnv_grch38.seg.v2.txt	818ebe6f-2987-4a20-9f4c-5ee3e556fc81
open	257dc623-41e1-4fa3-859c-c787db10bd60	TCGA-IS-A3KA	Copy Number Variation	TXT	Genotyping Array	9db46866-ede8-4c4e-86dd-d51b03062807	MACON_p_TCGASNP_218_AML_PP_N_GenomeWideSNP_6_C03_1040142.nocnv_grch38.seg.v2.txt	9db46866-ede8-4c4e-86dd-d51b03062807
open	ca0f032b-a34c-4a92-a403-bc7dc6eca8e9	TCGA-KF-A41W	Copy Number Variation	TXT	Genotyping Array	7131d972-7fdc-4906-81f9-7efd02260be6	YOGIN_p_TCGA_4_262_263_N_GenomeWideSNP_6_B08_1306246.grch38.seg.v2.txt	7131d972-7fdc-4906-81f9-7efd02260be6
open	212c9acc-d5ad-4b31-91bc-7ab72233aec6	TCGA-DX-A23V	Copy Number Variation	TSV	Genotyping Array	cdf8b299-c1c0-4c4a-9f2c-ea4ce83ad730	TCGA-SARC.bc5eb179-acb9-424a-a37f-19a9a3e52f96.gene_level_copy_number.v36.tsv	cdf8b299-c1c0-4c4a-9f2c-ea4ce83ad730
open	212c9acc-d5ad-4b31-91bc-7ab72233aec6	TCGA-DX-A23V	Copy Number Variation	TXT	Genotyping Array	ba7699d7-880b-450d-90c5-4e47c0126b14	TCGA-SARC.bc5eb179-acb9-424a-a37f-19a9a3e52f96.ascat3.allelic_specific.seg.txt	ba7699d7-880b-450d-90c5-4e47c0126b14
controlled	212c9acc-d5ad-4b31-91bc-7ab72233aec6	TCGA-DX-A23V	Simple Nucleotide Variation	TSV	Genotyping Array	0d5046df-cc44-46cf-842b-6d29b798101e	BURSA_p_TCGA_303_304_305_N_GenomeWideSNP_6_B05_1344764.birdseed.data.txt	0d5046df-cc44-46cf-842b-6d29b798101e
controlled	2e3665ef-d572-478f-9415-db61c3753613	TCGA-MB-A5YA	Copy Number Variation	CEL	Genotyping Array	dadc31aa-710c-4c36-8e16-bc4b11e662ca	BURSA_p_TCGA_303_304_305_N_GenomeWideSNP_6_B10_1344780.CEL	dadc31aa-710c-4c36-8e16-bc4b11e662ca
open	1ad65834-8bac-4b80-8b2e-2588548ea003	TCGA-DX-A6Z2	Copy Number Variation	TSV	Genotyping Array	efac8134-5dc5-4165-8f0a-c68b82691414	TCGA-SARC.dcd369bb-a83d-4c00-aba5-0ab14a39eec0.absolute_liftover.gene_level_copy_number.v36.tsv	efac8134-5dc5-4165-8f0a-c68b82691414
open	1ad65834-8bac-4b80-8b2e-2588548ea003	TCGA-DX-A6Z2	Copy Number Variation	TXT	Genotyping Array	b5bbbf11-e8e3-4c90-a038-bbd0484284c2	HEIGH_p_TCGAb418_19_21_BCR_NSP_GenomeWideSNP_6_G11_1485726.nocnv_grch38.seg.v2.txt	b5bbbf11-e8e3-4c90-a038-bbd0484284c2
open	2e3665ef-d572-478f-9415-db61c3753613	TCGA-MB-A5YA	Copy Number Variation	TSV	Genotyping Array	5101a48e-518a-4be6-aced-afba719660ff	TCGA-SARC.cd2b6d57-f62b-405a-9d7e-b8f2081acec7.ascat3.gene_level_copy_number.v36.tsv	5101a48e-518a-4be6-aced-afba719660ff
controlled	212c9acc-d5ad-4b31-91bc-7ab72233aec6	TCGA-DX-A23V	Copy Number Variation	CEL	Genotyping Array	603824bf-f440-4fea-9bc5-b3915411da54	BURSA_p_TCGA_303_304_305_N_GenomeWideSNP_6_B05_1344764.CEL	603824bf-f440-4fea-9bc5-b3915411da54
controlled	1ad65834-8bac-4b80-8b2e-2588548ea003	TCGA-DX-A6Z2	Simple Nucleotide Variation	TSV	Genotyping Array	6e7d763c-3800-4455-b83b-2ba1842b43b1	HONGS_p_TCGAb3_75_76_77_NSP_GenomeWideSNP_6_H01_1438202.birdseed.data.txt	6e7d763c-3800-4455-b83b-2ba1842b43b1
open	a34cfb9c-44dd-4617-bbd1-28edc8d527c4	TCGA-MO-A47P	Copy Number Variation	TXT	Genotyping Array	ba95ff27-4efb-457e-a0eb-614e3b9e1a62	YOGIN_p_TCGA_4_262_263_N_GenomeWideSNP_6_C12_1306206.nocnv_grch38.seg.v2.txt	ba95ff27-4efb-457e-a0eb-614e3b9e1a62
open	1ad65834-8bac-4b80-8b2e-2588548ea003	TCGA-DX-A6Z2	Copy Number Variation	TSV	Genotyping Array	67a9ca2e-3cc9-4338-afd0-adc751208a20	TCGA-SARC.dcd369bb-a83d-4c00-aba5-0ab14a39eec0.gene_level_copy_number.v36.tsv	67a9ca2e-3cc9-4338-afd0-adc751208a20
controlled	1ad65834-8bac-4b80-8b2e-2588548ea003	TCGA-DX-A6Z2	Simple Nucleotide Variation	TSV	Genotyping Array	5c0b9e8f-d90b-496f-885f-de87af4a6fe6	HEIGH_p_TCGAb418_19_21_BCR_NSP_GenomeWideSNP_6_G11_1485726.birdseed.data.txt	5c0b9e8f-d90b-496f-885f-de87af4a6fe6
controlled	2e3665ef-d572-478f-9415-db61c3753613	TCGA-MB-A5YA	Copy Number Variation	CEL	Genotyping Array	c1e2c577-612c-476d-b7c1-be524b86278d	BURSA_p_TCGA_303_304_305_N_GenomeWideSNP_6_C10_1344772.CEL	c1e2c577-612c-476d-b7c1-be524b86278d
open	a34cfb9c-44dd-4617-bbd1-28edc8d527c4	TCGA-MO-A47P	Copy Number Variation	TXT	Genotyping Array	4ee8d4a0-dc3a-48b8-8dbb-fb4fdfd0035e	YOGIN_p_TCGA_4_262_263_N_GenomeWideSNP_6_C08_1306230.nocnv_grch38.seg.v2.txt	4ee8d4a0-dc3a-48b8-8dbb-fb4fdfd0035e
open	1ad65834-8bac-4b80-8b2e-2588548ea003	TCGA-DX-A6Z2	Copy Number Variation	TXT	Genotyping Array	24d128ee-9069-42ad-b798-83f12b8c7b59	TCGA-SARC.dcd369bb-a83d-4c00-aba5-0ab14a39eec0.ascat2.allelic_specific.seg.txt	24d128ee-9069-42ad-b798-83f12b8c7b59
open	2892ee84-ac7c-4e0e-8311-ce721d6afc32	TCGA-SG-A6Z7	Copy Number Variation	TSV	Genotyping Array	c8ffee78-9054-4200-ba9a-eb2e7caba551	TCGA-SARC.7f417787-01ec-4cdc-aa67-a833c3fcebcb.ascat3.gene_level_copy_number.v36.tsv	c8ffee78-9054-4200-ba9a-eb2e7caba551
open	1ad65834-8bac-4b80-8b2e-2588548ea003	TCGA-DX-A6Z2	Copy Number Variation	TXT	Genotyping Array	ca5fbff3-49f3-4e56-9f7c-f6e600e6b657	TCGA-SARC.1cef4169-55a3-4661-bd30-60770882192e.ascat2.allelic_specific.seg.txt	ca5fbff3-49f3-4e56-9f7c-f6e600e6b657
open	23409c1c-9fc2-4c54-8c94-e1aabe05c301	TCGA-DX-A2J1	Copy Number Variation	TXT	Genotyping Array	a5710b2f-fa41-46dc-8d1e-5947b1faa7d5	TCGA-SARC.3619340b-8184-4cca-8c4e-0124058aa019.ascat2.allelic_specific.seg.txt	a5710b2f-fa41-46dc-8d1e-5947b1faa7d5
controlled	28c50a5c-e0ea-4f93-b34c-b0a651264539	TCGA-HS-A5N7	Copy Number Variation	CEL	Genotyping Array	44340f6e-4446-4766-9723-80f83e3703d3	WAGER_p_TCGA_282_284_285_286_N_GenomeWideSNP_6_G09_1359058.CEL	44340f6e-4446-4766-9723-80f83e3703d3
open	2e3665ef-d572-478f-9415-db61c3753613	TCGA-MB-A5YA	Copy Number Variation	TXT	Genotyping Array	0f4332bd-5453-4ae2-aa2e-b4fa22a439ec	BURSA_p_TCGA_303_304_305_N_GenomeWideSNP_6_C10_1344772.grch38.seg.v2.txt	0f4332bd-5453-4ae2-aa2e-b4fa22a439ec
open	3ea1cbd8-f74a-4b14-aa49-23d5a47716ba	TCGA-IW-A3M6	Copy Number Variation	TXT	Genotyping Array	71853770-a924-4aa5-bccd-099353706e6a	MACON_p_TCGASNP_218_AML_PP_N_GenomeWideSNP_6_C02_1040010.nocnv_grch38.seg.v2.txt	71853770-a924-4aa5-bccd-099353706e6a
open	1ad65834-8bac-4b80-8b2e-2588548ea003	TCGA-DX-A6Z2	Copy Number Variation	TXT	Genotyping Array	0a36bb98-00e3-4917-af86-9e00190e88bc	TCGA-SARC.dcd369bb-a83d-4c00-aba5-0ab14a39eec0.ascat3.allelic_specific.seg.txt	0a36bb98-00e3-4917-af86-9e00190e88bc
open	23409c1c-9fc2-4c54-8c94-e1aabe05c301	TCGA-DX-A2J1	Copy Number Variation	TSV	Genotyping Array	ff319d80-4d7b-4031-9c65-e8c062c39fdc	TCGA-SARC.3619340b-8184-4cca-8c4e-0124058aa019.gene_level_copy_number.v36.tsv	ff319d80-4d7b-4031-9c65-e8c062c39fdc
controlled	3ea1cbd8-f74a-4b14-aa49-23d5a47716ba	TCGA-IW-A3M6	Simple Nucleotide Variation	TSV	Genotyping Array	6aaf55cf-e6e3-45d4-a9e5-e38bbe064444	MACON_p_TCGASNP_218_AML_PP_N_GenomeWideSNP_6_A12_1040120.birdseed.data.txt	6aaf55cf-e6e3-45d4-a9e5-e38bbe064444
controlled	28c50a5c-e0ea-4f93-b34c-b0a651264539	TCGA-HS-A5N7	Simple Nucleotide Variation	TSV	Genotyping Array	8f259b88-4881-42e9-96e3-877e985d8c08	WAGER_p_TCGA_282_284_285_286_N_GenomeWideSNP_6_C08_1359160.birdseed.data.txt	8f259b88-4881-42e9-96e3-877e985d8c08
controlled	2e3b8aa0-80db-4cb5-b706-328d1401a65b	TCGA-DX-A48K	Copy Number Variation	CEL	Genotyping Array	98277c03-54e0-4190-804d-2305dcbc7823	SNOWS_p_TCGA_Batch_309_310_NSP_GenomeWideSNP_6_E04_1362092.CEL	98277c03-54e0-4190-804d-2305dcbc7823
open	28c50a5c-e0ea-4f93-b34c-b0a651264539	TCGA-HS-A5N7	Copy Number Variation	TXT	Genotyping Array	9ca2d786-1f0a-44e8-880d-0f74b063b76c	WAGER_p_TCGA_282_284_285_286_N_GenomeWideSNP_6_G09_1359058.grch38.seg.v2.txt	9ca2d786-1f0a-44e8-880d-0f74b063b76c
open	23409c1c-9fc2-4c54-8c94-e1aabe05c301	TCGA-DX-A2J1	Copy Number Variation	TSV	Genotyping Array	22afc173-db7b-475e-b6e3-e536f3c28e4d	TCGA-SARC.3619340b-8184-4cca-8c4e-0124058aa019.ascat3.gene_level_copy_number.v36.tsv	22afc173-db7b-475e-b6e3-e536f3c28e4d
open	2e3b8aa0-80db-4cb5-b706-328d1401a65b	TCGA-DX-A48K	Copy Number Variation	TXT	Genotyping Array	9f03a933-5c4a-4f04-8afd-07a95a3d33fa	SNOWS_p_TCGA_Batch_309_310_NSP_GenomeWideSNP_6_E05_1362126.nocnv_grch38.seg.v2.txt	9f03a933-5c4a-4f04-8afd-07a95a3d33fa
open	239505ce-f2f1-477e-8ae2-b7065989ba79	TCGA-K1-A6RT	Copy Number Variation	TXT	Genotyping Array	0a194cf8-82a3-4ea8-aa70-1d09ad07a3e3	TCGA-SARC.d100649a-baa7-4c9d-b79c-6789b59aa12c.ascat2.allelic_specific.seg.txt	0a194cf8-82a3-4ea8-aa70-1d09ad07a3e3
open	239505ce-f2f1-477e-8ae2-b7065989ba79	TCGA-K1-A6RT	Copy Number Variation	TSV	Genotyping Array	51142c77-f174-4879-8a29-9fbf8b4a7515	TCGA-SARC.d100649a-baa7-4c9d-b79c-6789b59aa12c.ascat3.gene_level_copy_number.v36.tsv	51142c77-f174-4879-8a29-9fbf8b4a7515
open	28c50a5c-e0ea-4f93-b34c-b0a651264539	TCGA-HS-A5N7	Copy Number Variation	TXT	Genotyping Array	77da41be-9c23-432f-a5d4-e1a7a2c9b2f9	WAGER_p_TCGA_282_284_285_286_N_GenomeWideSNP_6_C08_1359160.grch38.seg.v2.txt	77da41be-9c23-432f-a5d4-e1a7a2c9b2f9
controlled	2e3b8aa0-80db-4cb5-b706-328d1401a65b	TCGA-DX-A48K	Simple Nucleotide Variation	TSV	Genotyping Array	c1089ac8-9e53-4fbe-b873-561583fa6895	SNOWS_p_TCGA_Batch_309_310_NSP_GenomeWideSNP_6_E05_1362126.birdseed.data.txt	c1089ac8-9e53-4fbe-b873-561583fa6895
open	239505ce-f2f1-477e-8ae2-b7065989ba79	TCGA-K1-A6RT	Copy Number Variation	TSV	Genotyping Array	fcc5ad84-b574-4b60-ab56-11029ce034fd	TCGA-SARC.d100649a-baa7-4c9d-b79c-6789b59aa12c.gene_level_copy_number.v36.tsv	fcc5ad84-b574-4b60-ab56-11029ce034fd
open	2e3b8aa0-80db-4cb5-b706-328d1401a65b	TCGA-DX-A48K	Copy Number Variation	TXT	Genotyping Array	d87684a4-cc1d-47da-ab89-bc5bb9dee16c	SNOWS_p_TCGA_Batch_309_310_NSP_GenomeWideSNP_6_E04_1362092.nocnv_grch38.seg.v2.txt	d87684a4-cc1d-47da-ab89-bc5bb9dee16c
controlled	239505ce-f2f1-477e-8ae2-b7065989ba79	TCGA-K1-A6RT	Copy Number Variation	CEL	Genotyping Array	83550049-afd9-404e-a837-dc100d756371	MOWED_p_TCGAb3_39_40_41_42_STY_GenomeWideSNP_6_G06_1377390.CEL	83550049-afd9-404e-a837-dc100d756371
controlled	32344f23-524b-4182-ae75-6ad6128eeba0	TCGA-IE-A4EH	Copy Number Variation	CEL	Genotyping Array	7f70a09f-43a5-4039-b688-a2e84728633c	YOGIN_p_TCGA_4_262_263_N_GenomeWideSNP_6_A08_1306222.CEL	7f70a09f-43a5-4039-b688-a2e84728633c
open	32344f23-524b-4182-ae75-6ad6128eeba0	TCGA-IE-A4EH	Copy Number Variation	TXT	Genotyping Array	90426b9d-0bb3-41cc-9ac2-0f4df124c78f	YOGIN_p_TCGA_4_262_263_N_GenomeWideSNP_6_A04_1306274.nocnv_grch38.seg.v2.txt	90426b9d-0bb3-41cc-9ac2-0f4df124c78f
open	24d08a93-d078-407b-8d93-5f7a099821eb	TCGA-IE-A3OV	Copy Number Variation	TSV	Genotyping Array	8b0d24ec-4e88-49be-b546-2a78f79ad30d	TCGA-SARC.25af3703-371a-4276-bf75-61b84e613ccc.ascat3.gene_level_copy_number.v36.tsv	8b0d24ec-4e88-49be-b546-2a78f79ad30d
open	2a2f2663-d813-41ff-a4e2-dfe0f16d236d	TCGA-3B-A9HY	Copy Number Variation	TXT	Genotyping Array	631f46d3-c630-497c-81d8-a88586a63fb1	PRION_p_TCGAb_410_11_12_13_NSP_GenomeWideSNP_6_C05_1486614.grch38.seg.v2.txt	631f46d3-c630-497c-81d8-a88586a63fb1
controlled	2ebfbd8e-7db2-4cd7-bf1c-a0c27fcf07e7	TCGA-QC-A7B5	Simple Nucleotide Variation	TSV	Genotyping Array	4c9cb1c9-8316-4a82-9735-ce94384d8241	SODDY_p_TCGAb3_39_40_41_42_NSP_GenomeWideSNP_6_H03_1374080.birdseed.data.txt	4c9cb1c9-8316-4a82-9735-ce94384d8241
controlled	2c9f737b-0d37-4931-aff5-4562a0057bae	TCGA-DX-A7EI	Simple Nucleotide Variation	TSV	Genotyping Array	952c8689-81cb-491b-a125-c1f38c35cd32	MOWED_p_TCGAb3_39_40_41_42_STY_GenomeWideSNP_6_G10_1377506.birdseed.data.txt	952c8689-81cb-491b-a125-c1f38c35cd32
controlled	32344f23-524b-4182-ae75-6ad6128eeba0	TCGA-IE-A4EH	Simple Nucleotide Variation	TSV	Genotyping Array	2ce3ef27-d4f1-48c1-b498-d6226b17e8cc	YOGIN_p_TCGA_4_262_263_N_GenomeWideSNP_6_A04_1306274.birdseed.data.txt	2ce3ef27-d4f1-48c1-b498-d6226b17e8cc
open	24d08a93-d078-407b-8d93-5f7a099821eb	TCGA-IE-A3OV	Copy Number Variation	TXT	Genotyping Array	981e8671-0cdb-4f37-8165-88ba5eba5dcf	TCGA-SARC.25af3703-371a-4276-bf75-61b84e613ccc.ascat2.allelic_specific.seg.txt	981e8671-0cdb-4f37-8165-88ba5eba5dcf
open	2ebfbd8e-7db2-4cd7-bf1c-a0c27fcf07e7	TCGA-QC-A7B5	Copy Number Variation	TSV	Genotyping Array	47cb53a2-5782-4a90-bdc9-a9858031fe0c	TCGA-SARC.c1d32241-7aa6-4d30-beca-d96db4ae0f90.gene_level_copy_number.v36.tsv	47cb53a2-5782-4a90-bdc9-a9858031fe0c
controlled	2ebfbd8e-7db2-4cd7-bf1c-a0c27fcf07e7	TCGA-QC-A7B5	Copy Number Variation	CEL	Genotyping Array	4b08afc8-5b27-4a93-bf81-1637f3a0b761	SODDY_p_TCGAb3_39_40_41_42_NSP_GenomeWideSNP_6_H03_1374080.CEL	4b08afc8-5b27-4a93-bf81-1637f3a0b761
open	31397970-59d8-4ee8-83cf-901cd8ba17b3	TCGA-DX-A8BG	Copy Number Variation	TXT	Genotyping Array	a92a7846-b079-4e68-a5dd-650fc752cf5b	CUBES_p_TCGAb_425_426_427_NSP_GenomeWideSNP_6_F11_1514084.nocnv_grch38.seg.v2.txt	a92a7846-b079-4e68-a5dd-650fc752cf5b
open	31397970-59d8-4ee8-83cf-901cd8ba17b3	TCGA-DX-A8BG	Copy Number Variation	TXT	Genotyping Array	bf763f80-f026-44cb-9d3e-b2b3112c788e	CUBES_p_TCGAb_425_426_427_NSP_GenomeWideSNP_6_F10_1514058.nocnv_grch38.seg.v2.txt	bf763f80-f026-44cb-9d3e-b2b3112c788e
controlled	2948d657-e5dd-4d6e-91b5-88c54f73ac31	TCGA-HS-A5N9	Copy Number Variation	CEL	Genotyping Array	2e6b0177-3156-4475-9f14-770da71c3fed	WAGER_p_TCGA_282_284_285_286_N_GenomeWideSNP_6_C09_1359008.CEL	2e6b0177-3156-4475-9f14-770da71c3fed
open	2c9f737b-0d37-4931-aff5-4562a0057bae	TCGA-DX-A7EI	Copy Number Variation	TXT	Genotyping Array	a4ada2e4-d7a4-470d-8e3b-2355e6094cb7	MOWED_p_TCGAb3_39_40_41_42_STY_GenomeWideSNP_6_G10_1377506.grch38.seg.v2.txt	a4ada2e4-d7a4-470d-8e3b-2355e6094cb7
open	24d08a93-d078-407b-8d93-5f7a099821eb	TCGA-IE-A3OV	Copy Number Variation	TXT	Genotyping Array	0553b50b-caf8-48ae-b01d-c4f90e209e4e	FLUES_p_TCGASNP_228_229_230_N_GenomeWideSNP_6_E08_1148954.grch38.seg.v2.txt	0553b50b-caf8-48ae-b01d-c4f90e209e4e
open	2ff01040-5270-4895-bbfa-5819b46ef444	TCGA-DX-A1KZ	Copy Number Variation	TXT	Genotyping Array	5c728fa1-4159-4b50-9fbf-e78baf7f182d	TCGA-SARC.362bf99a-94f3-4f60-9778-41ea7a0ca550.ascat3.allelic_specific.seg.txt	5c728fa1-4159-4b50-9fbf-e78baf7f182d
open	319243bf-d96f-454f-b007-3468d76869df	TCGA-DX-A23Y	Copy Number Variation	TXT	Genotyping Array	afdc7594-7293-4ad9-9af4-01c1f1f132b4	VIBES_p_TCGA_290_291_292_293_S_GenomeWideSNP_6_F11_1362476.nocnv_grch38.seg.v2.txt	afdc7594-7293-4ad9-9af4-01c1f1f132b4
controlled	2ff01040-5270-4895-bbfa-5819b46ef444	TCGA-DX-A1KZ	Copy Number Variation	CEL	Genotyping Array	67aba9d5-1c13-4e68-9cd1-56d0362c5608	YOGIN_p_TCGA_4_262_263_N_GenomeWideSNP_6_A01_1306128.CEL	67aba9d5-1c13-4e68-9cd1-56d0362c5608
open	319243bf-d96f-454f-b007-3468d76869df	TCGA-DX-A23Y	Copy Number Variation	TXT	Genotyping Array	2c10dd77-a8e0-4ec8-84b7-46d5f5cc183b	TCGA-SARC.11967ba0-a030-4a07-9576-03f774e89959.ascat3.allelic_specific.seg.txt	2c10dd77-a8e0-4ec8-84b7-46d5f5cc183b
controlled	319243bf-d96f-454f-b007-3468d76869df	TCGA-DX-A23Y	Simple Nucleotide Variation	TSV	Genotyping Array	50635a2c-9318-469d-9f16-e8f7279c7c26	VIBES_p_TCGA_290_291_292_293_S_GenomeWideSNP_6_F09_1362554.birdseed.data.txt	50635a2c-9318-469d-9f16-e8f7279c7c26
open	37ecc5e1-2b04-498e-af2d-6cf54e33ba49	TCGA-DX-A6BH	Copy Number Variation	TXT	Genotyping Array	a0faf8af-6776-4f27-aab7-5cf266a41a14	SNOWS_p_TCGA_Batch_309_310_NSP_GenomeWideSNP_6_G06_1362184.grch38.seg.v2.txt	a0faf8af-6776-4f27-aab7-5cf266a41a14
open	32377dd2-c2a2-44ff-8938-b8cfb35db79c	TCGA-3B-A9HZ	Copy Number Variation	TXT	Genotyping Array	f4167a00-7ab9-4d8f-9a92-7edae6f30aeb	PRION_p_TCGAb_410_11_12_13_NSP_GenomeWideSNP_6_F08_1486742.grch38.seg.v2.txt	f4167a00-7ab9-4d8f-9a92-7edae6f30aeb
controlled	2ff6aede-7bcd-440b-99ab-7a023faf658e	TCGA-DX-A2J0	Simple Nucleotide Variation	TSV	Genotyping Array	ece24c2e-10c3-4e48-8148-2d09ec0d90de	MACON_p_TCGASNP_218_AML_PP_N_GenomeWideSNP_6_B06_1040020.birdseed.data.txt	ece24c2e-10c3-4e48-8148-2d09ec0d90de
open	37ecc5e1-2b04-498e-af2d-6cf54e33ba49	TCGA-DX-A6BH	Copy Number Variation	TXT	Genotyping Array	a585e872-915d-4fce-9a33-75389b2e6d72	TCGA-SARC.e793f45a-e1f9-4760-af92-4b2d4118ce92.ascat2.allelic_specific.seg.txt	a585e872-915d-4fce-9a33-75389b2e6d72
open	2ff6aede-7bcd-440b-99ab-7a023faf658e	TCGA-DX-A2J0	Copy Number Variation	TXT	Genotyping Array	f711e57f-8e1a-4820-9d1d-bacc469608ad	TCGA-SARC.086b9671-9220-478d-9898-e46d449e4d56.ascat3.allelic_specific.seg.txt	f711e57f-8e1a-4820-9d1d-bacc469608ad
controlled	37ecc5e1-2b04-498e-af2d-6cf54e33ba49	TCGA-DX-A6BH	Copy Number Variation	CEL	Genotyping Array	094a8af0-c143-4253-a269-0d6d6c817cbe	SNOWS_p_TCGA_Batch_309_310_NSP_GenomeWideSNP_6_G07_1362030.CEL	094a8af0-c143-4253-a269-0d6d6c817cbe
open	2cacd9d0-8414-4f17-8259-c9d838597f39	TCGA-DX-A3LW	Copy Number Variation	TSV	Genotyping Array	17ee9d7f-c501-4438-b390-58422f4795e2	TCGA-SARC.f9c61f8b-163b-4059-92be-f2be0c1a8913.ascat3.gene_level_copy_number.v36.tsv	17ee9d7f-c501-4438-b390-58422f4795e2
open	2cacd9d0-8414-4f17-8259-c9d838597f39	TCGA-DX-A3LW	Copy Number Variation	TXT	Genotyping Array	7172c09c-10bb-4dc0-a3a7-2ecf27d6ea4e	TCGA-SARC.f9c61f8b-163b-4059-92be-f2be0c1a8913.ascat3.allelic_specific.seg.txt	7172c09c-10bb-4dc0-a3a7-2ecf27d6ea4e
open	32377dd2-c2a2-44ff-8938-b8cfb35db79c	TCGA-3B-A9HZ	Copy Number Variation	TXT	Genotyping Array	e0a3fa37-5ad1-447b-8847-33113bd2436c	TCGA-SARC.be9c4467-f251-47b6-ad07-93ca9d58400d.ascat3.allelic_specific.seg.txt	e0a3fa37-5ad1-447b-8847-33113bd2436c
controlled	32377dd2-c2a2-44ff-8938-b8cfb35db79c	TCGA-3B-A9HZ	Simple Nucleotide Variation	TSV	Genotyping Array	0fb630eb-baf5-4e47-9a6c-27c2bffaf5e7	PRION_p_TCGAb_410_11_12_13_NSP_GenomeWideSNP_6_F09_1486700.birdseed.data.txt	0fb630eb-baf5-4e47-9a6c-27c2bffaf5e7
controlled	2ff6aede-7bcd-440b-99ab-7a023faf658e	TCGA-DX-A2J0	Copy Number Variation	CEL	Genotyping Array	2f8634ad-67b9-40fd-8e2d-162eb767e12d	MACON_p_TCGASNP_218_AML_PP_N_GenomeWideSNP_6_B06_1040020.CEL	2f8634ad-67b9-40fd-8e2d-162eb767e12d
controlled	2ff6aede-7bcd-440b-99ab-7a023faf658e	TCGA-DX-A2J0	Simple Nucleotide Variation	TSV	Genotyping Array	4dc33b44-757e-4695-8901-7a3b4e6b3f5d	DLP_REDO_FROM_MACON_C06.birdseed.data.txt	4dc33b44-757e-4695-8901-7a3b4e6b3f5d
open	32377dd2-c2a2-44ff-8938-b8cfb35db79c	TCGA-3B-A9HZ	Copy Number Variation	TXT	Genotyping Array	43090bc9-2dc1-4140-b8ed-5118721b1279	PRION_p_TCGAb_410_11_12_13_NSP_GenomeWideSNP_6_F09_1486700.grch38.seg.v2.txt	43090bc9-2dc1-4140-b8ed-5118721b1279
open	32377dd2-c2a2-44ff-8938-b8cfb35db79c	TCGA-3B-A9HZ	Copy Number Variation	TXT	Genotyping Array	c747dfa7-a3d5-41e1-9db3-8d7c861c2720	PRION_p_TCGAb_410_11_12_13_NSP_GenomeWideSNP_6_F09_1486700.nocnv_grch38.seg.v2.txt	c747dfa7-a3d5-41e1-9db3-8d7c861c2720
open	4482da24-bd16-4826-a9ea-1078bcb12411	TCGA-LI-A67I	Copy Number Variation	TSV	Genotyping Array	7aae4eb9-c9f4-4fdf-ab83-2ebfa0cf7b1f	TCGA-SARC.7198d4ba-e461-4023-a007-e36c95fe4d2b.ascat3.gene_level_copy_number.v36.tsv	7aae4eb9-c9f4-4fdf-ab83-2ebfa0cf7b1f
open	2d468c02-45f7-4b4b-920a-557ae6c91a43	TCGA-DX-AB2W	Copy Number Variation	TXT	Genotyping Array	83ca9b61-c091-457b-8fa8-bc7f9f970d24	PRION_p_TCGAb_410_11_12_13_NSP_GenomeWideSNP_6_E08_1486650.grch38.seg.v2.txt	83ca9b61-c091-457b-8fa8-bc7f9f970d24
open	39e24241-cb1f-445e-b167-82ee44bfc14e	TCGA-X6-A8C3	Copy Number Variation	TXT	Genotyping Array	602bb858-5e3c-41f9-9e70-b47f3ce4431b	TCGA-SARC.acb385f3-fc6b-48e1-af09-52a2baa1384f.ascat2.allelic_specific.seg.txt	602bb858-5e3c-41f9-9e70-b47f3ce4431b
controlled	39e24241-cb1f-445e-b167-82ee44bfc14e	TCGA-X6-A8C3	Copy Number Variation	CEL	Genotyping Array	fca90c71-37e3-48b7-aae2-2c234ea59a02	HONGS_p_TCGAb3_75_76_77_NSP_GenomeWideSNP_6_F06_1438152.CEL	fca90c71-37e3-48b7-aae2-2c234ea59a02
open	39e24241-cb1f-445e-b167-82ee44bfc14e	TCGA-X6-A8C3	Copy Number Variation	TSV	Genotyping Array	c72783a1-1851-4ec4-8862-cc4764d72447	TCGA-SARC.acb385f3-fc6b-48e1-af09-52a2baa1384f.ascat3.gene_level_copy_number.v36.tsv	c72783a1-1851-4ec4-8862-cc4764d72447
controlled	30274b4f-13d5-40ac-8929-a986860f38db	TCGA-DX-A8BS	Copy Number Variation	CEL	Genotyping Array	50bcb0bd-4afa-4228-946b-505ea81c3fd1	BREWS_p_TCGAb_382_383_NSP_GenomeWideSNP_6_H04_1465202.CEL	50bcb0bd-4afa-4228-946b-505ea81c3fd1
open	3239cd26-98ef-4470-9e2e-c43f03d9ab0d	TCGA-X6-A8C5	Copy Number Variation	TXT	Genotyping Array	788e42cf-e028-4ce2-bc76-a20fbf9f7595	HONGS_p_TCGAb3_75_76_77_NSP_GenomeWideSNP_6_H07_1438210.nocnv_grch38.seg.v2.txt	788e42cf-e028-4ce2-bc76-a20fbf9f7595
controlled	30274b4f-13d5-40ac-8929-a986860f38db	TCGA-DX-A8BS	Simple Nucleotide Variation	TSV	Genotyping Array	a2342ec4-83ea-44bb-b4c0-0bc91b884654	BREWS_p_TCGAb_382_383_NSP_GenomeWideSNP_6_H05_1465056.birdseed.data.txt	a2342ec4-83ea-44bb-b4c0-0bc91b884654
open	39f68467-3d37-4b19-aa43-ed7b120c619d	TCGA-DX-A3LS	Copy Number Variation	TSV	Genotyping Array	ceaa374f-28ed-4ca4-a7a4-04ae29ecfff4	TCGA-SARC.0bce492e-f15f-4fb4-b88b-0a32887bdc49.absolute_liftover.gene_level_copy_number.v36.tsv	ceaa374f-28ed-4ca4-a7a4-04ae29ecfff4
open	34a1c0a8-3af7-48a7-b9dd-91c551ac5ce7	TCGA-DX-AB2G	Copy Number Variation	TXT	Genotyping Array	6662c558-b998-4c82-90e3-622ff298e14c	PRION_p_TCGAb_410_11_12_13_NSP_GenomeWideSNP_6_F07_1486640.nocnv_grch38.seg.v2.txt	6662c558-b998-4c82-90e3-622ff298e14c
open	479d7a5a-63dc-412b-9075-920525334fe7	TCGA-WK-A8XT	Copy Number Variation	TSV	Genotyping Array	671ea50e-5813-4d01-9fa7-2c541324c57f	TCGA-SARC.bdabad1e-ef72-421f-81dd-d073e9b0ee1d.gene_level_copy_number.v36.tsv	671ea50e-5813-4d01-9fa7-2c541324c57f
open	306c53fb-640d-42ad-889a-abc5fd3ad778	TCGA-K1-A6RU	Copy Number Variation	TXT	Genotyping Array	e5ff6417-f5f1-4135-8dc7-2bcb5af180d8	THREW_p_TCGAb_329_335_336_NSP_GenomeWideSNP_6_E05_1367212.grch38.seg.v2.txt	e5ff6417-f5f1-4135-8dc7-2bcb5af180d8
open	306c53fb-640d-42ad-889a-abc5fd3ad778	TCGA-K1-A6RU	Copy Number Variation	TSV	Genotyping Array	06772132-211a-40e6-a065-efda5e3aaf16	TCGA-SARC.286620f4-d0be-4e4f-ad93-9972c9e121fa.ascat3.gene_level_copy_number.v36.tsv	06772132-211a-40e6-a065-efda5e3aaf16
controlled	306c53fb-640d-42ad-889a-abc5fd3ad778	TCGA-K1-A6RU	Simple Nucleotide Variation	TSV	Genotyping Array	7b0f4839-ce83-4ea1-bc53-f1bf3209d7dd	THREW_p_TCGAb_329_335_336_NSP_GenomeWideSNP_6_E05_1367212.birdseed.data.txt	7b0f4839-ce83-4ea1-bc53-f1bf3209d7dd
open	479d7a5a-63dc-412b-9075-920525334fe7	TCGA-WK-A8XT	Copy Number Variation	TXT	Genotyping Array	63c6c660-80c2-4112-bac7-3e7fe884bc5b	VISTA_p_TCGAb_383_384_NSP_GenomeWideSNP_6_A09_1464916.grch38.seg.v2.txt	63c6c660-80c2-4112-bac7-3e7fe884bc5b
controlled	30cade9c-a0e0-4be6-9dab-1c495630fd1a	TCGA-FX-A8OO	Copy Number Variation	CEL	Genotyping Array	01014afc-12e0-4df0-91f3-8516ece6e83c	HONGS_p_TCGAb3_75_76_77_NSP_GenomeWideSNP_6_F05_1438282.CEL	01014afc-12e0-4df0-91f3-8516ece6e83c
open	34a1c0a8-3af7-48a7-b9dd-91c551ac5ce7	TCGA-DX-AB2G	Copy Number Variation	TXT	Genotyping Array	a4a94d48-5120-45ab-98be-1471701e369e	PRION_p_TCGAb_410_11_12_13_NSP_GenomeWideSNP_6_F07_1486640.grch38.seg.v2.txt	a4a94d48-5120-45ab-98be-1471701e369e
open	39f68467-3d37-4b19-aa43-ed7b120c619d	TCGA-DX-A3LS	Copy Number Variation	TSV	Genotyping Array	1d3c45e9-510c-4da0-9600-c9c382d69b67	TCGA-SARC.0bce492e-f15f-4fb4-b88b-0a32887bdc49.gene_level_copy_number.v36.tsv	1d3c45e9-510c-4da0-9600-c9c382d69b67
open	30cade9c-a0e0-4be6-9dab-1c495630fd1a	TCGA-FX-A8OO	Copy Number Variation	TXT	Genotyping Array	320c7b31-5c92-46ef-ab8e-a8f534f30b77	HONGS_p_TCGAb3_75_76_77_NSP_GenomeWideSNP_6_F05_1438282.grch38.seg.v2.txt	320c7b31-5c92-46ef-ab8e-a8f534f30b77
controlled	47a0e4a8-140f-475c-878d-8e03df3f82de	TCGA-DX-A7ET	Copy Number Variation	CEL	Genotyping Array	b0243b37-bd1d-40ff-b25f-d63cbf90f53d	HONGS_p_TCGAb3_75_76_77_NSP_GenomeWideSNP_6_G08_1438290.CEL	b0243b37-bd1d-40ff-b25f-d63cbf90f53d
open	3a473f10-a5e0-4cfa-87dd-f032d74dfa9e	TCGA-DX-A8BX	Copy Number Variation	TXT	Genotyping Array	aec3aa22-3b28-477b-8943-8771ac4d6e4b	TCGA-SARC.9300d721-8573-4193-bf6f-3992909e4598.ascat3.allelic_specific.seg.txt	aec3aa22-3b28-477b-8943-8771ac4d6e4b
open	47a0e4a8-140f-475c-878d-8e03df3f82de	TCGA-DX-A7ET	Copy Number Variation	TSV	Genotyping Array	e3ad1f86-2778-49a3-a66c-204ff95df123	TCGA-SARC.8f9de030-7765-4971-a307-418e05d6e9c2.gene_level_copy_number.v36.tsv	e3ad1f86-2778-49a3-a66c-204ff95df123
open	34c39a6b-db6a-47e5-b0d4-5fa990ef7eb8	TCGA-3B-A9HI	Copy Number Variation	TXT	Genotyping Array	196008b0-9b2d-4837-8485-debfd55503a8	ENATE_p_TCGAb_394_395_396_NSP_GenomeWideSNP_6_E09_1474186.grch38.seg.v2.txt	196008b0-9b2d-4837-8485-debfd55503a8
open	3a473f10-a5e0-4cfa-87dd-f032d74dfa9e	TCGA-DX-A8BX	Copy Number Variation	TXT	Genotyping Array	518267ea-903f-441f-a299-7f1ec12076eb	VISTA_p_TCGAb_383_384_NSP_GenomeWideSNP_6_C08_1464874.nocnv_grch38.seg.v2.txt	518267ea-903f-441f-a299-7f1ec12076eb
open	47a0e4a8-140f-475c-878d-8e03df3f82de	TCGA-DX-A7ET	Copy Number Variation	TSV	Genotyping Array	4c4b47e0-2ed6-46e2-9ad3-9c47541968c1	TCGA-SARC.8f9de030-7765-4971-a307-418e05d6e9c2.absolute_liftover.gene_level_copy_number.v36.tsv	4c4b47e0-2ed6-46e2-9ad3-9c47541968c1
open	34c39a6b-db6a-47e5-b0d4-5fa990ef7eb8	TCGA-3B-A9HI	Copy Number Variation	TXT	Genotyping Array	2aff27ae-fb20-4e07-a0d9-7cd047b09fbe	ENATE_p_TCGAb_394_395_396_NSP_GenomeWideSNP_6_E09_1474186.nocnv_grch38.seg.v2.txt	2aff27ae-fb20-4e07-a0d9-7cd047b09fbe
open	47a0e4a8-140f-475c-878d-8e03df3f82de	TCGA-DX-A7ET	Copy Number Variation	TXT	Genotyping Array	e90763e2-cd7c-4191-88a4-3e8598045c92	HONGS_p_TCGAb3_75_76_77_NSP_GenomeWideSNP_6_G08_1438290.grch38.seg.v2.txt	e90763e2-cd7c-4191-88a4-3e8598045c92
controlled	47a0e4a8-140f-475c-878d-8e03df3f82de	TCGA-DX-A7ET	Simple Nucleotide Variation	TSV	Genotyping Array	db5c7370-b812-48ef-8df6-0cd5f308e41e	HONGS_p_TCGAb3_75_76_77_NSP_GenomeWideSNP_6_E11_1438280.birdseed.data.txt	db5c7370-b812-48ef-8df6-0cd5f308e41e
open	47a0e4a8-140f-475c-878d-8e03df3f82de	TCGA-DX-A7ET	Copy Number Variation	TXT	Genotyping Array	292b3508-51a0-4f2b-8ab4-486f07b8be71	HONGS_p_TCGAb3_75_76_77_NSP_GenomeWideSNP_6_E11_1438280.grch38.seg.v2.txt	292b3508-51a0-4f2b-8ab4-486f07b8be71
open	34c39a6b-db6a-47e5-b0d4-5fa990ef7eb8	TCGA-3B-A9HI	Copy Number Variation	TXT	Genotyping Array	66bc0aa9-989a-46bd-831d-12df4d88380c	ENATE_p_TCGAb_394_395_396_NSP_GenomeWideSNP_6_E10_1474174.grch38.seg.v2.txt	66bc0aa9-989a-46bd-831d-12df4d88380c
open	47a0e4a8-140f-475c-878d-8e03df3f82de	TCGA-DX-A7ET	Copy Number Variation	TXT	Genotyping Array	2bfceb69-3f60-41f8-a352-8f09c1a3e40c	TCGA-SARC.8f9de030-7765-4971-a307-418e05d6e9c2.ascat2.allelic_specific.seg.txt	2bfceb69-3f60-41f8-a352-8f09c1a3e40c
open	47a0e4a8-140f-475c-878d-8e03df3f82de	TCGA-DX-A7ET	Copy Number Variation	TXT	Genotyping Array	a7e9a0b6-3e32-404e-9e6c-2d43a5ba4254	HONGS_p_TCGAb3_75_76_77_NSP_GenomeWideSNP_6_G08_1438290.nocnv_grch38.seg.v2.txt	a7e9a0b6-3e32-404e-9e6c-2d43a5ba4254
open	3a473f10-a5e0-4cfa-87dd-f032d74dfa9e	TCGA-DX-A8BX	Copy Number Variation	TSV	Genotyping Array	bd761368-13ad-49a3-9c09-21aa2ad2e342	TCGA-SARC.9300d721-8573-4193-bf6f-3992909e4598.absolute_liftover.gene_level_copy_number.v36.tsv	bd761368-13ad-49a3-9c09-21aa2ad2e342
controlled	47a0e4a8-140f-475c-878d-8e03df3f82de	TCGA-DX-A7ET	Copy Number Variation	CEL	Genotyping Array	9fcebde3-160f-4c82-8e51-ddd67a81a8b9	HONGS_p_TCGAb3_75_76_77_NSP_GenomeWideSNP_6_E11_1438280.CEL	9fcebde3-160f-4c82-8e51-ddd67a81a8b9
open	34c39a6b-db6a-47e5-b0d4-5fa990ef7eb8	TCGA-3B-A9HI	Copy Number Variation	TSV	Genotyping Array	01d0556b-3181-45fa-a983-a49bd527b792	TCGA-SARC.60785c89-6561-4826-a79a-d024e58aa15d.gene_level_copy_number.v36.tsv	01d0556b-3181-45fa-a983-a49bd527b792
open	47f18eee-3e56-4388-aac3-9ac141bcb414	TCGA-DX-A8BN	Copy Number Variation	TXT	Genotyping Array	06a3865b-7783-47bf-9663-26c3146fd4a7	VISTA_p_TCGAb_383_384_NSP_GenomeWideSNP_6_C10_1464964.grch38.seg.v2.txt	06a3865b-7783-47bf-9663-26c3146fd4a7
open	4d016bd8-006c-4a90-ace7-28f151624112	TCGA-QQ-A8VF	Copy Number Variation	TXT	Genotyping Array	e3468f36-59e6-442a-8b78-0a32bdfb4e9d	VISTA_p_TCGAb_383_384_NSP_GenomeWideSNP_6_A02_1465012.grch38.seg.v2.txt	e3468f36-59e6-442a-8b78-0a32bdfb4e9d
controlled	47f18eee-3e56-4388-aac3-9ac141bcb414	TCGA-DX-A8BN	Simple Nucleotide Variation	TSV	Genotyping Array	bb3a7100-694c-4c6d-9e5b-4e155ccd8fc9	VISTA_p_TCGAb_383_384_NSP_GenomeWideSNP_6_C10_1464964.birdseed.data.txt	bb3a7100-694c-4c6d-9e5b-4e155ccd8fc9
controlled	47f18eee-3e56-4388-aac3-9ac141bcb414	TCGA-DX-A8BN	Copy Number Variation	CEL	Genotyping Array	fc4154de-cce5-4f58-92ee-7b8984f167e1	VISTA_p_TCGAb_383_384_NSP_GenomeWideSNP_6_C10_1464964.CEL	fc4154de-cce5-4f58-92ee-7b8984f167e1
open	3a473f10-a5e0-4cfa-87dd-f032d74dfa9e	TCGA-DX-A8BX	Copy Number Variation	TXT	Genotyping Array	551984fd-5c96-4d29-915b-86a616933d24	VISTA_p_TCGAb_383_384_NSP_GenomeWideSNP_6_C09_1464862.nocnv_grch38.seg.v2.txt	551984fd-5c96-4d29-915b-86a616933d24
open	4d016bd8-006c-4a90-ace7-28f151624112	TCGA-QQ-A8VF	Copy Number Variation	TXT	Genotyping Array	0745efa7-a19f-4139-8694-2680f14169c5	TCGA-SARC.f286cc79-b188-4ff9-9a16-d8f100d772f5.ascat3.allelic_specific.seg.txt	0745efa7-a19f-4139-8694-2680f14169c5
open	4d016bd8-006c-4a90-ace7-28f151624112	TCGA-QQ-A8VF	Copy Number Variation	TXT	Genotyping Array	d78dfa4a-0070-4217-bf2d-4ea013e1a200	TCGA-SARC.f286cc79-b188-4ff9-9a16-d8f100d772f5.ascat2.allelic_specific.seg.txt	d78dfa4a-0070-4217-bf2d-4ea013e1a200
controlled	3505f91d-bc66-4732-84b6-18c5b32ca6b8	TCGA-DX-A3LY	Copy Number Variation	CEL	Genotyping Array	a34ccdf8-b88b-45a4-ad30-8aae800a3b4b	VIBES_p_TCGA_290_291_292_293_S_GenomeWideSNP_6_G01_1362428.CEL	a34ccdf8-b88b-45a4-ad30-8aae800a3b4b
open	4d016bd8-006c-4a90-ace7-28f151624112	TCGA-QQ-A8VF	Copy Number Variation	TSV	Genotyping Array	30b82765-fdd7-4718-87ee-884462b2d5ea	TCGA-SARC.f286cc79-b188-4ff9-9a16-d8f100d772f5.absolute_liftover.gene_level_copy_number.v36.tsv	30b82765-fdd7-4718-87ee-884462b2d5ea
controlled	3505f91d-bc66-4732-84b6-18c5b32ca6b8	TCGA-DX-A3LY	Copy Number Variation	CEL	Genotyping Array	de7cbe97-1e17-433d-8e29-b07b29ccbf19	SAVOR_p_TCGA_290_291_292_293_N_GenomeWideSNP_6_F12_1343344.CEL	de7cbe97-1e17-433d-8e29-b07b29ccbf19
open	4d016bd8-006c-4a90-ace7-28f151624112	TCGA-QQ-A8VF	Copy Number Variation	TXT	Genotyping Array	ce3a2e1b-edb8-4944-bc43-ab3af43d4e6b	VISTA_p_TCGAb_383_384_NSP_GenomeWideSNP_6_A01_1464948.grch38.seg.v2.txt	ce3a2e1b-edb8-4944-bc43-ab3af43d4e6b
open	3a835214-6fc7-4921-b014-f91decfc25f4	TCGA-DX-A23Z	Copy Number Variation	TSV	Genotyping Array	158f2943-1f7d-4b8a-84e7-c9e07a5f95b9	TCGA-SARC.2931d244-8f70-4768-9820-9f8667bd6571.gene_level_copy_number.v36.tsv	158f2943-1f7d-4b8a-84e7-c9e07a5f95b9
controlled	47fb776c-7839-4590-8f2d-6d149a0f1782	TCGA-3B-A9HV	Simple Nucleotide Variation	TSV	Genotyping Array	f6560e4a-bfa0-4a64-a524-57c696a3c20f	PRION_p_TCGAb_410_11_12_13_NSP_GenomeWideSNP_6_D03_1486656.birdseed.data.txt	f6560e4a-bfa0-4a64-a524-57c696a3c20f
controlled	4d67b910-6681-45a4-9dac-6a12d67287a8	TCGA-VT-AB3D	Simple Nucleotide Variation	TSV	Genotyping Array	3c129dab-9792-4fe5-8234-049fbbe178a7	CUBES_p_TCGAb_425_426_427_NSP_GenomeWideSNP_6_D04_1514000.birdseed.data.txt	3c129dab-9792-4fe5-8234-049fbbe178a7
controlled	3a835214-6fc7-4921-b014-f91decfc25f4	TCGA-DX-A23Z	Simple Nucleotide Variation	TSV	Genotyping Array	75346753-dd92-4b20-a3cb-cf3836cd7eee	VIBES_p_TCGA_290_291_292_293_S_GenomeWideSNP_6_F06_1362442.birdseed.data.txt	75346753-dd92-4b20-a3cb-cf3836cd7eee
open	3a835214-6fc7-4921-b014-f91decfc25f4	TCGA-DX-A23Z	Copy Number Variation	TXT	Genotyping Array	641e6fe3-13c5-4ec9-8109-11db2153ee11	VIBES_p_TCGA_290_291_292_293_S_GenomeWideSNP_6_F04_1362562.nocnv_grch38.seg.v2.txt	641e6fe3-13c5-4ec9-8109-11db2153ee11
open	3a835214-6fc7-4921-b014-f91decfc25f4	TCGA-DX-A23Z	Copy Number Variation	TXT	Genotyping Array	4b52cb64-5d97-4633-98b3-5519367ce9cf	TCGA-SARC.2931d244-8f70-4768-9820-9f8667bd6571.ascat2.allelic_specific.seg.txt	4b52cb64-5d97-4633-98b3-5519367ce9cf
open	47fb776c-7839-4590-8f2d-6d149a0f1782	TCGA-3B-A9HV	Copy Number Variation	TXT	Genotyping Array	7aa2cfff-6c93-4821-83fc-c3bb7008dad5	TCGA-SARC.6861a568-0744-4802-900b-6b81e3de8a66.ascat3.allelic_specific.seg.txt	7aa2cfff-6c93-4821-83fc-c3bb7008dad5
open	4d67b910-6681-45a4-9dac-6a12d67287a8	TCGA-VT-AB3D	Copy Number Variation	TXT	Genotyping Array	d074ae5f-0e6d-4deb-8762-dc264154daab	CUBES_p_TCGAb_425_426_427_NSP_GenomeWideSNP_6_D04_1514000.grch38.seg.v2.txt	d074ae5f-0e6d-4deb-8762-dc264154daab
controlled	47fb776c-7839-4590-8f2d-6d149a0f1782	TCGA-3B-A9HV	Simple Nucleotide Variation	TSV	Genotyping Array	ca9dd3e9-4e5b-4447-84dc-64c7c58bec60	PRION_p_TCGAb_410_11_12_13_NSP_GenomeWideSNP_6_D02_1486732.birdseed.data.txt	ca9dd3e9-4e5b-4447-84dc-64c7c58bec60
open	3a96e833-996a-4319-83f1-326b96f4ee80	TCGA-FX-A76Y	Copy Number Variation	TXT	Genotyping Array	4c14868a-2e99-492b-b874-c94d7f5fc49c	TAZZA_p_TCGAb3_62_63_64_65_NSP_GenomeWideSNP_6_C05_1387902.grch38.seg.v2.txt	4c14868a-2e99-492b-b874-c94d7f5fc49c
open	3a96e833-996a-4319-83f1-326b96f4ee80	TCGA-FX-A76Y	Copy Number Variation	TXT	Genotyping Array	a475c926-7d76-4f71-941a-5fa07dcaeaf8	TAZZA_p_TCGAb3_62_63_64_65_NSP_GenomeWideSNP_6_C05_1387902.nocnv_grch38.seg.v2.txt	a475c926-7d76-4f71-941a-5fa07dcaeaf8
controlled	3608bfbb-2a92-4ec2-a330-bf4790a8b65c	TCGA-DX-A240	Copy Number Variation	CEL	Genotyping Array	dbc748c1-1483-4c57-a50d-1ece9015313c	VIBES_p_TCGA_290_291_292_293_S_GenomeWideSNP_6_F08_1362496.CEL	dbc748c1-1483-4c57-a50d-1ece9015313c
open	5190d965-0d48-4058-83e6-ec5879266be1	TCGA-Z4-A9VC	Copy Number Variation	TSV	Genotyping Array	fbfe2626-f3a7-4456-bd30-40f40b6af85a	TCGA-SARC.e1c27d9f-6f7b-41bf-bac2-c7ec78680af7.ascat3.gene_level_copy_number.v36.tsv	fbfe2626-f3a7-4456-bd30-40f40b6af85a
open	4dc28966-d2c4-4661-b71f-d7f85e536cb6	TCGA-DX-A6BA	Copy Number Variation	TXT	Genotyping Array	80910525-ae73-4b91-a2d2-000f5e6e78ad	SNOWS_p_TCGA_Batch_309_310_NSP_GenomeWideSNP_6_F12_1362072.nocnv_grch38.seg.v2.txt	80910525-ae73-4b91-a2d2-000f5e6e78ad
controlled	520088b0-ffc0-4ecd-b1ed-2339811d7ad2	TCGA-HB-A3L4	Copy Number Variation	CEL	Genotyping Array	d52fc006-6bc4-4e7d-8265-2a8c14fc06d9	MACON_p_TCGASNP_218_AML_PP_N_GenomeWideSNP_6_A05_1040136.CEL	d52fc006-6bc4-4e7d-8265-2a8c14fc06d9
open	3a96e833-996a-4319-83f1-326b96f4ee80	TCGA-FX-A76Y	Copy Number Variation	TXT	Genotyping Array	55ddc874-e8e6-47a4-adb0-1c944c427a5a	TAZZA_p_TCGAb3_62_63_64_65_NSP_GenomeWideSNP_6_C06_1387856.grch38.seg.v2.txt	55ddc874-e8e6-47a4-adb0-1c944c427a5a
open	3b1666cf-879d-4910-a0af-e5c9acbcc109	TCGA-DX-A6BB	Copy Number Variation	TXT	Genotyping Array	369d24eb-06ee-4086-bd0c-53435cdfea95	TCGA-SARC.e27a40bd-19e4-4044-88c4-da6a4177deb8.ascat3.allelic_specific.seg.txt	369d24eb-06ee-4086-bd0c-53435cdfea95
open	4dc28966-d2c4-4661-b71f-d7f85e536cb6	TCGA-DX-A6BA	Copy Number Variation	TXT	Genotyping Array	3769543f-f169-41e8-a05e-a5404cf9f88f	SNOWS_p_TCGA_Batch_309_310_NSP_GenomeWideSNP_6_F12_1362072.grch38.seg.v2.txt	3769543f-f169-41e8-a05e-a5404cf9f88f
open	4dc28966-d2c4-4661-b71f-d7f85e536cb6	TCGA-DX-A6BA	Copy Number Variation	TXT	Genotyping Array	fbd9ca25-f2dd-4bda-9f75-55a135d481d1	SNOWS_p_TCGA_Batch_309_310_NSP_GenomeWideSNP_6_G01_1362176.nocnv_grch38.seg.v2.txt	fbd9ca25-f2dd-4bda-9f75-55a135d481d1
controlled	4996e458-db04-4c6d-9ae6-66316240a8ed	TCGA-DX-A8BU	Simple Nucleotide Variation	TSV	Genotyping Array	fb8d486f-38e3-4f52-aa64-583ecfa37502	BREWS_p_TCGAb_382_383_NSP_GenomeWideSNP_6_H10_1465102.birdseed.data.txt	fb8d486f-38e3-4f52-aa64-583ecfa37502
open	3b1666cf-879d-4910-a0af-e5c9acbcc109	TCGA-DX-A6BB	Copy Number Variation	TXT	Genotyping Array	cf682ff3-bdc0-4aef-9556-3f14d87803f2	TCGA-SARC.e27a40bd-19e4-4044-88c4-da6a4177deb8.ascat2.allelic_specific.seg.txt	cf682ff3-bdc0-4aef-9556-3f14d87803f2
open	4dc28966-d2c4-4661-b71f-d7f85e536cb6	TCGA-DX-A6BA	Copy Number Variation	TSV	Genotyping Array	6b1bab8d-ecf7-4378-bc53-8722bb7c90ff	TCGA-SARC.1557ec60-bb88-4941-8c61-a00bc1bec7c6.gene_level_copy_number.v36.tsv	6b1bab8d-ecf7-4378-bc53-8722bb7c90ff
open	3b1666cf-879d-4910-a0af-e5c9acbcc109	TCGA-DX-A6BB	Copy Number Variation	TSV	Genotyping Array	8f4958a2-bb26-4218-98a1-716241433c49	TCGA-SARC.e27a40bd-19e4-4044-88c4-da6a4177deb8.ascat3.gene_level_copy_number.v36.tsv	8f4958a2-bb26-4218-98a1-716241433c49
open	3b1666cf-879d-4910-a0af-e5c9acbcc109	TCGA-DX-A6BB	Copy Number Variation	TXT	Genotyping Array	545a7ea8-fd62-4db7-a57e-3e968e66646f	THREW_p_TCGAb_329_335_336_NSP_GenomeWideSNP_6_D11_1367068.grch38.seg.v2.txt	545a7ea8-fd62-4db7-a57e-3e968e66646f
open	3ed1862b-c6ef-4744-9123-bb1ee557f068	TCGA-DX-A7EN	Copy Number Variation	TSV	Genotyping Array	09f944f3-962c-43e5-98d6-d41646eced47	TCGA-SARC.9a9ec4ee-7535-4c73-8db6-adf3a7aa9828.gene_level_copy_number.v36.tsv	09f944f3-962c-43e5-98d6-d41646eced47
open	49fd3506-eb64-4ecd-a367-303b1d7a7fc9	TCGA-MB-A5Y8	Copy Number Variation	TSV	Genotyping Array	cf2d4b97-3eb7-4cd3-89dd-f578559a8980	TCGA-SARC.e71d8a09-2cda-423c-884e-aea5275cf68e.gene_level_copy_number.v36.tsv	cf2d4b97-3eb7-4cd3-89dd-f578559a8980
controlled	3ed1862b-c6ef-4744-9123-bb1ee557f068	TCGA-DX-A7EN	Copy Number Variation	CEL	Genotyping Array	099b79fb-99fd-4395-a279-3139e5c80a91	PRION_p_TCGAb_410_11_12_13_NSP_GenomeWideSNP_6_D01_1486698.CEL	099b79fb-99fd-4395-a279-3139e5c80a91
open	4e8c570c-3cbe-4878-8b2c-b966868dd60d	TCGA-IF-A4AJ	Copy Number Variation	TXT	Genotyping Array	9f68d531-f264-41f3-8fee-aa29130e4db1	YOGIN_p_TCGA_4_262_263_N_GenomeWideSNP_6_A02_1306086.nocnv_grch38.seg.v2.txt	9f68d531-f264-41f3-8fee-aa29130e4db1
open	52c1d341-94cb-4cb8-948f-bf802fef8bd0	TCGA-DX-AATS	Copy Number Variation	TSV	Genotyping Array	a7d1c132-18da-4170-954e-1e48a1e5cdb3	TCGA-SARC.0209f46e-5169-41c8-8134-b140bca83612.gene_level_copy_number.v36.tsv	a7d1c132-18da-4170-954e-1e48a1e5cdb3
open	52c1d341-94cb-4cb8-948f-bf802fef8bd0	TCGA-DX-AATS	Copy Number Variation	TXT	Genotyping Array	711f80eb-f5d2-4286-bb2a-471c24862064	TCGA-SARC.0209f46e-5169-41c8-8134-b140bca83612.ascat2.allelic_specific.seg.txt	711f80eb-f5d2-4286-bb2a-471c24862064
controlled	4b3c152f-a9ea-48cc-9189-f09078a92c48	TCGA-3B-A9HT	Copy Number Variation	CEL	Genotyping Array	b76db793-c000-4bdc-b5fc-acdf7576af8b	PRION_p_TCGAb_410_11_12_13_NSP_GenomeWideSNP_6_F04_1486622.CEL	b76db793-c000-4bdc-b5fc-acdf7576af8b
open	3ed1862b-c6ef-4744-9123-bb1ee557f068	TCGA-DX-A7EN	Copy Number Variation	TXT	Genotyping Array	7bd0f2b4-9ee7-4310-8b43-8ccb4faf25cc	PRION_p_TCGAb_410_11_12_13_NSP_GenomeWideSNP_6_D01_1486698.grch38.seg.v2.txt	7bd0f2b4-9ee7-4310-8b43-8ccb4faf25cc
open	4b3c152f-a9ea-48cc-9189-f09078a92c48	TCGA-3B-A9HT	Copy Number Variation	TXT	Genotyping Array	bcfd24f5-3b8b-4457-8bde-fa7a73e038f8	PRION_p_TCGAb_410_11_12_13_NSP_GenomeWideSNP_6_F04_1486622.grch38.seg.v2.txt	bcfd24f5-3b8b-4457-8bde-fa7a73e038f8
open	4e8c570c-3cbe-4878-8b2c-b966868dd60d	TCGA-IF-A4AJ	Copy Number Variation	TSV	Genotyping Array	131c5780-18f4-4502-b2b8-ac912072b04b	TCGA-SARC.60f924df-f5b8-4b65-ac22-3c1289e8f6f9.absolute_liftover.gene_level_copy_number.v36.tsv	131c5780-18f4-4502-b2b8-ac912072b04b
open	4b3c152f-a9ea-48cc-9189-f09078a92c48	TCGA-3B-A9HT	Copy Number Variation	TSV	Genotyping Array	703e06bb-e0a9-44ed-877b-2d514a7fda15	TCGA-SARC.eb8961ec-fdd0-471b-8d94-99ef2cf3989e.absolute_liftover.gene_level_copy_number.v36.tsv	703e06bb-e0a9-44ed-877b-2d514a7fda15
open	4b3c152f-a9ea-48cc-9189-f09078a92c48	TCGA-3B-A9HT	Copy Number Variation	TXT	Genotyping Array	9df4e5d0-ab33-42b3-abea-3ffc61278b6a	PRION_p_TCGAb_410_11_12_13_NSP_GenomeWideSNP_6_F05_1486638.nocnv_grch38.seg.v2.txt	9df4e5d0-ab33-42b3-abea-3ffc61278b6a
controlled	4e8c570c-3cbe-4878-8b2c-b966868dd60d	TCGA-IF-A4AJ	Copy Number Variation	CEL	Genotyping Array	3757c0d2-7dfa-4e17-ba07-77f407699295	YOGIN_p_TCGA_4_262_263_N_GenomeWideSNP_6_A06_1306234.CEL	3757c0d2-7dfa-4e17-ba07-77f407699295
open	52c1d341-94cb-4cb8-948f-bf802fef8bd0	TCGA-DX-AATS	Copy Number Variation	TXT	Genotyping Array	01adee33-62ea-41e3-843b-2d1baa2e327c	CUBES_p_TCGAb_425_426_427_NSP_GenomeWideSNP_6_F08_1514038.nocnv_grch38.seg.v2.txt	01adee33-62ea-41e3-843b-2d1baa2e327c
controlled	52c1d341-94cb-4cb8-948f-bf802fef8bd0	TCGA-DX-AATS	Simple Nucleotide Variation	TSV	Genotyping Array	3cbd5809-d8e9-4f76-b18d-41acf386295c	CUBES_p_TCGAb_425_426_427_NSP_GenomeWideSNP_6_F08_1514038.birdseed.data.txt	3cbd5809-d8e9-4f76-b18d-41acf386295c
open	4e8c570c-3cbe-4878-8b2c-b966868dd60d	TCGA-IF-A4AJ	Copy Number Variation	TXT	Genotyping Array	b6006932-b947-477b-b243-15111cf2c8e4	TCGA-SARC.60f924df-f5b8-4b65-ac22-3c1289e8f6f9.ascat2.allelic_specific.seg.txt	b6006932-b947-477b-b243-15111cf2c8e4
controlled	590fdb76-20ef-4f95-9783-7d80e7a25e5a	TCGA-IE-A4EK	Simple Nucleotide Variation	TSV	Genotyping Array	1fd28a82-f962-4531-a975-f646bc3ad30a	YOGIN_p_TCGA_4_262_263_N_GenomeWideSNP_6_D08_1306098.birdseed.data.txt	1fd28a82-f962-4531-a975-f646bc3ad30a
controlled	4fed8f7a-7ff9-4566-8094-27bdb6ee6b12	TCGA-DX-A8BZ	Copy Number Variation	CEL	Genotyping Array	e1cf9c1a-05b2-4b34-a964-ad8d6ec4945d	VISTA_p_TCGAb_383_384_NSP_GenomeWideSNP_6_D03_1464854.CEL	e1cf9c1a-05b2-4b34-a964-ad8d6ec4945d
controlled	5370ed4a-eb6b-4eb4-8c71-f5b5d75cfa2d	TCGA-VT-A80J	Copy Number Variation	CEL	Genotyping Array	5e2beca4-4f91-4d90-9c4b-09a335a73d2c	TAKEN_p_TCGAb_379_400_FFPE_NSP_GenomeWideSNP_6_A02_1513240.CEL	5e2beca4-4f91-4d90-9c4b-09a335a73d2c
controlled	4fed8f7a-7ff9-4566-8094-27bdb6ee6b12	TCGA-DX-A8BZ	Simple Nucleotide Variation	TSV	Genotyping Array	969260fe-2753-40b5-9044-45b6ce236c74	VISTA_p_TCGAb_383_384_NSP_GenomeWideSNP_6_D03_1464854.birdseed.data.txt	969260fe-2753-40b5-9044-45b6ce236c74
controlled	505dc15c-4f74-43de-8eaf-32b7d7515edb	TCGA-DX-A8BH	Simple Nucleotide Variation	TSV	Genotyping Array	222a6a95-0e72-4d35-8c3a-66ee961ebf7e	BREWS_p_TCGAb_382_383_NSP_GenomeWideSNP_6_H09_1465044.birdseed.data.txt	222a6a95-0e72-4d35-8c3a-66ee961ebf7e
open	5a2b2e1b-b631-40ae-ba41-d8022cddb550	TCGA-QQ-A8VH	Copy Number Variation	TXT	Genotyping Array	e86c07dd-3258-4166-b93b-d497c8d35019	VISTA_p_TCGAb_383_384_NSP_GenomeWideSNP_6_C07_1464914.nocnv_grch38.seg.v2.txt	e86c07dd-3258-4166-b93b-d497c8d35019
open	505dc15c-4f74-43de-8eaf-32b7d7515edb	TCGA-DX-A8BH	Copy Number Variation	TSV	Genotyping Array	551c0b89-5acd-44b1-bbcb-52eac88ebd30	TCGA-SARC.996ea84f-9401-4f64-9074-f600728b5c39.ascat3.gene_level_copy_number.v36.tsv	551c0b89-5acd-44b1-bbcb-52eac88ebd30
open	505dc15c-4f74-43de-8eaf-32b7d7515edb	TCGA-DX-A8BH	Copy Number Variation	TSV	Genotyping Array	c1b1039c-aa65-4342-8bc1-db045f33c30d	TCGA-SARC.996ea84f-9401-4f64-9074-f600728b5c39.absolute_liftover.gene_level_copy_number.v36.tsv	c1b1039c-aa65-4342-8bc1-db045f33c30d
open	5a2b2e1b-b631-40ae-ba41-d8022cddb550	TCGA-QQ-A8VH	Copy Number Variation	TXT	Genotyping Array	124d3aa1-231a-4b9b-a91d-3988b3f9cbca	TCGA-SARC.3d502bbe-ed09-4e6e-9625-4524226514dc.ascat2.allelic_specific.seg.txt	124d3aa1-231a-4b9b-a91d-3988b3f9cbca
controlled	506c7c3d-c414-4fc7-963d-e77106b501fb	TCGA-IE-A4EJ	Simple Nucleotide Variation	TSV	Genotyping Array	ccf3337f-211b-475d-bf81-722c5ef91492	YOGIN_p_TCGA_4_262_263_N_GenomeWideSNP_6_D02_1306242.birdseed.data.txt	ccf3337f-211b-475d-bf81-722c5ef91492
open	685be6b4-1d9c-4539-ae4b-ca658fc83fbc	TCGA-DX-A48J	Copy Number Variation	TSV	Genotyping Array	c268c58c-b21e-49b7-9dd8-031c4cd10fc4	TCGA-SARC.680e0a8b-7b01-4327-8daa-0cd32c425e4c.absolute_liftover.gene_level_copy_number.v36.tsv	c268c58c-b21e-49b7-9dd8-031c4cd10fc4
controlled	685be6b4-1d9c-4539-ae4b-ca658fc83fbc	TCGA-DX-A48J	Copy Number Variation	CEL	Genotyping Array	2c59489c-050f-4d64-8f7a-2584c1ec6ccb	SNOWS_p_TCGA_Batch_309_310_NSP_GenomeWideSNP_6_E02_1362046.CEL	2c59489c-050f-4d64-8f7a-2584c1ec6ccb
open	506c7c3d-c414-4fc7-963d-e77106b501fb	TCGA-IE-A4EJ	Copy Number Variation	TXT	Genotyping Array	4c8068eb-41d3-45aa-bb7c-dea4dd41c0dc	YOGIN_p_TCGA_4_262_263_N_GenomeWideSNP_6_D02_1306242.nocnv_grch38.seg.v2.txt	4c8068eb-41d3-45aa-bb7c-dea4dd41c0dc
open	5a2b2e1b-b631-40ae-ba41-d8022cddb550	TCGA-QQ-A8VH	Copy Number Variation	TXT	Genotyping Array	c03c5d97-0f53-4f45-b1c1-6b448a296b90	VISTA_p_TCGAb_383_384_NSP_GenomeWideSNP_6_C06_1464882.nocnv_grch38.seg.v2.txt	c03c5d97-0f53-4f45-b1c1-6b448a296b90
open	685be6b4-1d9c-4539-ae4b-ca658fc83fbc	TCGA-DX-A48J	Copy Number Variation	TXT	Genotyping Array	47fb3139-5b90-4ef9-bfe7-66fdf1ffcbb4	SNOWS_p_TCGA_Batch_309_310_NSP_GenomeWideSNP_6_E02_1362046.grch38.seg.v2.txt	47fb3139-5b90-4ef9-bfe7-66fdf1ffcbb4
open	506c7c3d-c414-4fc7-963d-e77106b501fb	TCGA-IE-A4EJ	Copy Number Variation	TSV	Genotyping Array	e619267b-e3db-4873-9653-007fcedc89dc	TCGA-SARC.c8409e1e-e721-4d28-ab10-cf6a7a529e00.gene_level_copy_number.v36.tsv	e619267b-e3db-4873-9653-007fcedc89dc
open	685be6b4-1d9c-4539-ae4b-ca658fc83fbc	TCGA-DX-A48J	Copy Number Variation	TXT	Genotyping Array	bbfbcb07-17d9-4cac-be6d-cfdc9da05efd	SNOWS_p_TCGA_Batch_309_310_NSP_GenomeWideSNP_6_E02_1362046.nocnv_grch38.seg.v2.txt	bbfbcb07-17d9-4cac-be6d-cfdc9da05efd
open	5190d965-0d48-4058-83e6-ec5879266be1	TCGA-Z4-A9VC	Copy Number Variation	TXT	Genotyping Array	5ed38400-e9a2-4703-9d98-b3ed8d755d67	TCGA-SARC.e1c27d9f-6f7b-41bf-bac2-c7ec78680af7.ascat2.allelic_specific.seg.txt	5ed38400-e9a2-4703-9d98-b3ed8d755d67
open	5452ffd8-0408-4a78-b2fd-f1e0b0d05276	TCGA-DX-A8BR	Copy Number Variation	TXT	Genotyping Array	ffc8f931-b4f4-45ac-bb4d-c674db500c79	CUBES_p_TCGAb_425_426_427_NSP_GenomeWideSNP_6_F03_1514080.grch38.seg.v2.txt	ffc8f931-b4f4-45ac-bb4d-c674db500c79
controlled	5190d965-0d48-4058-83e6-ec5879266be1	TCGA-Z4-A9VC	Copy Number Variation	CEL	Genotyping Array	b98b2696-873f-4a46-8570-7cc2e121c66f	VISTA_p_TCGAb_383_384_NSP_GenomeWideSNP_6_B10_1464858.CEL	b98b2696-873f-4a46-8570-7cc2e121c66f
open	5452ffd8-0408-4a78-b2fd-f1e0b0d05276	TCGA-DX-A8BR	Copy Number Variation	TXT	Genotyping Array	7613b2a0-43e1-4d84-9693-b868b228e1dd	CUBES_p_TCGAb_425_426_427_NSP_GenomeWideSNP_6_F02_1513966.grch38.seg.v2.txt	7613b2a0-43e1-4d84-9693-b868b228e1dd
open	5452ffd8-0408-4a78-b2fd-f1e0b0d05276	TCGA-DX-A8BR	Copy Number Variation	TSV	Genotyping Array	426c36db-1234-4d89-878b-e9efc98f0267	TCGA-SARC.413cb162-556c-45d3-a6b5-a8c2462d18be.ascat3.gene_level_copy_number.v36.tsv	426c36db-1234-4d89-878b-e9efc98f0267
open	5190d965-0d48-4058-83e6-ec5879266be1	TCGA-Z4-A9VC	Copy Number Variation	TSV	Genotyping Array	9afecb06-b900-46bf-8143-5854a5e75f96	TCGA-SARC.e1c27d9f-6f7b-41bf-bac2-c7ec78680af7.absolute_liftover.gene_level_copy_number.v36.tsv	9afecb06-b900-46bf-8143-5854a5e75f96
open	5190d965-0d48-4058-83e6-ec5879266be1	TCGA-Z4-A9VC	Copy Number Variation	TXT	Genotyping Array	48a5ef2b-d1e0-49f5-892d-2a0fa8cb87ce	VISTA_p_TCGAb_383_384_NSP_GenomeWideSNP_6_B11_1464944.nocnv_grch38.seg.v2.txt	48a5ef2b-d1e0-49f5-892d-2a0fa8cb87ce
open	685be6b4-1d9c-4539-ae4b-ca658fc83fbc	TCGA-DX-A48J	Copy Number Variation	TSV	Genotyping Array	970acd32-95c8-4ef5-aeee-4377297915b3	TCGA-SARC.680e0a8b-7b01-4327-8daa-0cd32c425e4c.gene_level_copy_number.v36.tsv	970acd32-95c8-4ef5-aeee-4377297915b3
open	5190d965-0d48-4058-83e6-ec5879266be1	TCGA-Z4-A9VC	Copy Number Variation	TXT	Genotyping Array	ae499ef1-e613-45b3-9104-e1821084041a	TCGA-SARC.e1c27d9f-6f7b-41bf-bac2-c7ec78680af7.ascat3.allelic_specific.seg.txt	ae499ef1-e613-45b3-9104-e1821084041a
open	5452ffd8-0408-4a78-b2fd-f1e0b0d05276	TCGA-DX-A8BR	Copy Number Variation	TXT	Genotyping Array	5ce5677b-382a-433e-a3d2-3dc30a2f1e37	TCGA-SARC.413cb162-556c-45d3-a6b5-a8c2462d18be.ascat3.allelic_specific.seg.txt	5ce5677b-382a-433e-a3d2-3dc30a2f1e37
open	68c229a9-4c98-495a-b75a-f6f2172b075b	TCGA-QQ-A5VA	Copy Number Variation	TXT	Genotyping Array	ac6b7b7e-caba-4daf-a598-ef6851fe8ac3	TCGA-SARC.980b26cd-21a6-4517-826c-71f21874bfb1.ascat2.allelic_specific.seg.txt	ac6b7b7e-caba-4daf-a598-ef6851fe8ac3
controlled	5a64f7e9-3833-4a3c-962b-13eb3e305c69	TCGA-IS-A3K7	Copy Number Variation	CEL	Genotyping Array	feb9ca98-6adf-4814-ac9a-f60e8839c84e	MACON_p_TCGASNP_218_AML_PP_N_GenomeWideSNP_6_C09_1039994.CEL	feb9ca98-6adf-4814-ac9a-f60e8839c84e
controlled	5452ffd8-0408-4a78-b2fd-f1e0b0d05276	TCGA-DX-A8BR	Simple Nucleotide Variation	TSV	Genotyping Array	c0430afb-59d7-4c77-97c2-76ac63b19094	CUBES_p_TCGAb_425_426_427_NSP_GenomeWideSNP_6_F02_1513966.birdseed.data.txt	c0430afb-59d7-4c77-97c2-76ac63b19094
open	68c229a9-4c98-495a-b75a-f6f2172b075b	TCGA-QQ-A5VA	Copy Number Variation	TXT	Genotyping Array	d0620e0c-3013-4312-a7c0-cfa8a248ab4e	THREW_p_TCGAb_329_335_336_NSP_GenomeWideSNP_6_F06_1367208.nocnv_grch38.seg.v2.txt	d0620e0c-3013-4312-a7c0-cfa8a248ab4e
open	68c229a9-4c98-495a-b75a-f6f2172b075b	TCGA-QQ-A5VA	Copy Number Variation	TSV	Genotyping Array	465a246b-fe28-4c15-a786-2dfdcfbd4ac8	TCGA-SARC.980b26cd-21a6-4517-826c-71f21874bfb1.gene_level_copy_number.v36.tsv	465a246b-fe28-4c15-a786-2dfdcfbd4ac8
open	5b9d27a3-7483-4118-a719-a164800ba957	TCGA-DX-A3UF	Copy Number Variation	TSV	Genotyping Array	b59c6eca-6d42-4723-ac40-acbdac4ff9bf	TCGA-SARC.ae0fe7b8-3e13-4418-8e42-1d1572e6936b.ascat3.gene_level_copy_number.v36.tsv	b59c6eca-6d42-4723-ac40-acbdac4ff9bf
open	5467fb35-7cb4-4d13-a0bb-fe727d5b7bb1	TCGA-DX-A1L1	Copy Number Variation	TXT	Genotyping Array	e91f947a-1e10-4227-82d3-3888c9a2a635	YOGIN_p_TCGA_4_262_263_N_GenomeWideSNP_6_B01_1306084.grch38.seg.v2.txt	e91f947a-1e10-4227-82d3-3888c9a2a635
controlled	68c229a9-4c98-495a-b75a-f6f2172b075b	TCGA-QQ-A5VA	Copy Number Variation	CEL	Genotyping Array	d7159ecb-9701-4b43-ab8c-636ca41d04a5	THREW_p_TCGAb_329_335_336_NSP_GenomeWideSNP_6_F05_1367158.CEL	d7159ecb-9701-4b43-ab8c-636ca41d04a5
open	5b9d27a3-7483-4118-a719-a164800ba957	TCGA-DX-A3UF	Copy Number Variation	TSV	Genotyping Array	d33314bb-1fd9-441b-9863-b0ab9c4445f3	TCGA-SARC.ae0fe7b8-3e13-4418-8e42-1d1572e6936b.gene_level_copy_number.v36.tsv	d33314bb-1fd9-441b-9863-b0ab9c4445f3
controlled	5467fb35-7cb4-4d13-a0bb-fe727d5b7bb1	TCGA-DX-A1L1	Simple Nucleotide Variation	TSV	Genotyping Array	e3428f58-ec78-402f-ad6b-e73ec4fe619c	YOGIN_p_TCGA_4_262_263_N_GenomeWideSNP_6_B01_1306084.birdseed.data.txt	e3428f58-ec78-402f-ad6b-e73ec4fe619c
controlled	68c229a9-4c98-495a-b75a-f6f2172b075b	TCGA-QQ-A5VA	Simple Nucleotide Variation	TSV	Genotyping Array	d99dfcac-0545-4c71-81a0-418ffb6d0754	THREW_p_TCGAb_329_335_336_NSP_GenomeWideSNP_6_F06_1367208.birdseed.data.txt	d99dfcac-0545-4c71-81a0-418ffb6d0754
open	68c229a9-4c98-495a-b75a-f6f2172b075b	TCGA-QQ-A5VA	Copy Number Variation	TSV	Genotyping Array	8987ca73-e92d-4ccc-bb2c-6af999e4ff76	TCGA-SARC.980b26cd-21a6-4517-826c-71f21874bfb1.ascat3.gene_level_copy_number.v36.tsv	8987ca73-e92d-4ccc-bb2c-6af999e4ff76
open	5b9d27a3-7483-4118-a719-a164800ba957	TCGA-DX-A3UF	Copy Number Variation	TXT	Genotyping Array	c7d211be-8762-44be-86a3-892f3abbe6d9	SNOWS_p_TCGA_Batch_309_310_NSP_GenomeWideSNP_6_D12_1362134.nocnv_grch38.seg.v2.txt	c7d211be-8762-44be-86a3-892f3abbe6d9
open	68c229a9-4c98-495a-b75a-f6f2172b075b	TCGA-QQ-A5VA	Copy Number Variation	TXT	Genotyping Array	a6bc5ead-f4d4-40ac-8a1e-06fbab2c67e0	TCGA-SARC.980b26cd-21a6-4517-826c-71f21874bfb1.ascat3.allelic_specific.seg.txt	a6bc5ead-f4d4-40ac-8a1e-06fbab2c67e0
open	5467fb35-7cb4-4d13-a0bb-fe727d5b7bb1	TCGA-DX-A1L1	Copy Number Variation	TXT	Genotyping Array	0d374059-9aae-4b84-bcc8-218cf853a8b7	TCGA-SARC.a3c62602-7557-4194-b43f-5a3b91877d08.ascat2.allelic_specific.seg.txt	0d374059-9aae-4b84-bcc8-218cf853a8b7
controlled	68c229a9-4c98-495a-b75a-f6f2172b075b	TCGA-QQ-A5VA	Simple Nucleotide Variation	TSV	Genotyping Array	e936efb6-18d8-4dc9-b721-1061c54ac5d9	THREW_p_TCGAb_329_335_336_NSP_GenomeWideSNP_6_F05_1367158.birdseed.data.txt	e936efb6-18d8-4dc9-b721-1061c54ac5d9
open	6a25aeca-126b-408b-ae13-e7df29f552b4	TCGA-DX-AB36	Copy Number Variation	TXT	Genotyping Array	bc90bafd-36b7-4de1-985a-d4b938c586ae	CUBES_p_TCGAb_425_426_427_NSP_GenomeWideSNP_6_F01_1514034.grch38.seg.v2.txt	bc90bafd-36b7-4de1-985a-d4b938c586ae
open	5467fb35-7cb4-4d13-a0bb-fe727d5b7bb1	TCGA-DX-A1L1	Copy Number Variation	TSV	Genotyping Array	2c9289cf-f871-4c96-be7a-e58a01e6dd07	TCGA-SARC.a3c62602-7557-4194-b43f-5a3b91877d08.absolute_liftover.gene_level_copy_number.v36.tsv	2c9289cf-f871-4c96-be7a-e58a01e6dd07
controlled	5b9d27a3-7483-4118-a719-a164800ba957	TCGA-DX-A3UF	Copy Number Variation	CEL	Genotyping Array	7ac3bfd9-da78-4e2f-9572-1d67fa22c8ee	SNOWS_p_TCGA_Batch_309_310_NSP_GenomeWideSNP_6_E01_1362136.CEL	7ac3bfd9-da78-4e2f-9572-1d67fa22c8ee
open	5b9d27a3-7483-4118-a719-a164800ba957	TCGA-DX-A3UF	Copy Number Variation	TXT	Genotyping Array	da01b843-1087-42c7-a31f-8dbc4678eb5c	TCGA-SARC.ae0fe7b8-3e13-4418-8e42-1d1572e6936b.ascat3.allelic_specific.seg.txt	da01b843-1087-42c7-a31f-8dbc4678eb5c
open	5467fb35-7cb4-4d13-a0bb-fe727d5b7bb1	TCGA-DX-A1L1	Copy Number Variation	TXT	Genotyping Array	79fa0b71-cf93-4b6f-83e9-59e9c66ba32e	YOGIN_p_TCGA_4_262_263_N_GenomeWideSNP_6_B01_1306084.nocnv_grch38.seg.v2.txt	79fa0b71-cf93-4b6f-83e9-59e9c66ba32e
open	56fdf145-26c2-44d2-bf0e-67d8c8999a6e	TCGA-DX-A6YZ	Copy Number Variation	TXT	Genotyping Array	e4dc373b-8312-4d5a-8957-85c4302abbe0	TAZZA_p_TCGAb3_62_63_64_65_NSP_GenomeWideSNP_6_B09_1387872.grch38.seg.v2.txt	e4dc373b-8312-4d5a-8957-85c4302abbe0
open	56fdf145-26c2-44d2-bf0e-67d8c8999a6e	TCGA-DX-A6YZ	Copy Number Variation	TXT	Genotyping Array	a8beb0ce-b937-4d71-a09d-d0efca5c09f0	TAZZA_p_TCGAb3_62_63_64_65_NSP_GenomeWideSNP_6_B10_1387892.grch38.seg.v2.txt	a8beb0ce-b937-4d71-a09d-d0efca5c09f0
open	6a25aeca-126b-408b-ae13-e7df29f552b4	TCGA-DX-AB36	Copy Number Variation	TSV	Genotyping Array	1f00fe88-541e-45f9-8e3b-7122c4234f54	TCGA-SARC.d764ec7c-bfd0-4cd4-8058-5b083f30dd76.absolute_liftover.gene_level_copy_number.v36.tsv	1f00fe88-541e-45f9-8e3b-7122c4234f54
open	6a25aeca-126b-408b-ae13-e7df29f552b4	TCGA-DX-AB36	Copy Number Variation	TXT	Genotyping Array	996b874d-ff93-41cd-bda7-2a6f85ddfc81	CUBES_p_TCGAb_425_426_427_NSP_GenomeWideSNP_6_F01_1514034.nocnv_grch38.seg.v2.txt	996b874d-ff93-41cd-bda7-2a6f85ddfc81
open	6a25aeca-126b-408b-ae13-e7df29f552b4	TCGA-DX-AB36	Copy Number Variation	TSV	Genotyping Array	69024363-2381-40c1-b7d6-51a1c4f4b3e7	TCGA-SARC.d764ec7c-bfd0-4cd4-8058-5b083f30dd76.gene_level_copy_number.v36.tsv	69024363-2381-40c1-b7d6-51a1c4f4b3e7
open	56fdf145-26c2-44d2-bf0e-67d8c8999a6e	TCGA-DX-A6YZ	Copy Number Variation	TXT	Genotyping Array	b5f5297e-9453-4b28-94ed-95a295a89bee	TAZZA_p_TCGAb3_62_63_64_65_NSP_GenomeWideSNP_6_B09_1387872.nocnv_grch38.seg.v2.txt	b5f5297e-9453-4b28-94ed-95a295a89bee
open	56fdf145-26c2-44d2-bf0e-67d8c8999a6e	TCGA-DX-A6YZ	Copy Number Variation	TSV	Genotyping Array	4dd956fe-d0b5-4794-a929-457276a33717	TCGA-SARC.686e8989-223c-4fb4-9e48-8d5dc94b9e60.gene_level_copy_number.v36.tsv	4dd956fe-d0b5-4794-a929-457276a33717
controlled	5dbd1eed-523e-48cc-b69b-ac905a1116eb	TCGA-PT-A8TR	Simple Nucleotide Variation	TSV	Genotyping Array	f1c6eab4-008c-48a7-bd12-ac909f1142fd	BREWS_p_TCGAb_382_383_NSP_GenomeWideSNP_6_H02_1465046.birdseed.data.txt	f1c6eab4-008c-48a7-bd12-ac909f1142fd
open	5dbd1eed-523e-48cc-b69b-ac905a1116eb	TCGA-PT-A8TR	Copy Number Variation	TXT	Genotyping Array	79c2e67b-3887-4d94-b107-d6cd292740d6	BREWS_p_TCGAb_382_383_NSP_GenomeWideSNP_6_H02_1465046.grch38.seg.v2.txt	79c2e67b-3887-4d94-b107-d6cd292740d6
open	6a25aeca-126b-408b-ae13-e7df29f552b4	TCGA-DX-AB36	Copy Number Variation	TXT	Genotyping Array	426ba07d-7409-4c26-9deb-96a5856f1a6d	TCGA-SARC.d764ec7c-bfd0-4cd4-8058-5b083f30dd76.ascat3.allelic_specific.seg.txt	426ba07d-7409-4c26-9deb-96a5856f1a6d
open	6a25aeca-126b-408b-ae13-e7df29f552b4	TCGA-DX-AB36	Copy Number Variation	TXT	Genotyping Array	6ab54163-9be7-4691-93f0-0c7feb09c1fb	CUBES_p_TCGAb_425_426_427_NSP_GenomeWideSNP_6_E12_1514020.grch38.seg.v2.txt	6ab54163-9be7-4691-93f0-0c7feb09c1fb
open	5dbd1eed-523e-48cc-b69b-ac905a1116eb	TCGA-PT-A8TR	Copy Number Variation	TXT	Genotyping Array	eeeee5ee-3501-4574-a522-eb152c3a8e41	TCGA-SARC.927b221d-3897-419f-a4e9-43490b8ebe73.ascat3.allelic_specific.seg.txt	eeeee5ee-3501-4574-a522-eb152c3a8e41
open	6ac81dec-4802-440b-a5f0-e6eb81a0b22b	TCGA-Z4-AAPG	Copy Number Variation	TXT	Genotyping Array	e6f2bb0d-e66a-4187-a871-d60e9a5515bf	PRION_p_TCGAb_410_11_12_13_NSP_GenomeWideSNP_6_C07_1486668.grch38.seg.v2.txt	e6f2bb0d-e66a-4187-a871-d60e9a5515bf
open	6037a772-38a4-4f44-95a5-681f90b81684	TCGA-DX-A6YQ	Copy Number Variation	TXT	Genotyping Array	a76921bf-55c0-4045-ac4c-4a5b0fbec32a	TCGA-SARC.506360b4-12fc-46b3-9694-50388841a64a.ascat2.allelic_specific.seg.txt	a76921bf-55c0-4045-ac4c-4a5b0fbec32a
open	56fdf145-26c2-44d2-bf0e-67d8c8999a6e	TCGA-DX-A6YZ	Copy Number Variation	TSV	Genotyping Array	02a7c790-80c3-4b3a-b027-8479d6d89d8b	TCGA-SARC.686e8989-223c-4fb4-9e48-8d5dc94b9e60.ascat3.gene_level_copy_number.v36.tsv	02a7c790-80c3-4b3a-b027-8479d6d89d8b
open	6037a772-38a4-4f44-95a5-681f90b81684	TCGA-DX-A6YQ	Copy Number Variation	TXT	Genotyping Array	30f5c08e-2f43-445d-968d-54efb2da3634	MOWED_p_TCGAb3_39_40_41_42_STY_GenomeWideSNP_6_G12_1377558.nocnv_grch38.seg.v2.txt	30f5c08e-2f43-445d-968d-54efb2da3634
controlled	6037a772-38a4-4f44-95a5-681f90b81684	TCGA-DX-A6YQ	Copy Number Variation	CEL	Genotyping Array	6e158b1b-0a92-4979-91e8-66c629160ae7	MOWED_p_TCGAb3_39_40_41_42_STY_GenomeWideSNP_6_G12_1377558.CEL	6e158b1b-0a92-4979-91e8-66c629160ae7
open	6ac81dec-4802-440b-a5f0-e6eb81a0b22b	TCGA-Z4-AAPG	Copy Number Variation	TXT	Genotyping Array	86c52734-1da8-4726-99b8-6cea8d9ed137	PRION_p_TCGAb_410_11_12_13_NSP_GenomeWideSNP_6_C06_1486666.nocnv_grch38.seg.v2.txt	86c52734-1da8-4726-99b8-6cea8d9ed137
open	6ac81dec-4802-440b-a5f0-e6eb81a0b22b	TCGA-Z4-AAPG	Copy Number Variation	TSV	Genotyping Array	10705278-b101-4577-bae9-c7cbe840cd9d	TCGA-SARC.c741954e-5f29-4345-829d-c00ff3b5480a.absolute_liftover.gene_level_copy_number.v36.tsv	10705278-b101-4577-bae9-c7cbe840cd9d
controlled	60d8a41f-46ae-4ebb-9fac-ab73f1411e55	TCGA-DX-AB2H	Copy Number Variation	CEL	Genotyping Array	58c050fe-e4cf-469e-abb0-65240dd356bd	PRION_p_TCGAb_410_11_12_13_NSP_GenomeWideSNP_6_D10_1486642.CEL	58c050fe-e4cf-469e-abb0-65240dd356bd
open	60d8a41f-46ae-4ebb-9fac-ab73f1411e55	TCGA-DX-AB2H	Copy Number Variation	TXT	Genotyping Array	f3b6024a-ac5e-4d89-ac3a-874cab663f9c	PRION_p_TCGAb_410_11_12_13_NSP_GenomeWideSNP_6_D11_1486752.grch38.seg.v2.txt	f3b6024a-ac5e-4d89-ac3a-874cab663f9c
open	60d8a41f-46ae-4ebb-9fac-ab73f1411e55	TCGA-DX-AB2H	Copy Number Variation	TXT	Genotyping Array	ffbba5dc-cce0-463b-a7f5-12b54d7046cd	PRION_p_TCGAb_410_11_12_13_NSP_GenomeWideSNP_6_D11_1486752.nocnv_grch38.seg.v2.txt	ffbba5dc-cce0-463b-a7f5-12b54d7046cd
open	6b189eff-b919-49d6-8775-dbf32c9ccbba	TCGA-DX-A2IZ	Copy Number Variation	TSV	Genotyping Array	92333852-d0d1-4fdb-bfc8-d625572a783e	TCGA-SARC.28e4b286-ea1d-4f20-84ee-d8672d4127cf.absolute_liftover.gene_level_copy_number.v36.tsv	92333852-d0d1-4fdb-bfc8-d625572a783e
controlled	719fa3f6-0194-423d-8a96-3709e8180565	TCGA-X6-A8C6	Simple Nucleotide Variation	TSV	Genotyping Array	2e1a49f0-2f0a-4748-b124-8b8d54895993	HONGS_p_TCGAb3_75_76_77_NSP_GenomeWideSNP_6_H08_1438204.birdseed.data.txt	2e1a49f0-2f0a-4748-b124-8b8d54895993
controlled	60d8a41f-46ae-4ebb-9fac-ab73f1411e55	TCGA-DX-AB2H	Simple Nucleotide Variation	TSV	Genotyping Array	626a4025-295b-413c-b922-b0164ee38c23	PRION_p_TCGAb_410_11_12_13_NSP_GenomeWideSNP_6_D11_1486752.birdseed.data.txt	626a4025-295b-413c-b922-b0164ee38c23
open	6b189eff-b919-49d6-8775-dbf32c9ccbba	TCGA-DX-A2IZ	Copy Number Variation	TXT	Genotyping Array	fbaf59cf-46e9-4512-8af3-1002412d88cf	MACON_p_TCGASNP_218_AML_PP_N_GenomeWideSNP_6_B02_1040106.nocnv_grch38.seg.v2.txt	fbaf59cf-46e9-4512-8af3-1002412d88cf
open	6b189eff-b919-49d6-8775-dbf32c9ccbba	TCGA-DX-A2IZ	Copy Number Variation	TSV	Genotyping Array	746a5daa-18c6-46c4-b8a1-af0d604280d8	TCGA-SARC.28e4b286-ea1d-4f20-84ee-d8672d4127cf.gene_level_copy_number.v36.tsv	746a5daa-18c6-46c4-b8a1-af0d604280d8
open	60d8a41f-46ae-4ebb-9fac-ab73f1411e55	TCGA-DX-AB2H	Copy Number Variation	TSV	Genotyping Array	b77ebf2f-35ca-4d2a-a0e0-eed44cde58d4	TCGA-SARC.9efff8a5-949d-4ad2-8d08-dfce8d3239f3.ascat3.gene_level_copy_number.v36.tsv	b77ebf2f-35ca-4d2a-a0e0-eed44cde58d4
controlled	6b189eff-b919-49d6-8775-dbf32c9ccbba	TCGA-DX-A2IZ	Simple Nucleotide Variation	TSV	Genotyping Array	d8d76ae2-10e0-4791-a3a3-648c0a9209dd	MACON_p_TCGASNP_218_AML_PP_N_GenomeWideSNP_6_B02_1040106.birdseed.data.txt	d8d76ae2-10e0-4791-a3a3-648c0a9209dd
open	60d8a41f-46ae-4ebb-9fac-ab73f1411e55	TCGA-DX-AB2H	Copy Number Variation	TSV	Genotyping Array	3f3472da-5f69-439d-a0f0-8662722dbb03	TCGA-SARC.9efff8a5-949d-4ad2-8d08-dfce8d3239f3.absolute_liftover.gene_level_copy_number.v36.tsv	3f3472da-5f69-439d-a0f0-8662722dbb03
open	719fa3f6-0194-423d-8a96-3709e8180565	TCGA-X6-A8C6	Copy Number Variation	TXT	Genotyping Array	7f635232-0d15-469e-a9f7-5a086cf6b4e3	TCGA-SARC.5039fe19-41b3-4aad-ab4d-084a539fde58.ascat3.allelic_specific.seg.txt	7f635232-0d15-469e-a9f7-5a086cf6b4e3
controlled	60d8a41f-46ae-4ebb-9fac-ab73f1411e55	TCGA-DX-AB2H	Copy Number Variation	CEL	Genotyping Array	e95700c2-0a8a-485c-b3df-87b12f301550	PRION_p_TCGAb_410_11_12_13_NSP_GenomeWideSNP_6_D11_1486752.CEL	e95700c2-0a8a-485c-b3df-87b12f301550
open	7b5a66c5-17d2-487e-8ea3-81a00c836738	TCGA-DX-A8BP	Copy Number Variation	TXT	Genotyping Array	1946f2fb-f926-4161-bdc5-81229d6ee386	VISTA_p_TCGAb_383_384_NSP_GenomeWideSNP_6_C12_1464950.grch38.seg.v2.txt	1946f2fb-f926-4161-bdc5-81229d6ee386
open	60d8a41f-46ae-4ebb-9fac-ab73f1411e55	TCGA-DX-AB2H	Copy Number Variation	TXT	Genotyping Array	c303ab0d-1fe5-401a-b2bb-ab607b0e0e72	PRION_p_TCGAb_410_11_12_13_NSP_GenomeWideSNP_6_D10_1486642.nocnv_grch38.seg.v2.txt	c303ab0d-1fe5-401a-b2bb-ab607b0e0e72
open	7b5a66c5-17d2-487e-8ea3-81a00c836738	TCGA-DX-A8BP	Copy Number Variation	TSV	Genotyping Array	43e980d5-78a2-458e-9c6a-1eaddf8fb975	TCGA-SARC.18813cf6-aec9-47b8-8864-447f32f66a42.gene_level_copy_number.v36.tsv	43e980d5-78a2-458e-9c6a-1eaddf8fb975
open	719fa3f6-0194-423d-8a96-3709e8180565	TCGA-X6-A8C6	Copy Number Variation	TXT	Genotyping Array	fd14a7a1-b771-4f19-9f91-645709dee1c7	HONGS_p_TCGAb3_75_76_77_NSP_GenomeWideSNP_6_H08_1438204.grch38.seg.v2.txt	fd14a7a1-b771-4f19-9f91-645709dee1c7
open	6201394f-b70e-4f14-9519-ff9d5f06eb09	TCGA-DX-A3U6	Copy Number Variation	TXT	Genotyping Array	bb901c29-6003-41de-ba33-6136a8fe3dac	TCGA-SARC.377047a2-2510-4c52-b73d-6766bcf14a18.ascat2.allelic_specific.seg.txt	bb901c29-6003-41de-ba33-6136a8fe3dac
open	7b5a66c5-17d2-487e-8ea3-81a00c836738	TCGA-DX-A8BP	Copy Number Variation	TXT	Genotyping Array	e3c13be4-0037-4c47-b651-75af48ef8f45	VISTA_p_TCGAb_383_384_NSP_GenomeWideSNP_6_D01_1464840.grch38.seg.v2.txt	e3c13be4-0037-4c47-b651-75af48ef8f45
controlled	724edf28-c9b2-4b11-ae30-70a137f821b8	TCGA-HS-A5N8	Simple Nucleotide Variation	TSV	Genotyping Array	a8e4108c-a007-4a2f-9bd7-c22563f60b56	WAGER_p_TCGA_282_284_285_286_N_GenomeWideSNP_6_D12_1359054.birdseed.data.txt	a8e4108c-a007-4a2f-9bd7-c22563f60b56
controlled	7bab6742-4e3d-4fcf-9b90-d3e0218b4d79	TCGA-FX-A3NJ	Simple Nucleotide Variation	TSV	Genotyping Array	504c364a-6fa1-43e0-a388-8207e1d7f413	MACON_p_TCGASNP_218_AML_PP_N_GenomeWideSNP_6_D06_1040092.birdseed.data.txt	504c364a-6fa1-43e0-a388-8207e1d7f413
controlled	6201394f-b70e-4f14-9519-ff9d5f06eb09	TCGA-DX-A3U6	Copy Number Variation	CEL	Genotyping Array	08844f80-7a16-4c4d-93fe-e6709cbbe7fa	BURSA_p_TCGA_303_304_305_N_GenomeWideSNP_6_C05_1344758.CEL	08844f80-7a16-4c4d-93fe-e6709cbbe7fa
open	6be3885c-219b-44f4-92bc-c055dc843a87	TCGA-DX-A6YV	Copy Number Variation	TXT	Genotyping Array	1cf3d125-9003-4918-8f38-f0aa1a491f18	TAZZA_p_TCGAb3_62_63_64_65_NSP_GenomeWideSNP_6_B04_1387802.nocnv_grch38.seg.v2.txt	1cf3d125-9003-4918-8f38-f0aa1a491f18
open	6201394f-b70e-4f14-9519-ff9d5f06eb09	TCGA-DX-A3U6	Copy Number Variation	TXT	Genotyping Array	9a1859a5-9f3c-4864-87ea-5330d49c77ed	TCGA-SARC.377047a2-2510-4c52-b73d-6766bcf14a18.ascat3.allelic_specific.seg.txt	9a1859a5-9f3c-4864-87ea-5330d49c77ed
controlled	724edf28-c9b2-4b11-ae30-70a137f821b8	TCGA-HS-A5N8	Simple Nucleotide Variation	TSV	Genotyping Array	6b832f95-8cae-4ad8-b960-42c687afdbce	WAGER_p_TCGA_282_284_285_286_N_GenomeWideSNP_6_E11_1359094.birdseed.data.txt	6b832f95-8cae-4ad8-b960-42c687afdbce
open	724edf28-c9b2-4b11-ae30-70a137f821b8	TCGA-HS-A5N8	Copy Number Variation	TXT	Genotyping Array	894a24f8-ef37-49f8-bce6-795d1396f56a	WAGER_p_TCGA_282_284_285_286_N_GenomeWideSNP_6_D12_1359054.nocnv_grch38.seg.v2.txt	894a24f8-ef37-49f8-bce6-795d1396f56a
controlled	6be3885c-219b-44f4-92bc-c055dc843a87	TCGA-DX-A6YV	Simple Nucleotide Variation	TSV	Genotyping Array	2bab00ca-b875-4163-a6b8-dec185087630	TAZZA_p_TCGAb3_62_63_64_65_NSP_GenomeWideSNP_6_B03_1387792.birdseed.data.txt	2bab00ca-b875-4163-a6b8-dec185087630
controlled	6201394f-b70e-4f14-9519-ff9d5f06eb09	TCGA-DX-A3U6	Copy Number Variation	CEL	Genotyping Array	60b5a813-a4f5-43a8-8ce2-2a1cae885a5c	BURSA_p_TCGA_303_304_305_N_GenomeWideSNP_6_C01_1344714.CEL	60b5a813-a4f5-43a8-8ce2-2a1cae885a5c
open	73d2e8ef-4e10-416a-845b-f48374e48ecb	TCGA-DX-A1L2	Copy Number Variation	TXT	Genotyping Array	2b73a332-7d71-4113-9a55-4974c4f87bbf	YOGIN_p_TCGA_4_262_263_N_GenomeWideSNP_6_C09_1306164.nocnv_grch38.seg.v2.txt	2b73a332-7d71-4113-9a55-4974c4f87bbf
open	6e82bcfc-a61d-441b-a1ed-cb46dc88a860	TCGA-DX-A7EO	Copy Number Variation	TSV	Genotyping Array	c168961a-98f3-40a3-b5fc-33c74296b01b	TCGA-SARC.304740e1-40b7-42df-a7c2-e2c8f2bff20d.ascat3.gene_level_copy_number.v36.tsv	c168961a-98f3-40a3-b5fc-33c74296b01b
open	6e82bcfc-a61d-441b-a1ed-cb46dc88a860	TCGA-DX-A7EO	Copy Number Variation	TXT	Genotyping Array	58ce9bc3-6959-4a8b-8c4a-03a8ff136e7f	HONGS_p_TCGAb3_75_76_77_NSP_GenomeWideSNP_6_G01_1438132.grch38.seg.v2.txt	58ce9bc3-6959-4a8b-8c4a-03a8ff136e7f
controlled	6e82bcfc-a61d-441b-a1ed-cb46dc88a860	TCGA-DX-A7EO	Simple Nucleotide Variation	TSV	Genotyping Array	64b6d963-4a70-4dbd-b1d8-09aff145786c	HONGS_p_TCGAb3_75_76_77_NSP_GenomeWideSNP_6_H09_1438248.birdseed.data.txt	64b6d963-4a70-4dbd-b1d8-09aff145786c
open	73d2e8ef-4e10-416a-845b-f48374e48ecb	TCGA-DX-A1L2	Copy Number Variation	TXT	Genotyping Array	ee5b57dd-a7f9-4737-98f4-7af6cff12327	YOGIN_p_TCGA_4_262_263_N_GenomeWideSNP_6_C09_1306164.grch38.seg.v2.txt	ee5b57dd-a7f9-4737-98f4-7af6cff12327
open	6e82bcfc-a61d-441b-a1ed-cb46dc88a860	TCGA-DX-A7EO	Copy Number Variation	TXT	Genotyping Array	c716e7de-5bc4-4995-93aa-40633b22235b	HONGS_p_TCGAb3_75_76_77_NSP_GenomeWideSNP_6_H09_1438248.nocnv_grch38.seg.v2.txt	c716e7de-5bc4-4995-93aa-40633b22235b
open	7c82e2d6-a768-4078-9084-4b47e8a2ce95	TCGA-DX-A3UB	Copy Number Variation	TXT	Genotyping Array	b8462549-e7b9-4a38-888b-52b84c3d3b12	SNOWS_p_TCGA_Batch_309_310_NSP_GenomeWideSNP_6_D04_1362016.nocnv_grch38.seg.v2.txt	b8462549-e7b9-4a38-888b-52b84c3d3b12
open	73d2e8ef-4e10-416a-845b-f48374e48ecb	TCGA-DX-A1L2	Copy Number Variation	TSV	Genotyping Array	84bc09aa-8b09-46be-a3d1-4d7cd047e23b	TCGA-SARC.06c30ed9-2bdd-4ea5-8afd-2be787152641.absolute_liftover.gene_level_copy_number.v36.tsv	84bc09aa-8b09-46be-a3d1-4d7cd047e23b
open	7c82e2d6-a768-4078-9084-4b47e8a2ce95	TCGA-DX-A3UB	Copy Number Variation	TSV	Genotyping Array	bc89cf2e-1b73-4051-8b20-b4bad9f20e8a	TCGA-SARC.12f54b8e-1d86-49b7-a93f-b44aabf782a3.absolute_liftover.gene_level_copy_number.v36.tsv	bc89cf2e-1b73-4051-8b20-b4bad9f20e8a
open	76e3ec27-2c64-4e38-96f1-30307893b825	TCGA-HB-A2OT	Copy Number Variation	TSV	Genotyping Array	cfeaef80-db95-4ffe-8850-3ef5eb50340d	TCGA-SARC.77f0f727-a5c8-4233-bb05-e645fe298d49.ascat3.gene_level_copy_number.v36.tsv	cfeaef80-db95-4ffe-8850-3ef5eb50340d
open	6e9f74a4-2f41-4b2f-b0e1-39c4d779bd40	TCGA-QQ-A8VD	Copy Number Variation	TXT	Genotyping Array	c93f0ecd-f60b-4754-9b50-ac46e0c58c72	PRION_p_TCGAb_410_11_12_13_NSP_GenomeWideSNP_6_D08_1486758.nocnv_grch38.seg.v2.txt	c93f0ecd-f60b-4754-9b50-ac46e0c58c72
open	7c82e2d6-a768-4078-9084-4b47e8a2ce95	TCGA-DX-A3UB	Copy Number Variation	TSV	Genotyping Array	985ee79d-9455-4068-96c7-4cf2e3e344c9	TCGA-SARC.12f54b8e-1d86-49b7-a93f-b44aabf782a3.gene_level_copy_number.v36.tsv	985ee79d-9455-4068-96c7-4cf2e3e344c9
controlled	6e9f74a4-2f41-4b2f-b0e1-39c4d779bd40	TCGA-QQ-A8VD	Copy Number Variation	CEL	Genotyping Array	917fc2d7-ee76-4b92-bddd-3ed9f2c53ec1	PRION_p_TCGAb_410_11_12_13_NSP_GenomeWideSNP_6_D08_1486758.CEL	917fc2d7-ee76-4b92-bddd-3ed9f2c53ec1
open	7cbfe175-9329-496e-adc7-6b8ed2bdd113	TCGA-DX-A3UD	Copy Number Variation	TXT	Genotyping Array	1a226bda-a249-4200-914f-9fea2b876f78	SNOWS_p_TCGA_Batch_309_310_NSP_GenomeWideSNP_6_D08_1362070.nocnv_grch38.seg.v2.txt	1a226bda-a249-4200-914f-9fea2b876f78
open	76e3ec27-2c64-4e38-96f1-30307893b825	TCGA-HB-A2OT	Copy Number Variation	TSV	Genotyping Array	cb7fffbd-e6bf-4f75-bf64-377669860739	TCGA-SARC.77f0f727-a5c8-4233-bb05-e645fe298d49.absolute_liftover.gene_level_copy_number.v36.tsv	cb7fffbd-e6bf-4f75-bf64-377669860739
open	76e3ec27-2c64-4e38-96f1-30307893b825	TCGA-HB-A2OT	Copy Number Variation	TXT	Genotyping Array	62739d32-1728-493b-97e1-bf7b34fec497	MACON_p_TCGASNP_218_AML_PP_N_GenomeWideSNP_6_B11_1040166.grch38.seg.v2.txt	62739d32-1728-493b-97e1-bf7b34fec497
controlled	6e9f74a4-2f41-4b2f-b0e1-39c4d779bd40	TCGA-QQ-A8VD	Simple Nucleotide Variation	TSV	Genotyping Array	a54eb2a8-ca82-434e-bd50-20c492810ad8	PRION_p_TCGAb_410_11_12_13_NSP_GenomeWideSNP_6_D09_1486754.birdseed.data.txt	a54eb2a8-ca82-434e-bd50-20c492810ad8
open	6e9f74a4-2f41-4b2f-b0e1-39c4d779bd40	TCGA-QQ-A8VD	Copy Number Variation	TXT	Genotyping Array	cdc6ec54-e6d4-4f72-a9e2-b134b8434172	TCGA-SARC.ef10e964-4667-4d5a-82b2-2844b2ece1a9.ascat2.allelic_specific.seg.txt	cdc6ec54-e6d4-4f72-a9e2-b134b8434172
open	771b35b6-e0a9-427e-8c67-e934f5e0d9bd	TCGA-DX-A1KX	Copy Number Variation	TSV	Genotyping Array	8b9e5bac-7f15-4093-9a74-25d9b271b358	TCGA-SARC.d10089cb-3b30-4e1f-a08d-b6a4b4134d18.gene_level_copy_number.v36.tsv	8b9e5bac-7f15-4093-9a74-25d9b271b358
open	6e9f74a4-2f41-4b2f-b0e1-39c4d779bd40	TCGA-QQ-A8VD	Copy Number Variation	TXT	Genotyping Array	75e4f079-26c3-4375-ad1c-ba9c9630684b	PRION_p_TCGAb_410_11_12_13_NSP_GenomeWideSNP_6_D09_1486754.nocnv_grch38.seg.v2.txt	75e4f079-26c3-4375-ad1c-ba9c9630684b
open	83a93378-0978-4102-9e4b-09b547b75687	TCGA-K1-A42W	Copy Number Variation	TXT	Genotyping Array	67a5085f-e24e-4c66-b23c-a2884bc193ba	YOGIN_p_TCGA_4_262_263_N_GenomeWideSNP_6_B02_1306144.grch38.seg.v2.txt	67a5085f-e24e-4c66-b23c-a2884bc193ba
open	771b35b6-e0a9-427e-8c67-e934f5e0d9bd	TCGA-DX-A1KX	Copy Number Variation	TSV	Genotyping Array	eb4897db-54a4-4a81-9b44-963e687e3923	TCGA-SARC.d10089cb-3b30-4e1f-a08d-b6a4b4134d18.absolute_liftover.gene_level_copy_number.v36.tsv	eb4897db-54a4-4a81-9b44-963e687e3923
controlled	771b35b6-e0a9-427e-8c67-e934f5e0d9bd	TCGA-DX-A1KX	Copy Number Variation	CEL	Genotyping Array	e3c4a891-55b8-4885-a92f-3e7e5f70a937	YOGIN_p_TCGA_4_262_263_N_GenomeWideSNP_6_B03_1306264.CEL	e3c4a891-55b8-4885-a92f-3e7e5f70a937
open	771b35b6-e0a9-427e-8c67-e934f5e0d9bd	TCGA-DX-A1KX	Copy Number Variation	TXT	Genotyping Array	d930c41f-62b7-438f-9e81-8d9013083ff7	TCGA-SARC.d10089cb-3b30-4e1f-a08d-b6a4b4134d18.ascat3.allelic_specific.seg.txt	d930c41f-62b7-438f-9e81-8d9013083ff7
controlled	771b35b6-e0a9-427e-8c67-e934f5e0d9bd	TCGA-DX-A1KX	Simple Nucleotide Variation	TSV	Genotyping Array	fe9f5cde-e66e-44cd-bbed-8486640b8e2c	YOGIN_p_TCGA_4_262_263_N_GenomeWideSNP_6_A11_1306252.birdseed.data.txt	fe9f5cde-e66e-44cd-bbed-8486640b8e2c
controlled	851f8905-778c-4016-85e5-bc22817a6a28	TCGA-3B-A9HQ	Simple Nucleotide Variation	TSV	Genotyping Array	75249b71-f98e-4f0f-a1c5-5023895a07f9	ENATE_p_TCGAb_394_395_396_NSP_GenomeWideSNP_6_E06_1474240.birdseed.data.txt	75249b71-f98e-4f0f-a1c5-5023895a07f9
open	719fa3f6-0194-423d-8a96-3709e8180565	TCGA-X6-A8C6	Copy Number Variation	TSV	Genotyping Array	9cb26e78-152f-4418-a1cb-67f09262ebed	TCGA-SARC.5039fe19-41b3-4aad-ab4d-084a539fde58.gene_level_copy_number.v36.tsv	9cb26e78-152f-4418-a1cb-67f09262ebed
controlled	851f8905-778c-4016-85e5-bc22817a6a28	TCGA-3B-A9HQ	Copy Number Variation	CEL	Genotyping Array	21ca174b-1b1b-43f3-b53f-0d169c0f1966	ENATE_p_TCGAb_394_395_396_NSP_GenomeWideSNP_6_E05_1474242.CEL	21ca174b-1b1b-43f3-b53f-0d169c0f1966
controlled	7cbfe175-9329-496e-adc7-6b8ed2bdd113	TCGA-DX-A3UD	Simple Nucleotide Variation	TSV	Genotyping Array	6932950a-54d4-45da-92be-0213cc8cbd5e	SNOWS_p_TCGA_Batch_309_310_NSP_GenomeWideSNP_6_D08_1362070.birdseed.data.txt	6932950a-54d4-45da-92be-0213cc8cbd5e
open	7cbfe175-9329-496e-adc7-6b8ed2bdd113	TCGA-DX-A3UD	Copy Number Variation	TXT	Genotyping Array	62e890f4-a7e3-4430-8470-738bc1b4774b	SNOWS_p_TCGA_Batch_309_310_NSP_GenomeWideSNP_6_D08_1362070.grch38.seg.v2.txt	62e890f4-a7e3-4430-8470-738bc1b4774b
open	771b35b6-e0a9-427e-8c67-e934f5e0d9bd	TCGA-DX-A1KX	Copy Number Variation	TXT	Genotyping Array	e84035de-afaa-4e91-baa5-a826c4ac82a1	YOGIN_p_TCGA_4_262_263_N_GenomeWideSNP_6_B03_1306264.grch38.seg.v2.txt	e84035de-afaa-4e91-baa5-a826c4ac82a1
open	7cbfe175-9329-496e-adc7-6b8ed2bdd113	TCGA-DX-A3UD	Copy Number Variation	TXT	Genotyping Array	b8e5bac4-ec73-4ee6-a219-93ac1dc6cb7b	TCGA-SARC.3903a036-c105-4a8b-a571-ae0bdec6b69b.ascat3.allelic_specific.seg.txt	b8e5bac4-ec73-4ee6-a219-93ac1dc6cb7b
open	851f8905-778c-4016-85e5-bc22817a6a28	TCGA-3B-A9HQ	Copy Number Variation	TSV	Genotyping Array	26a19794-dc64-4709-8df8-2ac277c2ef0e	TCGA-SARC.ffbd85c9-1aa0-40f0-8d3a-f108d6708b79.absolute_liftover.gene_level_copy_number.v36.tsv	26a19794-dc64-4709-8df8-2ac277c2ef0e
open	851f8905-778c-4016-85e5-bc22817a6a28	TCGA-3B-A9HQ	Copy Number Variation	TSV	Genotyping Array	d61d8d2f-59f2-4b7d-8ed9-71ecc7341eab	TCGA-SARC.ffbd85c9-1aa0-40f0-8d3a-f108d6708b79.ascat3.gene_level_copy_number.v36.tsv	d61d8d2f-59f2-4b7d-8ed9-71ecc7341eab
open	851f8905-778c-4016-85e5-bc22817a6a28	TCGA-3B-A9HQ	Copy Number Variation	TXT	Genotyping Array	ce80d87f-c14a-46e1-a144-5be94e8b16ba	ENATE_p_TCGAb_394_395_396_NSP_GenomeWideSNP_6_E06_1474240.grch38.seg.v2.txt	ce80d87f-c14a-46e1-a144-5be94e8b16ba
controlled	851f8905-778c-4016-85e5-bc22817a6a28	TCGA-3B-A9HQ	Simple Nucleotide Variation	TSV	Genotyping Array	0d680227-1644-4412-a2f6-af0759436a8f	ENATE_p_TCGAb_394_395_396_NSP_GenomeWideSNP_6_E05_1474242.birdseed.data.txt	0d680227-1644-4412-a2f6-af0759436a8f
controlled	854e42bc-95b2-4b77-a4b2-ffbd6c28b281	TCGA-DX-A1L0	Copy Number Variation	CEL	Genotyping Array	b28b41b8-54d2-42cb-a596-9d8b48656e5d	YOGIN_p_TCGA_4_262_263_N_GenomeWideSNP_6_C06_1306092.CEL	b28b41b8-54d2-42cb-a596-9d8b48656e5d
open	7f9031da-124a-4a38-83e6-878a50e58c24	TCGA-FX-A3RE	Copy Number Variation	TSV	Genotyping Array	5230ba1a-2b9d-4bee-b24e-c59d0951204c	TCGA-SARC.c472c3bf-5fb6-4790-9c62-eea1e1914696.ascat3.gene_level_copy_number.v36.tsv	5230ba1a-2b9d-4bee-b24e-c59d0951204c
open	778dc00a-0b94-45a8-ae13-9c80f0c1dfd6	TCGA-DX-A3UC	Copy Number Variation	TSV	Genotyping Array	c439c502-da48-4ae3-9d33-8ac881beaa98	TCGA-SARC.1f165549-2cff-46de-a072-18778b543919.gene_level_copy_number.v36.tsv	c439c502-da48-4ae3-9d33-8ac881beaa98
open	854e42bc-95b2-4b77-a4b2-ffbd6c28b281	TCGA-DX-A1L0	Copy Number Variation	TXT	Genotyping Array	e80be725-5b80-4529-ac70-dcfb8bc219dc	YOGIN_p_TCGA_4_262_263_N_GenomeWideSNP_6_C06_1306092.nocnv_grch38.seg.v2.txt	e80be725-5b80-4529-ac70-dcfb8bc219dc
open	778dc00a-0b94-45a8-ae13-9c80f0c1dfd6	TCGA-DX-A3UC	Copy Number Variation	TSV	Genotyping Array	da3c5867-3880-4d59-a6d0-b0f9730521ac	TCGA-SARC.1f165549-2cff-46de-a072-18778b543919.absolute_liftover.gene_level_copy_number.v36.tsv	da3c5867-3880-4d59-a6d0-b0f9730521ac
controlled	7f9031da-124a-4a38-83e6-878a50e58c24	TCGA-FX-A3RE	Simple Nucleotide Variation	TSV	Genotyping Array	749d751e-ae1f-4390-a5bf-6b37ed745261	FLUES_p_TCGASNP_228_229_230_N_GenomeWideSNP_6_E12_1148806.birdseed.data.txt	749d751e-ae1f-4390-a5bf-6b37ed745261
controlled	778dc00a-0b94-45a8-ae13-9c80f0c1dfd6	TCGA-DX-A3UC	Copy Number Variation	CEL	Genotyping Array	239cdab4-0ff0-474c-8092-5506e0fb7607	SNOWS_p_TCGA_Batch_309_310_NSP_GenomeWideSNP_6_D07_1362048.CEL	239cdab4-0ff0-474c-8092-5506e0fb7607
open	7f9031da-124a-4a38-83e6-878a50e58c24	TCGA-FX-A3RE	Copy Number Variation	TXT	Genotyping Array	35ff9d02-f9b3-4a1a-8181-9e72ecb64d29	FLUES_p_TCGASNP_228_229_230_N_GenomeWideSNP_6_E12_1148806.grch38.seg.v2.txt	35ff9d02-f9b3-4a1a-8181-9e72ecb64d29
open	7f9031da-124a-4a38-83e6-878a50e58c24	TCGA-FX-A3RE	Copy Number Variation	TXT	Genotyping Array	16857ffe-6259-4cbd-9bc5-d43efeb764cd	FLUES_p_TCGASNP_228_229_230_N_GenomeWideSNP_6_D07_1148880.grch38.seg.v2.txt	16857ffe-6259-4cbd-9bc5-d43efeb764cd
open	778dc00a-0b94-45a8-ae13-9c80f0c1dfd6	TCGA-DX-A3UC	Copy Number Variation	TXT	Genotyping Array	6107f356-2a30-4f36-8ead-973df0cc97f7	TCGA-SARC.1f165549-2cff-46de-a072-18778b543919.ascat3.allelic_specific.seg.txt	6107f356-2a30-4f36-8ead-973df0cc97f7
open	89ea0e21-c5af-42b4-9f64-5ba4874ab76e	TCGA-DX-A7EF	Copy Number Variation	TXT	Genotyping Array	b8c7697b-28a4-482f-9fb6-09ad767c125b	MOWED_p_TCGAb3_39_40_41_42_STY_GenomeWideSNP_6_G03_1377562.grch38.seg.v2.txt	b8c7697b-28a4-482f-9fb6-09ad767c125b
controlled	7fb69277-2aff-45e0-8f44-d2794f831a2a	TCGA-MJ-A68H	Simple Nucleotide Variation	TSV	Genotyping Array	a86edcf1-992b-430a-9078-6b315a9a865f	RICES_p_TCGA_Batch_310_311_NSP_GenomeWideSNP_6_A07_1361864.birdseed.data.txt	a86edcf1-992b-430a-9078-6b315a9a865f
open	89ea0e21-c5af-42b4-9f64-5ba4874ab76e	TCGA-DX-A7EF	Copy Number Variation	TSV	Genotyping Array	316b5d7d-c204-4a5b-ab5a-58bc5251e8e4	TCGA-SARC.50c5baaa-298c-4340-82d9-714a27b2c093.absolute_liftover.gene_level_copy_number.v36.tsv	316b5d7d-c204-4a5b-ab5a-58bc5251e8e4
open	89ea0e21-c5af-42b4-9f64-5ba4874ab76e	TCGA-DX-A7EF	Copy Number Variation	TXT	Genotyping Array	0c950174-8705-4107-9983-0cebf33194ce	MOWED_p_TCGAb3_39_40_41_42_STY_GenomeWideSNP_6_G04_1377520.grch38.seg.v2.txt	0c950174-8705-4107-9983-0cebf33194ce
controlled	788dbebb-3d1b-4f6d-8a40-869157d25025	TCGA-WK-A8XQ	Copy Number Variation	CEL	Genotyping Array	9fd0306c-06e2-4a14-ae75-511e535c7342	BREWS_p_TCGAb_382_383_NSP_GenomeWideSNP_6_H07_1465208.CEL	9fd0306c-06e2-4a14-ae75-511e535c7342
open	7fb69277-2aff-45e0-8f44-d2794f831a2a	TCGA-MJ-A68H	Copy Number Variation	TXT	Genotyping Array	0902e478-25d9-477a-b29d-9996b2208df1	TCGA-SARC.9cfb2cf6-b678-4ca9-94f9-be9ee84873ca.ascat3.allelic_specific.seg.txt	0902e478-25d9-477a-b29d-9996b2208df1
open	788dbebb-3d1b-4f6d-8a40-869157d25025	TCGA-WK-A8XQ	Copy Number Variation	TXT	Genotyping Array	b814b3d8-0a29-4788-a9e5-0241b87d0fa9	BREWS_p_TCGAb_382_383_NSP_GenomeWideSNP_6_H06_1465020.nocnv_grch38.seg.v2.txt	b814b3d8-0a29-4788-a9e5-0241b87d0fa9
open	8b20dd03-46da-4d6b-95b4-f329fdc486cf	TCGA-VT-A80G	Copy Number Variation	TXT	Genotyping Array	5deddb53-6b4a-485a-94d4-3ec26c91d2f1	HONGS_p_TCGAb3_75_76_77_NSP_GenomeWideSNP_6_G04_1438188.nocnv_grch38.seg.v2.txt	5deddb53-6b4a-485a-94d4-3ec26c91d2f1
open	8194aa20-bdb7-4928-8992-438d9f2631d4	TCGA-DX-A48V	Copy Number Variation	TXT	Genotyping Array	d8432cea-8fcb-4b9b-84be-bfdc3124858d	SNOWS_p_TCGA_Batch_309_310_NSP_GenomeWideSNP_6_F07_1362044.grch38.seg.v2.txt	d8432cea-8fcb-4b9b-84be-bfdc3124858d
controlled	8b20dd03-46da-4d6b-95b4-f329fdc486cf	TCGA-VT-A80G	Copy Number Variation	CEL	Genotyping Array	61931b0e-9f6b-4814-9717-34b2b3f845ba	HONGS_p_TCGAb3_75_76_77_NSP_GenomeWideSNP_6_E09_1438126.CEL	61931b0e-9f6b-4814-9717-34b2b3f845ba
controlled	78c0d30c-0905-49de-be7f-afc1337f59b7	TCGA-K1-A6RV	Simple Nucleotide Variation	TSV	Genotyping Array	c512be3a-b35b-48ee-b2f7-a9e99195ccbf	THREW_p_TCGAb_329_335_336_NSP_GenomeWideSNP_6_E08_1367152.birdseed.data.txt	c512be3a-b35b-48ee-b2f7-a9e99195ccbf
open	78c0d30c-0905-49de-be7f-afc1337f59b7	TCGA-K1-A6RV	Copy Number Variation	TSV	Genotyping Array	956a9dd8-6443-4975-9af3-b6c416c49e3c	TCGA-SARC.779663ab-8330-4600-bebe-5477b5ce5fa7.gene_level_copy_number.v36.tsv	956a9dd8-6443-4975-9af3-b6c416c49e3c
open	8194aa20-bdb7-4928-8992-438d9f2631d4	TCGA-DX-A48V	Copy Number Variation	TXT	Genotyping Array	80f4966b-5f3a-463b-b036-3de52fd5c64d	SNOWS_p_TCGA_Batch_309_310_NSP_GenomeWideSNP_6_F06_1362142.grch38.seg.v2.txt	80f4966b-5f3a-463b-b036-3de52fd5c64d
controlled	8654c2b5-27d7-43c5-9a39-7fdefd7a0324	TCGA-MO-A47R	Copy Number Variation	CEL	Genotyping Array	deebcb98-c68d-405f-bdc7-37385c23fab9	YOGIN_p_TCGA_4_262_263_N_GenomeWideSNP_6_D03_1306162.CEL	deebcb98-c68d-405f-bdc7-37385c23fab9
open	78c0d30c-0905-49de-be7f-afc1337f59b7	TCGA-K1-A6RV	Copy Number Variation	TXT	Genotyping Array	263f010c-b6f1-4597-998e-b816ad00eba2	THREW_p_TCGAb_329_335_336_NSP_GenomeWideSNP_6_E08_1367152.nocnv_grch38.seg.v2.txt	263f010c-b6f1-4597-998e-b816ad00eba2
controlled	8654c2b5-27d7-43c5-9a39-7fdefd7a0324	TCGA-MO-A47R	Copy Number Variation	CEL	Genotyping Array	d71241d2-6fc7-45af-84da-1e35c083fe0b	YOGIN_p_TCGA_4_262_263_N_GenomeWideSNP_6_D06_1306204.CEL	d71241d2-6fc7-45af-84da-1e35c083fe0b
controlled	78c0d30c-0905-49de-be7f-afc1337f59b7	TCGA-K1-A6RV	Copy Number Variation	CEL	Genotyping Array	1858608b-e926-4b75-a245-ff3902b4530a	THREW_p_TCGAb_329_335_336_NSP_GenomeWideSNP_6_E08_1367152.CEL	1858608b-e926-4b75-a245-ff3902b4530a
controlled	78c0d30c-0905-49de-be7f-afc1337f59b7	TCGA-K1-A6RV	Simple Nucleotide Variation	TSV	Genotyping Array	06c1a605-fdca-4f33-9f94-104bcc530773	THREW_p_TCGAb_329_335_336_NSP_GenomeWideSNP_6_E07_1367072.birdseed.data.txt	06c1a605-fdca-4f33-9f94-104bcc530773
open	83488a9c-6b28-4a48-850a-2a2fa47ce25e	TCGA-DX-A8BK	Copy Number Variation	TXT	Genotyping Array	1e99af96-cb30-4160-b613-3c0b0ae1316a	TCGA-SARC.a29388fa-91ef-4d07-b57f-abac6f64fe02.ascat3.allelic_specific.seg.txt	1e99af96-cb30-4160-b613-3c0b0ae1316a
open	83488a9c-6b28-4a48-850a-2a2fa47ce25e	TCGA-DX-A8BK	Copy Number Variation	TXT	Genotyping Array	91823307-f7d5-4336-afaf-88ab5187462c	VISTA_p_TCGAb_383_384_NSP_GenomeWideSNP_6_B09_1464860.grch38.seg.v2.txt	91823307-f7d5-4336-afaf-88ab5187462c
controlled	83488a9c-6b28-4a48-850a-2a2fa47ce25e	TCGA-DX-A8BK	Simple Nucleotide Variation	TSV	Genotyping Array	2830e712-0d05-4f08-adc7-6a7e1966eb36	VISTA_p_TCGAb_383_384_NSP_GenomeWideSNP_6_B09_1464860.birdseed.data.txt	2830e712-0d05-4f08-adc7-6a7e1966eb36
open	8fabdaf2-00b1-4d41-a27b-f4aa13f7b451	TCGA-DX-A3M2	Copy Number Variation	TSV	Genotyping Array	a4807db6-4765-468c-86f9-c2dfcca73148	TCGA-SARC.c2ac4d7c-9026-4e15-bbfb-fda0f7255c6c.absolute_liftover.gene_level_copy_number.v36.tsv	a4807db6-4765-468c-86f9-c2dfcca73148
open	83488a9c-6b28-4a48-850a-2a2fa47ce25e	TCGA-DX-A8BK	Copy Number Variation	TXT	Genotyping Array	ef791907-ee52-44fc-b0be-567df4288852	VISTA_p_TCGAb_383_384_NSP_GenomeWideSNP_6_B08_1464848.grch38.seg.v2.txt	ef791907-ee52-44fc-b0be-567df4288852
open	78c0d30c-0905-49de-be7f-afc1337f59b7	TCGA-K1-A6RV	Copy Number Variation	TXT	Genotyping Array	a3041997-8a13-481f-b224-47d7a8665186	THREW_p_TCGAb_329_335_336_NSP_GenomeWideSNP_6_E07_1367072.grch38.seg.v2.txt	a3041997-8a13-481f-b224-47d7a8665186
open	8fabdaf2-00b1-4d41-a27b-f4aa13f7b451	TCGA-DX-A3M2	Copy Number Variation	TXT	Genotyping Array	7d4964f7-376c-4e68-ba19-d25baa86942e	TCGA-SARC.c2ac4d7c-9026-4e15-bbfb-fda0f7255c6c.ascat3.allelic_specific.seg.txt	7d4964f7-376c-4e68-ba19-d25baa86942e
open	83488a9c-6b28-4a48-850a-2a2fa47ce25e	TCGA-DX-A8BK	Copy Number Variation	TSV	Genotyping Array	4c785dd0-2447-4f8f-af3d-70bde84dc1ad	TCGA-SARC.a29388fa-91ef-4d07-b57f-abac6f64fe02.gene_level_copy_number.v36.tsv	4c785dd0-2447-4f8f-af3d-70bde84dc1ad
open	83488a9c-6b28-4a48-850a-2a2fa47ce25e	TCGA-DX-A8BK	Copy Number Variation	TSV	Genotyping Array	c68a362b-055f-4557-8b62-4b441cbd64af	TCGA-SARC.a29388fa-91ef-4d07-b57f-abac6f64fe02.absolute_liftover.gene_level_copy_number.v36.tsv	c68a362b-055f-4557-8b62-4b441cbd64af
open	8654c2b5-27d7-43c5-9a39-7fdefd7a0324	TCGA-MO-A47R	Copy Number Variation	TXT	Genotyping Array	1ec56689-8a0f-4fb6-aee7-b6e08f7dc2ca	YOGIN_p_TCGA_4_262_263_N_GenomeWideSNP_6_D06_1306204.nocnv_grch38.seg.v2.txt	1ec56689-8a0f-4fb6-aee7-b6e08f7dc2ca
open	8654c2b5-27d7-43c5-9a39-7fdefd7a0324	TCGA-MO-A47R	Copy Number Variation	TSV	Genotyping Array	6206c34b-4a62-4d01-86bc-0dd2084b8dfb	TCGA-SARC.387fc536-d68b-4130-a53b-dcfa7329356a.absolute_liftover.gene_level_copy_number.v36.tsv	6206c34b-4a62-4d01-86bc-0dd2084b8dfb
controlled	8fabdaf2-00b1-4d41-a27b-f4aa13f7b451	TCGA-DX-A3M2	Simple Nucleotide Variation	TSV	Genotyping Array	0982e6a5-97e0-4241-a3ea-e8d0aff79dbd	FLUES_p_TCGASNP_228_229_230_N_GenomeWideSNP_6_F06_1148932.birdseed.data.txt	0982e6a5-97e0-4241-a3ea-e8d0aff79dbd
open	872244e2-d1ed-4a1d-9162-365f45e7f1a0	TCGA-DX-AB30	Copy Number Variation	TXT	Genotyping Array	674101f1-c810-43a7-9f46-9c39504a300d	PRION_p_TCGAb_410_11_12_13_NSP_GenomeWideSNP_6_D07_1486740.nocnv_grch38.seg.v2.txt	674101f1-c810-43a7-9f46-9c39504a300d
open	8fc1fade-42aa-45d9-8ed3-2f7e73cb0936	TCGA-DX-A48N	Copy Number Variation	TSV	Genotyping Array	9815b51f-a9a0-42c0-9012-266b99e91ecb	TCGA-SARC.dced15f4-6936-4bd2-8c04-9919768b40ca.absolute_liftover.gene_level_copy_number.v36.tsv	9815b51f-a9a0-42c0-9012-266b99e91ecb
controlled	872244e2-d1ed-4a1d-9162-365f45e7f1a0	TCGA-DX-AB30	Simple Nucleotide Variation	TSV	Genotyping Array	8dfdf4d3-f929-4d60-a188-0b1bcefe799f	PRION_p_TCGAb_410_11_12_13_NSP_GenomeWideSNP_6_D06_1486760.birdseed.data.txt	8dfdf4d3-f929-4d60-a188-0b1bcefe799f
controlled	872244e2-d1ed-4a1d-9162-365f45e7f1a0	TCGA-DX-AB30	Copy Number Variation	CEL	Genotyping Array	cdbf0dbb-05a6-4f5c-9b3f-77a54bbe981a	PRION_p_TCGAb_410_11_12_13_NSP_GenomeWideSNP_6_D07_1486740.CEL	cdbf0dbb-05a6-4f5c-9b3f-77a54bbe981a
open	872244e2-d1ed-4a1d-9162-365f45e7f1a0	TCGA-DX-AB30	Copy Number Variation	TXT	Genotyping Array	ba26af4b-c847-4426-8833-bb706a487fa4	PRION_p_TCGAb_410_11_12_13_NSP_GenomeWideSNP_6_D06_1486760.nocnv_grch38.seg.v2.txt	ba26af4b-c847-4426-8833-bb706a487fa4
open	83a93378-0978-4102-9e4b-09b547b75687	TCGA-K1-A42W	Copy Number Variation	TXT	Genotyping Array	cc3fd6d0-398c-48e8-92c4-384cef7bf2ee	YOGIN_p_TCGA_4_262_263_N_GenomeWideSNP_6_A10_1306136.nocnv_grch38.seg.v2.txt	cc3fd6d0-398c-48e8-92c4-384cef7bf2ee
open	8fc1fade-42aa-45d9-8ed3-2f7e73cb0936	TCGA-DX-A48N	Copy Number Variation	TXT	Genotyping Array	6a3b5dec-dc98-4efe-a7de-ef097b7bc1cf	TCGA-SARC.dced15f4-6936-4bd2-8c04-9919768b40ca.ascat2.allelic_specific.seg.txt	6a3b5dec-dc98-4efe-a7de-ef097b7bc1cf
controlled	8c279bc5-117e-440b-b118-af01fc6c11a2	TCGA-MB-A8JK	Simple Nucleotide Variation	TSV	Genotyping Array	dd40628f-e7b6-4bb5-94bf-527c270f1ee9	HONGS_p_TCGAb3_75_76_77_NSP_GenomeWideSNP_6_F08_1438142.birdseed.data.txt	dd40628f-e7b6-4bb5-94bf-527c270f1ee9
controlled	8fc1fade-42aa-45d9-8ed3-2f7e73cb0936	TCGA-DX-A48N	Copy Number Variation	CEL	Genotyping Array	02d66c58-591b-4e71-b5ad-83a7fc60cdf4	SNOWS_p_TCGA_Batch_309_310_NSP_GenomeWideSNP_6_E09_1362168.CEL	02d66c58-591b-4e71-b5ad-83a7fc60cdf4
open	8fc1fade-42aa-45d9-8ed3-2f7e73cb0936	TCGA-DX-A48N	Copy Number Variation	TXT	Genotyping Array	d5c49c80-dba9-4dc3-9eb8-50c08322c3d4	TCGA-SARC.dced15f4-6936-4bd2-8c04-9919768b40ca.ascat3.allelic_specific.seg.txt	d5c49c80-dba9-4dc3-9eb8-50c08322c3d4
open	926176c2-0a8f-414a-a7b1-91734bdce6ae	TCGA-DX-A8BJ	Copy Number Variation	TXT	Genotyping Array	9102fb8d-abfc-4293-893d-38cdc16e8864	CUBES_p_TCGAb_425_426_427_NSP_GenomeWideSNP_6_D07_1514024.grch38.seg.v2.txt	9102fb8d-abfc-4293-893d-38cdc16e8864
open	8c66f5f5-3e37-4353-b0f8-64b92a733da8	TCGA-DX-A1L4	Copy Number Variation	TXT	Genotyping Array	e2511fb3-f91f-4608-bdd2-c4acf303b03f	WAGER_p_TCGA_282_284_285_286_N_GenomeWideSNP_6_G08_1358998.grch38.seg.v2.txt	e2511fb3-f91f-4608-bdd2-c4acf303b03f
controlled	8c66f5f5-3e37-4353-b0f8-64b92a733da8	TCGA-DX-A1L4	Simple Nucleotide Variation	TSV	Genotyping Array	ca951966-df1b-4767-ae28-a1d9eb9722e6	WAGER_p_TCGA_282_284_285_286_N_GenomeWideSNP_6_C10_1359036.birdseed.data.txt	ca951966-df1b-4767-ae28-a1d9eb9722e6
open	885b1b65-4280-4aab-a7f0-434b0317d86f	TCGA-IE-A6BZ	Copy Number Variation	TXT	Genotyping Array	cb518cb3-2798-415a-a9fe-55dd7626a7b5	RICES_p_TCGA_Batch_310_311_NSP_GenomeWideSNP_6_A03_1361876.grch38.seg.v2.txt	cb518cb3-2798-415a-a9fe-55dd7626a7b5
controlled	885b1b65-4280-4aab-a7f0-434b0317d86f	TCGA-IE-A6BZ	Copy Number Variation	CEL	Genotyping Array	e18a7d4e-9edb-49c8-bb4f-d1daa896e10f	RICES_p_TCGA_Batch_310_311_NSP_GenomeWideSNP_6_A01_1361834.CEL	e18a7d4e-9edb-49c8-bb4f-d1daa896e10f
open	885b1b65-4280-4aab-a7f0-434b0317d86f	TCGA-IE-A6BZ	Copy Number Variation	TXT	Genotyping Array	d5469f5b-d7de-4017-842d-d2b70e1c14ac	RICES_p_TCGA_Batch_310_311_NSP_GenomeWideSNP_6_A01_1361834.grch38.seg.v2.txt	d5469f5b-d7de-4017-842d-d2b70e1c14ac
open	885b1b65-4280-4aab-a7f0-434b0317d86f	TCGA-IE-A6BZ	Copy Number Variation	TSV	Genotyping Array	201df4f5-6f66-4613-8970-14c8e7ac60dd	TCGA-SARC.07440254-c4ae-43ec-8f9d-fdebdfc41021.ascat3.gene_level_copy_number.v36.tsv	201df4f5-6f66-4613-8970-14c8e7ac60dd
controlled	8c66f5f5-3e37-4353-b0f8-64b92a733da8	TCGA-DX-A1L4	Copy Number Variation	CEL	Genotyping Array	a5e59c80-ff7d-43c0-bf4f-96c9afed1e42	WAGER_p_TCGA_282_284_285_286_N_GenomeWideSNP_6_C10_1359036.CEL	a5e59c80-ff7d-43c0-bf4f-96c9afed1e42
open	885b1b65-4280-4aab-a7f0-434b0317d86f	TCGA-IE-A6BZ	Copy Number Variation	TXT	Genotyping Array	3bcb8b49-03b7-4d87-8de2-4042bc5a0dc3	RICES_p_TCGA_Batch_310_311_NSP_GenomeWideSNP_6_A01_1361834.nocnv_grch38.seg.v2.txt	3bcb8b49-03b7-4d87-8de2-4042bc5a0dc3
controlled	885b1b65-4280-4aab-a7f0-434b0317d86f	TCGA-IE-A6BZ	Simple Nucleotide Variation	TSV	Genotyping Array	3ea8330e-e514-4192-af3e-8aa24fd66fd3	RICES_p_TCGA_Batch_310_311_NSP_GenomeWideSNP_6_A03_1361876.birdseed.data.txt	3ea8330e-e514-4192-af3e-8aa24fd66fd3
controlled	92da1d84-03a1-4fe9-bc0d-7fe61dfbe904	TCGA-PC-A5DL	Simple Nucleotide Variation	TSV	Genotyping Array	a7cba118-c707-410f-a4a3-b8e1c8dc35c4	WAGER_p_TCGA_282_284_285_286_N_GenomeWideSNP_6_A10_1359106.birdseed.data.txt	a7cba118-c707-410f-a4a3-b8e1c8dc35c4
open	9bdc3867-2115-4351-af5f-a52a2c20ae5d	TCGA-K1-A42X	Copy Number Variation	TSV	Genotyping Array	6730c575-9112-4c4b-b6ea-83e454b23227	TCGA-SARC.ca032186-cf0a-47c8-a29d-ea5fd60eae92.gene_level_copy_number.v36.tsv	6730c575-9112-4c4b-b6ea-83e454b23227
open	8c66f5f5-3e37-4353-b0f8-64b92a733da8	TCGA-DX-A1L4	Copy Number Variation	TSV	Genotyping Array	9fa0eb4b-77ca-43eb-87cf-4866c479353a	TCGA-SARC.d325e6b7-88c8-4b66-9bc6-9bed0d7c0b92.gene_level_copy_number.v36.tsv	9fa0eb4b-77ca-43eb-87cf-4866c479353a
open	9bdc3867-2115-4351-af5f-a52a2c20ae5d	TCGA-K1-A42X	Copy Number Variation	TXT	Genotyping Array	ff0c87a5-c2b0-4718-91ff-e53463af9312	YOGIN_p_TCGA_4_262_263_N_GenomeWideSNP_6_C10_1306228.nocnv_grch38.seg.v2.txt	ff0c87a5-c2b0-4718-91ff-e53463af9312
open	8c66f5f5-3e37-4353-b0f8-64b92a733da8	TCGA-DX-A1L4	Copy Number Variation	TXT	Genotyping Array	8f74635a-fc70-4ef1-a4da-90794d8a1cc8	WAGER_p_TCGA_282_284_285_286_N_GenomeWideSNP_6_C10_1359036.nocnv_grch38.seg.v2.txt	8f74635a-fc70-4ef1-a4da-90794d8a1cc8
controlled	89a3ccb1-252a-46f9-97c7-3e44b34d7967	TCGA-X6-A7WB	Copy Number Variation	CEL	Genotyping Array	961c6412-c5aa-4245-9ddf-450a8cc2412c	TAZZA_p_TCGAb3_62_63_64_65_NSP_GenomeWideSNP_6_C11_1387970.CEL	961c6412-c5aa-4245-9ddf-450a8cc2412c
controlled	89a3ccb1-252a-46f9-97c7-3e44b34d7967	TCGA-X6-A7WB	Simple Nucleotide Variation	TSV	Genotyping Array	db4bb980-4d51-4403-aa24-4fdc219be371	TAZZA_p_TCGAb3_62_63_64_65_NSP_GenomeWideSNP_6_C11_1387970.birdseed.data.txt	db4bb980-4d51-4403-aa24-4fdc219be371
open	93dfe3c6-445d-4976-93c0-9a826730fd58	TCGA-QQ-A5V9	Copy Number Variation	TSV	Genotyping Array	d870f085-f54a-4d17-bfe6-15d174d8afc4	TCGA-SARC.a6fa13c1-e24c-4f28-9e87-3bb24e6a2fde.absolute_liftover.gene_level_copy_number.v36.tsv	d870f085-f54a-4d17-bfe6-15d174d8afc4
open	93dfe3c6-445d-4976-93c0-9a826730fd58	TCGA-QQ-A5V9	Copy Number Variation	TXT	Genotyping Array	67289c96-f5e0-4dfa-9dc3-f7c3472bf292	THREW_p_TCGAb_329_335_336_NSP_GenomeWideSNP_6_F03_1367098.nocnv_grch38.seg.v2.txt	67289c96-f5e0-4dfa-9dc3-f7c3472bf292
open	93dfe3c6-445d-4976-93c0-9a826730fd58	TCGA-QQ-A5V9	Copy Number Variation	TXT	Genotyping Array	8eea01df-9642-4ed4-8491-8e72b98fc6a7	TCGA-SARC.a6fa13c1-e24c-4f28-9e87-3bb24e6a2fde.ascat2.allelic_specific.seg.txt	8eea01df-9642-4ed4-8491-8e72b98fc6a7
controlled	93dfe3c6-445d-4976-93c0-9a826730fd58	TCGA-QQ-A5V9	Copy Number Variation	CEL	Genotyping Array	75dbbf92-ab10-4ecf-8ed4-b9ab05069528	THREW_p_TCGAb_329_335_336_NSP_GenomeWideSNP_6_F03_1367098.CEL	75dbbf92-ab10-4ecf-8ed4-b9ab05069528
open	89a3ccb1-252a-46f9-97c7-3e44b34d7967	TCGA-X6-A7WB	Copy Number Variation	TXT	Genotyping Array	4e2e066d-b198-4aa6-a0aa-32bdf21074b0	TAZZA_p_TCGAb3_62_63_64_65_NSP_GenomeWideSNP_6_C11_1387970.grch38.seg.v2.txt	4e2e066d-b198-4aa6-a0aa-32bdf21074b0
open	8d8921ac-ca12-4e17-bd5e-982ff0d699a1	TCGA-DX-A23U	Copy Number Variation	TXT	Genotyping Array	7b4f53eb-d3d9-474f-b6bf-ef7a164c98b7	WAGER_p_TCGA_282_284_285_286_N_GenomeWideSNP_6_D11_1359112.nocnv_grch38.seg.v2.txt	7b4f53eb-d3d9-474f-b6bf-ef7a164c98b7
open	89a3ccb1-252a-46f9-97c7-3e44b34d7967	TCGA-X6-A7WB	Copy Number Variation	TSV	Genotyping Array	d706e5a3-0401-47cb-85a8-653a9f469607	TCGA-SARC.eb118aaa-c623-40fb-b489-bb0b846b082f.absolute_liftover.gene_level_copy_number.v36.tsv	d706e5a3-0401-47cb-85a8-653a9f469607
open	90db503c-f9c8-4d31-bed4-e3383b69c89b	TCGA-X9-A973	Copy Number Variation	TSV	Genotyping Array	72740982-cb8e-4611-b948-e610cafc17c2	TCGA-SARC.8bad38ee-5f75-4c5f-97dd-b49a46fb3f98.ascat3.gene_level_copy_number.v36.tsv	72740982-cb8e-4611-b948-e610cafc17c2
open	93dfe3c6-445d-4976-93c0-9a826730fd58	TCGA-QQ-A5V9	Copy Number Variation	TXT	Genotyping Array	b62f363a-bd09-4275-a41a-259badd35815	TCGA-SARC.a6fa13c1-e24c-4f28-9e87-3bb24e6a2fde.ascat3.allelic_specific.seg.txt	b62f363a-bd09-4275-a41a-259badd35815
controlled	a4f68239-5b9f-40d7-9e52-b68efa170c1c	TCGA-3B-A9I1	Copy Number Variation	CEL	Genotyping Array	86691ddf-ac58-4ed1-a4f5-22144c4c713e	PRION_p_TCGAb_410_11_12_13_NSP_GenomeWideSNP_6_E11_1486636.CEL	86691ddf-ac58-4ed1-a4f5-22144c4c713e
open	a4f68239-5b9f-40d7-9e52-b68efa170c1c	TCGA-3B-A9I1	Copy Number Variation	TXT	Genotyping Array	8eee1da1-0e19-4aef-bbe9-500972921558	PRION_p_TCGAb_410_11_12_13_NSP_GenomeWideSNP_6_E10_1486634.grch38.seg.v2.txt	8eee1da1-0e19-4aef-bbe9-500972921558
open	8f3f6f7c-4b50-467e-a6e8-d836735913f6	TCGA-DX-A3U5	Copy Number Variation	TXT	Genotyping Array	b9488931-81db-4570-ade3-0f8ea4356e9c	FLUES_p_TCGASNP_228_229_230_N_GenomeWideSNP_6_E11_1148798.nocnv_grch38.seg.v2.txt	b9488931-81db-4570-ade3-0f8ea4356e9c
controlled	8f3f6f7c-4b50-467e-a6e8-d836735913f6	TCGA-DX-A3U5	Simple Nucleotide Variation	TSV	Genotyping Array	8032d55c-25c2-4fee-ad2c-ab3262336e45	FLUES_p_TCGASNP_228_229_230_N_GenomeWideSNP_6_F07_1148966.birdseed.data.txt	8032d55c-25c2-4fee-ad2c-ab3262336e45
open	a4f68239-5b9f-40d7-9e52-b68efa170c1c	TCGA-3B-A9I1	Copy Number Variation	TSV	Genotyping Array	a1b7b58a-1416-4edc-aa63-c797732cc8cc	TCGA-SARC.af4bdf35-149f-479e-9945-b99e7c10e0b2.ascat3.gene_level_copy_number.v36.tsv	a1b7b58a-1416-4edc-aa63-c797732cc8cc
open	9111759f-a0b7-452d-a0de-838fe010245e	TCGA-LI-A9QH	Copy Number Variation	TSV	Genotyping Array	c47a2191-d965-4bff-886a-7b7a6e2aa62a	TCGA-SARC.d018b579-f3b9-4f35-819e-5506f2b1e849.gene_level_copy_number.v36.tsv	c47a2191-d965-4bff-886a-7b7a6e2aa62a
open	8f3f6f7c-4b50-467e-a6e8-d836735913f6	TCGA-DX-A3U5	Copy Number Variation	TXT	Genotyping Array	6105392d-b5f8-433d-8241-a73d7707593f	FLUES_p_TCGASNP_228_229_230_N_GenomeWideSNP_6_F07_1148966.grch38.seg.v2.txt	6105392d-b5f8-433d-8241-a73d7707593f
open	9111759f-a0b7-452d-a0de-838fe010245e	TCGA-LI-A9QH	Copy Number Variation	TXT	Genotyping Array	0f66ac97-f656-4713-b00a-c892dd286f70	BREWS_p_TCGAb_382_383_NSP_GenomeWideSNP_6_G10_1465138.grch38.seg.v2.txt	0f66ac97-f656-4713-b00a-c892dd286f70
open	9bdc3867-2115-4351-af5f-a52a2c20ae5d	TCGA-K1-A42X	Copy Number Variation	TXT	Genotyping Array	1ea2747f-472f-4d80-b531-54af0d1e961e	YOGIN_p_TCGA_4_262_263_N_GenomeWideSNP_6_C10_1306228.grch38.seg.v2.txt	1ea2747f-472f-4d80-b531-54af0d1e961e
open	8f3f6f7c-4b50-467e-a6e8-d836735913f6	TCGA-DX-A3U5	Copy Number Variation	TXT	Genotyping Array	634f4bce-0241-439f-9bdf-b49f3ba86353	FLUES_p_TCGASNP_228_229_230_N_GenomeWideSNP_6_F07_1148966.nocnv_grch38.seg.v2.txt	634f4bce-0241-439f-9bdf-b49f3ba86353
open	8f3f6f7c-4b50-467e-a6e8-d836735913f6	TCGA-DX-A3U5	Copy Number Variation	TSV	Genotyping Array	a5068705-196f-48f4-8a18-5a6b0aa17e00	TCGA-SARC.92b66271-a319-4c66-87e1-f2d354b95eb5.absolute_liftover.gene_level_copy_number.v36.tsv	a5068705-196f-48f4-8a18-5a6b0aa17e00
controlled	914df75d-25f5-4b2f-96c7-95861d7dfa30	TCGA-DX-A8BM	Simple Nucleotide Variation	TSV	Genotyping Array	9d0df276-1f8f-4dbe-af3a-762632d03bb6	CUBES_p_TCGAb_425_426_427_NSP_GenomeWideSNP_6_E08_1513962.birdseed.data.txt	9d0df276-1f8f-4dbe-af3a-762632d03bb6
open	8f3f6f7c-4b50-467e-a6e8-d836735913f6	TCGA-DX-A3U5	Copy Number Variation	TSV	Genotyping Array	42d9b8ee-02a4-4add-8cb5-585fec212e16	TCGA-SARC.92b66271-a319-4c66-87e1-f2d354b95eb5.gene_level_copy_number.v36.tsv	42d9b8ee-02a4-4add-8cb5-585fec212e16
open	a4f68239-5b9f-40d7-9e52-b68efa170c1c	TCGA-3B-A9I1	Copy Number Variation	TXT	Genotyping Array	0eaefd1d-7f59-4393-8ca7-09216d5ebf7f	PRION_p_TCGAb_410_11_12_13_NSP_GenomeWideSNP_6_E11_1486636.nocnv_grch38.seg.v2.txt	0eaefd1d-7f59-4393-8ca7-09216d5ebf7f
open	914df75d-25f5-4b2f-96c7-95861d7dfa30	TCGA-DX-A8BM	Copy Number Variation	TXT	Genotyping Array	d1adc630-fa41-4a4e-99b4-eefb98b5d5a2	CUBES_p_TCGAb_425_426_427_NSP_GenomeWideSNP_6_E08_1513962.grch38.seg.v2.txt	d1adc630-fa41-4a4e-99b4-eefb98b5d5a2
controlled	914df75d-25f5-4b2f-96c7-95861d7dfa30	TCGA-DX-A8BM	Copy Number Variation	CEL	Genotyping Array	a8cea18b-2198-4aa6-ad5e-5021d9c3b2ee	CUBES_p_TCGAb_425_426_427_NSP_GenomeWideSNP_6_E09_1513976.CEL	a8cea18b-2198-4aa6-ad5e-5021d9c3b2ee
controlled	9bf78d02-f5e5-4cee-8d4d-57cc567cb510	TCGA-MB-A8JL	Simple Nucleotide Variation	TSV	Genotyping Array	68505088-1722-4110-b36f-2284d67efb45	HONGS_p_TCGAb3_75_76_77_NSP_GenomeWideSNP_6_E07_1438268.birdseed.data.txt	68505088-1722-4110-b36f-2284d67efb45
open	9bf78d02-f5e5-4cee-8d4d-57cc567cb510	TCGA-MB-A8JL	Copy Number Variation	TSV	Genotyping Array	9a4f921e-392a-4dd6-b238-f53b23c93d05	TCGA-SARC.5c587667-20f8-4f13-90e3-03cdfcda3ab1.absolute_liftover.gene_level_copy_number.v36.tsv	9a4f921e-392a-4dd6-b238-f53b23c93d05
open	9517413b-b5b8-4130-8ba1-d86d44abe2ec	TCGA-DX-A1L3	Copy Number Variation	TXT	Genotyping Array	8f8ecdaf-2ff4-4fb1-bb17-5b4f1ef03e97	YOGIN_p_TCGA_4_262_263_N_GenomeWideSNP_6_D04_1306216.grch38.seg.v2.txt	8f8ecdaf-2ff4-4fb1-bb17-5b4f1ef03e97
open	914df75d-25f5-4b2f-96c7-95861d7dfa30	TCGA-DX-A8BM	Copy Number Variation	TXT	Genotyping Array	cf804974-2835-4e06-9dcb-417e7c8abdd8	CUBES_p_TCGAb_425_426_427_NSP_GenomeWideSNP_6_E08_1513962.nocnv_grch38.seg.v2.txt	cf804974-2835-4e06-9dcb-417e7c8abdd8
controlled	8f4293b0-bafc-4348-a203-9516d6f2dc48	TCGA-UE-A6QT	Simple Nucleotide Variation	TSV	Genotyping Array	51723d02-47f7-44b6-b070-a325f9aa5fdb	THREW_p_TCGAb_329_335_336_NSP_GenomeWideSNP_6_G01_1367182.birdseed.data.txt	51723d02-47f7-44b6-b070-a325f9aa5fdb
open	a7613c60-93a1-4a4c-9b12-dfd2103b0168	TCGA-QC-AA9N	Copy Number Variation	TXT	Genotyping Array	4f857b56-9979-44ea-b27e-4acf560dc0c4	PRION_p_TCGAb_410_11_12_13_NSP_GenomeWideSNP_6_F10_1486772.nocnv_grch38.seg.v2.txt	4f857b56-9979-44ea-b27e-4acf560dc0c4
controlled	8f4293b0-bafc-4348-a203-9516d6f2dc48	TCGA-UE-A6QT	Copy Number Variation	CEL	Genotyping Array	2dd773d3-adde-49da-a4f5-3ffa441f5cdf	THREW_p_TCGAb_329_335_336_NSP_GenomeWideSNP_6_G01_1367182.CEL	2dd773d3-adde-49da-a4f5-3ffa441f5cdf
open	91d9a1b9-ae23-4eae-9354-8b3a29e3d1e6	TCGA-DX-AB2Z	Copy Number Variation	TXT	Genotyping Array	26a9cb7c-db7e-43e4-8ebe-3e69bc5ea8d7	ENATE_p_TCGAb_394_395_396_NSP_GenomeWideSNP_6_F03_1474158.nocnv_grch38.seg.v2.txt	26a9cb7c-db7e-43e4-8ebe-3e69bc5ea8d7
controlled	8f4293b0-bafc-4348-a203-9516d6f2dc48	TCGA-UE-A6QT	Copy Number Variation	CEL	Genotyping Array	00388ec6-a8bc-41f0-8612-e7972812873e	THREW_p_TCGAb_329_335_336_NSP_GenomeWideSNP_6_G02_1367040.CEL	00388ec6-a8bc-41f0-8612-e7972812873e
open	8f4293b0-bafc-4348-a203-9516d6f2dc48	TCGA-UE-A6QT	Copy Number Variation	TXT	Genotyping Array	6aae2e24-caed-4236-b6e8-c68b09d26613	TCGA-SARC.04e8ef7d-5d0b-452c-b27d-891fcbf6608b.ascat3.allelic_specific.seg.txt	6aae2e24-caed-4236-b6e8-c68b09d26613
open	9c58e3b2-1dee-4375-8239-ce69a725e3de	TCGA-DX-A6B8	Copy Number Variation	TXT	Genotyping Array	37381517-de9c-4dd2-83c3-27f7efade8f8	SNOWS_p_TCGA_Batch_309_310_NSP_GenomeWideSNP_6_F11_1361996.grch38.seg.v2.txt	37381517-de9c-4dd2-83c3-27f7efade8f8
open	9517413b-b5b8-4130-8ba1-d86d44abe2ec	TCGA-DX-A1L3	Copy Number Variation	TXT	Genotyping Array	887c97b6-0f87-42e1-98e7-65b6cd872731	TCGA-SARC.4c87e44d-f539-4efc-b6fb-bdd0561b7219.ascat2.allelic_specific.seg.txt	887c97b6-0f87-42e1-98e7-65b6cd872731
controlled	969954a8-7f15-4052-9e6a-c5956115f3ad	TCGA-DX-A6BG	Copy Number Variation	CEL	Genotyping Array	e053249b-c88a-46bd-a481-79db7d03986c	SNOWS_p_TCGA_Batch_309_310_NSP_GenomeWideSNP_6_G04_1362014.CEL	e053249b-c88a-46bd-a481-79db7d03986c
open	9c58e3b2-1dee-4375-8239-ce69a725e3de	TCGA-DX-A6B8	Copy Number Variation	TXT	Genotyping Array	ad716db7-4a53-44c9-82a6-5a26ab58c00b	SNOWS_p_TCGA_Batch_309_310_NSP_GenomeWideSNP_6_F10_1362122.nocnv_grch38.seg.v2.txt	ad716db7-4a53-44c9-82a6-5a26ab58c00b
open	a7613c60-93a1-4a4c-9b12-dfd2103b0168	TCGA-QC-AA9N	Copy Number Variation	TSV	Genotyping Array	5ad21362-5cad-4f8b-a00d-3482711f5f8d	TCGA-SARC.ab0ceefd-4c0f-46a2-9f51-9dbf0aec6a2f.absolute_liftover.gene_level_copy_number.v36.tsv	5ad21362-5cad-4f8b-a00d-3482711f5f8d
open	91d9a1b9-ae23-4eae-9354-8b3a29e3d1e6	TCGA-DX-AB2Z	Copy Number Variation	TXT	Genotyping Array	95ed9089-71e5-44f9-b3fc-81efb8c50130	ENATE_p_TCGAb_394_395_396_NSP_GenomeWideSNP_6_F04_1474124.grch38.seg.v2.txt	95ed9089-71e5-44f9-b3fc-81efb8c50130
open	ac1eb376-ff96-4ed9-929a-03975f72ac15	TCGA-DX-A3UA	Copy Number Variation	TXT	Genotyping Array	98981a3d-556d-4be0-8511-cdc51ae3ed0a	SNOWS_p_TCGA_Batch_309_310_NSP_GenomeWideSNP_6_D03_1362146.nocnv_grch38.seg.v2.txt	98981a3d-556d-4be0-8511-cdc51ae3ed0a
open	a7c45269-b693-45c4-81fd-6dd3379877e8	TCGA-DX-A7ER	Copy Number Variation	TXT	Genotyping Array	f166c959-f0ab-4ccb-9a21-c190d4a23ddb	TCGA-SARC.1dd23cc2-aa04-4361-a428-fc0a51aed1f8.ascat2.allelic_specific.seg.txt	f166c959-f0ab-4ccb-9a21-c190d4a23ddb
controlled	ac1eb376-ff96-4ed9-929a-03975f72ac15	TCGA-DX-A3UA	Simple Nucleotide Variation	TSV	Genotyping Array	6d1c3308-8ac1-41f4-b3cb-98815799e24c	SNOWS_p_TCGA_Batch_309_310_NSP_GenomeWideSNP_6_D02_1362180.birdseed.data.txt	6d1c3308-8ac1-41f4-b3cb-98815799e24c
open	ac1eb376-ff96-4ed9-929a-03975f72ac15	TCGA-DX-A3UA	Copy Number Variation	TXT	Genotyping Array	579e0120-6ee9-4f30-b9c3-59ed9e837e15	SNOWS_p_TCGA_Batch_309_310_NSP_GenomeWideSNP_6_D02_1362180.grch38.seg.v2.txt	579e0120-6ee9-4f30-b9c3-59ed9e837e15
controlled	8f4c042c-fbe3-4d0c-b2bd-695bc37483f5	TCGA-N1-A6IA	Copy Number Variation	CEL	Genotyping Array	489ed5bf-31eb-4237-8248-32db6aeb9031	THREW_p_TCGAb_329_335_336_NSP_GenomeWideSNP_6_E09_1367148.CEL	489ed5bf-31eb-4237-8248-32db6aeb9031
open	a7c45269-b693-45c4-81fd-6dd3379877e8	TCGA-DX-A7ER	Copy Number Variation	TXT	Genotyping Array	e71a3151-2ef5-4cde-911c-b8e10c780506	HONGS_p_TCGAb3_75_76_77_NSP_GenomeWideSNP_6_E08_1438300.nocnv_grch38.seg.v2.txt	e71a3151-2ef5-4cde-911c-b8e10c780506
open	a7c45269-b693-45c4-81fd-6dd3379877e8	TCGA-DX-A7ER	Copy Number Variation	TXT	Genotyping Array	900b10b0-3f06-4dd8-b5b0-e2d383020a49	TCGA-SARC.1dd23cc2-aa04-4361-a428-fc0a51aed1f8.ascat3.allelic_specific.seg.txt	900b10b0-3f06-4dd8-b5b0-e2d383020a49
open	91f6eb4c-0143-47b9-bcbd-5332d913a039	TCGA-DX-AB3B	Copy Number Variation	TXT	Genotyping Array	ddfe9aeb-f114-4383-b1e4-66e455b76fb3	CUBES_p_TCGAb_425_426_427_NSP_GenomeWideSNP_6_F06_1514098.nocnv_grch38.seg.v2.txt	ddfe9aeb-f114-4383-b1e4-66e455b76fb3
open	ac1eb376-ff96-4ed9-929a-03975f72ac15	TCGA-DX-A3UA	Copy Number Variation	TSV	Genotyping Array	aade83b8-5255-4dad-864a-83e70dd48b07	TCGA-SARC.3b0d8bbd-0cdf-4b12-a379-04dbd02ae640.absolute_liftover.gene_level_copy_number.v36.tsv	aade83b8-5255-4dad-864a-83e70dd48b07
open	969954a8-7f15-4052-9e6a-c5956115f3ad	TCGA-DX-A6BG	Copy Number Variation	TSV	Genotyping Array	e3f02d1e-aba1-4544-bea4-609d12ed3d41	TCGA-SARC.096b01ce-bd04-4d2e-aa9d-155e2ca1e24d.absolute_liftover.gene_level_copy_number.v36.tsv	e3f02d1e-aba1-4544-bea4-609d12ed3d41
open	91f6eb4c-0143-47b9-bcbd-5332d913a039	TCGA-DX-AB3B	Copy Number Variation	TXT	Genotyping Array	b3d5d446-f754-4be7-a99c-e5ea8ae351bd	TCGA-SARC.c56ae4dc-8bfd-4557-b91c-5ba5139847ca.ascat2.allelic_specific.seg.txt	b3d5d446-f754-4be7-a99c-e5ea8ae351bd
open	ac1eb376-ff96-4ed9-929a-03975f72ac15	TCGA-DX-A3UA	Copy Number Variation	TXT	Genotyping Array	e28ac869-d36e-487e-9b1c-91ddf2a391ed	TCGA-SARC.3b0d8bbd-0cdf-4b12-a379-04dbd02ae640.ascat3.allelic_specific.seg.txt	e28ac869-d36e-487e-9b1c-91ddf2a391ed
controlled	98b4dd76-e6c4-4125-ba9e-9dc318ffb61c	TCGA-DX-AB2F	Copy Number Variation	CEL	Genotyping Array	512cee9d-c329-42cf-bbc2-7a7c7051d1a5	ENATE_p_TCGAb_394_395_396_NSP_GenomeWideSNP_6_G09_1474194.CEL	512cee9d-c329-42cf-bbc2-7a7c7051d1a5
controlled	91f6eb4c-0143-47b9-bcbd-5332d913a039	TCGA-DX-AB3B	Simple Nucleotide Variation	TSV	Genotyping Array	ae5c0386-15df-4196-9b1d-970ff450e50b	CUBES_p_TCGAb_425_426_427_NSP_GenomeWideSNP_6_F06_1514098.birdseed.data.txt	ae5c0386-15df-4196-9b1d-970ff450e50b
open	91f6eb4c-0143-47b9-bcbd-5332d913a039	TCGA-DX-AB3B	Copy Number Variation	TXT	Genotyping Array	7157456e-3eed-414b-8a08-fc595392c783	CUBES_p_TCGAb_425_426_427_NSP_GenomeWideSNP_6_F07_1513952.grch38.seg.v2.txt	7157456e-3eed-414b-8a08-fc595392c783
controlled	b61e39f5-f0dd-485e-8e22-d4fdea751f55	TCGA-SI-A71Q	Simple Nucleotide Variation	TSV	Genotyping Array	f67c2238-583a-4aca-9222-2fa3af1e842d	MOWED_p_TCGAb3_39_40_41_42_STY_GenomeWideSNP_6_G01_1377464.birdseed.data.txt	f67c2238-583a-4aca-9222-2fa3af1e842d
controlled	98b4dd76-e6c4-4125-ba9e-9dc318ffb61c	TCGA-DX-AB2F	Simple Nucleotide Variation	TSV	Genotyping Array	d074877c-167e-491c-81a3-3694df3497fe	ENATE_p_TCGAb_394_395_396_NSP_GenomeWideSNP_6_G10_1474080.birdseed.data.txt	d074877c-167e-491c-81a3-3694df3497fe
open	a857d684-7195-44f9-ba21-b88020bd9633	TCGA-SI-A71O	Copy Number Variation	TXT	Genotyping Array	ec11cb7b-7be8-4c89-a059-a07718fb14c3	MOWED_p_TCGAb3_39_40_41_42_STY_GenomeWideSNP_6_H01_1377398.nocnv_grch38.seg.v2.txt	ec11cb7b-7be8-4c89-a059-a07718fb14c3
open	9b781072-66d8-49f2-80f7-7b020746b6e9	TCGA-SI-AA8C	Copy Number Variation	TSV	Genotyping Array	23375938-72e9-4235-bab3-db66f8c12d70	TCGA-SARC.030a8b8c-ce8c-4ec5-af7b-c7e574ea20b6.ascat3.gene_level_copy_number.v36.tsv	23375938-72e9-4235-bab3-db66f8c12d70
open	b85e2156-d5ac-486c-93e1-86525ea41a64	TCGA-DX-A3M1	Copy Number Variation	TXT	Genotyping Array	19712b14-cb1f-4865-b834-8528a7fecd1e	FLUES_p_TCGASNP_228_229_230_N_GenomeWideSNP_6_G08_1148900.nocnv_grch38.seg.v2.txt	19712b14-cb1f-4865-b834-8528a7fecd1e
open	b85e2156-d5ac-486c-93e1-86525ea41a64	TCGA-DX-A3M1	Copy Number Variation	TXT	Genotyping Array	126bc768-08a9-4172-b361-baeab580452d	FLUES_p_TCGASNP_228_229_230_N_GenomeWideSNP_6_F05_1148890.grch38.seg.v2.txt	126bc768-08a9-4172-b361-baeab580452d
open	9b781072-66d8-49f2-80f7-7b020746b6e9	TCGA-SI-AA8C	Copy Number Variation	TXT	Genotyping Array	34ddd606-9bb6-4497-bc1b-fedb7be55a7b	ENATE_p_TCGAb_394_395_396_NSP_GenomeWideSNP_6_G08_1474070.grch38.seg.v2.txt	34ddd606-9bb6-4497-bc1b-fedb7be55a7b
open	ac9c3d6a-2df7-472a-b9d7-0a5583463750	TCGA-X6-A8C7	Copy Number Variation	TSV	Genotyping Array	4e942199-f19c-41d9-8700-e0205a18df5c	TCGA-SARC.37d5debf-f438-48d2-b978-d6140c679b92.ascat3.gene_level_copy_number.v36.tsv	4e942199-f19c-41d9-8700-e0205a18df5c
open	c1bab0e5-4cb2-4d9a-ae92-673fe7967fde	TCGA-PC-A5DK	Copy Number Variation	TSV	Genotyping Array	8168bb9e-98d7-4bc0-a5e9-5148c8cb271d	TCGA-SARC.d9153f60-6862-43d5-8ba4-1b2712af9e0e.ascat3.gene_level_copy_number.v36.tsv	8168bb9e-98d7-4bc0-a5e9-5148c8cb271d
controlled	9ebda267-a475-408a-a512-cd3761de83b4	TCGA-QC-A6FX	Simple Nucleotide Variation	TSV	Genotyping Array	f27bd268-1a6e-49e1-b98e-3a73318bab4b	THREW_p_TCGAb_329_335_336_NSP_GenomeWideSNP_6_E11_1367064.birdseed.data.txt	f27bd268-1a6e-49e1-b98e-3a73318bab4b
open	c1bab0e5-4cb2-4d9a-ae92-673fe7967fde	TCGA-PC-A5DK	Copy Number Variation	TSV	Genotyping Array	ffad2841-a7dd-499f-976e-258249730d51	TCGA-SARC.d9153f60-6862-43d5-8ba4-1b2712af9e0e.absolute_liftover.gene_level_copy_number.v36.tsv	ffad2841-a7dd-499f-976e-258249730d51
controlled	a8ce2be1-1f15-4e02-9161-5f161447a541	TCGA-3B-A9I0	Copy Number Variation	CEL	Genotyping Array	acf57efb-3765-4574-b46f-160bac8b1c10	PRION_p_TCGAb_410_11_12_13_NSP_GenomeWideSNP_6_E04_1486586.CEL	acf57efb-3765-4574-b46f-160bac8b1c10
open	a8ce2be1-1f15-4e02-9161-5f161447a541	TCGA-3B-A9I0	Copy Number Variation	TXT	Genotyping Array	1b972b07-693a-45ee-a2b4-15bfc6cc2813	PRION_p_TCGAb_410_11_12_13_NSP_GenomeWideSNP_6_E05_1486674.nocnv_grch38.seg.v2.txt	1b972b07-693a-45ee-a2b4-15bfc6cc2813
open	a8ce2be1-1f15-4e02-9161-5f161447a541	TCGA-3B-A9I0	Copy Number Variation	TXT	Genotyping Array	55134a59-e840-4a00-b798-52a081cf88b8	TCGA-SARC.5b0a431b-f8ac-4e83-ba2d-d88e8a437bbf.ascat2.allelic_specific.seg.txt	55134a59-e840-4a00-b798-52a081cf88b8
open	a8ce2be1-1f15-4e02-9161-5f161447a541	TCGA-3B-A9I0	Copy Number Variation	TXT	Genotyping Array	10d12108-926b-470b-af79-0b0bca02ed92	PRION_p_TCGAb_410_11_12_13_NSP_GenomeWideSNP_6_E04_1486586.nocnv_grch38.seg.v2.txt	10d12108-926b-470b-af79-0b0bca02ed92
open	9ebda267-a475-408a-a512-cd3761de83b4	TCGA-QC-A6FX	Copy Number Variation	TSV	Genotyping Array	e0e08108-a220-4142-9059-7d5153b099d2	TCGA-SARC.32a4cbb3-c1d7-408a-8768-9e07a8274020.gene_level_copy_number.v36.tsv	e0e08108-a220-4142-9059-7d5153b099d2
controlled	c20682a1-f340-430d-99f9-077fe093ed19	TCGA-IW-A3M5	Copy Number Variation	CEL	Genotyping Array	4ac18dcc-9478-4a88-8b7b-230e57211274	MACON_p_TCGASNP_218_AML_PP_N_GenomeWideSNP_6_D02_1040022.CEL	4ac18dcc-9478-4a88-8b7b-230e57211274
open	b0c194ce-8f60-423f-afca-7f577813421c	TCGA-X9-A971	Copy Number Variation	TXT	Genotyping Array	53c943b5-4156-4ee2-bb77-d62f3b751331	ENATE_p_TCGAb_394_395_396_NSP_GenomeWideSNP_6_F01_1474258.nocnv_grch38.seg.v2.txt	53c943b5-4156-4ee2-bb77-d62f3b751331
open	b0c194ce-8f60-423f-afca-7f577813421c	TCGA-X9-A971	Copy Number Variation	TSV	Genotyping Array	e89efee6-793a-4b6d-9d54-4beeab810cdc	TCGA-SARC.a82fdfae-7b34-48ca-b43d-ee816193dafc.ascat3.gene_level_copy_number.v36.tsv	e89efee6-793a-4b6d-9d54-4beeab810cdc
open	b8dd67ae-5808-45fc-9a1f-47f18a2f827d	TCGA-DX-A6YS	Copy Number Variation	TXT	Genotyping Array	47cbfa31-3c65-4a8d-b745-0aa873415c47	TAZZA_p_TCGAb3_62_63_64_65_NSP_GenomeWideSNP_6_D04_1387926.grch38.seg.v2.txt	47cbfa31-3c65-4a8d-b745-0aa873415c47
open	b8dd67ae-5808-45fc-9a1f-47f18a2f827d	TCGA-DX-A6YS	Copy Number Variation	TSV	Genotyping Array	4a7329a3-e455-4be8-98aa-3638901ef056	TCGA-SARC.ffae65f7-973f-462e-8dd6-165b8d6e21a6.absolute_liftover.gene_level_copy_number.v36.tsv	4a7329a3-e455-4be8-98aa-3638901ef056
open	b8dd67ae-5808-45fc-9a1f-47f18a2f827d	TCGA-DX-A6YS	Copy Number Variation	TSV	Genotyping Array	22170005-5608-46d7-adac-c367e4ae80ce	TCGA-SARC.ffae65f7-973f-462e-8dd6-165b8d6e21a6.gene_level_copy_number.v36.tsv	22170005-5608-46d7-adac-c367e4ae80ce
open	cc891960-42a2-4d76-b93b-c2914c929154	TCGA-DX-A6B9	Copy Number Variation	TSV	Genotyping Array	60511586-2379-4ea9-b9c5-f7ec2fdd4f1f	TCGA-SARC.083315bd-fac2-4fb6-ad91-1271b00bb737.absolute_liftover.gene_level_copy_number.v36.tsv	60511586-2379-4ea9-b9c5-f7ec2fdd4f1f
open	b0c194ce-8f60-423f-afca-7f577813421c	TCGA-X9-A971	Copy Number Variation	TSV	Genotyping Array	32358188-ec03-4351-9118-9521167d97b4	TCGA-SARC.a82fdfae-7b34-48ca-b43d-ee816193dafc.gene_level_copy_number.v36.tsv	32358188-ec03-4351-9118-9521167d97b4
open	b8dd67ae-5808-45fc-9a1f-47f18a2f827d	TCGA-DX-A6YS	Copy Number Variation	TXT	Genotyping Array	77cd64b5-c379-4ce6-8f73-5fb4c131509e	TAZZA_p_TCGAb3_62_63_64_65_NSP_GenomeWideSNP_6_D04_1387926.nocnv_grch38.seg.v2.txt	77cd64b5-c379-4ce6-8f73-5fb4c131509e
controlled	cc891960-42a2-4d76-b93b-c2914c929154	TCGA-DX-A6B9	Copy Number Variation	CEL	Genotyping Array	aa3896a8-af32-4f71-b54b-4cf8e42dfae6	THREW_p_TCGAb_329_335_336_NSP_GenomeWideSNP_6_D09_1367142.CEL	aa3896a8-af32-4f71-b54b-4cf8e42dfae6
controlled	cc891960-42a2-4d76-b93b-c2914c929154	TCGA-DX-A6B9	Simple Nucleotide Variation	TSV	Genotyping Array	0e197bca-044c-4b0b-ba29-044a628d31af	THREW_p_TCGAb_329_335_336_NSP_GenomeWideSNP_6_D09_1367142.birdseed.data.txt	0e197bca-044c-4b0b-ba29-044a628d31af
controlled	a93fd240-59c1-4527-854e-dfd042222fcf	TCGA-3B-A9I3	Simple Nucleotide Variation	TSV	Genotyping Array	4131e454-f436-468f-8e0e-daf3ca6f367b	PRION_p_TCGAb_410_11_12_13_NSP_GenomeWideSNP_6_C08_1486774.birdseed.data.txt	4131e454-f436-468f-8e0e-daf3ca6f367b
open	a93fd240-59c1-4527-854e-dfd042222fcf	TCGA-3B-A9I3	Copy Number Variation	TSV	Genotyping Array	7da15dc7-f900-485b-a6a5-81f09ac805d6	TCGA-SARC.faaf8654-8341-4fbc-8a9b-8add4db80295.ascat3.gene_level_copy_number.v36.tsv	7da15dc7-f900-485b-a6a5-81f09ac805d6
controlled	b0c194ce-8f60-423f-afca-7f577813421c	TCGA-X9-A971	Simple Nucleotide Variation	TSV	Genotyping Array	329a2053-6200-4ab0-a91a-025fe8783978	ENATE_p_TCGAb_394_395_396_NSP_GenomeWideSNP_6_F01_1474258.birdseed.data.txt	329a2053-6200-4ab0-a91a-025fe8783978
open	9ef5cdda-8aba-4027-8cf0-e53b2f54704a	TCGA-3B-A9HU	Copy Number Variation	TSV	Genotyping Array	90b600c5-2a0c-41da-82f2-fb5d46730b46	TCGA-SARC.496e1a3a-94ab-4917-ae24-ce4ab4eabbdd.ascat3.gene_level_copy_number.v36.tsv	90b600c5-2a0c-41da-82f2-fb5d46730b46
controlled	b0c194ce-8f60-423f-afca-7f577813421c	TCGA-X9-A971	Copy Number Variation	CEL	Genotyping Array	312b7c13-8b62-4b30-9b4a-867d51de81d4	ENATE_p_TCGAb_394_395_396_NSP_GenomeWideSNP_6_F02_1474088.CEL	312b7c13-8b62-4b30-9b4a-867d51de81d4
controlled	9ef5cdda-8aba-4027-8cf0-e53b2f54704a	TCGA-3B-A9HU	Copy Number Variation	CEL	Genotyping Array	653966db-a2d4-4c4a-a44b-412eeb1c5cf4	PRION_p_TCGAb_410_11_12_13_NSP_GenomeWideSNP_6_C02_1486602.CEL	653966db-a2d4-4c4a-a44b-412eeb1c5cf4
open	cc9eb46b-47a6-44b2-97c1-3ee866bbfc3d	TCGA-DX-AB2E	Copy Number Variation	TSV	Genotyping Array	b850e78a-2f43-4138-9d5f-93db5588c8d8	TCGA-SARC.36591489-6cde-447d-acfe-18fa30b2b005.gene_level_copy_number.v36.tsv	b850e78a-2f43-4138-9d5f-93db5588c8d8
open	b1a92728-e119-4f5f-a303-2ebb8ea3db88	TCGA-PC-A5DO	Copy Number Variation	TXT	Genotyping Array	c5dec91b-0925-4a26-a979-78dd9fdbd523	WAGER_p_TCGA_282_284_285_286_N_GenomeWideSNP_6_H11_1359166.grch38.seg.v2.txt	c5dec91b-0925-4a26-a979-78dd9fdbd523
open	cc9eb46b-47a6-44b2-97c1-3ee866bbfc3d	TCGA-DX-AB2E	Copy Number Variation	TXT	Genotyping Array	0291e0ab-dbe0-4b07-8e30-c14a1b99bdc0	PRION_p_TCGAb_410_11_12_13_NSP_GenomeWideSNP_6_D04_1486734.grch38.seg.v2.txt	0291e0ab-dbe0-4b07-8e30-c14a1b99bdc0
open	a93fd240-59c1-4527-854e-dfd042222fcf	TCGA-3B-A9I3	Copy Number Variation	TXT	Genotyping Array	b3f03541-56ec-40de-ab29-9f8d80c6a321	TCGA-SARC.faaf8654-8341-4fbc-8a9b-8add4db80295.ascat2.allelic_specific.seg.txt	b3f03541-56ec-40de-ab29-9f8d80c6a321
open	cc9eb46b-47a6-44b2-97c1-3ee866bbfc3d	TCGA-DX-AB2E	Copy Number Variation	TXT	Genotyping Array	97a67da7-9ab5-4243-a7bb-f8dfef6a9488	TCGA-SARC.36591489-6cde-447d-acfe-18fa30b2b005.ascat3.allelic_specific.seg.txt	97a67da7-9ab5-4243-a7bb-f8dfef6a9488
open	a93fd240-59c1-4527-854e-dfd042222fcf	TCGA-3B-A9I3	Copy Number Variation	TXT	Genotyping Array	ac5087c1-0348-42a8-8a49-5ad2aa0a8320	TCGA-SARC.faaf8654-8341-4fbc-8a9b-8add4db80295.ascat3.allelic_specific.seg.txt	ac5087c1-0348-42a8-8a49-5ad2aa0a8320
open	b1a92728-e119-4f5f-a303-2ebb8ea3db88	TCGA-PC-A5DO	Copy Number Variation	TXT	Genotyping Array	e2b4b607-27d4-41e1-92bc-e7f82bc2869b	WAGER_p_TCGA_282_284_285_286_N_GenomeWideSNP_6_F08_1359018.nocnv_grch38.seg.v2.txt	e2b4b607-27d4-41e1-92bc-e7f82bc2869b
open	c25a0746-d2cf-47cc-82fc-8547cd9f89b0	TCGA-WK-A8XS	Copy Number Variation	TXT	Genotyping Array	54c96aaf-8089-4443-95f8-146f62444043	BREWS_p_TCGAb_382_383_NSP_GenomeWideSNP_6_G12_1465090.grch38.seg.v2.txt	54c96aaf-8089-4443-95f8-146f62444043
open	b1a92728-e119-4f5f-a303-2ebb8ea3db88	TCGA-PC-A5DO	Copy Number Variation	TSV	Genotyping Array	b7271b6d-3b8f-4a5f-b645-b08ef134350b	TCGA-SARC.e4969783-5243-4a76-b54b-c76e474df12a.ascat3.gene_level_copy_number.v36.tsv	b7271b6d-3b8f-4a5f-b645-b08ef134350b
controlled	b1a92728-e119-4f5f-a303-2ebb8ea3db88	TCGA-PC-A5DO	Simple Nucleotide Variation	TSV	Genotyping Array	8f9ecf47-85b2-41f2-b285-c992fc035062	WAGER_p_TCGA_282_284_285_286_N_GenomeWideSNP_6_H11_1359166.birdseed.data.txt	8f9ecf47-85b2-41f2-b285-c992fc035062
controlled	b1a92728-e119-4f5f-a303-2ebb8ea3db88	TCGA-PC-A5DO	Copy Number Variation	CEL	Genotyping Array	b0568c31-a79a-4341-b59c-21aefa427c89	WAGER_p_TCGA_282_284_285_286_N_GenomeWideSNP_6_H11_1359166.CEL	b0568c31-a79a-4341-b59c-21aefa427c89
open	c25a0746-d2cf-47cc-82fc-8547cd9f89b0	TCGA-WK-A8XS	Copy Number Variation	TXT	Genotyping Array	b1df8eee-205f-4ffb-b15d-2ad6e7e81a21	BREWS_p_TCGAb_382_383_NSP_GenomeWideSNP_6_G12_1465090.nocnv_grch38.seg.v2.txt	b1df8eee-205f-4ffb-b15d-2ad6e7e81a21
open	c25a0746-d2cf-47cc-82fc-8547cd9f89b0	TCGA-WK-A8XS	Copy Number Variation	TXT	Genotyping Array	2c90b418-dbde-4ce8-9dcc-b649254e2a27	TCGA-SARC.103bdc11-8aa9-486c-ba84-cad23e72c603.ascat3.allelic_specific.seg.txt	2c90b418-dbde-4ce8-9dcc-b649254e2a27
controlled	bc282a61-9e8b-4330-9177-fc515293f051	TCGA-DX-AB2S	Copy Number Variation	CEL	Genotyping Array	e54e7d00-5370-4272-b3e6-f44d19728333	PRION_p_TCGAb_410_11_12_13_NSP_GenomeWideSNP_6_C11_1486678.CEL	e54e7d00-5370-4272-b3e6-f44d19728333
controlled	a1f0e5db-5c73-4b83-8cc4-6208941806de	TCGA-DX-A7ES	Simple Nucleotide Variation	TSV	Genotyping Array	8953beed-97b9-45d7-998e-d94c12ed1f06	PRION_p_TCGAb_410_11_12_13_NSP_GenomeWideSNP_6_D12_1486604.birdseed.data.txt	8953beed-97b9-45d7-998e-d94c12ed1f06
controlled	cd8637c0-1651-4e8a-9a88-7fb06dc36ff8	TCGA-JV-A75J	Simple Nucleotide Variation	TSV	Genotyping Array	c5f979ec-1fb0-4438-a729-bc1274e2a063	THREW_p_TCGAb_329_335_336_NSP_GenomeWideSNP_6_E04_1367188.birdseed.data.txt	c5f979ec-1fb0-4438-a729-bc1274e2a063
open	cd8637c0-1651-4e8a-9a88-7fb06dc36ff8	TCGA-JV-A75J	Copy Number Variation	TXT	Genotyping Array	d27a8bf8-52cd-4f70-82e5-b8f03ad2ef3a	THREW_p_TCGAb_329_335_336_NSP_GenomeWideSNP_6_E03_1367074.grch38.seg.v2.txt	d27a8bf8-52cd-4f70-82e5-b8f03ad2ef3a
open	aaf93a92-2f93-477d-9ea4-d18ab7d4f258	TCGA-3B-A9HL	Copy Number Variation	TXT	Genotyping Array	8e6eeefd-4233-411e-9793-49711674f594	ENATE_p_TCGAb_394_395_396_NSP_GenomeWideSNP_6_F09_1474238.grch38.seg.v2.txt	8e6eeefd-4233-411e-9793-49711674f594
open	a1f0e5db-5c73-4b83-8cc4-6208941806de	TCGA-DX-A7ES	Copy Number Variation	TXT	Genotyping Array	4e3e3ac8-3a7d-4baa-9332-8618c6745ed3	PRION_p_TCGAb_410_11_12_13_NSP_GenomeWideSNP_6_E01_1486714.nocnv_grch38.seg.v2.txt	4e3e3ac8-3a7d-4baa-9332-8618c6745ed3
open	a1f0e5db-5c73-4b83-8cc4-6208941806de	TCGA-DX-A7ES	Copy Number Variation	TXT	Genotyping Array	9d9c50a2-2552-46d9-b063-e20539f1e1fb	PRION_p_TCGAb_410_11_12_13_NSP_GenomeWideSNP_6_D12_1486604.grch38.seg.v2.txt	9d9c50a2-2552-46d9-b063-e20539f1e1fb
open	cd8637c0-1651-4e8a-9a88-7fb06dc36ff8	TCGA-JV-A75J	Copy Number Variation	TXT	Genotyping Array	f16cf927-997f-49dc-ad11-a82fbb908c24	TCGA-SARC.2dc3c665-007d-46c5-86ff-9ac939f7eb9b.ascat2.allelic_specific.seg.txt	f16cf927-997f-49dc-ad11-a82fbb908c24
open	cd8637c0-1651-4e8a-9a88-7fb06dc36ff8	TCGA-JV-A75J	Copy Number Variation	TXT	Genotyping Array	c931b2b3-6a53-47c7-b2f7-425830785778	THREW_p_TCGAb_329_335_336_NSP_GenomeWideSNP_6_E04_1367188.grch38.seg.v2.txt	c931b2b3-6a53-47c7-b2f7-425830785778
controlled	c5b0e6be-48b5-40e5-9d90-f9112050aa88	TCGA-HB-A5W3	Copy Number Variation	CEL	Genotyping Array	174122cc-4f2d-472a-b998-71bdbfca2bdf	BURSA_p_TCGA_303_304_305_N_GenomeWideSNP_6_E10_1344846.CEL	174122cc-4f2d-472a-b998-71bdbfca2bdf
open	bfaafe2d-0e83-43aa-9f81-b34b62a46d38	TCGA-DX-A1KY	Copy Number Variation	TXT	Genotyping Array	dcdeffa4-491d-455d-a7b9-7de0036de580	YOGIN_p_TCGA_4_262_263_N_GenomeWideSNP_6_B11_1306150.grch38.seg.v2.txt	dcdeffa4-491d-455d-a7b9-7de0036de580
controlled	cedf4099-076d-4ea7-9a86-76fe9530b88c	TCGA-JV-A5VF	Simple Nucleotide Variation	TSV	Genotyping Array	1a279ef6-e77a-42a9-8569-bee7eb7a4738	BURSA_p_TCGA_303_304_305_N_GenomeWideSNP_6_E01_1344762.birdseed.data.txt	1a279ef6-e77a-42a9-8569-bee7eb7a4738
open	b2ee912a-0a57-4d46-bc25-3594028fe387	TCGA-X6-A8C4	Copy Number Variation	TXT	Genotyping Array	c738ab4b-8132-456e-84b8-a6c5e6310c29	HONGS_p_TCGAb3_75_76_77_NSP_GenomeWideSNP_6_F09_1438296.grch38.seg.v2.txt	c738ab4b-8132-456e-84b8-a6c5e6310c29
open	cedf4099-076d-4ea7-9a86-76fe9530b88c	TCGA-JV-A5VF	Copy Number Variation	TXT	Genotyping Array	c32daf52-852d-4ea2-9cbb-8e1176496cc4	BURSA_p_TCGA_303_304_305_N_GenomeWideSNP_6_E01_1344762.grch38.seg.v2.txt	c32daf52-852d-4ea2-9cbb-8e1176496cc4
open	c5b0e6be-48b5-40e5-9d90-f9112050aa88	TCGA-HB-A5W3	Copy Number Variation	TSV	Genotyping Array	8b9411c3-9c9d-4b52-ab97-cfbe4511d706	TCGA-SARC.32f10c79-8904-434e-978a-e1d2447f12cd.absolute_liftover.gene_level_copy_number.v36.tsv	8b9411c3-9c9d-4b52-ab97-cfbe4511d706
open	a37238f3-55b5-43df-a0c5-3d22ee5156f3	TCGA-DX-A48R	Copy Number Variation	TXT	Genotyping Array	0b3781c9-7b97-48aa-8448-1ac19ed7cff6	SNOWS_p_TCGA_Batch_309_310_NSP_GenomeWideSNP_6_F03_1362106.nocnv_grch38.seg.v2.txt	0b3781c9-7b97-48aa-8448-1ac19ed7cff6
open	cedf4099-076d-4ea7-9a86-76fe9530b88c	TCGA-JV-A5VF	Copy Number Variation	TXT	Genotyping Array	cf3ed037-7ab2-4ad7-af4a-7fd712442e71	BURSA_p_TCGA_303_304_305_N_GenomeWideSNP_6_D07_1344806.grch38.seg.v2.txt	cf3ed037-7ab2-4ad7-af4a-7fd712442e71
open	cedf4099-076d-4ea7-9a86-76fe9530b88c	TCGA-JV-A5VF	Copy Number Variation	TSV	Genotyping Array	ec012c7a-f3d5-41ad-8e9d-07483fddd80f	TCGA-SARC.2047428f-14d9-474f-9dbe-57145bf6309c.gene_level_copy_number.v36.tsv	ec012c7a-f3d5-41ad-8e9d-07483fddd80f
open	ab706ea0-d642-4f58-ba8d-f5d930b91286	TCGA-WK-A8Y0	Copy Number Variation	TXT	Genotyping Array	51c19aaa-c5c1-405e-a0c9-547633fd1211	CUBES_p_TCGAb_425_426_427_NSP_GenomeWideSNP_6_D09_1513982.nocnv_grch38.seg.v2.txt	51c19aaa-c5c1-405e-a0c9-547633fd1211
open	b2ee912a-0a57-4d46-bc25-3594028fe387	TCGA-X6-A8C4	Copy Number Variation	TSV	Genotyping Array	53ca6c16-e23a-418f-97c6-417d2714156f	TCGA-SARC.5c1df810-e043-40e8-88c3-8444210d3339.gene_level_copy_number.v36.tsv	53ca6c16-e23a-418f-97c6-417d2714156f
open	a37238f3-55b5-43df-a0c5-3d22ee5156f3	TCGA-DX-A48R	Copy Number Variation	TXT	Genotyping Array	6eb2e140-0d5b-472d-90a4-d1b8da0f1e98	SNOWS_p_TCGA_Batch_309_310_NSP_GenomeWideSNP_6_F02_1362042.nocnv_grch38.seg.v2.txt	6eb2e140-0d5b-472d-90a4-d1b8da0f1e98
open	cedf4099-076d-4ea7-9a86-76fe9530b88c	TCGA-JV-A5VF	Copy Number Variation	TXT	Genotyping Array	6bc64ba8-1c23-4417-897a-aa44477fee37	TCGA-SARC.2047428f-14d9-474f-9dbe-57145bf6309c.ascat2.allelic_specific.seg.txt	6bc64ba8-1c23-4417-897a-aa44477fee37
open	a37238f3-55b5-43df-a0c5-3d22ee5156f3	TCGA-DX-A48R	Copy Number Variation	TSV	Genotyping Array	61150010-6446-4637-ad8f-93d1e8059850	TCGA-SARC.084383c9-5045-4b23-bc79-962685f7da85.ascat3.gene_level_copy_number.v36.tsv	61150010-6446-4637-ad8f-93d1e8059850
open	b5f27002-4277-418d-90b0-cc5a2742692e	TCGA-DX-A23R	Copy Number Variation	TXT	Genotyping Array	37fe96b6-0cd5-494d-b2e6-0a513f11fc3f	WAGER_p_TCGA_282_284_285_286_N_GenomeWideSNP_6_E09_1359090.nocnv_grch38.seg.v2.txt	37fe96b6-0cd5-494d-b2e6-0a513f11fc3f
open	bfaafe2d-0e83-43aa-9f81-b34b62a46d38	TCGA-DX-A1KY	Copy Number Variation	TSV	Genotyping Array	44cca828-e631-4b4f-a92b-a580d52b8dd2	TCGA-SARC.a0fb417a-a4c6-45c0-bcfa-b31b3e7acf31.ascat3.gene_level_copy_number.v36.tsv	44cca828-e631-4b4f-a92b-a580d52b8dd2
open	d0d989cb-a50f-4ed9-8478-ae300ebc0970	TCGA-DX-AB32	Copy Number Variation	TXT	Genotyping Array	02f8da91-e97d-4a54-a288-a8fc64ee186e	CUBES_p_TCGAb_425_426_427_NSP_GenomeWideSNP_6_D03_1514102.grch38.seg.v2.txt	02f8da91-e97d-4a54-a288-a8fc64ee186e
controlled	d0d989cb-a50f-4ed9-8478-ae300ebc0970	TCGA-DX-AB32	Simple Nucleotide Variation	TSV	Genotyping Array	4268897b-2e81-49d7-978a-65bdad870a98	CUBES_p_TCGAb_425_426_427_NSP_GenomeWideSNP_6_D03_1514102.birdseed.data.txt	4268897b-2e81-49d7-978a-65bdad870a98
controlled	b5f27002-4277-418d-90b0-cc5a2742692e	TCGA-DX-A23R	Simple Nucleotide Variation	TSV	Genotyping Array	cbe9f62c-5638-4bca-9bb2-832c6dbb76a9	WAGER_p_TCGA_282_284_285_286_N_GenomeWideSNP_6_A08_1359104.birdseed.data.txt	cbe9f62c-5638-4bca-9bb2-832c6dbb76a9
open	b5f27002-4277-418d-90b0-cc5a2742692e	TCGA-DX-A23R	Copy Number Variation	TXT	Genotyping Array	b3f362c0-470d-4bc9-9cc9-ca24b3638d38	WAGER_p_TCGA_282_284_285_286_N_GenomeWideSNP_6_A08_1359104.grch38.seg.v2.txt	b3f362c0-470d-4bc9-9cc9-ca24b3638d38
open	d7d9204b-b85e-4260-8a54-c39e7847e982	TCGA-SG-A849	Copy Number Variation	TXT	Genotyping Array	63282454-b2a4-4832-b20f-65373c3a2d16	TAZZA_p_TCGAb3_62_63_64_65_NSP_GenomeWideSNP_6_C07_1387838.nocnv_grch38.seg.v2.txt	63282454-b2a4-4832-b20f-65373c3a2d16
controlled	d7dc8efc-30d9-4d86-84a2-f39f4e1ea50e	TCGA-DX-A48L	Simple Nucleotide Variation	TSV	Genotyping Array	fa170f2d-8b58-4b3f-9e68-3dcdcb7270a5	SNOWS_p_TCGA_Batch_309_310_NSP_GenomeWideSNP_6_E07_1362094.birdseed.data.txt	fa170f2d-8b58-4b3f-9e68-3dcdcb7270a5
controlled	b5f27002-4277-418d-90b0-cc5a2742692e	TCGA-DX-A23R	Simple Nucleotide Variation	TSV	Genotyping Array	3096cf37-76da-4f92-a819-e073fce226d3	WAGER_p_TCGA_282_284_285_286_N_GenomeWideSNP_6_E09_1359090.birdseed.data.txt	3096cf37-76da-4f92-a819-e073fce226d3
open	e4fb6a08-9d3f-4e62-85ce-7ba0dc03c8e2	TCGA-QQ-A5VD	Copy Number Variation	TSV	Genotyping Array	dc0a4358-1674-40d8-86d1-0cab9fb82c78	TCGA-SARC.1d4a6c85-0b83-4b48-be42-7e78ada2c3a4.ascat3.gene_level_copy_number.v36.tsv	dc0a4358-1674-40d8-86d1-0cab9fb82c78
controlled	c849127a-2f15-4fab-8815-db09b017f48c	TCGA-X6-A7W8	Simple Nucleotide Variation	TSV	Genotyping Array	3b96ea61-1fcf-4c58-b529-8420fa7ee6e9	TAZZA_p_TCGAb3_62_63_64_65_NSP_GenomeWideSNP_6_C02_1387962.birdseed.data.txt	3b96ea61-1fcf-4c58-b529-8420fa7ee6e9
open	c849127a-2f15-4fab-8815-db09b017f48c	TCGA-X6-A7W8	Copy Number Variation	TSV	Genotyping Array	f1ecf94d-d985-482e-b64b-4a7b0f41d6aa	TCGA-SARC.6592905d-2b60-4612-b3a4-ce935577de7b.ascat3.gene_level_copy_number.v36.tsv	f1ecf94d-d985-482e-b64b-4a7b0f41d6aa
open	d7dc8efc-30d9-4d86-84a2-f39f4e1ea50e	TCGA-DX-A48L	Copy Number Variation	TXT	Genotyping Array	9c4f4e85-bec2-4eb3-8fbb-78efa35f1213	TCGA-SARC.5c98c4ff-d346-44c5-9908-7452359c5396.ascat2.allelic_specific.seg.txt	9c4f4e85-bec2-4eb3-8fbb-78efa35f1213
open	d7dc8efc-30d9-4d86-84a2-f39f4e1ea50e	TCGA-DX-A48L	Copy Number Variation	TXT	Genotyping Array	84ea8499-5940-4f98-8f2f-405f4cdcbaa3	TCGA-SARC.5c98c4ff-d346-44c5-9908-7452359c5396.ascat3.allelic_specific.seg.txt	84ea8499-5940-4f98-8f2f-405f4cdcbaa3
controlled	e5608743-59c4-4846-96b5-b3d36efbed85	TCGA-MB-A5Y9	Copy Number Variation	CEL	Genotyping Array	a0a3c3a8-d4ee-4bc3-a303-dbc2b10f136d	BURSA_p_TCGA_303_304_305_N_GenomeWideSNP_6_C02_1344686.CEL	a0a3c3a8-d4ee-4bc3-a303-dbc2b10f136d
open	c849127a-2f15-4fab-8815-db09b017f48c	TCGA-X6-A7W8	Copy Number Variation	TSV	Genotyping Array	c1e38a15-8779-4c17-96d7-f7f68a7f7234	TCGA-SARC.6592905d-2b60-4612-b3a4-ce935577de7b.absolute_liftover.gene_level_copy_number.v36.tsv	c1e38a15-8779-4c17-96d7-f7f68a7f7234
open	d40c99d0-79f6-499d-b7f1-5fc4237cfc57	TCGA-DX-A3U8	Copy Number Variation	TSV	Genotyping Array	899d8be2-bf1c-497d-aa60-b122578a0e9f	TCGA-SARC.3d6ee6b5-c7ea-4b03-b468-e5096af2133e.ascat3.gene_level_copy_number.v36.tsv	899d8be2-bf1c-497d-aa60-b122578a0e9f
open	e5608743-59c4-4846-96b5-b3d36efbed85	TCGA-MB-A5Y9	Copy Number Variation	TXT	Genotyping Array	971f4344-d334-4ec3-8ae2-b175a645bd99	BURSA_p_TCGA_303_304_305_N_GenomeWideSNP_6_C02_1344686.grch38.seg.v2.txt	971f4344-d334-4ec3-8ae2-b175a645bd99
controlled	e5608743-59c4-4846-96b5-b3d36efbed85	TCGA-MB-A5Y9	Copy Number Variation	CEL	Genotyping Array	56388848-f7ec-4c1f-9c9f-d5d0dfbb15ca	BURSA_p_TCGA_303_304_305_N_GenomeWideSNP_6_C06_1344704.CEL	56388848-f7ec-4c1f-9c9f-d5d0dfbb15ca
open	dc18ccea-b332-4fac-b49b-1e0217ad025b	TCGA-PC-A5DN	Copy Number Variation	TXT	Genotyping Array	548de0f2-f2b4-4817-967f-d493f1e6e8f0	TCGA-SARC.f09fb97e-e893-482a-bca1-5f372353bfd5.ascat3.allelic_specific.seg.txt	548de0f2-f2b4-4817-967f-d493f1e6e8f0
open	b61e39f5-f0dd-485e-8e22-d4fdea751f55	TCGA-SI-A71Q	Copy Number Variation	TSV	Genotyping Array	7d90778e-3659-4754-8bd3-04fae842b017	TCGA-SARC.89c146f4-b242-4a27-aec9-6807ce85e494.ascat3.gene_level_copy_number.v36.tsv	7d90778e-3659-4754-8bd3-04fae842b017
open	e5608743-59c4-4846-96b5-b3d36efbed85	TCGA-MB-A5Y9	Copy Number Variation	TXT	Genotyping Array	84942d65-8674-4c72-973c-de1a1941880b	BURSA_p_TCGA_303_304_305_N_GenomeWideSNP_6_C06_1344704.nocnv_grch38.seg.v2.txt	84942d65-8674-4c72-973c-de1a1941880b
open	e5608743-59c4-4846-96b5-b3d36efbed85	TCGA-MB-A5Y9	Copy Number Variation	TSV	Genotyping Array	851ecaf6-7fda-4d40-b0b6-d815d3e8e005	TCGA-SARC.8e442e14-271d-4290-825c-f6bcd65ef424.absolute_liftover.gene_level_copy_number.v36.tsv	851ecaf6-7fda-4d40-b0b6-d815d3e8e005
open	c9a5b051-0503-4aae-8bc6-270af3033326	TCGA-DX-A6Z0	Copy Number Variation	TSV	Genotyping Array	e38099c2-89a5-48a8-a631-5327107a6630	TCGA-SARC.d05c9382-f7d9-42db-8a39-84a11713317c.absolute_liftover.gene_level_copy_number.v36.tsv	e38099c2-89a5-48a8-a631-5327107a6630
open	e5608743-59c4-4846-96b5-b3d36efbed85	TCGA-MB-A5Y9	Copy Number Variation	TXT	Genotyping Array	ebc493e9-14c0-4589-b1e5-f1ef05d41661	BURSA_p_TCGA_303_304_305_N_GenomeWideSNP_6_C06_1344704.grch38.seg.v2.txt	ebc493e9-14c0-4589-b1e5-f1ef05d41661
controlled	c9a5b051-0503-4aae-8bc6-270af3033326	TCGA-DX-A6Z0	Copy Number Variation	CEL	Genotyping Array	ccf2ffbb-8d0c-4742-8c8e-936ebea27182	HONGS_p_TCGAb3_75_76_77_NSP_GenomeWideSNP_6_F01_1438276.CEL	ccf2ffbb-8d0c-4742-8c8e-936ebea27182
open	bfb21f9b-31af-4ecc-a4f4-d7d3f5728e01	TCGA-3B-A9HR	Copy Number Variation	TXT	Genotyping Array	a35f5d4d-4450-42e1-8e00-254f8381172b	TCGA-SARC.71811cfc-2ce8-4774-947f-8bb0d312de0b.ascat3.allelic_specific.seg.txt	a35f5d4d-4450-42e1-8e00-254f8381172b
open	e5608743-59c4-4846-96b5-b3d36efbed85	TCGA-MB-A5Y9	Copy Number Variation	TXT	Genotyping Array	e23fef32-fb3b-4598-9b62-f9ed7351739d	TCGA-SARC.8e442e14-271d-4290-825c-f6bcd65ef424.ascat3.allelic_specific.seg.txt	e23fef32-fb3b-4598-9b62-f9ed7351739d
open	dc18ccea-b332-4fac-b49b-1e0217ad025b	TCGA-PC-A5DN	Copy Number Variation	TXT	Genotyping Array	0b781970-279c-400f-98ef-88aebeef36eb	VIBES_p_TCGA_290_291_292_293_S_GenomeWideSNP_6_F05_1362426.nocnv_grch38.seg.v2.txt	0b781970-279c-400f-98ef-88aebeef36eb
open	dc18ccea-b332-4fac-b49b-1e0217ad025b	TCGA-PC-A5DN	Copy Number Variation	TXT	Genotyping Array	0ee2b9f9-5634-43c8-b49c-5f2a2559dee9	VIBES_p_TCGA_290_291_292_293_S_GenomeWideSNP_6_F07_1362564.nocnv_grch38.seg.v2.txt	0ee2b9f9-5634-43c8-b49c-5f2a2559dee9
open	d51b9939-aef7-426b-a57f-01c3684e2dc2	TCGA-RN-A68Q	Copy Number Variation	TXT	Genotyping Array	06e870c3-1ee9-4ea5-a899-836d3c742bae	RICES_p_TCGA_Batch_310_311_NSP_GenomeWideSNP_6_A11_1361986.grch38.seg.v2.txt	06e870c3-1ee9-4ea5-a899-836d3c742bae
controlled	d51b9939-aef7-426b-a57f-01c3684e2dc2	TCGA-RN-A68Q	Simple Nucleotide Variation	TSV	Genotyping Array	f88584fd-bde5-4140-8068-1602d91a7fc5	RICES_p_TCGA_Batch_310_311_NSP_GenomeWideSNP_6_A11_1361986.birdseed.data.txt	f88584fd-bde5-4140-8068-1602d91a7fc5
controlled	d51b9939-aef7-426b-a57f-01c3684e2dc2	TCGA-RN-A68Q	Copy Number Variation	CEL	Genotyping Array	7fccf231-1874-4a84-87a9-03ce6d265b54	RICES_p_TCGA_Batch_310_311_NSP_GenomeWideSNP_6_A11_1361986.CEL	7fccf231-1874-4a84-87a9-03ce6d265b54
open	c9a5b051-0503-4aae-8bc6-270af3033326	TCGA-DX-A6Z0	Copy Number Variation	TXT	Genotyping Array	41868e04-bd23-418c-a62f-7b8903deeed3	HONGS_p_TCGAb3_75_76_77_NSP_GenomeWideSNP_6_F01_1438276.nocnv_grch38.seg.v2.txt	41868e04-bd23-418c-a62f-7b8903deeed3
open	c9a5b051-0503-4aae-8bc6-270af3033326	TCGA-DX-A6Z0	Copy Number Variation	TXT	Genotyping Array	5839f4a6-bd1d-4e52-88a4-adfa6a6f1c32	HONGS_p_TCGAb3_75_76_77_NSP_GenomeWideSNP_6_F01_1438276.grch38.seg.v2.txt	5839f4a6-bd1d-4e52-88a4-adfa6a6f1c32
controlled	e786de34-4c21-460f-89ab-008de4347049	TCGA-DX-A3LU	Copy Number Variation	CEL	Genotyping Array	6c4e49ed-bff0-42ec-be13-8357d6a4773e	MACON_p_TCGASNP_218_AML_PP_N_GenomeWideSNP_6_D08_1040146.CEL	6c4e49ed-bff0-42ec-be13-8357d6a4773e
controlled	cabd63ee-d833-47b0-9a0b-8a046d260af1	TCGA-DX-AB3A	Simple Nucleotide Variation	TSV	Genotyping Array	cf68a6f3-89a5-48b4-9ec4-c677032a3fb8	CUBES_p_TCGAb_425_426_427_NSP_GenomeWideSNP_6_F04_1513916.birdseed.data.txt	cf68a6f3-89a5-48b4-9ec4-c677032a3fb8
controlled	de0cfb5d-0db6-4bf9-8a92-c5de4208bb04	TCGA-Z4-A8JB	Copy Number Variation	CEL	Genotyping Array	64ffa2c6-9e17-4b76-9315-ffda52567d02	VISTA_p_TCGAb_383_384_NSP_GenomeWideSNP_6_B07_1465016.CEL	64ffa2c6-9e17-4b76-9315-ffda52567d02
controlled	cabd63ee-d833-47b0-9a0b-8a046d260af1	TCGA-DX-AB3A	Copy Number Variation	CEL	Genotyping Array	951eec3f-50ab-493e-84fb-2b9f751781f5	CUBES_p_TCGAb_425_426_427_NSP_GenomeWideSNP_6_F05_1514060.CEL	951eec3f-50ab-493e-84fb-2b9f751781f5
open	d680595d-2956-4780-8ea4-e815edb0706d	TCGA-DX-A7EU	Copy Number Variation	TXT	Genotyping Array	9ab6f889-3463-4cf2-baf3-d6616dd38b92	HONGS_p_TCGAb3_75_76_77_NSP_GenomeWideSNP_6_F02_1438238.nocnv_grch38.seg.v2.txt	9ab6f889-3463-4cf2-baf3-d6616dd38b92
controlled	c030f196-9591-4b0e-ad72-2320f277773b	TCGA-QQ-A5V2	Simple Nucleotide Variation	TSV	Genotyping Array	bb133592-08fa-49fc-944e-e6e566bcfe92	THREW_p_TCGAb_329_335_336_NSP_GenomeWideSNP_6_F01_1367228.birdseed.data.txt	bb133592-08fa-49fc-944e-e6e566bcfe92
open	de277edb-4543-4bd7-8f86-206c18b54d8d	TCGA-DX-A48P	Copy Number Variation	TSV	Genotyping Array	8a2a7c15-b714-46f3-9b9b-a7efa13d8f77	TCGA-SARC.9770e332-3bd1-4585-b5eb-b4a137e50cf5.absolute_liftover.gene_level_copy_number.v36.tsv	8a2a7c15-b714-46f3-9b9b-a7efa13d8f77
controlled	c030f196-9591-4b0e-ad72-2320f277773b	TCGA-QQ-A5V2	Simple Nucleotide Variation	TSV	Genotyping Array	af55247e-8127-4bdc-9b59-c34ed1827573	THREW_p_TCGAb_329_335_336_NSP_GenomeWideSNP_6_F02_1367124.birdseed.data.txt	af55247e-8127-4bdc-9b59-c34ed1827573
open	de277edb-4543-4bd7-8f86-206c18b54d8d	TCGA-DX-A48P	Copy Number Variation	TSV	Genotyping Array	b31e2c83-6596-400d-be33-a9e359835ca5	TCGA-SARC.9770e332-3bd1-4585-b5eb-b4a137e50cf5.ascat3.gene_level_copy_number.v36.tsv	b31e2c83-6596-400d-be33-a9e359835ca5
open	ef273fe6-aab0-41eb-94f7-cca980bf789e	TCGA-DX-A7EL	Copy Number Variation	TXT	Genotyping Array	295ca446-03da-44b0-affb-b2018fc067fa	HEIGH_p_TCGAb418_19_21_BCR_NSP_GenomeWideSNP_6_G12_1485758.nocnv_grch38.seg.v2.txt	295ca446-03da-44b0-affb-b2018fc067fa
open	de277edb-4543-4bd7-8f86-206c18b54d8d	TCGA-DX-A48P	Copy Number Variation	TXT	Genotyping Array	220ed56a-d0ae-4468-a95e-baa41af9010c	SNOWS_p_TCGA_Batch_309_310_NSP_GenomeWideSNP_6_E12_1362174.nocnv_grch38.seg.v2.txt	220ed56a-d0ae-4468-a95e-baa41af9010c
open	ef273fe6-aab0-41eb-94f7-cca980bf789e	TCGA-DX-A7EL	Copy Number Variation	TXT	Genotyping Array	261dcd94-6d30-43eb-a270-ed856bf0f6e8	TCGA-SARC.6d5b50b8-fff5-4fff-8b4f-33eec15e5ad0.ascat2.allelic_specific.seg.txt	261dcd94-6d30-43eb-a270-ed856bf0f6e8
open	de277edb-4543-4bd7-8f86-206c18b54d8d	TCGA-DX-A48P	Copy Number Variation	TXT	Genotyping Array	4c854a00-451e-46a2-9d44-6e9fca4fb11d	TCGA-SARC.9770e332-3bd1-4585-b5eb-b4a137e50cf5.ascat3.allelic_specific.seg.txt	4c854a00-451e-46a2-9d44-6e9fca4fb11d
open	d7d9204b-b85e-4260-8a54-c39e7847e982	TCGA-SG-A849	Copy Number Variation	TSV	Genotyping Array	4996d086-40e7-4abd-9411-53e6776cc44f	TCGA-SARC.00e80dbf-ab3c-4920-a3bc-9d8225a4030c.ascat3.gene_level_copy_number.v36.tsv	4996d086-40e7-4abd-9411-53e6776cc44f
open	c05498e7-5b93-4acb-9d91-3a505116558d	TCGA-KD-A5QT	Copy Number Variation	TXT	Genotyping Array	e04bfc60-8e03-40a9-8099-33a2826fc623	VIBES_p_TCGA_290_291_292_293_S_GenomeWideSNP_6_G04_1362466.nocnv_grch38.seg.v2.txt	e04bfc60-8e03-40a9-8099-33a2826fc623
controlled	c05498e7-5b93-4acb-9d91-3a505116558d	TCGA-KD-A5QT	Copy Number Variation	CEL	Genotyping Array	b400d0d9-6a30-4052-96af-9cda7779ef68	VIBES_p_TCGA_290_291_292_293_S_GenomeWideSNP_6_G04_1362466.CEL	b400d0d9-6a30-4052-96af-9cda7779ef68
controlled	de509aa1-6f20-480f-bf9d-d6bc04a7f72c	TCGA-RN-AAAQ	Simple Nucleotide Variation	TSV	Genotyping Array	e2a96a6f-b7ce-46ee-8e7a-366290e4150f	PRION_p_TCGAb_410_11_12_13_NSP_GenomeWideSNP_6_F03_1486590.birdseed.data.txt	e2a96a6f-b7ce-46ee-8e7a-366290e4150f
open	de509aa1-6f20-480f-bf9d-d6bc04a7f72c	TCGA-RN-AAAQ	Copy Number Variation	TXT	Genotyping Array	ae42ecb3-7b3d-4615-9c83-46b95777f9ad	PRION_p_TCGAb_410_11_12_13_NSP_GenomeWideSNP_6_F03_1486590.nocnv_grch38.seg.v2.txt	ae42ecb3-7b3d-4615-9c83-46b95777f9ad
open	c1bab0e5-4cb2-4d9a-ae92-673fe7967fde	TCGA-PC-A5DK	Copy Number Variation	TXT	Genotyping Array	869eb3df-f74f-4655-b803-c5567e356a19	TCGA-SARC.d9153f60-6862-43d5-8ba4-1b2712af9e0e.ascat3.allelic_specific.seg.txt	869eb3df-f74f-4655-b803-c5567e356a19
open	e7a72f7e-77b1-4d95-8f37-39a6cffc35dc	TCGA-DX-A3LT	Copy Number Variation	TXT	Genotyping Array	7b1690d7-8ac7-4173-bc90-74d9855c6fea	MACON_p_TCGASNP_218_AML_PP_N_GenomeWideSNP_6_C07_1040084.nocnv_grch38.seg.v2.txt	7b1690d7-8ac7-4173-bc90-74d9855c6fea
open	f693eec9-cd6e-4696-882f-a6dffe481df9	TCGA-DX-A6BF	Copy Number Variation	TXT	Genotyping Array	482c0199-fa1a-4ab0-b886-9a350d32ff47	SNOWS_p_TCGA_Batch_309_310_NSP_GenomeWideSNP_6_G03_1362020.grch38.seg.v2.txt	482c0199-fa1a-4ab0-b886-9a350d32ff47
open	c1bab0e5-4cb2-4d9a-ae92-673fe7967fde	TCGA-PC-A5DK	Copy Number Variation	TXT	Genotyping Array	76e5976f-53e3-41fe-ba6a-f993dfb2ff7a	VIBES_p_TCGA_290_291_292_293_S_GenomeWideSNP_6_G11_1362390.grch38.seg.v2.txt	76e5976f-53e3-41fe-ba6a-f993dfb2ff7a
open	df4954d3-8334-4b0b-a781-43c12d03d604	TCGA-X6-A7WD	Copy Number Variation	TSV	Genotyping Array	99286518-67d2-4787-b8d8-24906da56a0c	TCGA-SARC.a5352888-9ed9-4264-ae02-a1ad3e3b20f4.absolute_liftover.gene_level_copy_number.v36.tsv	99286518-67d2-4787-b8d8-24906da56a0c
open	df4954d3-8334-4b0b-a781-43c12d03d604	TCGA-X6-A7WD	Copy Number Variation	TXT	Genotyping Array	dee71650-d5ab-417b-b286-fdde8566cfc5	TCGA-SARC.a5352888-9ed9-4264-ae02-a1ad3e3b20f4.ascat3.allelic_specific.seg.txt	dee71650-d5ab-417b-b286-fdde8566cfc5
open	f2fcb8c3-4679-4753-8887-bf4c2781df3a	TCGA-DX-A48U	Copy Number Variation	TSV	Genotyping Array	bde63d43-c24b-4162-818c-8a994beef56b	TCGA-SARC.c9ee5b6a-1b79-4bc7-a93d-e3c52f77d216.gene_level_copy_number.v36.tsv	bde63d43-c24b-4162-818c-8a994beef56b
open	e7a72f7e-77b1-4d95-8f37-39a6cffc35dc	TCGA-DX-A3LT	Copy Number Variation	TXT	Genotyping Array	dc9fe49e-f321-4a3b-89ca-47a0aaed9775	TCGA-SARC.8f96eddc-fd74-4bca-9539-fdd866750bf4.ascat2.allelic_specific.seg.txt	dc9fe49e-f321-4a3b-89ca-47a0aaed9775
controlled	f75d2589-fd7b-49a1-a1c8-0b4726b81f3c	TCGA-DX-A2J4	Simple Nucleotide Variation	TSV	Genotyping Array	ddce84ad-1a87-435f-a85f-5391330463d1	MACON_p_TCGASNP_218_AML_PP_N_GenomeWideSNP_6_A08_1040110.birdseed.data.txt	ddce84ad-1a87-435f-a85f-5391330463d1
open	f75d2589-fd7b-49a1-a1c8-0b4726b81f3c	TCGA-DX-A2J4	Copy Number Variation	TXT	Genotyping Array	af45e253-9e46-4f9c-8abc-8fcc4149f3ee	TCGA-SARC.c5b15050-291f-4f2c-93da-1c5b2a206533.ascat3.allelic_specific.seg.txt	af45e253-9e46-4f9c-8abc-8fcc4149f3ee
open	f39cf57e-e8e6-428b-b1ce-3ecc52eecf92	TCGA-3R-A8YX	Copy Number Variation	TSV	Genotyping Array	6b48a2e9-c8e5-4067-ba61-097c52694690	TCGA-SARC.4fb4becf-3826-4639-96d5-4fb2fd0fb550.absolute_liftover.gene_level_copy_number.v36.tsv	6b48a2e9-c8e5-4067-ba61-097c52694690
controlled	f75d2589-fd7b-49a1-a1c8-0b4726b81f3c	TCGA-DX-A2J4	Simple Nucleotide Variation	TSV	Genotyping Array	dc8bcb4f-d2a9-46e5-b5a5-1a06f41d254f	MACON_p_TCGASNP_218_AML_PP_N_GenomeWideSNP_6_D07_1040164.birdseed.data.txt	dc8bcb4f-d2a9-46e5-b5a5-1a06f41d254f
open	e987c47d-6ecb-41bb-a66f-a0489e56449f	TCGA-DX-A8BL	Copy Number Variation	TXT	Genotyping Array	38836560-5a13-4651-bc1c-0f48abb78393	TCGA-SARC.cfeb9c17-ceb5-40b5-9459-dfc41a377a66.ascat3.allelic_specific.seg.txt	38836560-5a13-4651-bc1c-0f48abb78393
open	f75d2589-fd7b-49a1-a1c8-0b4726b81f3c	TCGA-DX-A2J4	Copy Number Variation	TSV	Genotyping Array	bb654fcd-e6a5-477a-9d27-39115108537f	TCGA-SARC.c5b15050-291f-4f2c-93da-1c5b2a206533.absolute_liftover.gene_level_copy_number.v36.tsv	bb654fcd-e6a5-477a-9d27-39115108537f
open	f39cf57e-e8e6-428b-b1ce-3ecc52eecf92	TCGA-3R-A8YX	Copy Number Variation	TXT	Genotyping Array	3cd3903e-64e9-4f54-a0ae-b19c7cfd6557	VISTA_p_TCGAb_383_384_NSP_GenomeWideSNP_6_A07_1464830.nocnv_grch38.seg.v2.txt	3cd3903e-64e9-4f54-a0ae-b19c7cfd6557
open	f39cf57e-e8e6-428b-b1ce-3ecc52eecf92	TCGA-3R-A8YX	Copy Number Variation	TSV	Genotyping Array	9dfca59c-1ea9-4ed4-9b59-be4dacde8c16	TCGA-SARC.4fb4becf-3826-4639-96d5-4fb2fd0fb550.ascat3.gene_level_copy_number.v36.tsv	9dfca59c-1ea9-4ed4-9b59-be4dacde8c16
open	df4954d3-8334-4b0b-a781-43c12d03d604	TCGA-X6-A7WD	Copy Number Variation	TSV	Genotyping Array	264273bd-1757-44f4-856b-863fda8a27a3	TCGA-SARC.a5352888-9ed9-4264-ae02-a1ad3e3b20f4.ascat3.gene_level_copy_number.v36.tsv	264273bd-1757-44f4-856b-863fda8a27a3
open	f94615ea-551c-4f63-af0d-5e49c87fc66e	TCGA-3B-A9HP	Copy Number Variation	TSV	Genotyping Array	be1b6ff0-e021-4b8e-81a0-12d485ca1b93	TCGA-SARC.4b0d3f45-7715-46ba-8f03-d531d59e2634.gene_level_copy_number.v36.tsv	be1b6ff0-e021-4b8e-81a0-12d485ca1b93
open	e987c47d-6ecb-41bb-a66f-a0489e56449f	TCGA-DX-A8BL	Copy Number Variation	TXT	Genotyping Array	48a73298-a6ac-4802-8c13-32036e31a48b	CUBES_p_TCGAb_425_426_427_NSP_GenomeWideSNP_6_E01_1514052.grch38.seg.v2.txt	48a73298-a6ac-4802-8c13-32036e31a48b
open	e0b298e0-0d11-4cc8-a9fa-7f2cc9f1d6e9	TCGA-Z4-AAPF	Copy Number Variation	TXT	Genotyping Array	d7697e21-9811-4794-9f84-dd39035f8a72	TCGA-SARC.fd88b143-f58c-4d24-984c-0024ad172700.ascat2.allelic_specific.seg.txt	d7697e21-9811-4794-9f84-dd39035f8a72
controlled	e987c47d-6ecb-41bb-a66f-a0489e56449f	TCGA-DX-A8BL	Copy Number Variation	CEL	Genotyping Array	1dbbd711-894d-4e92-9a13-1dbbe2ceffda	CUBES_p_TCGAb_425_426_427_NSP_GenomeWideSNP_6_E01_1514052.CEL	1dbbd711-894d-4e92-9a13-1dbbe2ceffda
open	f94615ea-551c-4f63-af0d-5e49c87fc66e	TCGA-3B-A9HP	Copy Number Variation	TXT	Genotyping Array	592909e7-40a7-4a08-83df-c756910a53e7	ENATE_p_TCGAb_394_395_396_NSP_GenomeWideSNP_6_D12_1474112.grch38.seg.v2.txt	592909e7-40a7-4a08-83df-c756910a53e7
open	f94615ea-551c-4f63-af0d-5e49c87fc66e	TCGA-3B-A9HP	Copy Number Variation	TSV	Genotyping Array	618b3cc5-cad1-45ef-9530-6128f15c9b77	TCGA-SARC.4b0d3f45-7715-46ba-8f03-d531d59e2634.ascat3.gene_level_copy_number.v36.tsv	618b3cc5-cad1-45ef-9530-6128f15c9b77
open	e987c47d-6ecb-41bb-a66f-a0489e56449f	TCGA-DX-A8BL	Copy Number Variation	TXT	Genotyping Array	7205900f-6358-45ef-a9ec-a24e8ed57d34	CUBES_p_TCGAb_425_426_427_NSP_GenomeWideSNP_6_D12_1513918.grch38.seg.v2.txt	7205900f-6358-45ef-a9ec-a24e8ed57d34
open	f4852819-6c2d-45f7-8479-5e79f143c7b5	TCGA-KD-A5QS	Copy Number Variation	TXT	Genotyping Array	04fe661c-1179-41f7-a467-80defea1f688	VIBES_p_TCGA_290_291_292_293_S_GenomeWideSNP_6_G03_1362492.grch38.seg.v2.txt	04fe661c-1179-41f7-a467-80defea1f688
open	ea0e5ae7-1f15-4504-aea3-efd1f6733304	TCGA-DX-A1KU	Copy Number Variation	TSV	Genotyping Array	04c16fb2-a9ea-46e1-a5ed-3cf4f7758d5e	TCGA-SARC.48b516b7-49be-422c-952d-078a99276d70.gene_level_copy_number.v36.tsv	04c16fb2-a9ea-46e1-a5ed-3cf4f7758d5e
controlled	f4852819-6c2d-45f7-8479-5e79f143c7b5	TCGA-KD-A5QS	Simple Nucleotide Variation	TSV	Genotyping Array	71ee6f21-eb74-4eca-b90e-6dce0656563d	VIBES_p_TCGA_290_291_292_293_S_GenomeWideSNP_6_G02_1362498.birdseed.data.txt	71ee6f21-eb74-4eca-b90e-6dce0656563d
open	f9ceee8b-aa08-4123-ba70-76b3cbfc50e6	TCGA-DX-A6YT	Copy Number Variation	TSV	Genotyping Array	daf06126-49bf-4cf8-8621-b2ef13e0d868	TCGA-SARC.68c618ba-8d9b-4db9-b2b8-85be5daeda97.absolute_liftover.gene_level_copy_number.v36.tsv	daf06126-49bf-4cf8-8621-b2ef13e0d868
open	f4852819-6c2d-45f7-8479-5e79f143c7b5	TCGA-KD-A5QS	Copy Number Variation	TXT	Genotyping Array	8a04fd2e-5093-496f-a0e3-e3b88841ac6d	TCGA-SARC.479d61d7-b682-4760-8fea-92b7e52c802a.ascat3.allelic_specific.seg.txt	8a04fd2e-5093-496f-a0e3-e3b88841ac6d
open	f519be07-434e-4eb2-acf9-318565b83d50	TCGA-K1-A3PN	Copy Number Variation	TSV	Genotyping Array	098a3079-14cd-4933-8cdf-b42c89463cad	TCGA-SARC.1e1caf9c-70f1-4184-8ee2-871bd9ac81dc.gene_level_copy_number.v36.tsv	098a3079-14cd-4933-8cdf-b42c89463cad
open	f9ceee8b-aa08-4123-ba70-76b3cbfc50e6	TCGA-DX-A6YT	Copy Number Variation	TSV	Genotyping Array	be5344ad-3a5b-44ee-a1a6-a4ee35aa5800	TCGA-SARC.68c618ba-8d9b-4db9-b2b8-85be5daeda97.gene_level_copy_number.v36.tsv	be5344ad-3a5b-44ee-a1a6-a4ee35aa5800
controlled	f9ceee8b-aa08-4123-ba70-76b3cbfc50e6	TCGA-DX-A6YT	Copy Number Variation	CEL	Genotyping Array	8ff35f5f-93dc-4fdf-9baf-558a07b685a3	TAZZA_p_TCGAb3_62_63_64_65_NSP_GenomeWideSNP_6_C09_1387824.CEL	8ff35f5f-93dc-4fdf-9baf-558a07b685a3
open	ea0e5ae7-1f15-4504-aea3-efd1f6733304	TCGA-DX-A1KU	Copy Number Variation	TSV	Genotyping Array	86963c71-68ad-469d-a917-3b00cca7333f	TCGA-SARC.48b516b7-49be-422c-952d-078a99276d70.absolute_liftover.gene_level_copy_number.v36.tsv	86963c71-68ad-469d-a917-3b00cca7333f
open	ea3a524b-6ee3-4904-8924-29fcaa20985c	TCGA-DX-A3U7	Copy Number Variation	TXT	Genotyping Array	224a8e04-d987-4500-a3c6-4ee0a0146617	TCGA-SARC.58b86005-dc20-4c52-be98-ee91d159f5c2.ascat3.allelic_specific.seg.txt	224a8e04-d987-4500-a3c6-4ee0a0146617
controlled	ea3a524b-6ee3-4904-8924-29fcaa20985c	TCGA-DX-A3U7	Copy Number Variation	CEL	Genotyping Array	a2b59360-30eb-4aff-a323-2de5caf26b45	BURSA_p_TCGA_303_304_305_N_GenomeWideSNP_6_D05_1344818.CEL	a2b59360-30eb-4aff-a323-2de5caf26b45
open	f9ceee8b-aa08-4123-ba70-76b3cbfc50e6	TCGA-DX-A6YT	Copy Number Variation	TXT	Genotyping Array	59a3b899-0c4b-4c2e-b9bd-1f491e06e240	TAZZA_p_TCGAb3_62_63_64_65_NSP_GenomeWideSNP_6_C09_1387824.grch38.seg.v2.txt	59a3b899-0c4b-4c2e-b9bd-1f491e06e240
controlled	f9ceee8b-aa08-4123-ba70-76b3cbfc50e6	TCGA-DX-A6YT	Simple Nucleotide Variation	TSV	Genotyping Array	07a6cbfb-3d00-4d26-a75f-9f0b14dd92c3	TAZZA_p_TCGAb3_62_63_64_65_NSP_GenomeWideSNP_6_C10_1387936.birdseed.data.txt	07a6cbfb-3d00-4d26-a75f-9f0b14dd92c3
controlled	ea3a524b-6ee3-4904-8924-29fcaa20985c	TCGA-DX-A3U7	Simple Nucleotide Variation	TSV	Genotyping Array	44e82115-4a3f-46cb-a93a-83f08ff2c293	BURSA_p_TCGA_303_304_305_N_GenomeWideSNP_6_B09_1344792.birdseed.data.txt	44e82115-4a3f-46cb-a93a-83f08ff2c293
open	ea3a524b-6ee3-4904-8924-29fcaa20985c	TCGA-DX-A3U7	Copy Number Variation	TSV	Genotyping Array	ae8b2aad-0537-4a31-b6c1-c3b9a90b6695	TCGA-SARC.58b86005-dc20-4c52-be98-ee91d159f5c2.ascat3.gene_level_copy_number.v36.tsv	ae8b2aad-0537-4a31-b6c1-c3b9a90b6695
controlled	fbc32608-52ae-48ca-bb4a-ec29c1d82b8b	TCGA-WK-A8XO	Copy Number Variation	CEL	Genotyping Array	a466ca1f-6460-4881-a3fb-d52bc03a3f47	VISTA_p_TCGAb_383_384_NSP_GenomeWideSNP_6_D05_1464872.CEL	a466ca1f-6460-4881-a3fb-d52bc03a3f47
open	f519be07-434e-4eb2-acf9-318565b83d50	TCGA-K1-A3PN	Copy Number Variation	TXT	Genotyping Array	3284bcff-df8e-490f-97c0-685e470567d0	FLUES_p_TCGASNP_228_229_230_N_GenomeWideSNP_6_D06_1148922.grch38.seg.v2.txt	3284bcff-df8e-490f-97c0-685e470567d0
open	fbc32608-52ae-48ca-bb4a-ec29c1d82b8b	TCGA-WK-A8XO	Copy Number Variation	TXT	Genotyping Array	d321b2b8-9b6c-41f6-91aa-6dd44378928e	VISTA_p_TCGAb_383_384_NSP_GenomeWideSNP_6_D04_1464972.nocnv_grch38.seg.v2.txt	d321b2b8-9b6c-41f6-91aa-6dd44378928e
controlled	f519be07-434e-4eb2-acf9-318565b83d50	TCGA-K1-A3PN	Simple Nucleotide Variation	TSV	Genotyping Array	0894eb7a-2cb7-40e9-a392-a8af23d30c7a	FLUES_p_TCGASNP_228_229_230_N_GenomeWideSNP_6_E09_1148868.birdseed.data.txt	0894eb7a-2cb7-40e9-a392-a8af23d30c7a
open	fbc32608-52ae-48ca-bb4a-ec29c1d82b8b	TCGA-WK-A8XO	Copy Number Variation	TXT	Genotyping Array	66757005-a145-40cc-b1c2-8ce1b10ba64d	VISTA_p_TCGAb_383_384_NSP_GenomeWideSNP_6_D04_1464972.grch38.seg.v2.txt	66757005-a145-40cc-b1c2-8ce1b10ba64d
open	f519be07-434e-4eb2-acf9-318565b83d50	TCGA-K1-A3PN	Copy Number Variation	TXT	Genotyping Array	a6eb6ff2-da64-4d24-90a4-1c6f51d243cb	FLUES_p_TCGASNP_228_229_230_N_GenomeWideSNP_6_E09_1148868.grch38.seg.v2.txt	a6eb6ff2-da64-4d24-90a4-1c6f51d243cb
controlled	ea3a524b-6ee3-4904-8924-29fcaa20985c	TCGA-DX-A3U7	Simple Nucleotide Variation	TSV	Genotyping Array	ed3fb894-8338-41c8-a854-410970ab5ec8	BURSA_p_TCGA_303_304_305_N_GenomeWideSNP_6_D05_1344818.birdseed.data.txt	ed3fb894-8338-41c8-a854-410970ab5ec8
open	fbc32608-52ae-48ca-bb4a-ec29c1d82b8b	TCGA-WK-A8XO	Copy Number Variation	TXT	Genotyping Array	741dc5f7-deb9-496d-8172-a113483ba909	TCGA-SARC.47e3b38e-8036-4bf9-be8d-955262c40b85.ascat2.allelic_specific.seg.txt	741dc5f7-deb9-496d-8172-a113483ba909
open	ecc74d54-d929-4dd0-b9ec-e03163343f9a	TCGA-DX-A6YX	Copy Number Variation	TXT	Genotyping Array	195a7df1-e7bc-4ded-8a4b-95c441db0cd1	CUBES_p_TCGAb_425_426_427_NSP_GenomeWideSNP_6_E11_1514090.nocnv_grch38.seg.v2.txt	195a7df1-e7bc-4ded-8a4b-95c441db0cd1
controlled	fbc32608-52ae-48ca-bb4a-ec29c1d82b8b	TCGA-WK-A8XO	Simple Nucleotide Variation	TSV	Genotyping Array	40d2cc1f-3db4-4668-bdd6-be3f8e8241d3	VISTA_p_TCGAb_383_384_NSP_GenomeWideSNP_6_D05_1464872.birdseed.data.txt	40d2cc1f-3db4-4668-bdd6-be3f8e8241d3
open	f519be07-434e-4eb2-acf9-318565b83d50	TCGA-K1-A3PN	Copy Number Variation	TXT	Genotyping Array	cc619713-bba9-476c-90a2-95bd706e5299	FLUES_p_TCGASNP_228_229_230_N_GenomeWideSNP_6_E09_1148868.nocnv_grch38.seg.v2.txt	cc619713-bba9-476c-90a2-95bd706e5299
controlled	fd93cabe-fb8d-4a46-97ee-60051110237a	TCGA-DX-A48O	Copy Number Variation	CEL	Genotyping Array	f68e69e7-36ae-4344-a6d6-4c7919786940	SNOWS_p_TCGA_Batch_309_310_NSP_GenomeWideSNP_6_E11_1362158.CEL	f68e69e7-36ae-4344-a6d6-4c7919786940
controlled	ecc74d54-d929-4dd0-b9ec-e03163343f9a	TCGA-DX-A6YX	Copy Number Variation	CEL	Genotyping Array	15e717e7-9c4a-45f9-b8e4-820383f9ff77	CUBES_p_TCGAb_425_426_427_NSP_GenomeWideSNP_6_E11_1514090.CEL	15e717e7-9c4a-45f9-b8e4-820383f9ff77
controlled	fd93cabe-fb8d-4a46-97ee-60051110237a	TCGA-DX-A48O	Simple Nucleotide Variation	TSV	Genotyping Array	11bf2bcf-a57d-4831-89a6-8e039e2f0e27	SNOWS_p_TCGA_Batch_309_310_NSP_GenomeWideSNP_6_E10_1362018.birdseed.data.txt	11bf2bcf-a57d-4831-89a6-8e039e2f0e27
open	f6534e53-ea96-4e51-b93f-8aa045f6775d	TCGA-DX-AB2O	Copy Number Variation	TXT	Genotyping Array	6104ea4f-c74b-4cde-808a-b02b0ce69354	PRION_p_TCGAb_410_11_12_13_NSP_GenomeWideSNP_6_F01_1486728.nocnv_grch38.seg.v2.txt	6104ea4f-c74b-4cde-808a-b02b0ce69354
controlled	f6534e53-ea96-4e51-b93f-8aa045f6775d	TCGA-DX-AB2O	Copy Number Variation	CEL	Genotyping Array	666a790e-93dc-4627-9909-01dbbc02d02e	PRION_p_TCGAb_410_11_12_13_NSP_GenomeWideSNP_6_E12_1486606.CEL	666a790e-93dc-4627-9909-01dbbc02d02e
open	f6534e53-ea96-4e51-b93f-8aa045f6775d	TCGA-DX-AB2O	Copy Number Variation	TSV	Genotyping Array	b83992e9-2621-45bc-b3db-d598cb7ba0e7	TCGA-SARC.d5407aa9-65ec-40e1-8d00-2957ce7fb345.gene_level_copy_number.v36.tsv	b83992e9-2621-45bc-b3db-d598cb7ba0e7
controlled	ecc74d54-d929-4dd0-b9ec-e03163343f9a	TCGA-DX-A6YX	Simple Nucleotide Variation	TSV	Genotyping Array	0069f2a5-f887-4a2c-bc4f-c7b5a25b0382	CUBES_p_TCGAb_425_426_427_NSP_GenomeWideSNP_6_E10_1514070.birdseed.data.txt	0069f2a5-f887-4a2c-bc4f-c7b5a25b0382
open	fd93cabe-fb8d-4a46-97ee-60051110237a	TCGA-DX-A48O	Copy Number Variation	TXT	Genotyping Array	d66d5159-7264-4fad-94e4-87675e9b07ce	SNOWS_p_TCGA_Batch_309_310_NSP_GenomeWideSNP_6_E11_1362158.nocnv_grch38.seg.v2.txt	d66d5159-7264-4fad-94e4-87675e9b07ce
open	fd93cabe-fb8d-4a46-97ee-60051110237a	TCGA-DX-A48O	Copy Number Variation	TXT	Genotyping Array	263afbd3-dbf9-49ab-bff3-db2c56f6f826	SNOWS_p_TCGA_Batch_309_310_NSP_GenomeWideSNP_6_E11_1362158.grch38.seg.v2.txt	263afbd3-dbf9-49ab-bff3-db2c56f6f826
open	fd93cabe-fb8d-4a46-97ee-60051110237a	TCGA-DX-A48O	Copy Number Variation	TXT	Genotyping Array	defc5f1c-c8f9-4661-9a3a-92b910be97ee	SNOWS_p_TCGA_Batch_309_310_NSP_GenomeWideSNP_6_E10_1362018.grch38.seg.v2.txt	defc5f1c-c8f9-4661-9a3a-92b910be97ee
open	f6534e53-ea96-4e51-b93f-8aa045f6775d	TCGA-DX-AB2O	Copy Number Variation	TXT	Genotyping Array	56e4134e-69eb-463b-9242-f132fbab3726	TCGA-SARC.d5407aa9-65ec-40e1-8d00-2957ce7fb345.ascat3.allelic_specific.seg.txt	56e4134e-69eb-463b-9242-f132fbab3726
open	cd73a55f-03c1-4da0-9fa7-1ae4a263664e	TCGA-DX-A1KW	Copy Number Variation	TSV	Genotyping Array	6bf1722c-a189-49f5-bd59-298cbc211b14	TCGA-SARC.1eb75a8e-2315-43ee-b91c-a55d298524b9.ascat3.gene_level_copy_number.v36.tsv	6bf1722c-a189-49f5-bd59-298cbc211b14
open	9393e4f1-6a1b-4181-b928-72b6f335bec2	TCGA-IF-A4AK	Copy Number Variation	TSV	Genotyping Array	e0ea829d-445e-476e-9141-5dc5e7470e78	TCGA-SARC.5606d829-953a-4a8c-8cab-60bd3e00b1b8.gene_level_copy_number.v36.tsv	e0ea829d-445e-476e-9141-5dc5e7470e78
open	9393e4f1-6a1b-4181-b928-72b6f335bec2	TCGA-IF-A4AK	Copy Number Variation	TXT	Genotyping Array	f71e0d23-94e8-4ce7-841f-d884917ec26d	YOGIN_p_TCGA_4_262_263_N_GenomeWideSNP_6_A12_1306262.grch38.seg.v2.txt	f71e0d23-94e8-4ce7-841f-d884917ec26d
open	cd73a55f-03c1-4da0-9fa7-1ae4a263664e	TCGA-DX-A1KW	Copy Number Variation	TXT	Genotyping Array	9ab69722-a79d-40c1-ae86-7351e03450c9	YOGIN_p_TCGA_4_262_263_N_GenomeWideSNP_6_A07_1306192.grch38.seg.v2.txt	9ab69722-a79d-40c1-ae86-7351e03450c9
open	e9e4731a-a7ca-455c-868c-a6d53d0aa749	TCGA-DX-AB35	Copy Number Variation	TXT	Genotyping Array	b4af0b00-9626-47ac-86a6-1c501e3dfd61	TCGA-SARC.7603be2c-0856-4a97-a31c-9379708a0707.ascat2.allelic_specific.seg.txt	b4af0b00-9626-47ac-86a6-1c501e3dfd61
open	9393e4f1-6a1b-4181-b928-72b6f335bec2	TCGA-IF-A4AK	Copy Number Variation	TXT	Genotyping Array	d75fb5c9-9a68-4d26-9f29-7e40d53aa525	YOGIN_p_TCGA_4_262_263_N_GenomeWideSNP_6_B04_1306138.nocnv_grch38.seg.v2.txt	d75fb5c9-9a68-4d26-9f29-7e40d53aa525
open	e9e4731a-a7ca-455c-868c-a6d53d0aa749	TCGA-DX-AB35	Copy Number Variation	TXT	Genotyping Array	7d4a0a7c-e1ee-4fd9-8ee9-d13b0f19012d	CUBES_p_TCGAb_425_426_427_NSP_GenomeWideSNP_6_D10_1514022.nocnv_grch38.seg.v2.txt	7d4a0a7c-e1ee-4fd9-8ee9-d13b0f19012d
open	e9e4731a-a7ca-455c-868c-a6d53d0aa749	TCGA-DX-AB35	Copy Number Variation	TXT	Genotyping Array	ded38d4f-a4eb-411d-a275-30afb0a66f83	TCGA-SARC.7603be2c-0856-4a97-a31c-9379708a0707.ascat3.allelic_specific.seg.txt	ded38d4f-a4eb-411d-a275-30afb0a66f83
controlled	9393e4f1-6a1b-4181-b928-72b6f335bec2	TCGA-IF-A4AK	Copy Number Variation	CEL	Genotyping Array	3e8f74ff-4079-4db5-922a-20e1a69f87a7	YOGIN_p_TCGA_4_262_263_N_GenomeWideSNP_6_A12_1306262.CEL	3e8f74ff-4079-4db5-922a-20e1a69f87a7
open	f0cbc2a4-c1f7-4b32-bce1-57eb59d351cc	TCGA-PC-A5DP	Copy Number Variation	TSV	Genotyping Array	ee5e8263-34f2-4bfb-ae09-e3837f9d88a3	TCGA-SARC.96ab436c-aec5-4d4e-b2d1-5e44c6d986c3.ascat3.gene_level_copy_number.v36.tsv	ee5e8263-34f2-4bfb-ae09-e3837f9d88a3
open	a46c2122-9eb3-429c-aaf7-24fcb1f7a6a1	TCGA-FX-A3NK	Copy Number Variation	TSV	Genotyping Array	5ba16306-3057-4c4e-b20c-f09ec52b19a7	TCGA-SARC.3b2dc5c2-f7ae-461c-ac26-7a45de2258da.gene_level_copy_number.v36.tsv	5ba16306-3057-4c4e-b20c-f09ec52b19a7
open	cd73a55f-03c1-4da0-9fa7-1ae4a263664e	TCGA-DX-A1KW	Copy Number Variation	TSV	Genotyping Array	ab53dd8b-ac64-4bc0-8153-d4644858a40a	TCGA-SARC.1eb75a8e-2315-43ee-b91c-a55d298524b9.gene_level_copy_number.v36.tsv	ab53dd8b-ac64-4bc0-8153-d4644858a40a
controlled	f0cbc2a4-c1f7-4b32-bce1-57eb59d351cc	TCGA-PC-A5DP	Copy Number Variation	CEL	Genotyping Array	18426108-24df-4afc-9b2e-bd9765ebb0d1	WAGER_p_TCGA_282_284_285_286_N_GenomeWideSNP_6_A12_1359062.CEL	18426108-24df-4afc-9b2e-bd9765ebb0d1
open	f0cbc2a4-c1f7-4b32-bce1-57eb59d351cc	TCGA-PC-A5DP	Copy Number Variation	TXT	Genotyping Array	2c08ef0c-6e57-4ea1-a9af-df47ca2a1d96	WAGER_p_TCGA_282_284_285_286_N_GenomeWideSNP_6_B10_1359002.nocnv_grch38.seg.v2.txt	2c08ef0c-6e57-4ea1-a9af-df47ca2a1d96
open	a46c2122-9eb3-429c-aaf7-24fcb1f7a6a1	TCGA-FX-A3NK	Copy Number Variation	TSV	Genotyping Array	b36d8436-aa5a-43da-8161-1b711b5912bc	TCGA-SARC.3b2dc5c2-f7ae-461c-ac26-7a45de2258da.absolute_liftover.gene_level_copy_number.v36.tsv	b36d8436-aa5a-43da-8161-1b711b5912bc
open	e9e4731a-a7ca-455c-868c-a6d53d0aa749	TCGA-DX-AB35	Copy Number Variation	TSV	Genotyping Array	83fbeb69-b33a-42d3-8a2a-3e5045e631cb	TCGA-SARC.7603be2c-0856-4a97-a31c-9379708a0707.absolute_liftover.gene_level_copy_number.v36.tsv	83fbeb69-b33a-42d3-8a2a-3e5045e631cb
controlled	a46c2122-9eb3-429c-aaf7-24fcb1f7a6a1	TCGA-FX-A3NK	Simple Nucleotide Variation	TSV	Genotyping Array	b08bf406-6503-4aa0-914f-b5eab67e0157	MACON_p_TCGASNP_218_AML_PP_N_GenomeWideSNP_6_B03_1039996.birdseed.data.txt	b08bf406-6503-4aa0-914f-b5eab67e0157
controlled	1c851f7b-a206-45db-ad52-338aa57c2ac1	TCGA-DX-AB2T	Simple Nucleotide Variation	TSV	Genotyping Array	548d1a6b-4547-4402-933e-962a6af147fa	ENATE_p_TCGAb_394_395_396_NSP_GenomeWideSNP_6_E01_1474094.birdseed.data.txt	548d1a6b-4547-4402-933e-962a6af147fa
open	1c851f7b-a206-45db-ad52-338aa57c2ac1	TCGA-DX-AB2T	Copy Number Variation	TXT	Genotyping Array	0709f294-6036-4d78-9917-01ebaeb2c262	TCGA-SARC.72d656d5-5de3-4979-80b4-7e10e6f52abe.ascat3.allelic_specific.seg.txt	0709f294-6036-4d78-9917-01ebaeb2c262
open	1c851f7b-a206-45db-ad52-338aa57c2ac1	TCGA-DX-AB2T	Copy Number Variation	TXT	Genotyping Array	2a8a72d9-1725-4f9e-9ed4-f12344090995	ENATE_p_TCGAb_394_395_396_NSP_GenomeWideSNP_6_E01_1474094.nocnv_grch38.seg.v2.txt	2a8a72d9-1725-4f9e-9ed4-f12344090995
open	a46c2122-9eb3-429c-aaf7-24fcb1f7a6a1	TCGA-FX-A3NK	Copy Number Variation	TXT	Genotyping Array	ab78e5a8-e3d2-4085-a2a0-32d376116b06	TCGA-SARC.3b2dc5c2-f7ae-461c-ac26-7a45de2258da.ascat2.allelic_specific.seg.txt	ab78e5a8-e3d2-4085-a2a0-32d376116b06
controlled	27a6bd26-4b57-4eee-be02-6b20f5b69e1e	TCGA-DX-AB2L	Simple Nucleotide Variation	TSV	Genotyping Array	ee8bedea-bedd-4346-928c-bbc6d73d96c7	CUBES_p_TCGAb_425_426_427_NSP_GenomeWideSNP_6_E07_1514050.birdseed.data.txt	ee8bedea-bedd-4346-928c-bbc6d73d96c7
open	27a6bd26-4b57-4eee-be02-6b20f5b69e1e	TCGA-DX-AB2L	Copy Number Variation	TSV	Genotyping Array	8ee2975b-a29b-47fc-8e55-3e926cb7ed54	TCGA-SARC.6993c78e-a08a-4d22-ad84-91bbde01db72.gene_level_copy_number.v36.tsv	8ee2975b-a29b-47fc-8e55-3e926cb7ed54
open	37a3b7c7-971a-4c96-8c77-14bb0b7741a3	TCGA-QQ-A8VG	Copy Number Variation	TXT	Genotyping Array	83afec60-f533-4b76-875d-7a7750500e11	TCGA-SARC.6faacf51-538b-4429-b507-09c9c47da485.ascat2.allelic_specific.seg.txt	83afec60-f533-4b76-875d-7a7750500e11
open	37a3b7c7-971a-4c96-8c77-14bb0b7741a3	TCGA-QQ-A8VG	Copy Number Variation	TXT	Genotyping Array	041a38e6-c63c-440d-bea4-66d88b4144ab	VISTA_p_TCGAb_383_384_NSP_GenomeWideSNP_6_C01_1464968.nocnv_grch38.seg.v2.txt	041a38e6-c63c-440d-bea4-66d88b4144ab
controlled	27a6bd26-4b57-4eee-be02-6b20f5b69e1e	TCGA-DX-AB2L	Copy Number Variation	CEL	Genotyping Array	454ff4bb-663d-47af-a5ac-f3918f1fc2cc	CUBES_p_TCGAb_425_426_427_NSP_GenomeWideSNP_6_E06_1513984.CEL	454ff4bb-663d-47af-a5ac-f3918f1fc2cc
open	37a3b7c7-971a-4c96-8c77-14bb0b7741a3	TCGA-QQ-A8VG	Copy Number Variation	TXT	Genotyping Array	047d622e-7e03-412d-8518-51015e826a29	VISTA_p_TCGAb_383_384_NSP_GenomeWideSNP_6_B12_1464920.grch38.seg.v2.txt	047d622e-7e03-412d-8518-51015e826a29
controlled	37a3b7c7-971a-4c96-8c77-14bb0b7741a3	TCGA-QQ-A8VG	Copy Number Variation	CEL	Genotyping Array	0fb3ca31-9e99-4acd-939a-53e24292364e	VISTA_p_TCGAb_383_384_NSP_GenomeWideSNP_6_B12_1464920.CEL	0fb3ca31-9e99-4acd-939a-53e24292364e
open	9ff814f6-4a05-4471-8492-41574fa3eeeb	TCGA-3B-A9HX	Copy Number Variation	TXT	Genotyping Array	7d53b1a5-083f-493c-9644-53b9ec15c8f9	PRION_p_TCGAb_410_11_12_13_NSP_GenomeWideSNP_6_E02_1486610.grch38.seg.v2.txt	7d53b1a5-083f-493c-9644-53b9ec15c8f9
controlled	37a3b7c7-971a-4c96-8c77-14bb0b7741a3	TCGA-QQ-A8VG	Simple Nucleotide Variation	TSV	Genotyping Array	a5652ab1-ce62-4a34-a1d3-60dffe108401	VISTA_p_TCGAb_383_384_NSP_GenomeWideSNP_6_B12_1464920.birdseed.data.txt	a5652ab1-ce62-4a34-a1d3-60dffe108401
open	37a3b7c7-971a-4c96-8c77-14bb0b7741a3	TCGA-QQ-A8VG	Copy Number Variation	TSV	Genotyping Array	1a5661cd-7db8-4096-a313-f99df25ec8d3	TCGA-SARC.6faacf51-538b-4429-b507-09c9c47da485.gene_level_copy_number.v36.tsv	1a5661cd-7db8-4096-a313-f99df25ec8d3
controlled	0020317d-d10e-4e75-8fa6-7c1bdcdee471	TCGA-HS-A5NA	Copy Number Variation	CEL	Genotyping Array	046cee01-eaee-4c06-9a08-cc03ab97f24f	WAGER_p_TCGA_282_284_285_286_N_GenomeWideSNP_6_H10_1359140.CEL	046cee01-eaee-4c06-9a08-cc03ab97f24f
controlled	27a6bd26-4b57-4eee-be02-6b20f5b69e1e	TCGA-DX-AB2L	Simple Nucleotide Variation	TSV	Genotyping Array	72bc80b0-2650-473a-8cdf-98f36e838db3	CUBES_p_TCGAb_425_426_427_NSP_GenomeWideSNP_6_E06_1513984.birdseed.data.txt	72bc80b0-2650-473a-8cdf-98f36e838db3
open	0020317d-d10e-4e75-8fa6-7c1bdcdee471	TCGA-HS-A5NA	Copy Number Variation	TXT	Genotyping Array	0ce71774-0c66-4b2b-ae36-37647ae206cc	WAGER_p_TCGA_282_284_285_286_N_GenomeWideSNP_6_H10_1359140.grch38.seg.v2.txt	0ce71774-0c66-4b2b-ae36-37647ae206cc
open	27a6bd26-4b57-4eee-be02-6b20f5b69e1e	TCGA-DX-AB2L	Copy Number Variation	TXT	Genotyping Array	74aa7669-419f-4a47-b836-89057eadd12c	CUBES_p_TCGAb_425_426_427_NSP_GenomeWideSNP_6_E07_1514050.grch38.seg.v2.txt	74aa7669-419f-4a47-b836-89057eadd12c
open	1610d467-e83f-490f-a971-7b099f3b46f8	TCGA-DX-A8BO	Copy Number Variation	TSV	Genotyping Array	a8dda5d1-bb43-4aab-bd6e-60d957bfbb89	TCGA-SARC.e34dbe2a-2fbc-4633-bea8-32b2aeab9ee0.gene_level_copy_number.v36.tsv	a8dda5d1-bb43-4aab-bd6e-60d957bfbb89
controlled	0020317d-d10e-4e75-8fa6-7c1bdcdee471	TCGA-HS-A5NA	Simple Nucleotide Variation	TSV	Genotyping Array	a849633f-da2d-4211-b9c7-466284d42e45	WAGER_p_TCGA_282_284_285_286_N_GenomeWideSNP_6_H10_1359140.birdseed.data.txt	a849633f-da2d-4211-b9c7-466284d42e45
open	0020317d-d10e-4e75-8fa6-7c1bdcdee471	TCGA-HS-A5NA	Copy Number Variation	TXT	Genotyping Array	881c34f0-10ba-4947-8ed7-3230160b54c4	WAGER_p_TCGA_282_284_285_286_N_GenomeWideSNP_6_H10_1359140.nocnv_grch38.seg.v2.txt	881c34f0-10ba-4947-8ed7-3230160b54c4
controlled	0020317d-d10e-4e75-8fa6-7c1bdcdee471	TCGA-HS-A5NA	Simple Nucleotide Variation	TSV	Genotyping Array	65ec424a-fab8-439d-a3b4-8f423a3ea135	WAGER_p_TCGA_282_284_285_286_N_GenomeWideSNP_6_D10_1359184.birdseed.data.txt	65ec424a-fab8-439d-a3b4-8f423a3ea135
open	0020317d-d10e-4e75-8fa6-7c1bdcdee471	TCGA-HS-A5NA	Copy Number Variation	TXT	Genotyping Array	fd989a76-e99a-4e64-b077-e38b7e5e98e5	TCGA-SARC.2798b35c-6a9f-4716-9ffc-933c1395ba87.ascat3.allelic_specific.seg.txt	fd989a76-e99a-4e64-b077-e38b7e5e98e5
open	1610d467-e83f-490f-a971-7b099f3b46f8	TCGA-DX-A8BO	Copy Number Variation	TXT	Genotyping Array	873fff8e-1e08-4f51-bbcd-bc7721caf72e	TCGA-SARC.e34dbe2a-2fbc-4633-bea8-32b2aeab9ee0.ascat3.allelic_specific.seg.txt	873fff8e-1e08-4f51-bbcd-bc7721caf72e
controlled	0020317d-d10e-4e75-8fa6-7c1bdcdee471	TCGA-HS-A5NA	Copy Number Variation	CEL	Genotyping Array	262d6e00-9a19-4901-a1df-9aa69a44b2fb	WAGER_p_TCGA_282_284_285_286_N_GenomeWideSNP_6_D10_1359184.CEL	262d6e00-9a19-4901-a1df-9aa69a44b2fb
controlled	5d9608fd-e3eb-4bf9-911f-7656d6814b98	TCGA-DX-AB2J	Copy Number Variation	CEL	Genotyping Array	f41040e1-9f2e-4397-9edb-6c89f048f451	ENATE_p_TCGAb_394_395_396_NSP_GenomeWideSNP_6_F08_1474168.CEL	f41040e1-9f2e-4397-9edb-6c89f048f451
open	5d9608fd-e3eb-4bf9-911f-7656d6814b98	TCGA-DX-AB2J	Copy Number Variation	TXT	Genotyping Array	4afd46c0-0e47-4edd-b2f0-425f8afd858a	ENATE_p_TCGAb_394_395_396_NSP_GenomeWideSNP_6_F08_1474168.nocnv_grch38.seg.v2.txt	4afd46c0-0e47-4edd-b2f0-425f8afd858a
open	5d9608fd-e3eb-4bf9-911f-7656d6814b98	TCGA-DX-AB2J	Copy Number Variation	TXT	Genotyping Array	a3a0a6e7-97a8-429b-9f21-ea9646993c81	ENATE_p_TCGAb_394_395_396_NSP_GenomeWideSNP_6_F07_1474096.nocnv_grch38.seg.v2.txt	a3a0a6e7-97a8-429b-9f21-ea9646993c81
open	2905cbd1-719b-46d9-b8af-8fe4927bc473	TCGA-FX-A2QS	Copy Number Variation	TSV	Genotyping Array	bfeb73af-dd6a-4df4-a438-ca3ea95f1877	TCGA-SARC.7fc7841f-2ccc-4dde-9e6d-312594747fc0.gene_level_copy_number.v36.tsv	bfeb73af-dd6a-4df4-a438-ca3ea95f1877
open	00eaaf62-c43e-4555-9134-1e5593386fdb	TCGA-3B-A9HS	Copy Number Variation	TXT	Genotyping Array	903bde58-9e31-41b9-9ae9-f9ebba3f839e	PRION_p_TCGAb_410_11_12_13_NSP_GenomeWideSNP_6_E07_1486696.grch38.seg.v2.txt	903bde58-9e31-41b9-9ae9-f9ebba3f839e
controlled	1610d467-e83f-490f-a971-7b099f3b46f8	TCGA-DX-A8BO	Simple Nucleotide Variation	TSV	Genotyping Array	ac86bddd-f934-4c01-88d0-2b127767059c	CUBES_p_TCGAb_425_426_427_NSP_GenomeWideSNP_6_E02_1514006.birdseed.data.txt	ac86bddd-f934-4c01-88d0-2b127767059c
open	5d9608fd-e3eb-4bf9-911f-7656d6814b98	TCGA-DX-AB2J	Copy Number Variation	TSV	Genotyping Array	18fe0d49-9df2-4ac5-87a9-714a3417d80d	TCGA-SARC.ff061216-2f2d-4f05-a66a-37f3ad2e497d.absolute_liftover.gene_level_copy_number.v36.tsv	18fe0d49-9df2-4ac5-87a9-714a3417d80d
controlled	1610d467-e83f-490f-a971-7b099f3b46f8	TCGA-DX-A8BO	Simple Nucleotide Variation	TSV	Genotyping Array	5eb42736-5d16-4d23-aabf-5caaf65e80b6	CUBES_p_TCGAb_425_426_427_NSP_GenomeWideSNP_6_E03_1513926.birdseed.data.txt	5eb42736-5d16-4d23-aabf-5caaf65e80b6
open	5d9608fd-e3eb-4bf9-911f-7656d6814b98	TCGA-DX-AB2J	Copy Number Variation	TSV	Genotyping Array	986ae59f-866f-4801-9e5c-1e9a50ee17ca	TCGA-SARC.ff061216-2f2d-4f05-a66a-37f3ad2e497d.ascat3.gene_level_copy_number.v36.tsv	986ae59f-866f-4801-9e5c-1e9a50ee17ca
controlled	5d9608fd-e3eb-4bf9-911f-7656d6814b98	TCGA-DX-AB2J	Simple Nucleotide Variation	TSV	Genotyping Array	19ecebc0-d67f-4638-af31-a75deed2f5f9	ENATE_p_TCGAb_394_395_396_NSP_GenomeWideSNP_6_F07_1474096.birdseed.data.txt	19ecebc0-d67f-4638-af31-a75deed2f5f9
controlled	00eaaf62-c43e-4555-9134-1e5593386fdb	TCGA-3B-A9HS	Copy Number Variation	CEL	Genotyping Array	cd542d23-8950-42e1-84c9-f8bd41cabe54	PRION_p_TCGAb_410_11_12_13_NSP_GenomeWideSNP_6_E06_1486710.CEL	cd542d23-8950-42e1-84c9-f8bd41cabe54
open	01c5f902-ec3c-4eb7-9e38-1d29ae6ab959	TCGA-WK-A8XY	Copy Number Variation	TXT	Genotyping Array	fd413960-65c1-4586-b410-c0a19d496379	VISTA_p_TCGAb_383_384_NSP_GenomeWideSNP_6_B03_1464988.nocnv_grch38.seg.v2.txt	fd413960-65c1-4586-b410-c0a19d496379
open	0a4af73d-3c12-4740-bf92-c0eedd3dd135	TCGA-WK-A8XZ	Copy Number Variation	TXT	Genotyping Array	7772c010-e7b3-411a-bfd0-8d8fa0e59000	VISTA_p_TCGAb_383_384_NSP_GenomeWideSNP_6_D07_1464984.nocnv_grch38.seg.v2.txt	7772c010-e7b3-411a-bfd0-8d8fa0e59000
controlled	9f7b8012-3dee-44b2-8159-f96a6eb5036a	TCGA-DX-A6BE	Copy Number Variation	CEL	Genotyping Array	732ac03d-304f-4968-a0ae-fa8f9db94aba	THREW_p_TCGAb_329_335_336_NSP_GenomeWideSNP_6_E02_1367206.CEL	732ac03d-304f-4968-a0ae-fa8f9db94aba
open	01c5f902-ec3c-4eb7-9e38-1d29ae6ab959	TCGA-WK-A8XY	Copy Number Variation	TXT	Genotyping Array	f4fc6f36-b055-42b5-aeda-06374574719a	VISTA_p_TCGAb_383_384_NSP_GenomeWideSNP_6_B02_1464912.grch38.seg.v2.txt	f4fc6f36-b055-42b5-aeda-06374574719a
controlled	9f7b8012-3dee-44b2-8159-f96a6eb5036a	TCGA-DX-A6BE	Simple Nucleotide Variation	TSV	Genotyping Array	28d544e2-1e15-4264-8ca9-b8724483bf2e	THREW_p_TCGAb_329_335_336_NSP_GenomeWideSNP_6_E01_1367112.birdseed.data.txt	28d544e2-1e15-4264-8ca9-b8724483bf2e
controlled	01c5f902-ec3c-4eb7-9e38-1d29ae6ab959	TCGA-WK-A8XY	Simple Nucleotide Variation	TSV	Genotyping Array	696851df-af19-4def-9a41-68065ad6096e	VISTA_p_TCGAb_383_384_NSP_GenomeWideSNP_6_B03_1464988.birdseed.data.txt	696851df-af19-4def-9a41-68065ad6096e
controlled	0a4af73d-3c12-4740-bf92-c0eedd3dd135	TCGA-WK-A8XZ	Simple Nucleotide Variation	TSV	Genotyping Array	4e20cd3a-e21f-42f9-a152-8847234a8f6a	VISTA_p_TCGAb_383_384_NSP_GenomeWideSNP_6_D06_1464880.birdseed.data.txt	4e20cd3a-e21f-42f9-a152-8847234a8f6a
open	01c5f902-ec3c-4eb7-9e38-1d29ae6ab959	TCGA-WK-A8XY	Copy Number Variation	TXT	Genotyping Array	032103a1-8f7b-413f-b3fd-61ee3d7414d0	VISTA_p_TCGAb_383_384_NSP_GenomeWideSNP_6_B02_1464912.nocnv_grch38.seg.v2.txt	032103a1-8f7b-413f-b3fd-61ee3d7414d0
open	c054c61b-0783-46f9-9c5c-8589ea47f43d	TCGA-3B-A9HJ	Copy Number Variation	TXT	Genotyping Array	2376c09c-fd84-46f5-91b1-3ac2cf6a6246	ENATE_p_TCGAb_394_395_396_NSP_GenomeWideSNP_6_G05_1474104.nocnv_grch38.seg.v2.txt	2376c09c-fd84-46f5-91b1-3ac2cf6a6246
controlled	01c5f902-ec3c-4eb7-9e38-1d29ae6ab959	TCGA-WK-A8XY	Copy Number Variation	CEL	Genotyping Array	4663f831-ea99-4a8c-82d3-1e72ae8d8282	VISTA_p_TCGAb_383_384_NSP_GenomeWideSNP_6_B03_1464988.CEL	4663f831-ea99-4a8c-82d3-1e72ae8d8282
open	01c5f902-ec3c-4eb7-9e38-1d29ae6ab959	TCGA-WK-A8XY	Copy Number Variation	TSV	Genotyping Array	07010be8-41f5-43f8-9504-f375e2a3902f	TCGA-SARC.26afa6a3-e618-488c-a7b6-b09ea190a6e3.ascat3.gene_level_copy_number.v36.tsv	07010be8-41f5-43f8-9504-f375e2a3902f
open	c054c61b-0783-46f9-9c5c-8589ea47f43d	TCGA-3B-A9HJ	Copy Number Variation	TSV	Genotyping Array	d01065f0-892c-4bc5-9c5a-9742dcab599f	TCGA-SARC.6a00864f-0896-4ab8-8680-8e81fc902a20.absolute_liftover.gene_level_copy_number.v36.tsv	d01065f0-892c-4bc5-9c5a-9742dcab599f
controlled	c054c61b-0783-46f9-9c5c-8589ea47f43d	TCGA-3B-A9HJ	Simple Nucleotide Variation	TSV	Genotyping Array	c1027ae8-66a1-4296-86cf-2b3bcebd64e1	ENATE_p_TCGAb_394_395_396_NSP_GenomeWideSNP_6_G06_1474222.birdseed.data.txt	c1027ae8-66a1-4296-86cf-2b3bcebd64e1
open	c054c61b-0783-46f9-9c5c-8589ea47f43d	TCGA-3B-A9HJ	Copy Number Variation	TXT	Genotyping Array	372d037f-a567-4fd7-a2fb-70d28533e121	ENATE_p_TCGAb_394_395_396_NSP_GenomeWideSNP_6_G06_1474222.nocnv_grch38.seg.v2.txt	372d037f-a567-4fd7-a2fb-70d28533e121
controlled	c054c61b-0783-46f9-9c5c-8589ea47f43d	TCGA-3B-A9HJ	Simple Nucleotide Variation	TSV	Genotyping Array	2b859ed9-dc28-4c43-87ab-c0783ee89b09	ENATE_p_TCGAb_394_395_396_NSP_GenomeWideSNP_6_G05_1474104.birdseed.data.txt	2b859ed9-dc28-4c43-87ab-c0783ee89b09
open	01c5f902-ec3c-4eb7-9e38-1d29ae6ab959	TCGA-WK-A8XY	Copy Number Variation	TSV	Genotyping Array	f8ecbab2-4cd5-4f19-bae2-3e87a0211a0f	TCGA-SARC.26afa6a3-e618-488c-a7b6-b09ea190a6e3.gene_level_copy_number.v36.tsv	f8ecbab2-4cd5-4f19-bae2-3e87a0211a0f
open	05d4099f-521a-4df6-abac-f86f84b3af7f	TCGA-WP-A9GB	Copy Number Variation	TXT	Genotyping Array	8acfe1e6-0460-42d6-aaa4-284430085922	VISTA_p_TCGAb_383_384_NSP_GenomeWideSNP_6_C04_1464962.grch38.seg.v2.txt	8acfe1e6-0460-42d6-aaa4-284430085922
open	c054c61b-0783-46f9-9c5c-8589ea47f43d	TCGA-3B-A9HJ	Copy Number Variation	TXT	Genotyping Array	16d0de3f-2200-4943-bf57-81285bc25741	ENATE_p_TCGAb_394_395_396_NSP_GenomeWideSNP_6_G06_1474222.grch38.seg.v2.txt	16d0de3f-2200-4943-bf57-81285bc25741
open	8372e154-c9c1-4382-8120-7e14dd426367	TCGA-X2-A95T	Copy Number Variation	TXT	Genotyping Array	3852ed6b-aae9-4b33-bdb8-58fc94c40924	TCGA-SARC.d37a4725-ac99-4902-8aed-e00d0bbc79cc.ascat3.allelic_specific.seg.txt	3852ed6b-aae9-4b33-bdb8-58fc94c40924
open	07778870-d400-4495-b786-c63ff33fc29d	TCGA-DX-AB2V	Copy Number Variation	TXT	Genotyping Array	83b7a29a-fc03-4d40-b361-b6794062a9a2	CUBES_p_TCGAb_425_426_427_NSP_GenomeWideSNP_6_F12_1513968.grch38.seg.v2.txt	83b7a29a-fc03-4d40-b361-b6794062a9a2
open	8372e154-c9c1-4382-8120-7e14dd426367	TCGA-X2-A95T	Copy Number Variation	TXT	Genotyping Array	8011a1bf-f2a0-4885-9803-21d0faa832ff	TCGA-SARC.d37a4725-ac99-4902-8aed-e00d0bbc79cc.ascat2.allelic_specific.seg.txt	8011a1bf-f2a0-4885-9803-21d0faa832ff
open	8372e154-c9c1-4382-8120-7e14dd426367	TCGA-X2-A95T	Copy Number Variation	TXT	Genotyping Array	75ee2b78-8b30-4dbe-a940-c95f82e6956b	VISTA_p_TCGAb_383_384_NSP_GenomeWideSNP_6_B04_1464930.grch38.seg.v2.txt	75ee2b78-8b30-4dbe-a940-c95f82e6956b
open	07778870-d400-4495-b786-c63ff33fc29d	TCGA-DX-AB2V	Copy Number Variation	TSV	Genotyping Array	f1e2dfe1-b5cf-4f65-9b3b-8e4191b21df8	TCGA-SARC.096f354f-7479-4c65-a73e-18dbb2d631da.absolute_liftover.gene_level_copy_number.v36.tsv	f1e2dfe1-b5cf-4f65-9b3b-8e4191b21df8
open	07778870-d400-4495-b786-c63ff33fc29d	TCGA-DX-AB2V	Copy Number Variation	TSV	Genotyping Array	36339cc8-fb3a-462a-b7f8-b51ae06ae596	TCGA-SARC.096f354f-7479-4c65-a73e-18dbb2d631da.ascat3.gene_level_copy_number.v36.tsv	36339cc8-fb3a-462a-b7f8-b51ae06ae596
controlled	07778870-d400-4495-b786-c63ff33fc29d	TCGA-DX-AB2V	Simple Nucleotide Variation	TSV	Genotyping Array	1adbd1e4-f19e-40fb-9e23-7c1af2f9bb47	CUBES_p_TCGAb_425_426_427_NSP_GenomeWideSNP_6_G01_1513944.birdseed.data.txt	1adbd1e4-f19e-40fb-9e23-7c1af2f9bb47
open	0494a8ea-ecf3-4f3e-8b3c-26a9254b6755	TCGA-QQ-A5VC	Copy Number Variation	TXT	Genotyping Array	124a2a74-99b8-4aae-a3e9-ee5af2d91549	THREW_p_TCGAb_329_335_336_NSP_GenomeWideSNP_6_F07_1367086.grch38.seg.v2.txt	124a2a74-99b8-4aae-a3e9-ee5af2d91549
open	8372e154-c9c1-4382-8120-7e14dd426367	TCGA-X2-A95T	Copy Number Variation	TXT	Genotyping Array	8481ef7a-121d-455c-8cf5-ffcd2f87b75a	VISTA_p_TCGAb_383_384_NSP_GenomeWideSNP_6_B05_1464922.nocnv_grch38.seg.v2.txt	8481ef7a-121d-455c-8cf5-ffcd2f87b75a
open	0494a8ea-ecf3-4f3e-8b3c-26a9254b6755	TCGA-QQ-A5VC	Copy Number Variation	TXT	Genotyping Array	2eac799f-2b5b-45fd-9a1c-2b6b9dc411c4	THREW_p_TCGAb_329_335_336_NSP_GenomeWideSNP_6_F08_1367042.grch38.seg.v2.txt	2eac799f-2b5b-45fd-9a1c-2b6b9dc411c4
open	0494a8ea-ecf3-4f3e-8b3c-26a9254b6755	TCGA-QQ-A5VC	Copy Number Variation	TXT	Genotyping Array	b83f0101-c803-4a1a-be42-ad224666cca8	THREW_p_TCGAb_329_335_336_NSP_GenomeWideSNP_6_F08_1367042.nocnv_grch38.seg.v2.txt	b83f0101-c803-4a1a-be42-ad224666cca8
open	0494a8ea-ecf3-4f3e-8b3c-26a9254b6755	TCGA-QQ-A5VC	Copy Number Variation	TSV	Genotyping Array	53196ae8-3766-43e8-85da-1520613584cb	TCGA-SARC.4a64833d-52b2-4e4e-a7a7-500777415ac7.ascat3.gene_level_copy_number.v36.tsv	53196ae8-3766-43e8-85da-1520613584cb
open	07a6bbce-012b-48fe-8c62-e79a1b200eb6	TCGA-DX-A8BV	Copy Number Variation	TSV	Genotyping Array	44799802-f6ab-4f6e-abf9-1858e7cc98ef	TCGA-SARC.7e814757-fd09-40c3-8743-473904052f7f.absolute_liftover.gene_level_copy_number.v36.tsv	44799802-f6ab-4f6e-abf9-1858e7cc98ef
open	e2272de4-02b8-4a94-b8ee-c7454996a2da	TCGA-DX-AB2Q	Copy Number Variation	TSV	Genotyping Array	c744fc5e-1b93-48eb-8d26-7c41d01e9f66	TCGA-SARC.4c725b73-5279-4559-bc1b-d1b7a08b5740.absolute_liftover.gene_level_copy_number.v36.tsv	c744fc5e-1b93-48eb-8d26-7c41d01e9f66
controlled	0494a8ea-ecf3-4f3e-8b3c-26a9254b6755	TCGA-QQ-A5VC	Copy Number Variation	CEL	Genotyping Array	43244349-30e4-44ff-a360-8dcef217b549	THREW_p_TCGAb_329_335_336_NSP_GenomeWideSNP_6_F07_1367086.CEL	43244349-30e4-44ff-a360-8dcef217b549
open	e2272de4-02b8-4a94-b8ee-c7454996a2da	TCGA-DX-AB2Q	Copy Number Variation	TXT	Genotyping Array	9f09b9c7-a81c-42fb-9c2a-394000e2cad2	DLP_REDO_FROM_PRION_B10.grch38.seg.v2.txt	9f09b9c7-a81c-42fb-9c2a-394000e2cad2
open	e2272de4-02b8-4a94-b8ee-c7454996a2da	TCGA-DX-AB2Q	Copy Number Variation	TSV	Genotyping Array	bb9e644a-4c59-4bd4-9901-5075171bfc27	TCGA-SARC.4c725b73-5279-4559-bc1b-d1b7a08b5740.gene_level_copy_number.v36.tsv	bb9e644a-4c59-4bd4-9901-5075171bfc27
open	e2272de4-02b8-4a94-b8ee-c7454996a2da	TCGA-DX-AB2Q	Copy Number Variation	TXT	Genotyping Array	5ea6bc2c-df83-4c6b-b76a-35a32553a1ba	DLP_REDO_FROM_PRION_B11.nocnv_grch38.seg.v2.txt	5ea6bc2c-df83-4c6b-b76a-35a32553a1ba
open	04d45a95-4282-42e7-8e2f-2b7a5082e1b5	TCGA-WK-A8XX	Copy Number Variation	TXT	Genotyping Array	2de73e68-2b9a-40c0-a44c-688859fcfdb9	VISTA_p_TCGAb_383_384_NSP_GenomeWideSNP_6_A04_1464932.nocnv_grch38.seg.v2.txt	2de73e68-2b9a-40c0-a44c-688859fcfdb9
controlled	0ac700f3-c9cf-4ed7-a8bd-975527750024	TCGA-DX-A6B7	Copy Number Variation	CEL	Genotyping Array	a551ebd1-0aae-45b1-ac50-5ccdba12da47	SNOWS_p_TCGA_Batch_309_310_NSP_GenomeWideSNP_6_F09_1362118.CEL	a551ebd1-0aae-45b1-ac50-5ccdba12da47
open	e2272de4-02b8-4a94-b8ee-c7454996a2da	TCGA-DX-AB2Q	Copy Number Variation	TXT	Genotyping Array	73b3cc54-9870-4b92-80fd-49f87b0c8a92	DLP_REDO_FROM_PRION_B10.nocnv_grch38.seg.v2.txt	73b3cc54-9870-4b92-80fd-49f87b0c8a92
open	0ac700f3-c9cf-4ed7-a8bd-975527750024	TCGA-DX-A6B7	Copy Number Variation	TSV	Genotyping Array	563d41b9-019b-456f-a124-a40c5ad4dea1	TCGA-SARC.e4d80a22-abac-4fcd-9cdf-7aac483f2654.gene_level_copy_number.v36.tsv	563d41b9-019b-456f-a124-a40c5ad4dea1
controlled	0ac700f3-c9cf-4ed7-a8bd-975527750024	TCGA-DX-A6B7	Simple Nucleotide Variation	TSV	Genotyping Array	c526c024-eee3-49ce-ab8d-bbe5a7035f49	SNOWS_p_TCGA_Batch_309_310_NSP_GenomeWideSNP_6_F08_1362034.birdseed.data.txt	c526c024-eee3-49ce-ab8d-bbe5a7035f49
open	051a8605-e674-4b66-a142-11ec36a96454	TCGA-DX-AB2P	Copy Number Variation	TXT	Genotyping Array	cb44dec7-4995-4c14-aacb-89661568a7e4	ENATE_p_TCGAb_394_395_396_NSP_GenomeWideSNP_6_F12_1474202.nocnv_grch38.seg.v2.txt	cb44dec7-4995-4c14-aacb-89661568a7e4
open	0b6418fc-c775-4baa-8776-74ffcc492e9a	TCGA-DX-A7EQ	Copy Number Variation	TSV	Genotyping Array	4e7c2592-c065-4e7b-94f9-d6f7ea1e06ac	TCGA-SARC.9043a977-4d3e-4903-a595-b0da9dd1e87f.gene_level_copy_number.v36.tsv	4e7c2592-c065-4e7b-94f9-d6f7ea1e06ac
controlled	051a8605-e674-4b66-a142-11ec36a96454	TCGA-DX-AB2P	Simple Nucleotide Variation	TSV	Genotyping Array	8a1098ce-544e-4de6-8fea-edab834e63d3	ENATE_p_TCGAb_394_395_396_NSP_GenomeWideSNP_6_F12_1474202.birdseed.data.txt	8a1098ce-544e-4de6-8fea-edab834e63d3
controlled	051a8605-e674-4b66-a142-11ec36a96454	TCGA-DX-AB2P	Simple Nucleotide Variation	TSV	Genotyping Array	c7260306-6b8d-4a7a-ae29-f95f305b3d9e	ENATE_p_TCGAb_394_395_396_NSP_GenomeWideSNP_6_F11_1474092.birdseed.data.txt	c7260306-6b8d-4a7a-ae29-f95f305b3d9e
open	10a6de43-a681-4cbc-821d-08335ed65320	TCGA-MJ-A68J	Copy Number Variation	TSV	Genotyping Array	33401a30-e8f0-4262-b3be-5a596f60d5f6	TCGA-SARC.cfe71b6d-b96c-4546-bcca-997f36883444.gene_level_copy_number.v36.tsv	33401a30-e8f0-4262-b3be-5a596f60d5f6
open	10a6de43-a681-4cbc-821d-08335ed65320	TCGA-MJ-A68J	Copy Number Variation	TXT	Genotyping Array	f1188aae-1248-4922-8642-87b9b0bbcc81	TCGA-SARC.cfe71b6d-b96c-4546-bcca-997f36883444.ascat3.allelic_specific.seg.txt	f1188aae-1248-4922-8642-87b9b0bbcc81
open	10a6de43-a681-4cbc-821d-08335ed65320	TCGA-MJ-A68J	Copy Number Variation	TXT	Genotyping Array	0676188a-6cba-4134-b74b-678c1b108b9a	TCGA-SARC.cfe71b6d-b96c-4546-bcca-997f36883444.ascat2.allelic_specific.seg.txt	0676188a-6cba-4134-b74b-678c1b108b9a
open	10a6de43-a681-4cbc-821d-08335ed65320	TCGA-MJ-A68J	Copy Number Variation	TSV	Genotyping Array	805a3b8e-254e-4f27-8272-509ba2a29894	TCGA-SARC.cfe71b6d-b96c-4546-bcca-997f36883444.absolute_liftover.gene_level_copy_number.v36.tsv	805a3b8e-254e-4f27-8272-509ba2a29894
open	10a6de43-a681-4cbc-821d-08335ed65320	TCGA-MJ-A68J	Copy Number Variation	TXT	Genotyping Array	8c15b36f-4bf5-4a03-becd-611871286ed6	RICES_p_TCGA_Batch_310_311_NSP_GenomeWideSNP_6_A09_1361866.nocnv_grch38.seg.v2.txt	8c15b36f-4bf5-4a03-becd-611871286ed6
open	059f7eb8-6e42-4f57-8248-ff82896aab54	TCGA-DX-A3UE	Copy Number Variation	TXT	Genotyping Array	a1a72dec-2ff8-4e8d-ba40-e2d3106b04c8	SNOWS_p_TCGA_Batch_309_310_NSP_GenomeWideSNP_6_D11_1362096.grch38.seg.v2.txt	a1a72dec-2ff8-4e8d-ba40-e2d3106b04c8
open	059f7eb8-6e42-4f57-8248-ff82896aab54	TCGA-DX-A3UE	Copy Number Variation	TXT	Genotyping Array	a6e26908-8838-4a1b-acbc-48c918403dc6	SNOWS_p_TCGA_Batch_309_310_NSP_GenomeWideSNP_6_D10_1362182.nocnv_grch38.seg.v2.txt	a6e26908-8838-4a1b-acbc-48c918403dc6
open	0da5ee6c-d012-4a57-9992-9d74937aaa5f	TCGA-IW-A3M4	Copy Number Variation	TXT	Genotyping Array	677e5ea6-98c1-40f0-a712-e44156385f0f	MACON_p_TCGASNP_218_AML_PP_N_GenomeWideSNP_6_C11_1040048.grch38.seg.v2.txt	677e5ea6-98c1-40f0-a712-e44156385f0f
open	12b45061-9ed6-46cd-971a-b81d79bc88ec	TCGA-DX-A6YU	Copy Number Variation	TSV	Genotyping Array	35234fc5-4f91-4b88-996c-03a3e909b599	TCGA-SARC.dd87231a-d658-43b1-ace0-e43c41832718.ascat3.gene_level_copy_number.v36.tsv	35234fc5-4f91-4b88-996c-03a3e909b599
open	059f7eb8-6e42-4f57-8248-ff82896aab54	TCGA-DX-A3UE	Copy Number Variation	TSV	Genotyping Array	7454ea16-96d4-4c01-8d70-7136676fd196	TCGA-SARC.1f0dd9d9-3c82-4bee-adc1-7f20794a3fe7.ascat3.gene_level_copy_number.v36.tsv	7454ea16-96d4-4c01-8d70-7136676fd196
controlled	12b45061-9ed6-46cd-971a-b81d79bc88ec	TCGA-DX-A6YU	Simple Nucleotide Variation	TSV	Genotyping Array	4adf6b91-afdb-4f03-9e71-d4437863f0e3	MOWED_p_TCGAb3_39_40_41_42_STY_GenomeWideSNP_6_F11_1377392.birdseed.data.txt	4adf6b91-afdb-4f03-9e71-d4437863f0e3
open	059f7eb8-6e42-4f57-8248-ff82896aab54	TCGA-DX-A3UE	Copy Number Variation	TXT	Genotyping Array	4952c286-df98-4028-96c6-872a366333e1	SNOWS_p_TCGA_Batch_309_310_NSP_GenomeWideSNP_6_D10_1362182.grch38.seg.v2.txt	4952c286-df98-4028-96c6-872a366333e1
open	12b45061-9ed6-46cd-971a-b81d79bc88ec	TCGA-DX-A6YU	Copy Number Variation	TSV	Genotyping Array	5eeda8e5-0980-4baa-85b4-3647b4e6f3bc	TCGA-SARC.dd87231a-d658-43b1-ace0-e43c41832718.absolute_liftover.gene_level_copy_number.v36.tsv	5eeda8e5-0980-4baa-85b4-3647b4e6f3bc
open	05d4099f-521a-4df6-abac-f86f84b3af7f	TCGA-WP-A9GB	Copy Number Variation	TSV	Genotyping Array	d4a50bf8-11dd-4509-8d8a-bd488eae7fd3	TCGA-SARC.6d98506f-9d10-47d5-8fed-4e11cec0bad2.ascat3.gene_level_copy_number.v36.tsv	d4a50bf8-11dd-4509-8d8a-bd488eae7fd3
open	0da5ee6c-d012-4a57-9992-9d74937aaa5f	TCGA-IW-A3M4	Copy Number Variation	TSV	Genotyping Array	c9e6927b-50fd-46dc-b6f4-1d6031189d8e	TCGA-SARC.98958fb5-a984-4173-8e2a-7c4043bf0faa.absolute_liftover.gene_level_copy_number.v36.tsv	c9e6927b-50fd-46dc-b6f4-1d6031189d8e
open	12b45061-9ed6-46cd-971a-b81d79bc88ec	TCGA-DX-A6YU	Copy Number Variation	TXT	Genotyping Array	03440595-9644-43d8-a275-3087a0304080	TCGA-SARC.dd87231a-d658-43b1-ace0-e43c41832718.ascat2.allelic_specific.seg.txt	03440595-9644-43d8-a275-3087a0304080
open	0f94362d-368f-4570-b8c1-70fc4b1f5e35	TCGA-QQ-A5VB	Copy Number Variation	TXT	Genotyping Array	a1002851-5a87-4eb1-ad12-3df633594411	TCGA-SARC.4133ffe3-9263-41d5-958d-6078bab4891e.ascat3.allelic_specific.seg.txt	a1002851-5a87-4eb1-ad12-3df633594411
open	12b45061-9ed6-46cd-971a-b81d79bc88ec	TCGA-DX-A6YU	Copy Number Variation	TXT	Genotyping Array	84155c6d-1073-4020-8752-f43aaf304909	TCGA-SARC.dd87231a-d658-43b1-ace0-e43c41832718.ascat3.allelic_specific.seg.txt	84155c6d-1073-4020-8752-f43aaf304909
open	12b45061-9ed6-46cd-971a-b81d79bc88ec	TCGA-DX-A6YU	Copy Number Variation	TXT	Genotyping Array	1dd70cf4-e63b-46bb-b7ff-6d51c32871d1	MOWED_p_TCGAb3_39_40_41_42_STY_GenomeWideSNP_6_F11_1377392.grch38.seg.v2.txt	1dd70cf4-e63b-46bb-b7ff-6d51c32871d1
open	0f94362d-368f-4570-b8c1-70fc4b1f5e35	TCGA-QQ-A5VB	Copy Number Variation	TXT	Genotyping Array	822013bd-ac76-4ec2-858f-20c2bd28da0b	HONGS_p_TCGAb3_75_76_77_NSP_GenomeWideSNP_6_H10_1438158.nocnv_grch38.seg.v2.txt	822013bd-ac76-4ec2-858f-20c2bd28da0b
open	12bfd446-2ee5-4664-a492-c023d134f60f	TCGA-FX-A48G	Copy Number Variation	TXT	Genotyping Array	7e0f982f-fcfd-4ec3-9945-f80d0a449a79	YOGIN_p_TCGA_4_262_263_N_GenomeWideSNP_6_C03_1306214.nocnv_grch38.seg.v2.txt	7e0f982f-fcfd-4ec3-9945-f80d0a449a79
open	0f94362d-368f-4570-b8c1-70fc4b1f5e35	TCGA-QQ-A5VB	Copy Number Variation	TXT	Genotyping Array	e82e4073-1bb5-422f-a516-d07a882abfbb	HONGS_p_TCGAb3_75_76_77_NSP_GenomeWideSNP_6_H10_1438158.grch38.seg.v2.txt	e82e4073-1bb5-422f-a516-d07a882abfbb
controlled	1cbcfbb0-fcad-4ccd-8e83-120faa3e0df3	TCGA-UE-A6QU	Simple Nucleotide Variation	TSV	Genotyping Array	5eb4a435-e27c-447b-9088-04a6d7f57678	THREW_p_TCGAb_329_335_336_NSP_GenomeWideSNP_6_G03_1367224.birdseed.data.txt	5eb4a435-e27c-447b-9088-04a6d7f57678
open	12bfd446-2ee5-4664-a492-c023d134f60f	TCGA-FX-A48G	Copy Number Variation	TXT	Genotyping Array	7e946938-04a8-468b-af2c-e1db0c39a002	TCGA-SARC.673d65c1-c227-4c93-bc47-81bc18597422.ascat2.allelic_specific.seg.txt	7e946938-04a8-468b-af2c-e1db0c39a002
open	0f94362d-368f-4570-b8c1-70fc4b1f5e35	TCGA-QQ-A5VB	Copy Number Variation	TXT	Genotyping Array	9e34eb45-572b-4b91-af24-0c5ec42d7122	HONGS_p_TCGAb3_75_76_77_NSP_GenomeWideSNP_6_G02_1438194.grch38.seg.v2.txt	9e34eb45-572b-4b91-af24-0c5ec42d7122
open	1007195a-7b6a-4575-b6d1-075d76a997ff	TCGA-DX-A6YR	Copy Number Variation	TSV	Genotyping Array	0209df9a-f63b-4b35-8e7d-37fea304d05d	TCGA-SARC.e5d7e2bc-630c-4eb0-90cf-137dd1d8d0cd.gene_level_copy_number.v36.tsv	0209df9a-f63b-4b35-8e7d-37fea304d05d
open	4c323272-2e94-4910-a894-7836570852cd	TCGA-QQ-A8VB	Copy Number Variation	TXT	Genotyping Array	9918593c-72f8-4027-a8b0-b04c2dfb1eb6	TCGA-SARC.c2f287c1-28f7-44f3-b2de-f8f06841430b.ascat2.allelic_specific.seg.txt	9918593c-72f8-4027-a8b0-b04c2dfb1eb6
open	1007195a-7b6a-4575-b6d1-075d76a997ff	TCGA-DX-A6YR	Copy Number Variation	TSV	Genotyping Array	9cae5741-76b8-479b-93dc-32d561667248	TCGA-SARC.e5d7e2bc-630c-4eb0-90cf-137dd1d8d0cd.ascat3.gene_level_copy_number.v36.tsv	9cae5741-76b8-479b-93dc-32d561667248
open	1cbcfbb0-fcad-4ccd-8e83-120faa3e0df3	TCGA-UE-A6QU	Copy Number Variation	TXT	Genotyping Array	8ec84159-9e04-4d64-9e4b-d64ec3b18808	TCGA-SARC.58a9fc52-af4d-4f80-9a14-235faf1dfb46.ascat2.allelic_specific.seg.txt	8ec84159-9e04-4d64-9e4b-d64ec3b18808
open	16a4412f-0256-498d-b77b-4aecfed34091	TCGA-FX-A3TO	Copy Number Variation	TXT	Genotyping Array	0dde0c60-ad93-437d-843c-03f456b6cc70	TCGA-SARC.90e8e5d6-e4fc-4f69-a746-a2305b5964f8.ascat2.allelic_specific.seg.txt	0dde0c60-ad93-437d-843c-03f456b6cc70
controlled	4c323272-2e94-4910-a894-7836570852cd	TCGA-QQ-A8VB	Simple Nucleotide Variation	TSV	Genotyping Array	dde90f9d-0f56-43ec-9ec3-a9ed0fddbd3c	VISTA_p_TCGAb_383_384_NSP_GenomeWideSNP_6_A11_1465002.birdseed.data.txt	dde90f9d-0f56-43ec-9ec3-a9ed0fddbd3c
open	4c323272-2e94-4910-a894-7836570852cd	TCGA-QQ-A8VB	Copy Number Variation	TSV	Genotyping Array	9d1cbfa6-059a-45af-87c8-fc2450c62e23	TCGA-SARC.c2f287c1-28f7-44f3-b2de-f8f06841430b.gene_level_copy_number.v36.tsv	9d1cbfa6-059a-45af-87c8-fc2450c62e23
open	1cbcfbb0-fcad-4ccd-8e83-120faa3e0df3	TCGA-UE-A6QU	Copy Number Variation	TSV	Genotyping Array	e528fd41-19df-4b7e-81f6-99ef4b1ae266	TCGA-SARC.58a9fc52-af4d-4f80-9a14-235faf1dfb46.absolute_liftover.gene_level_copy_number.v36.tsv	e528fd41-19df-4b7e-81f6-99ef4b1ae266
open	1d03c1e5-8ab1-46b7-a46c-3738d463fd1c	TCGA-DX-AB37	Copy Number Variation	TSV	Genotyping Array	ea28a2c0-510d-4f84-9248-e99c7df6a0fb	TCGA-SARC.e277fbd0-1c14-40a7-b3b3-aa3b2cd07e01.gene_level_copy_number.v36.tsv	ea28a2c0-510d-4f84-9248-e99c7df6a0fb
controlled	16a4412f-0256-498d-b77b-4aecfed34091	TCGA-FX-A3TO	Simple Nucleotide Variation	TSV	Genotyping Array	5e41ce6d-6091-4162-b5d9-56c729018f66	FLUES_p_TCGASNP_228_229_230_N_GenomeWideSNP_6_D04_1148808.birdseed.data.txt	5e41ce6d-6091-4162-b5d9-56c729018f66
controlled	1d03c1e5-8ab1-46b7-a46c-3738d463fd1c	TCGA-DX-AB37	Simple Nucleotide Variation	TSV	Genotyping Array	fe62f865-b633-477a-a8c5-4bf5118d95cb	CUBES_p_TCGAb_425_426_427_NSP_GenomeWideSNP_6_E04_1514106.birdseed.data.txt	fe62f865-b633-477a-a8c5-4bf5118d95cb
controlled	1007195a-7b6a-4575-b6d1-075d76a997ff	TCGA-DX-A6YR	Copy Number Variation	CEL	Genotyping Array	9a3e3de5-1558-46d1-bade-f278c64b81de	TAZZA_p_TCGAb3_62_63_64_65_NSP_GenomeWideSNP_6_C04_1387860.CEL	9a3e3de5-1558-46d1-bade-f278c64b81de
controlled	1d03c1e5-8ab1-46b7-a46c-3738d463fd1c	TCGA-DX-AB37	Copy Number Variation	CEL	Genotyping Array	b1026c13-20f9-4d97-81da-6a48ee7e8b14	CUBES_p_TCGAb_425_426_427_NSP_GenomeWideSNP_6_E04_1514106.CEL	b1026c13-20f9-4d97-81da-6a48ee7e8b14
open	1007195a-7b6a-4575-b6d1-075d76a997ff	TCGA-DX-A6YR	Copy Number Variation	TXT	Genotyping Array	5e8584cd-58d7-4db3-ae4e-ce610e5b7074	TAZZA_p_TCGAb3_62_63_64_65_NSP_GenomeWideSNP_6_C03_1387800.grch38.seg.v2.txt	5e8584cd-58d7-4db3-ae4e-ce610e5b7074
controlled	16a4412f-0256-498d-b77b-4aecfed34091	TCGA-FX-A3TO	Copy Number Variation	CEL	Genotyping Array	325972bc-876a-47f3-8189-a2d23a712809	FLUES_p_TCGASNP_228_229_230_N_GenomeWideSNP_6_D04_1148808.CEL	325972bc-876a-47f3-8189-a2d23a712809
open	16a4412f-0256-498d-b77b-4aecfed34091	TCGA-FX-A3TO	Copy Number Variation	TXT	Genotyping Array	4c145b74-0ab8-42e3-9c26-82d94170dc98	FLUES_p_TCGASNP_228_229_230_N_GenomeWideSNP_6_D04_1148808.grch38.seg.v2.txt	4c145b74-0ab8-42e3-9c26-82d94170dc98
open	dcd4d76e-4e41-4a84-b87c-6c94586e73f4	TCGA-IS-A3K8	Copy Number Variation	TXT	Genotyping Array	738a808e-328f-489d-9e79-d5990de7aa96	MACON_p_TCGASNP_218_AML_PP_N_GenomeWideSNP_6_A03_1039986.grch38.seg.v2.txt	738a808e-328f-489d-9e79-d5990de7aa96
open	dcd4d76e-4e41-4a84-b87c-6c94586e73f4	TCGA-IS-A3K8	Copy Number Variation	TXT	Genotyping Array	58a6fda2-ce3f-4ae2-b201-6aaa5678b948	MACON_p_TCGASNP_218_AML_PP_N_GenomeWideSNP_6_C05_1040040.nocnv_grch38.seg.v2.txt	58a6fda2-ce3f-4ae2-b201-6aaa5678b948
open	dcd4d76e-4e41-4a84-b87c-6c94586e73f4	TCGA-IS-A3K8	Copy Number Variation	TXT	Genotyping Array	616afac1-3096-4b5d-9e0e-6378a9090ec8	TCGA-SARC.2a38dd75-f4b4-4178-ba47-ebb2ef8551bd.ascat2.allelic_specific.seg.txt	616afac1-3096-4b5d-9e0e-6378a9090ec8
controlled	109df703-2865-4b4c-8e4b-badff8eb3f22	TCGA-HB-A3YV	Simple Nucleotide Variation	TSV	Genotyping Array	699c537e-3854-4abc-9399-43ca987d4fa8	YOGIN_p_TCGA_4_262_263_N_GenomeWideSNP_6_C04_1306218.birdseed.data.txt	699c537e-3854-4abc-9399-43ca987d4fa8
open	dcd4d76e-4e41-4a84-b87c-6c94586e73f4	TCGA-IS-A3K8	Copy Number Variation	TSV	Genotyping Array	a5ee3009-d2d1-457e-8395-232f4cd216f7	TCGA-SARC.2a38dd75-f4b4-4178-ba47-ebb2ef8551bd.gene_level_copy_number.v36.tsv	a5ee3009-d2d1-457e-8395-232f4cd216f7
controlled	dcd4d76e-4e41-4a84-b87c-6c94586e73f4	TCGA-IS-A3K8	Simple Nucleotide Variation	TSV	Genotyping Array	6cdef6f8-9c43-4de0-9ba2-c40af09446b3	MACON_p_TCGASNP_218_AML_PP_N_GenomeWideSNP_6_C05_1040040.birdseed.data.txt	6cdef6f8-9c43-4de0-9ba2-c40af09446b3
open	109df703-2865-4b4c-8e4b-badff8eb3f22	TCGA-HB-A3YV	Copy Number Variation	TSV	Genotyping Array	528230d5-4ff4-4ff8-bd22-9bda30da9564	TCGA-SARC.e7cddc48-9b99-4933-be70-4a3730cae2ef.ascat3.gene_level_copy_number.v36.tsv	528230d5-4ff4-4ff8-bd22-9bda30da9564
open	1db4962a-3cf7-4f36-bd60-46a1b63b6c20	TCGA-SG-A6Z4	Copy Number Variation	TSV	Genotyping Array	4b95a2af-3590-4d56-a453-48f01bc66290	TCGA-SARC.16a00020-a856-4c90-8b5f-c8907b243df5.ascat3.gene_level_copy_number.v36.tsv	4b95a2af-3590-4d56-a453-48f01bc66290
open	17cecba9-37ed-4967-8756-e0f7c20c8209	TCGA-MJ-A850	Copy Number Variation	TXT	Genotyping Array	fc22a2d9-45ae-4f90-ba2a-cbb0c49e537d	TCGA-SARC.8b9cc077-d704-4164-9a94-dc3dbafad8ca.ascat2.allelic_specific.seg.txt	fc22a2d9-45ae-4f90-ba2a-cbb0c49e537d
open	17cecba9-37ed-4967-8756-e0f7c20c8209	TCGA-MJ-A850	Copy Number Variation	TSV	Genotyping Array	4cccc6f4-c28e-4da0-8fe5-a1b8563480e0	TCGA-SARC.8b9cc077-d704-4164-9a94-dc3dbafad8ca.absolute_liftover.gene_level_copy_number.v36.tsv	4cccc6f4-c28e-4da0-8fe5-a1b8563480e0
controlled	ca0f032b-a34c-4a92-a403-bc7dc6eca8e9	TCGA-KF-A41W	Copy Number Variation	CEL	Genotyping Array	89101b91-db65-46d4-9f0c-30ff2c46f8d7	YOGIN_p_TCGA_4_262_263_N_GenomeWideSNP_6_C01_1306132.CEL	89101b91-db65-46d4-9f0c-30ff2c46f8d7
open	1a319d92-d5d4-41f7-8a10-2afb52513d83	TCGA-DX-A3U9	Copy Number Variation	TXT	Genotyping Array	9d431c11-8bcc-41bf-b112-261351f802ba	SNOWS_p_TCGA_Batch_309_310_NSP_GenomeWideSNP_6_D01_1362038.grch38.seg.v2.txt	9d431c11-8bcc-41bf-b112-261351f802ba
open	1db4962a-3cf7-4f36-bd60-46a1b63b6c20	TCGA-SG-A6Z4	Copy Number Variation	TSV	Genotyping Array	79b0705a-1e79-4e50-9744-0c4c488508fc	TCGA-SARC.16a00020-a856-4c90-8b5f-c8907b243df5.absolute_liftover.gene_level_copy_number.v36.tsv	79b0705a-1e79-4e50-9744-0c4c488508fc
open	ca0f032b-a34c-4a92-a403-bc7dc6eca8e9	TCGA-KF-A41W	Copy Number Variation	TXT	Genotyping Array	1f18ebaa-5605-4ce9-90e8-2d9516a7ec6f	YOGIN_p_TCGA_4_262_263_N_GenomeWideSNP_6_C01_1306132.grch38.seg.v2.txt	1f18ebaa-5605-4ce9-90e8-2d9516a7ec6f
open	ca0f032b-a34c-4a92-a403-bc7dc6eca8e9	TCGA-KF-A41W	Copy Number Variation	TSV	Genotyping Array	22a0d2c0-ab4b-47cd-843a-ab8cdb910dba	TCGA-SARC.5f38663f-a033-4cd1-9962-33b2c23c3f65.ascat3.gene_level_copy_number.v36.tsv	22a0d2c0-ab4b-47cd-843a-ab8cdb910dba
open	257dc623-41e1-4fa3-859c-c787db10bd60	TCGA-IS-A3KA	Copy Number Variation	TXT	Genotyping Array	e2b39982-0ec9-405b-b3ab-b67e4c0b4a54	MACON_p_TCGASNP_218_AML_PP_N_GenomeWideSNP_6_C03_1040142.grch38.seg.v2.txt	e2b39982-0ec9-405b-b3ab-b67e4c0b4a54
open	257dc623-41e1-4fa3-859c-c787db10bd60	TCGA-IS-A3KA	Copy Number Variation	TSV	Genotyping Array	9d6177ed-743e-4174-ad70-f60713494d6d	TCGA-SARC.f84098f3-f23f-47ce-8a7c-621258e24021.absolute_liftover.gene_level_copy_number.v36.tsv	9d6177ed-743e-4174-ad70-f60713494d6d
controlled	212c9acc-d5ad-4b31-91bc-7ab72233aec6	TCGA-DX-A23V	Simple Nucleotide Variation	TSV	Genotyping Array	24212625-8aab-4efa-b234-0cdde5bbc97e	BURSA_p_TCGA_303_304_305_N_GenomeWideSNP_6_B01_1344754.birdseed.data.txt	24212625-8aab-4efa-b234-0cdde5bbc97e
controlled	1a319d92-d5d4-41f7-8a10-2afb52513d83	TCGA-DX-A3U9	Simple Nucleotide Variation	TSV	Genotyping Array	07100be4-a9f9-4f72-af50-6a88a88f5d3a	SNOWS_p_TCGA_Batch_309_310_NSP_GenomeWideSNP_6_D01_1362038.birdseed.data.txt	07100be4-a9f9-4f72-af50-6a88a88f5d3a
open	212c9acc-d5ad-4b31-91bc-7ab72233aec6	TCGA-DX-A23V	Copy Number Variation	TSV	Genotyping Array	6fb255c7-27fa-43c7-9550-7245cc3fa162	TCGA-SARC.bc5eb179-acb9-424a-a37f-19a9a3e52f96.absolute_liftover.gene_level_copy_number.v36.tsv	6fb255c7-27fa-43c7-9550-7245cc3fa162
open	1a319d92-d5d4-41f7-8a10-2afb52513d83	TCGA-DX-A3U9	Copy Number Variation	TXT	Genotyping Array	bb5bbfbd-2dd2-4a5c-8623-b3d02364f147	SNOWS_p_TCGA_Batch_309_310_NSP_GenomeWideSNP_6_D01_1362038.nocnv_grch38.seg.v2.txt	bb5bbfbd-2dd2-4a5c-8623-b3d02364f147
open	1a319d92-d5d4-41f7-8a10-2afb52513d83	TCGA-DX-A3U9	Copy Number Variation	TXT	Genotyping Array	8328d6fe-5f7b-4097-b034-8b5d8690b33b	TCGA-SARC.325289cc-4283-4b48-ae26-83c8cf5c475a.ascat2.allelic_specific.seg.txt	8328d6fe-5f7b-4097-b034-8b5d8690b33b
open	2892ee84-ac7c-4e0e-8311-ce721d6afc32	TCGA-SG-A6Z7	Copy Number Variation	TXT	Genotyping Array	977f9515-8e3a-4567-8676-20f38c31757c	TCGA-SARC.7f417787-01ec-4cdc-aa67-a833c3fcebcb.ascat3.allelic_specific.seg.txt	977f9515-8e3a-4567-8676-20f38c31757c
open	212c9acc-d5ad-4b31-91bc-7ab72233aec6	TCGA-DX-A23V	Copy Number Variation	TXT	Genotyping Array	535ff392-76f0-4218-9b71-11c08d49fafb	BURSA_p_TCGA_303_304_305_N_GenomeWideSNP_6_B01_1344754.nocnv_grch38.seg.v2.txt	535ff392-76f0-4218-9b71-11c08d49fafb
open	2892ee84-ac7c-4e0e-8311-ce721d6afc32	TCGA-SG-A6Z7	Copy Number Variation	TXT	Genotyping Array	229e880c-4ccf-4d51-96ae-f0421ad2d88d	TCGA-SARC.7f417787-01ec-4cdc-aa67-a833c3fcebcb.ascat2.allelic_specific.seg.txt	229e880c-4ccf-4d51-96ae-f0421ad2d88d
open	a34cfb9c-44dd-4617-bbd1-28edc8d527c4	TCGA-MO-A47P	Copy Number Variation	TXT	Genotyping Array	a8c9cf15-59b5-4926-ad4d-9f547cf38730	TCGA-SARC.284d8290-3263-4d8b-bb32-ba0c834cddf9.ascat2.allelic_specific.seg.txt	a8c9cf15-59b5-4926-ad4d-9f547cf38730
controlled	1ad65834-8bac-4b80-8b2e-2588548ea003	TCGA-DX-A6Z2	Copy Number Variation	CEL	Genotyping Array	7018819e-01b9-4e0c-bb20-6298c85a81eb	HONGS_p_TCGAb3_75_76_77_NSP_GenomeWideSNP_6_H01_1438202.CEL	7018819e-01b9-4e0c-bb20-6298c85a81eb
controlled	23409c1c-9fc2-4c54-8c94-e1aabe05c301	TCGA-DX-A2J1	Copy Number Variation	CEL	Genotyping Array	8a4a28c6-799a-41b8-a399-f86bcc97e33e	MACON_p_TCGASNP_218_AML_PP_N_GenomeWideSNP_6_C01_1040050.CEL	8a4a28c6-799a-41b8-a399-f86bcc97e33e
controlled	23409c1c-9fc2-4c54-8c94-e1aabe05c301	TCGA-DX-A2J1	Simple Nucleotide Variation	TSV	Genotyping Array	efcbe57b-2c23-47ac-a4aa-793b802e26dc	MACON_p_TCGASNP_218_AML_PP_N_GenomeWideSNP_6_C01_1040050.birdseed.data.txt	efcbe57b-2c23-47ac-a4aa-793b802e26dc
controlled	2892ee84-ac7c-4e0e-8311-ce721d6afc32	TCGA-SG-A6Z7	Simple Nucleotide Variation	TSV	Genotyping Array	df7bb766-b497-4d1c-9980-1387263dc3ba	THREW_p_TCGAb_329_335_336_NSP_GenomeWideSNP_6_F12_1367094.birdseed.data.txt	df7bb766-b497-4d1c-9980-1387263dc3ba
controlled	2e3665ef-d572-478f-9415-db61c3753613	TCGA-MB-A5YA	Simple Nucleotide Variation	TSV	Genotyping Array	2f0d0cb7-568d-4790-b0dd-1112039ccfce	BURSA_p_TCGA_303_304_305_N_GenomeWideSNP_6_C10_1344772.birdseed.data.txt	2f0d0cb7-568d-4790-b0dd-1112039ccfce
open	2e3665ef-d572-478f-9415-db61c3753613	TCGA-MB-A5YA	Copy Number Variation	TXT	Genotyping Array	8a3a16e7-01b5-48cd-a72f-985a5feba4ac	TCGA-SARC.cd2b6d57-f62b-405a-9d7e-b8f2081acec7.ascat3.allelic_specific.seg.txt	8a3a16e7-01b5-48cd-a72f-985a5feba4ac
open	2e3665ef-d572-478f-9415-db61c3753613	TCGA-MB-A5YA	Copy Number Variation	TXT	Genotyping Array	1d13441b-f0eb-4870-8aa9-273c9f69ab76	TCGA-SARC.cd2b6d57-f62b-405a-9d7e-b8f2081acec7.ascat2.allelic_specific.seg.txt	1d13441b-f0eb-4870-8aa9-273c9f69ab76
open	a34cfb9c-44dd-4617-bbd1-28edc8d527c4	TCGA-MO-A47P	Copy Number Variation	TXT	Genotyping Array	2f789e77-9904-449c-b52f-01d3ea27b8e1	YOGIN_p_TCGA_4_262_263_N_GenomeWideSNP_6_C12_1306206.grch38.seg.v2.txt	2f789e77-9904-449c-b52f-01d3ea27b8e1
open	1ad65834-8bac-4b80-8b2e-2588548ea003	TCGA-DX-A6Z2	Copy Number Variation	TSV	Genotyping Array	a4e8c229-6372-4137-bb00-59623074813a	TCGA-SARC.1cef4169-55a3-4661-bd30-60770882192e.gene_level_copy_number.v36.tsv	a4e8c229-6372-4137-bb00-59623074813a
open	3ea1cbd8-f74a-4b14-aa49-23d5a47716ba	TCGA-IW-A3M6	Copy Number Variation	TSV	Genotyping Array	ebac1734-6649-488f-b268-9f9c69445e23	TCGA-SARC.f72d24bd-65f1-4b7e-b2e4-4e93cf4023f2.gene_level_copy_number.v36.tsv	ebac1734-6649-488f-b268-9f9c69445e23
open	3ea1cbd8-f74a-4b14-aa49-23d5a47716ba	TCGA-IW-A3M6	Copy Number Variation	TSV	Genotyping Array	539f375a-233e-4a69-9185-567b7f3a1eb3	TCGA-SARC.f72d24bd-65f1-4b7e-b2e4-4e93cf4023f2.absolute_liftover.gene_level_copy_number.v36.tsv	539f375a-233e-4a69-9185-567b7f3a1eb3
controlled	23409c1c-9fc2-4c54-8c94-e1aabe05c301	TCGA-DX-A2J1	Copy Number Variation	CEL	Genotyping Array	d7a13548-15d7-4ae6-8893-a7999beab426	MACON_p_TCGASNP_218_AML_PP_N_GenomeWideSNP_6_D01_1040114.CEL	d7a13548-15d7-4ae6-8893-a7999beab426
open	2e3b8aa0-80db-4cb5-b706-328d1401a65b	TCGA-DX-A48K	Copy Number Variation	TXT	Genotyping Array	0b622d75-6f07-4d07-ace1-60c8b1f7e511	TCGA-SARC.aedc5a57-02d2-4d9b-a984-48bb962c2a3a.ascat3.allelic_specific.seg.txt	0b622d75-6f07-4d07-ace1-60c8b1f7e511
open	2e3b8aa0-80db-4cb5-b706-328d1401a65b	TCGA-DX-A48K	Copy Number Variation	TSV	Genotyping Array	bf9252ec-f4ee-427f-b1f1-986b305b4455	TCGA-SARC.aedc5a57-02d2-4d9b-a984-48bb962c2a3a.ascat3.gene_level_copy_number.v36.tsv	bf9252ec-f4ee-427f-b1f1-986b305b4455
controlled	3ea1cbd8-f74a-4b14-aa49-23d5a47716ba	TCGA-IW-A3M6	Copy Number Variation	CEL	Genotyping Array	04e32512-4cf0-4d9b-95cf-bdcb097eea8e	MACON_p_TCGASNP_218_AML_PP_N_GenomeWideSNP_6_C02_1040010.CEL	04e32512-4cf0-4d9b-95cf-bdcb097eea8e
open	2e3b8aa0-80db-4cb5-b706-328d1401a65b	TCGA-DX-A48K	Copy Number Variation	TSV	Genotyping Array	db73a071-85d8-40a6-89b5-ff524003876d	TCGA-SARC.aedc5a57-02d2-4d9b-a984-48bb962c2a3a.gene_level_copy_number.v36.tsv	db73a071-85d8-40a6-89b5-ff524003876d
open	1c89da99-9e89-4726-b196-97eeab46d504	TCGA-X6-A7WC	Copy Number Variation	TXT	Genotyping Array	831a2e59-40fd-4d58-ac0c-3c516e6b4cff	TCGA-SARC.07fbe2a0-470a-4fdb-99e2-8ac308e39473.ascat3.allelic_specific.seg.txt	831a2e59-40fd-4d58-ac0c-3c516e6b4cff
controlled	28c50a5c-e0ea-4f93-b34c-b0a651264539	TCGA-HS-A5N7	Copy Number Variation	CEL	Genotyping Array	aaf53867-09e9-4578-88de-73b012a2bee9	WAGER_p_TCGA_282_284_285_286_N_GenomeWideSNP_6_C08_1359160.CEL	aaf53867-09e9-4578-88de-73b012a2bee9
open	28c50a5c-e0ea-4f93-b34c-b0a651264539	TCGA-HS-A5N7	Copy Number Variation	TXT	Genotyping Array	40b8e8ac-5ac4-4ddd-9cb7-c2fc2f82e883	TCGA-SARC.101124bf-4d90-4f06-8c7d-06181e981d24.ascat3.allelic_specific.seg.txt	40b8e8ac-5ac4-4ddd-9cb7-c2fc2f82e883
open	3ea1cbd8-f74a-4b14-aa49-23d5a47716ba	TCGA-IW-A3M6	Copy Number Variation	TXT	Genotyping Array	71a82e52-3759-4f64-9a89-362e9ba9d92b	TCGA-SARC.f72d24bd-65f1-4b7e-b2e4-4e93cf4023f2.ascat2.allelic_specific.seg.txt	71a82e52-3759-4f64-9a89-362e9ba9d92b
open	2e3b8aa0-80db-4cb5-b706-328d1401a65b	TCGA-DX-A48K	Copy Number Variation	TXT	Genotyping Array	b651cc68-8d08-4447-895a-f901d916f0fe	TCGA-SARC.aedc5a57-02d2-4d9b-a984-48bb962c2a3a.ascat2.allelic_specific.seg.txt	b651cc68-8d08-4447-895a-f901d916f0fe
controlled	3ea1cbd8-f74a-4b14-aa49-23d5a47716ba	TCGA-IW-A3M6	Copy Number Variation	CEL	Genotyping Array	9d8f0473-6ffd-40ef-bd2c-68ff70c35625	MACON_p_TCGASNP_218_AML_PP_N_GenomeWideSNP_6_A12_1040120.CEL	9d8f0473-6ffd-40ef-bd2c-68ff70c35625
controlled	2a2f2663-d813-41ff-a4e2-dfe0f16d236d	TCGA-3B-A9HY	Copy Number Variation	CEL	Genotyping Array	51ce8709-bf37-4c1f-8ee8-6dd2197ca063	PRION_p_TCGAb_410_11_12_13_NSP_GenomeWideSNP_6_C04_1486686.CEL	51ce8709-bf37-4c1f-8ee8-6dd2197ca063
open	32344f23-524b-4182-ae75-6ad6128eeba0	TCGA-IE-A4EH	Copy Number Variation	TXT	Genotyping Array	69e0b257-b1d1-4ecc-9998-378466e65c9f	TCGA-SARC.6d4f7b42-0796-4be3-8eda-0a866e282e1b.ascat2.allelic_specific.seg.txt	69e0b257-b1d1-4ecc-9998-378466e65c9f
open	2e3b8aa0-80db-4cb5-b706-328d1401a65b	TCGA-DX-A48K	Copy Number Variation	TSV	Genotyping Array	c0cff399-c58e-4576-8f6a-a2c1f87855eb	TCGA-SARC.aedc5a57-02d2-4d9b-a984-48bb962c2a3a.absolute_liftover.gene_level_copy_number.v36.tsv	c0cff399-c58e-4576-8f6a-a2c1f87855eb
controlled	2e3b8aa0-80db-4cb5-b706-328d1401a65b	TCGA-DX-A48K	Simple Nucleotide Variation	TSV	Genotyping Array	9c21a3dd-f03c-49fa-815b-f83f454f4b26	SNOWS_p_TCGA_Batch_309_310_NSP_GenomeWideSNP_6_E04_1362092.birdseed.data.txt	9c21a3dd-f03c-49fa-815b-f83f454f4b26
open	2ebfbd8e-7db2-4cd7-bf1c-a0c27fcf07e7	TCGA-QC-A7B5	Copy Number Variation	TXT	Genotyping Array	01999a7d-be60-45b6-b0bf-c2ad7e13a6a9	SODDY_p_TCGAb3_39_40_41_42_NSP_GenomeWideSNP_6_H03_1374080.grch38.seg.v2.txt	01999a7d-be60-45b6-b0bf-c2ad7e13a6a9
open	2a2f2663-d813-41ff-a4e2-dfe0f16d236d	TCGA-3B-A9HY	Copy Number Variation	TSV	Genotyping Array	347cdddc-b8ee-40b7-b53f-319a9b3d879d	TCGA-SARC.e1fa1873-2679-4815-acf6-f74dfe35cc47.ascat3.gene_level_copy_number.v36.tsv	347cdddc-b8ee-40b7-b53f-319a9b3d879d
open	2ebfbd8e-7db2-4cd7-bf1c-a0c27fcf07e7	TCGA-QC-A7B5	Copy Number Variation	TXT	Genotyping Array	e0a6383a-33ff-4d09-bab7-b0021268ddc0	MOWED_p_TCGAb3_39_40_41_42_STY_GenomeWideSNP_6_H04_1377504.nocnv_grch38.seg.v2.txt	e0a6383a-33ff-4d09-bab7-b0021268ddc0
controlled	32344f23-524b-4182-ae75-6ad6128eeba0	TCGA-IE-A4EH	Simple Nucleotide Variation	TSV	Genotyping Array	48a4ee9d-8284-4b7f-951d-999bb965d42e	YOGIN_p_TCGA_4_262_263_N_GenomeWideSNP_6_A08_1306222.birdseed.data.txt	48a4ee9d-8284-4b7f-951d-999bb965d42e
open	2c9f737b-0d37-4931-aff5-4562a0057bae	TCGA-DX-A7EI	Copy Number Variation	TXT	Genotyping Array	65e504ac-3ff1-40ce-ad62-5b2411fd3fbc	MOWED_p_TCGAb3_39_40_41_42_STY_GenomeWideSNP_6_G09_1377518.grch38.seg.v2.txt	65e504ac-3ff1-40ce-ad62-5b2411fd3fbc
open	2ebfbd8e-7db2-4cd7-bf1c-a0c27fcf07e7	TCGA-QC-A7B5	Copy Number Variation	TXT	Genotyping Array	66d88e5a-6cae-415d-b409-888baaacf778	TCGA-SARC.c1d32241-7aa6-4d30-beca-d96db4ae0f90.ascat2.allelic_specific.seg.txt	66d88e5a-6cae-415d-b409-888baaacf778
open	2ebfbd8e-7db2-4cd7-bf1c-a0c27fcf07e7	TCGA-QC-A7B5	Copy Number Variation	TXT	Genotyping Array	ff6ba303-6fb2-4865-a129-52a1d5f54294	TCGA-SARC.c1d32241-7aa6-4d30-beca-d96db4ae0f90.ascat3.allelic_specific.seg.txt	ff6ba303-6fb2-4865-a129-52a1d5f54294
open	2ebfbd8e-7db2-4cd7-bf1c-a0c27fcf07e7	TCGA-QC-A7B5	Copy Number Variation	TXT	Genotyping Array	71ad17dc-eace-48e7-b9e6-d45f5fa0dad8	MOWED_p_TCGAb3_39_40_41_42_STY_GenomeWideSNP_6_H04_1377504.grch38.seg.v2.txt	71ad17dc-eace-48e7-b9e6-d45f5fa0dad8
open	2948d657-e5dd-4d6e-91b5-88c54f73ac31	TCGA-HS-A5N9	Copy Number Variation	TXT	Genotyping Array	2ea77592-9dec-4a48-bd06-385b36aaec29	WAGER_p_TCGA_282_284_285_286_N_GenomeWideSNP_6_H08_1347274.nocnv_grch38.seg.v2.txt	2ea77592-9dec-4a48-bd06-385b36aaec29
open	31397970-59d8-4ee8-83cf-901cd8ba17b3	TCGA-DX-A8BG	Copy Number Variation	TSV	Genotyping Array	37f866be-d400-4c31-8959-664a688c7364	TCGA-SARC.0354dd0a-3de5-4926-be37-b050495fafc2.ascat3.gene_level_copy_number.v36.tsv	37f866be-d400-4c31-8959-664a688c7364
open	2ff01040-5270-4895-bbfa-5819b46ef444	TCGA-DX-A1KZ	Copy Number Variation	TXT	Genotyping Array	bc4067ec-29d5-4b1c-9324-660665096880	YOGIN_p_TCGA_4_262_263_N_GenomeWideSNP_6_A01_1306128.grch38.seg.v2.txt	bc4067ec-29d5-4b1c-9324-660665096880
controlled	2cacd9d0-8414-4f17-8259-c9d838597f39	TCGA-DX-A3LW	Simple Nucleotide Variation	TSV	Genotyping Array	15cdbce1-7b41-4d0b-9b7a-289b9c68831c	MACON_p_TCGASNP_218_AML_PP_N_GenomeWideSNP_6_B04_1039976.birdseed.data.txt	15cdbce1-7b41-4d0b-9b7a-289b9c68831c
controlled	2560fb5b-5f49-4d38-8f61-1ab911aed3eb	TCGA-SI-A71P	Copy Number Variation	CEL	Genotyping Array	2e79a249-bf34-467d-aa84-c6ab268c0918	MOWED_p_TCGAb3_39_40_41_42_STY_GenomeWideSNP_6_F10_1377508.CEL	2e79a249-bf34-467d-aa84-c6ab268c0918
open	2ff01040-5270-4895-bbfa-5819b46ef444	TCGA-DX-A1KZ	Copy Number Variation	TXT	Genotyping Array	bbd55725-8ec7-43e6-a7ce-699a7210d3f7	TCGA-SARC.362bf99a-94f3-4f60-9778-41ea7a0ca550.ascat2.allelic_specific.seg.txt	bbd55725-8ec7-43e6-a7ce-699a7210d3f7
open	3608bfbb-2a92-4ec2-a330-bf4790a8b65c	TCGA-DX-A240	Copy Number Variation	TSV	Genotyping Array	c2d2c12b-a839-427d-ac42-81beaf707e1d	TCGA-SARC.c6f8a3e8-59d4-4096-9e11-d699510f99fd.absolute_liftover.gene_level_copy_number.v36.tsv	c2d2c12b-a839-427d-ac42-81beaf707e1d
open	319243bf-d96f-454f-b007-3468d76869df	TCGA-DX-A23Y	Copy Number Variation	TXT	Genotyping Array	84cc1461-c4b5-4d01-ad47-8957ba22fb45	TCGA-SARC.11967ba0-a030-4a07-9576-03f774e89959.ascat2.allelic_specific.seg.txt	84cc1461-c4b5-4d01-ad47-8957ba22fb45
controlled	37ecc5e1-2b04-498e-af2d-6cf54e33ba49	TCGA-DX-A6BH	Simple Nucleotide Variation	TSV	Genotyping Array	2d5ea9d0-a37a-490c-abd5-dc9d6d1f0455	SNOWS_p_TCGA_Batch_309_310_NSP_GenomeWideSNP_6_G06_1362184.birdseed.data.txt	2d5ea9d0-a37a-490c-abd5-dc9d6d1f0455
open	37ecc5e1-2b04-498e-af2d-6cf54e33ba49	TCGA-DX-A6BH	Copy Number Variation	TSV	Genotyping Array	785aa566-f058-4c21-9bcb-0e96129dbc5c	TCGA-SARC.e793f45a-e1f9-4760-af92-4b2d4118ce92.absolute_liftover.gene_level_copy_number.v36.tsv	785aa566-f058-4c21-9bcb-0e96129dbc5c
open	32377dd2-c2a2-44ff-8938-b8cfb35db79c	TCGA-3B-A9HZ	Copy Number Variation	TSV	Genotyping Array	3d55f775-a344-4412-b886-1a597b215502	TCGA-SARC.be9c4467-f251-47b6-ad07-93ca9d58400d.ascat3.gene_level_copy_number.v36.tsv	3d55f775-a344-4412-b886-1a597b215502
controlled	2ff6aede-7bcd-440b-99ab-7a023faf658e	TCGA-DX-A2J0	Copy Number Variation	CEL	Genotyping Array	8951fdb6-f826-43be-a0fb-f0c42de95bcd	DLP_REDO_FROM_MACON_C06.CEL	8951fdb6-f826-43be-a0fb-f0c42de95bcd
open	2ff6aede-7bcd-440b-99ab-7a023faf658e	TCGA-DX-A2J0	Copy Number Variation	TSV	Genotyping Array	b4d46682-46af-448a-bf16-58e532d00c0d	TCGA-SARC.086b9671-9220-478d-9898-e46d449e4d56.ascat3.gene_level_copy_number.v36.tsv	b4d46682-46af-448a-bf16-58e532d00c0d
open	2ff6aede-7bcd-440b-99ab-7a023faf658e	TCGA-DX-A2J0	Copy Number Variation	TXT	Genotyping Array	3b298b9c-2d9d-4cba-9f65-3011d101d430	MACON_p_TCGASNP_218_AML_PP_N_GenomeWideSNP_6_B06_1040020.grch38.seg.v2.txt	3b298b9c-2d9d-4cba-9f65-3011d101d430
open	2cacd9d0-8414-4f17-8259-c9d838597f39	TCGA-DX-A3LW	Copy Number Variation	TSV	Genotyping Array	ce5b353c-2718-4e50-b94d-6978d0cc9965	TCGA-SARC.f9c61f8b-163b-4059-92be-f2be0c1a8913.gene_level_copy_number.v36.tsv	ce5b353c-2718-4e50-b94d-6978d0cc9965
open	2ff6aede-7bcd-440b-99ab-7a023faf658e	TCGA-DX-A2J0	Copy Number Variation	TSV	Genotyping Array	75193a24-8c33-4713-8a10-a5d03db2a3ac	TCGA-SARC.086b9671-9220-478d-9898-e46d449e4d56.absolute_liftover.gene_level_copy_number.v36.tsv	75193a24-8c33-4713-8a10-a5d03db2a3ac
open	4482da24-bd16-4826-a9ea-1078bcb12411	TCGA-LI-A67I	Copy Number Variation	TSV	Genotyping Array	335888bb-4b37-4472-b020-c085da691ebb	TCGA-SARC.7198d4ba-e461-4023-a007-e36c95fe4d2b.absolute_liftover.gene_level_copy_number.v36.tsv	335888bb-4b37-4472-b020-c085da691ebb
open	2ff6aede-7bcd-440b-99ab-7a023faf658e	TCGA-DX-A2J0	Copy Number Variation	TXT	Genotyping Array	2b2eb0d3-06d1-4736-8147-27fa3dbda439	TCGA-SARC.086b9671-9220-478d-9898-e46d449e4d56.ascat2.allelic_specific.seg.txt	2b2eb0d3-06d1-4736-8147-27fa3dbda439
open	32377dd2-c2a2-44ff-8938-b8cfb35db79c	TCGA-3B-A9HZ	Copy Number Variation	TXT	Genotyping Array	66c7544d-87e2-4e1e-94bd-d968eab5f4e6	PRION_p_TCGAb_410_11_12_13_NSP_GenomeWideSNP_6_F08_1486742.nocnv_grch38.seg.v2.txt	66c7544d-87e2-4e1e-94bd-d968eab5f4e6
open	39e24241-cb1f-445e-b167-82ee44bfc14e	TCGA-X6-A8C3	Copy Number Variation	TSV	Genotyping Array	d97ccf8f-5a0e-4e94-becd-18b98af652e2	TCGA-SARC.acb385f3-fc6b-48e1-af09-52a2baa1384f.gene_level_copy_number.v36.tsv	d97ccf8f-5a0e-4e94-becd-18b98af652e2
open	3239cd26-98ef-4470-9e2e-c43f03d9ab0d	TCGA-X6-A8C5	Copy Number Variation	TXT	Genotyping Array	d9b9d93c-1a3f-4d8a-af30-5379a6f3f546	HONGS_p_TCGAb3_75_76_77_NSP_GenomeWideSNP_6_H07_1438210.grch38.seg.v2.txt	d9b9d93c-1a3f-4d8a-af30-5379a6f3f546
open	3239cd26-98ef-4470-9e2e-c43f03d9ab0d	TCGA-X6-A8C5	Copy Number Variation	TXT	Genotyping Array	44c48b05-43db-46dd-b228-bf47a583b568	TCGA-SARC.2a1af1a0-e321-4d5d-937b-013a4faef870.ascat2.allelic_specific.seg.txt	44c48b05-43db-46dd-b228-bf47a583b568
open	39e24241-cb1f-445e-b167-82ee44bfc14e	TCGA-X6-A8C3	Copy Number Variation	TXT	Genotyping Array	68e49353-0d80-4188-84f5-055c508ac962	HONGS_p_TCGAb3_75_76_77_NSP_GenomeWideSNP_6_H03_1438206.nocnv_grch38.seg.v2.txt	68e49353-0d80-4188-84f5-055c508ac962
open	4482da24-bd16-4826-a9ea-1078bcb12411	TCGA-LI-A67I	Copy Number Variation	TXT	Genotyping Array	34682fd7-07f0-4712-bbf7-23aacac0e6d3	RICES_p_TCGA_Batch_310_311_NSP_GenomeWideSNP_6_A05_1361940.nocnv_grch38.seg.v2.txt	34682fd7-07f0-4712-bbf7-23aacac0e6d3
open	2d468c02-45f7-4b4b-920a-557ae6c91a43	TCGA-DX-AB2W	Copy Number Variation	TXT	Genotyping Array	2c401ac4-c668-44fb-96c2-5cf33bd140b4	PRION_p_TCGAb_410_11_12_13_NSP_GenomeWideSNP_6_E08_1486650.nocnv_grch38.seg.v2.txt	2c401ac4-c668-44fb-96c2-5cf33bd140b4
open	4482da24-bd16-4826-a9ea-1078bcb12411	TCGA-LI-A67I	Copy Number Variation	TXT	Genotyping Array	f6a08b69-627f-4e87-8bd8-17e4f73d6800	TCGA-SARC.7198d4ba-e461-4023-a007-e36c95fe4d2b.ascat2.allelic_specific.seg.txt	f6a08b69-627f-4e87-8bd8-17e4f73d6800
controlled	2d468c02-45f7-4b4b-920a-557ae6c91a43	TCGA-DX-AB2W	Simple Nucleotide Variation	TSV	Genotyping Array	b468b8f0-3bd9-4824-9c3e-adf4b93ffa8c	PRION_p_TCGAb_410_11_12_13_NSP_GenomeWideSNP_6_E08_1486650.birdseed.data.txt	b468b8f0-3bd9-4824-9c3e-adf4b93ffa8c
open	2d468c02-45f7-4b4b-920a-557ae6c91a43	TCGA-DX-AB2W	Copy Number Variation	TSV	Genotyping Array	50f283f9-d726-42a4-b1a7-f0d28e5a9259	TCGA-SARC.f881ef1d-d495-4bce-975a-f468c2c31e9b.ascat3.gene_level_copy_number.v36.tsv	50f283f9-d726-42a4-b1a7-f0d28e5a9259
open	39e24241-cb1f-445e-b167-82ee44bfc14e	TCGA-X6-A8C3	Copy Number Variation	TSV	Genotyping Array	dacba5db-50b2-4004-8d54-e9e152bbc077	TCGA-SARC.acb385f3-fc6b-48e1-af09-52a2baa1384f.absolute_liftover.gene_level_copy_number.v36.tsv	dacba5db-50b2-4004-8d54-e9e152bbc077
open	2d468c02-45f7-4b4b-920a-557ae6c91a43	TCGA-DX-AB2W	Copy Number Variation	TXT	Genotyping Array	35eb54f9-c62c-4d2e-a6d0-05a0c3680e69	TCGA-SARC.f881ef1d-d495-4bce-975a-f468c2c31e9b.ascat2.allelic_specific.seg.txt	35eb54f9-c62c-4d2e-a6d0-05a0c3680e69
controlled	3239cd26-98ef-4470-9e2e-c43f03d9ab0d	TCGA-X6-A8C5	Simple Nucleotide Variation	TSV	Genotyping Array	a395ee6d-360e-45fa-b0ea-7821299b8cd8	HONGS_p_TCGAb3_75_76_77_NSP_GenomeWideSNP_6_F10_1438314.birdseed.data.txt	a395ee6d-360e-45fa-b0ea-7821299b8cd8
open	479d7a5a-63dc-412b-9075-920525334fe7	TCGA-WK-A8XT	Copy Number Variation	TXT	Genotyping Array	fd49cdf7-10e8-46df-a7c4-807ac585ed97	VISTA_p_TCGAb_383_384_NSP_GenomeWideSNP_6_A08_1464836.grch38.seg.v2.txt	fd49cdf7-10e8-46df-a7c4-807ac585ed97
controlled	39f68467-3d37-4b19-aa43-ed7b120c619d	TCGA-DX-A3LS	Copy Number Variation	CEL	Genotyping Array	8451c929-f313-4c34-bb94-86f16e342109	MACON_p_TCGASNP_218_AML_PP_N_GenomeWideSNP_6_A11_1040076.CEL	8451c929-f313-4c34-bb94-86f16e342109
open	306c53fb-640d-42ad-889a-abc5fd3ad778	TCGA-K1-A6RU	Copy Number Variation	TXT	Genotyping Array	959e72ef-3fbd-4678-8352-932e6f0144b3	THREW_p_TCGAb_329_335_336_NSP_GenomeWideSNP_6_E05_1367212.nocnv_grch38.seg.v2.txt	959e72ef-3fbd-4678-8352-932e6f0144b3
open	479d7a5a-63dc-412b-9075-920525334fe7	TCGA-WK-A8XT	Copy Number Variation	TXT	Genotyping Array	a1cc2a2e-6388-4261-ad2c-62d6cbe614d9	TCGA-SARC.bdabad1e-ef72-421f-81dd-d073e9b0ee1d.ascat3.allelic_specific.seg.txt	a1cc2a2e-6388-4261-ad2c-62d6cbe614d9
open	34a1c0a8-3af7-48a7-b9dd-91c551ac5ce7	TCGA-DX-AB2G	Copy Number Variation	TXT	Genotyping Array	92d939e3-540f-41f9-80e3-f8e65651a554	TCGA-SARC.7eaea461-c841-494b-ad9f-0ccc9bbddd44.ascat3.allelic_specific.seg.txt	92d939e3-540f-41f9-80e3-f8e65651a554
controlled	39f68467-3d37-4b19-aa43-ed7b120c619d	TCGA-DX-A3LS	Copy Number Variation	CEL	Genotyping Array	3f402742-d072-4711-a38f-e78f5f9306b6	MACON_p_TCGASNP_218_AML_PP_N_GenomeWideSNP_6_B08_1040034.CEL	3f402742-d072-4711-a38f-e78f5f9306b6
controlled	34a1c0a8-3af7-48a7-b9dd-91c551ac5ce7	TCGA-DX-AB2G	Simple Nucleotide Variation	TSV	Genotyping Array	c251a026-4757-4370-9eb1-d1a48d1783f3	PRION_p_TCGAb_410_11_12_13_NSP_GenomeWideSNP_6_F07_1486640.birdseed.data.txt	c251a026-4757-4370-9eb1-d1a48d1783f3
open	306c53fb-640d-42ad-889a-abc5fd3ad778	TCGA-K1-A6RU	Copy Number Variation	TXT	Genotyping Array	939cfe33-4efc-4c8b-81d7-0fa9718c84bb	TCGA-SARC.286620f4-d0be-4e4f-ad93-9972c9e121fa.ascat3.allelic_specific.seg.txt	939cfe33-4efc-4c8b-81d7-0fa9718c84bb
open	479d7a5a-63dc-412b-9075-920525334fe7	TCGA-WK-A8XT	Copy Number Variation	TXT	Genotyping Array	2922cfb6-acfb-43c9-991e-d049a7a34c22	VISTA_p_TCGAb_383_384_NSP_GenomeWideSNP_6_A09_1464916.nocnv_grch38.seg.v2.txt	2922cfb6-acfb-43c9-991e-d049a7a34c22
open	34a1c0a8-3af7-48a7-b9dd-91c551ac5ce7	TCGA-DX-AB2G	Copy Number Variation	TSV	Genotyping Array	d060f1e5-3e37-4f5f-8b3e-da0ebd2aec3a	TCGA-SARC.7eaea461-c841-494b-ad9f-0ccc9bbddd44.ascat3.gene_level_copy_number.v36.tsv	d060f1e5-3e37-4f5f-8b3e-da0ebd2aec3a
open	306c53fb-640d-42ad-889a-abc5fd3ad778	TCGA-K1-A6RU	Copy Number Variation	TSV	Genotyping Array	bca8bad1-a216-423b-93bc-bf2e966c6fff	TCGA-SARC.286620f4-d0be-4e4f-ad93-9972c9e121fa.absolute_liftover.gene_level_copy_number.v36.tsv	bca8bad1-a216-423b-93bc-bf2e966c6fff
open	479d7a5a-63dc-412b-9075-920525334fe7	TCGA-WK-A8XT	Copy Number Variation	TXT	Genotyping Array	d1c3358b-0375-4ba9-aad0-d20ec7b24897	VISTA_p_TCGAb_383_384_NSP_GenomeWideSNP_6_A08_1464836.nocnv_grch38.seg.v2.txt	d1c3358b-0375-4ba9-aad0-d20ec7b24897
open	306c53fb-640d-42ad-889a-abc5fd3ad778	TCGA-K1-A6RU	Copy Number Variation	TXT	Genotyping Array	7b26bbb9-ada1-4d82-b841-0f28c90df49a	TCGA-SARC.286620f4-d0be-4e4f-ad93-9972c9e121fa.ascat2.allelic_specific.seg.txt	7b26bbb9-ada1-4d82-b841-0f28c90df49a
open	39f68467-3d37-4b19-aa43-ed7b120c619d	TCGA-DX-A3LS	Copy Number Variation	TXT	Genotyping Array	a9613da4-5895-4311-b3d9-d27edf745ad5	MACON_p_TCGASNP_218_AML_PP_N_GenomeWideSNP_6_B08_1040034.nocnv_grch38.seg.v2.txt	a9613da4-5895-4311-b3d9-d27edf745ad5
open	39f68467-3d37-4b19-aa43-ed7b120c619d	TCGA-DX-A3LS	Copy Number Variation	TXT	Genotyping Array	ef752cbc-2a4b-4576-9685-5d9f7dad429b	TCGA-SARC.0bce492e-f15f-4fb4-b88b-0a32887bdc49.ascat3.allelic_specific.seg.txt	ef752cbc-2a4b-4576-9685-5d9f7dad429b
controlled	306c53fb-640d-42ad-889a-abc5fd3ad778	TCGA-K1-A6RU	Copy Number Variation	CEL	Genotyping Array	bebd7c64-ee25-481c-9e05-e6e310987a81	THREW_p_TCGAb_329_335_336_NSP_GenomeWideSNP_6_E05_1367212.CEL	bebd7c64-ee25-481c-9e05-e6e310987a81
open	34a1c0a8-3af7-48a7-b9dd-91c551ac5ce7	TCGA-DX-AB2G	Copy Number Variation	TXT	Genotyping Array	e8d42ee1-8c5d-4758-b57b-90f1851ef996	PRION_p_TCGAb_410_11_12_13_NSP_GenomeWideSNP_6_F06_1486588.nocnv_grch38.seg.v2.txt	e8d42ee1-8c5d-4758-b57b-90f1851ef996
open	30cade9c-a0e0-4be6-9dab-1c495630fd1a	TCGA-FX-A8OO	Copy Number Variation	TXT	Genotyping Array	54dcd3ec-8224-4b15-95c8-327c0c32c1ef	HONGS_p_TCGAb3_75_76_77_NSP_GenomeWideSNP_6_H02_1438278.grch38.seg.v2.txt	54dcd3ec-8224-4b15-95c8-327c0c32c1ef
open	47a0e4a8-140f-475c-878d-8e03df3f82de	TCGA-DX-A7ET	Copy Number Variation	TXT	Genotyping Array	08a6560f-eb35-4538-8e61-44acbfa491b7	TCGA-SARC.8f9de030-7765-4971-a307-418e05d6e9c2.ascat3.allelic_specific.seg.txt	08a6560f-eb35-4538-8e61-44acbfa491b7
open	39f68467-3d37-4b19-aa43-ed7b120c619d	TCGA-DX-A3LS	Copy Number Variation	TXT	Genotyping Array	cb14ddbc-c8c5-454c-99cd-b6f8f7f6ae8d	MACON_p_TCGASNP_218_AML_PP_N_GenomeWideSNP_6_A11_1040076.grch38.seg.v2.txt	cb14ddbc-c8c5-454c-99cd-b6f8f7f6ae8d
open	34c39a6b-db6a-47e5-b0d4-5fa990ef7eb8	TCGA-3B-A9HI	Copy Number Variation	TXT	Genotyping Array	70a96e34-b698-4a83-b586-e705facfa1ec	TCGA-SARC.60785c89-6561-4826-a79a-d024e58aa15d.ascat3.allelic_specific.seg.txt	70a96e34-b698-4a83-b586-e705facfa1ec
open	30cade9c-a0e0-4be6-9dab-1c495630fd1a	TCGA-FX-A8OO	Copy Number Variation	TXT	Genotyping Array	5fb627a5-204c-41f3-a981-6bf99f248626	HONGS_p_TCGAb3_75_76_77_NSP_GenomeWideSNP_6_H02_1438278.nocnv_grch38.seg.v2.txt	5fb627a5-204c-41f3-a981-6bf99f248626
controlled	30cade9c-a0e0-4be6-9dab-1c495630fd1a	TCGA-FX-A8OO	Simple Nucleotide Variation	TSV	Genotyping Array	5d9dfeac-0c26-4134-a620-cebcf9aae326	HONGS_p_TCGAb3_75_76_77_NSP_GenomeWideSNP_6_F05_1438282.birdseed.data.txt	5d9dfeac-0c26-4134-a620-cebcf9aae326
open	3a473f10-a5e0-4cfa-87dd-f032d74dfa9e	TCGA-DX-A8BX	Copy Number Variation	TSV	Genotyping Array	06b11232-f16d-4659-bbbc-87b5cccbd307	TCGA-SARC.9300d721-8573-4193-bf6f-3992909e4598.gene_level_copy_number.v36.tsv	06b11232-f16d-4659-bbbc-87b5cccbd307
open	3a473f10-a5e0-4cfa-87dd-f032d74dfa9e	TCGA-DX-A8BX	Copy Number Variation	TXT	Genotyping Array	79de87d5-ae0b-48d9-a6c7-2630af73e9ce	TCGA-SARC.9300d721-8573-4193-bf6f-3992909e4598.ascat2.allelic_specific.seg.txt	79de87d5-ae0b-48d9-a6c7-2630af73e9ce
controlled	3a473f10-a5e0-4cfa-87dd-f032d74dfa9e	TCGA-DX-A8BX	Copy Number Variation	CEL	Genotyping Array	2b97dbdb-c22d-40f9-ad07-970b542e0888	VISTA_p_TCGAb_383_384_NSP_GenomeWideSNP_6_C08_1464874.CEL	2b97dbdb-c22d-40f9-ad07-970b542e0888
open	3a473f10-a5e0-4cfa-87dd-f032d74dfa9e	TCGA-DX-A8BX	Copy Number Variation	TXT	Genotyping Array	fac26e2c-831b-41a3-9f62-22eeda8e9482	VISTA_p_TCGAb_383_384_NSP_GenomeWideSNP_6_C09_1464862.grch38.seg.v2.txt	fac26e2c-831b-41a3-9f62-22eeda8e9482
open	4b3c152f-a9ea-48cc-9189-f09078a92c48	TCGA-3B-A9HT	Copy Number Variation	TXT	Genotyping Array	6d916f25-8692-4e66-8f5d-23a6f5fb5dd6	PRION_p_TCGAb_410_11_12_13_NSP_GenomeWideSNP_6_F04_1486622.nocnv_grch38.seg.v2.txt	6d916f25-8692-4e66-8f5d-23a6f5fb5dd6
open	3a96e833-996a-4319-83f1-326b96f4ee80	TCGA-FX-A76Y	Copy Number Variation	TSV	Genotyping Array	0bc72e71-43be-4232-87a2-0885dd5ff118	TCGA-SARC.7b75decd-ac9b-4cab-bddc-293569eb4ad1.absolute_liftover.gene_level_copy_number.v36.tsv	0bc72e71-43be-4232-87a2-0885dd5ff118
open	4996e458-db04-4c6d-9ae6-66316240a8ed	TCGA-DX-A8BU	Copy Number Variation	TXT	Genotyping Array	61db3c00-3547-40b2-aeed-c1e24f8b13b0	BREWS_p_TCGAb_382_383_NSP_GenomeWideSNP_6_H11_1465182.grch38.seg.v2.txt	61db3c00-3547-40b2-aeed-c1e24f8b13b0
controlled	3a96e833-996a-4319-83f1-326b96f4ee80	TCGA-FX-A76Y	Copy Number Variation	CEL	Genotyping Array	c3c132c3-e5ff-4b3a-ba18-4c65573a0fb9	TAZZA_p_TCGAb3_62_63_64_65_NSP_GenomeWideSNP_6_C05_1387902.CEL	c3c132c3-e5ff-4b3a-ba18-4c65573a0fb9
open	520088b0-ffc0-4ecd-b1ed-2339811d7ad2	TCGA-HB-A3L4	Copy Number Variation	TSV	Genotyping Array	27045aaf-1f85-4763-ae7e-72d6dac31b6a	TCGA-SARC.309737bf-aeeb-4f88-9042-e62cc52df00f.absolute_liftover.gene_level_copy_number.v36.tsv	27045aaf-1f85-4763-ae7e-72d6dac31b6a
open	3a96e833-996a-4319-83f1-326b96f4ee80	TCGA-FX-A76Y	Copy Number Variation	TXT	Genotyping Array	70e575bd-a706-439a-885a-ea98670b1d94	TCGA-SARC.7b75decd-ac9b-4cab-bddc-293569eb4ad1.ascat2.allelic_specific.seg.txt	70e575bd-a706-439a-885a-ea98670b1d94
controlled	3a96e833-996a-4319-83f1-326b96f4ee80	TCGA-FX-A76Y	Simple Nucleotide Variation	TSV	Genotyping Array	65102bb4-588f-4ffd-bc58-b0ac5c00b74c	TAZZA_p_TCGAb3_62_63_64_65_NSP_GenomeWideSNP_6_C05_1387902.birdseed.data.txt	65102bb4-588f-4ffd-bc58-b0ac5c00b74c
open	4dc28966-d2c4-4661-b71f-d7f85e536cb6	TCGA-DX-A6BA	Copy Number Variation	TXT	Genotyping Array	1aa57050-e6ad-4710-9a11-d69592969ff1	TCGA-SARC.1557ec60-bb88-4941-8c61-a00bc1bec7c6.ascat3.allelic_specific.seg.txt	1aa57050-e6ad-4710-9a11-d69592969ff1
open	3b1666cf-879d-4910-a0af-e5c9acbcc109	TCGA-DX-A6BB	Copy Number Variation	TXT	Genotyping Array	46815a41-c102-4485-9a87-af2366b53b29	THREW_p_TCGAb_329_335_336_NSP_GenomeWideSNP_6_D12_1367054.nocnv_grch38.seg.v2.txt	46815a41-c102-4485-9a87-af2366b53b29
open	3b1666cf-879d-4910-a0af-e5c9acbcc109	TCGA-DX-A6BB	Copy Number Variation	TXT	Genotyping Array	b6de1deb-fdd3-4405-ac2c-e61dc0ce8ee6	THREW_p_TCGAb_329_335_336_NSP_GenomeWideSNP_6_D12_1367054.grch38.seg.v2.txt	b6de1deb-fdd3-4405-ac2c-e61dc0ce8ee6
open	520088b0-ffc0-4ecd-b1ed-2339811d7ad2	TCGA-HB-A3L4	Copy Number Variation	TXT	Genotyping Array	6187934e-1bb5-427f-a1e5-801263d600bd	MACON_p_TCGASNP_218_AML_PP_N_GenomeWideSNP_6_C12_1040018.grch38.seg.v2.txt	6187934e-1bb5-427f-a1e5-801263d600bd
open	3b1666cf-879d-4910-a0af-e5c9acbcc109	TCGA-DX-A6BB	Copy Number Variation	TSV	Genotyping Array	db9d1256-55b0-443d-9019-8c703f486c93	TCGA-SARC.e27a40bd-19e4-4044-88c4-da6a4177deb8.gene_level_copy_number.v36.tsv	db9d1256-55b0-443d-9019-8c703f486c93
open	4996e458-db04-4c6d-9ae6-66316240a8ed	TCGA-DX-A8BU	Copy Number Variation	TXT	Genotyping Array	2a7f01e0-9f8d-4d8e-9151-2312843d1a7c	TCGA-SARC.3f50fa02-5bd6-44e2-86db-fec0ea239f53.ascat3.allelic_specific.seg.txt	2a7f01e0-9f8d-4d8e-9151-2312843d1a7c
open	49fd3506-eb64-4ecd-a367-303b1d7a7fc9	TCGA-MB-A5Y8	Copy Number Variation	TXT	Genotyping Array	62964598-e060-4b65-918a-622a3283c49a	BURSA_p_TCGA_303_304_305_N_GenomeWideSNP_6_B06_1344730.grch38.seg.v2.txt	62964598-e060-4b65-918a-622a3283c49a
open	49fd3506-eb64-4ecd-a367-303b1d7a7fc9	TCGA-MB-A5Y8	Copy Number Variation	TXT	Genotyping Array	9a86a58a-e9a0-4f71-97c4-e6409a276c88	BURSA_p_TCGA_303_304_305_N_GenomeWideSNP_6_B02_1344866.grch38.seg.v2.txt	9a86a58a-e9a0-4f71-97c4-e6409a276c88
controlled	4dc28966-d2c4-4661-b71f-d7f85e536cb6	TCGA-DX-A6BA	Simple Nucleotide Variation	TSV	Genotyping Array	6a7157bc-64ec-4d14-ab6e-d56c02073ab4	SNOWS_p_TCGA_Batch_309_310_NSP_GenomeWideSNP_6_F12_1362072.birdseed.data.txt	6a7157bc-64ec-4d14-ab6e-d56c02073ab4
controlled	3b1666cf-879d-4910-a0af-e5c9acbcc109	TCGA-DX-A6BB	Copy Number Variation	CEL	Genotyping Array	6089a147-1d81-4b00-aeba-8b4ae55a1dd6	THREW_p_TCGAb_329_335_336_NSP_GenomeWideSNP_6_D11_1367068.CEL	6089a147-1d81-4b00-aeba-8b4ae55a1dd6
open	520088b0-ffc0-4ecd-b1ed-2339811d7ad2	TCGA-HB-A3L4	Copy Number Variation	TXT	Genotyping Array	4459e7c6-51b2-41c6-ac3e-b4ae4ff88b0f	TCGA-SARC.309737bf-aeeb-4f88-9042-e62cc52df00f.ascat3.allelic_specific.seg.txt	4459e7c6-51b2-41c6-ac3e-b4ae4ff88b0f
controlled	49fd3506-eb64-4ecd-a367-303b1d7a7fc9	TCGA-MB-A5Y8	Simple Nucleotide Variation	TSV	Genotyping Array	b0578e4e-f4cb-43ef-9bc5-6cdde7024156	BURSA_p_TCGA_303_304_305_N_GenomeWideSNP_6_B02_1344866.birdseed.data.txt	b0578e4e-f4cb-43ef-9bc5-6cdde7024156
open	49fd3506-eb64-4ecd-a367-303b1d7a7fc9	TCGA-MB-A5Y8	Copy Number Variation	TSV	Genotyping Array	6b727376-9c26-4220-9da0-26d14edb9e57	TCGA-SARC.e71d8a09-2cda-423c-884e-aea5275cf68e.ascat3.gene_level_copy_number.v36.tsv	6b727376-9c26-4220-9da0-26d14edb9e57
controlled	3ed1862b-c6ef-4744-9123-bb1ee557f068	TCGA-DX-A7EN	Simple Nucleotide Variation	TSV	Genotyping Array	de3468b2-e1c0-43e1-a1d1-3902529ea417	PRION_p_TCGAb_410_11_12_13_NSP_GenomeWideSNP_6_D01_1486698.birdseed.data.txt	de3468b2-e1c0-43e1-a1d1-3902529ea417
open	52c1d341-94cb-4cb8-948f-bf802fef8bd0	TCGA-DX-AATS	Copy Number Variation	TSV	Genotyping Array	23d19c67-db2f-4341-bef6-4811d71c122a	TCGA-SARC.0209f46e-5169-41c8-8134-b140bca83612.absolute_liftover.gene_level_copy_number.v36.tsv	23d19c67-db2f-4341-bef6-4811d71c122a
open	4b3c152f-a9ea-48cc-9189-f09078a92c48	TCGA-3B-A9HT	Copy Number Variation	TSV	Genotyping Array	eb77fb96-317c-4f37-9724-5d25104c7694	TCGA-SARC.eb8961ec-fdd0-471b-8d94-99ef2cf3989e.gene_level_copy_number.v36.tsv	eb77fb96-317c-4f37-9724-5d25104c7694
open	52c1d341-94cb-4cb8-948f-bf802fef8bd0	TCGA-DX-AATS	Copy Number Variation	TSV	Genotyping Array	b689c4bb-a02d-4af1-af82-4ca72306a75a	TCGA-SARC.0209f46e-5169-41c8-8134-b140bca83612.ascat3.gene_level_copy_number.v36.tsv	b689c4bb-a02d-4af1-af82-4ca72306a75a
open	4e8c570c-3cbe-4878-8b2c-b966868dd60d	TCGA-IF-A4AJ	Copy Number Variation	TSV	Genotyping Array	e4706a9c-4172-4667-988a-dbd0ba88a1aa	TCGA-SARC.60f924df-f5b8-4b65-ac22-3c1289e8f6f9.gene_level_copy_number.v36.tsv	e4706a9c-4172-4667-988a-dbd0ba88a1aa
open	52c1d341-94cb-4cb8-948f-bf802fef8bd0	TCGA-DX-AATS	Copy Number Variation	TXT	Genotyping Array	cda44e30-9287-4632-98d6-c964d9e8d486	CUBES_p_TCGAb_425_426_427_NSP_GenomeWideSNP_6_F09_1513932.nocnv_grch38.seg.v2.txt	cda44e30-9287-4632-98d6-c964d9e8d486
controlled	4e8c570c-3cbe-4878-8b2c-b966868dd60d	TCGA-IF-A4AJ	Simple Nucleotide Variation	TSV	Genotyping Array	933168a7-15cd-4012-a233-800b0963b10d	YOGIN_p_TCGA_4_262_263_N_GenomeWideSNP_6_A06_1306234.birdseed.data.txt	933168a7-15cd-4012-a233-800b0963b10d
open	52c1d341-94cb-4cb8-948f-bf802fef8bd0	TCGA-DX-AATS	Copy Number Variation	TXT	Genotyping Array	ea51a21c-cf98-43d1-a58a-fa1ea4ed2e1d	CUBES_p_TCGAb_425_426_427_NSP_GenomeWideSNP_6_F08_1514038.grch38.seg.v2.txt	ea51a21c-cf98-43d1-a58a-fa1ea4ed2e1d
open	4e8c570c-3cbe-4878-8b2c-b966868dd60d	TCGA-IF-A4AJ	Copy Number Variation	TXT	Genotyping Array	19a34531-8c2a-458a-a3d1-c1eba6f63eec	YOGIN_p_TCGA_4_262_263_N_GenomeWideSNP_6_A02_1306086.grch38.seg.v2.txt	19a34531-8c2a-458a-a3d1-c1eba6f63eec
open	52ef31c5-35d8-41cf-8694-4ab4a5debc56	TCGA-SI-AA8B	Copy Number Variation	TXT	Genotyping Array	85a15251-3abf-4270-a919-e3f7ead55fcd	ENATE_p_TCGAb_394_395_396_NSP_GenomeWideSNP_6_E08_1474146.nocnv_grch38.seg.v2.txt	85a15251-3abf-4270-a919-e3f7ead55fcd
controlled	52ef31c5-35d8-41cf-8694-4ab4a5debc56	TCGA-SI-AA8B	Simple Nucleotide Variation	TSV	Genotyping Array	9994469e-29d2-409b-9400-415bd9c73a51	ENATE_p_TCGAb_394_395_396_NSP_GenomeWideSNP_6_E07_1474224.birdseed.data.txt	9994469e-29d2-409b-9400-415bd9c73a51
open	52ef31c5-35d8-41cf-8694-4ab4a5debc56	TCGA-SI-AA8B	Copy Number Variation	TSV	Genotyping Array	800416af-ace4-4203-9993-7b0962933078	TCGA-SARC.110767f7-2d8c-4754-9958-6fce7b088378.gene_level_copy_number.v36.tsv	800416af-ace4-4203-9993-7b0962933078
open	52ef31c5-35d8-41cf-8694-4ab4a5debc56	TCGA-SI-AA8B	Copy Number Variation	TXT	Genotyping Array	e7222c2d-1fd8-4645-9b14-e268779ad514	TCGA-SARC.110767f7-2d8c-4754-9958-6fce7b088378.ascat3.allelic_specific.seg.txt	e7222c2d-1fd8-4645-9b14-e268779ad514
open	52ef31c5-35d8-41cf-8694-4ab4a5debc56	TCGA-SI-AA8B	Copy Number Variation	TXT	Genotyping Array	bb25abc7-a56e-421c-9d38-eb193e7e3d0d	ENATE_p_TCGAb_394_395_396_NSP_GenomeWideSNP_6_E07_1474224.grch38.seg.v2.txt	bb25abc7-a56e-421c-9d38-eb193e7e3d0d
controlled	4fed8f7a-7ff9-4566-8094-27bdb6ee6b12	TCGA-DX-A8BZ	Copy Number Variation	CEL	Genotyping Array	57557cc4-f210-4f36-8fbd-9508b2f5dcf9	VISTA_p_TCGAb_383_384_NSP_GenomeWideSNP_6_D02_1464910.CEL	57557cc4-f210-4f36-8fbd-9508b2f5dcf9
open	52ef31c5-35d8-41cf-8694-4ab4a5debc56	TCGA-SI-AA8B	Copy Number Variation	TXT	Genotyping Array	89377af3-7f54-4f8f-bdb9-e75945400e2d	ENATE_p_TCGAb_394_395_396_NSP_GenomeWideSNP_6_E07_1474224.nocnv_grch38.seg.v2.txt	89377af3-7f54-4f8f-bdb9-e75945400e2d
open	4fed8f7a-7ff9-4566-8094-27bdb6ee6b12	TCGA-DX-A8BZ	Copy Number Variation	TXT	Genotyping Array	f79eee05-9f9b-4f3b-b117-eda498b2d97a	VISTA_p_TCGAb_383_384_NSP_GenomeWideSNP_6_D03_1464854.grch38.seg.v2.txt	f79eee05-9f9b-4f3b-b117-eda498b2d97a
open	4fed8f7a-7ff9-4566-8094-27bdb6ee6b12	TCGA-DX-A8BZ	Copy Number Variation	TXT	Genotyping Array	f0a8c108-cb02-40ca-b561-2c188cfa64c1	VISTA_p_TCGAb_383_384_NSP_GenomeWideSNP_6_D03_1464854.nocnv_grch38.seg.v2.txt	f0a8c108-cb02-40ca-b561-2c188cfa64c1
open	52ef31c5-35d8-41cf-8694-4ab4a5debc56	TCGA-SI-AA8B	Copy Number Variation	TXT	Genotyping Array	b58b66a0-ea45-4ff1-a8dd-d050de03dce9	TCGA-SARC.110767f7-2d8c-4754-9958-6fce7b088378.ascat2.allelic_specific.seg.txt	b58b66a0-ea45-4ff1-a8dd-d050de03dce9
open	590fdb76-20ef-4f95-9783-7d80e7a25e5a	TCGA-IE-A4EK	Copy Number Variation	TXT	Genotyping Array	422daaba-3844-487a-a9f3-ca58c122c961	TCGA-SARC.feb9be00-9dac-4b43-a7a2-3c5d39d20a15.ascat3.allelic_specific.seg.txt	422daaba-3844-487a-a9f3-ca58c122c961
open	590fdb76-20ef-4f95-9783-7d80e7a25e5a	TCGA-IE-A4EK	Copy Number Variation	TXT	Genotyping Array	1b5b7e57-1296-4d5e-9214-56e09e169094	TCGA-SARC.feb9be00-9dac-4b43-a7a2-3c5d39d20a15.ascat2.allelic_specific.seg.txt	1b5b7e57-1296-4d5e-9214-56e09e169094
open	4fed8f7a-7ff9-4566-8094-27bdb6ee6b12	TCGA-DX-A8BZ	Copy Number Variation	TSV	Genotyping Array	80685452-f813-4220-9cbb-a743c90cf2b8	TCGA-SARC.026035e0-8d0d-489d-993a-470999d6a522.gene_level_copy_number.v36.tsv	80685452-f813-4220-9cbb-a743c90cf2b8
controlled	52ef31c5-35d8-41cf-8694-4ab4a5debc56	TCGA-SI-AA8B	Copy Number Variation	CEL	Genotyping Array	42aea051-45b4-4976-8576-5c56f5b93432	ENATE_p_TCGAb_394_395_396_NSP_GenomeWideSNP_6_E08_1474146.CEL	42aea051-45b4-4976-8576-5c56f5b93432
open	505dc15c-4f74-43de-8eaf-32b7d7515edb	TCGA-DX-A8BH	Copy Number Variation	TXT	Genotyping Array	781538ea-e56c-4651-bac4-61bb8db0a873	BREWS_p_TCGAb_382_383_NSP_GenomeWideSNP_6_H09_1465044.nocnv_grch38.seg.v2.txt	781538ea-e56c-4651-bac4-61bb8db0a873
controlled	505dc15c-4f74-43de-8eaf-32b7d7515edb	TCGA-DX-A8BH	Simple Nucleotide Variation	TSV	Genotyping Array	d31ed5c5-263e-4e2b-b806-6aa806140c57	BREWS_p_TCGAb_382_383_NSP_GenomeWideSNP_6_H08_1465196.birdseed.data.txt	d31ed5c5-263e-4e2b-b806-6aa806140c57
open	5370ed4a-eb6b-4eb4-8c71-f5b5d75cfa2d	TCGA-VT-A80J	Copy Number Variation	TXT	Genotyping Array	586eb20e-5e54-4826-921d-13efcd26dc63	TAKEN_p_TCGAb_379_400_FFPE_NSP_GenomeWideSNP_6_A02_1513240.nocnv_grch38.seg.v2.txt	586eb20e-5e54-4826-921d-13efcd26dc63
open	505dc15c-4f74-43de-8eaf-32b7d7515edb	TCGA-DX-A8BH	Copy Number Variation	TXT	Genotyping Array	1bae7e0e-c676-4a85-8ee8-c3c4a1bb14ca	BREWS_p_TCGAb_382_383_NSP_GenomeWideSNP_6_H08_1465196.grch38.seg.v2.txt	1bae7e0e-c676-4a85-8ee8-c3c4a1bb14ca
open	590fdb76-20ef-4f95-9783-7d80e7a25e5a	TCGA-IE-A4EK	Copy Number Variation	TSV	Genotyping Array	9d64ccfe-a5ce-4d51-b6a3-d3fb38ad1c18	TCGA-SARC.feb9be00-9dac-4b43-a7a2-3c5d39d20a15.gene_level_copy_number.v36.tsv	9d64ccfe-a5ce-4d51-b6a3-d3fb38ad1c18
controlled	590fdb76-20ef-4f95-9783-7d80e7a25e5a	TCGA-IE-A4EK	Copy Number Variation	CEL	Genotyping Array	ad18576d-b4ef-490d-9304-4ee78d8584f2	YOGIN_p_TCGA_4_262_263_N_GenomeWideSNP_6_D11_1306210.CEL	ad18576d-b4ef-490d-9304-4ee78d8584f2
open	505dc15c-4f74-43de-8eaf-32b7d7515edb	TCGA-DX-A8BH	Copy Number Variation	TXT	Genotyping Array	f130609a-0783-4c58-9b26-155f8a43c850	TCGA-SARC.996ea84f-9401-4f64-9074-f600728b5c39.ascat2.allelic_specific.seg.txt	f130609a-0783-4c58-9b26-155f8a43c850
open	505dc15c-4f74-43de-8eaf-32b7d7515edb	TCGA-DX-A8BH	Copy Number Variation	TXT	Genotyping Array	a113d0c6-08f4-4453-a4a4-e5111ae03760	BREWS_p_TCGAb_382_383_NSP_GenomeWideSNP_6_H08_1465196.nocnv_grch38.seg.v2.txt	a113d0c6-08f4-4453-a4a4-e5111ae03760
open	505dc15c-4f74-43de-8eaf-32b7d7515edb	TCGA-DX-A8BH	Copy Number Variation	TXT	Genotyping Array	0fff3d4e-dafb-4f46-9d50-89b778232506	TCGA-SARC.996ea84f-9401-4f64-9074-f600728b5c39.ascat3.allelic_specific.seg.txt	0fff3d4e-dafb-4f46-9d50-89b778232506
controlled	5370ed4a-eb6b-4eb4-8c71-f5b5d75cfa2d	TCGA-VT-A80J	Simple Nucleotide Variation	TSV	Genotyping Array	e1ff00b5-fcd6-404c-8dcb-50f47fa7527e	HONGS_p_TCGAb3_75_76_77_NSP_GenomeWideSNP_6_G09_1438302.birdseed.data.txt	e1ff00b5-fcd6-404c-8dcb-50f47fa7527e
open	505dc15c-4f74-43de-8eaf-32b7d7515edb	TCGA-DX-A8BH	Copy Number Variation	TXT	Genotyping Array	3ddc2a82-10ea-4189-bb87-2d5cb6fa9380	BREWS_p_TCGAb_382_383_NSP_GenomeWideSNP_6_H09_1465044.grch38.seg.v2.txt	3ddc2a82-10ea-4189-bb87-2d5cb6fa9380
open	5a2b2e1b-b631-40ae-ba41-d8022cddb550	TCGA-QQ-A8VH	Copy Number Variation	TSV	Genotyping Array	c272f286-7652-49c6-910f-13c7697d5218	TCGA-SARC.3d502bbe-ed09-4e6e-9625-4524226514dc.gene_level_copy_number.v36.tsv	c272f286-7652-49c6-910f-13c7697d5218
open	5a2b2e1b-b631-40ae-ba41-d8022cddb550	TCGA-QQ-A8VH	Copy Number Variation	TXT	Genotyping Array	d7d379fe-5679-4350-8f4e-b228e90b0201	VISTA_p_TCGAb_383_384_NSP_GenomeWideSNP_6_C06_1464882.grch38.seg.v2.txt	d7d379fe-5679-4350-8f4e-b228e90b0201
open	5a2b2e1b-b631-40ae-ba41-d8022cddb550	TCGA-QQ-A8VH	Copy Number Variation	TXT	Genotyping Array	c2859a28-1403-4076-99a2-b5c402449509	TCGA-SARC.3d502bbe-ed09-4e6e-9625-4524226514dc.ascat3.allelic_specific.seg.txt	c2859a28-1403-4076-99a2-b5c402449509
open	506c7c3d-c414-4fc7-963d-e77106b501fb	TCGA-IE-A4EJ	Copy Number Variation	TSV	Genotyping Array	a74d4e89-0c3a-45cc-ac59-e92dcd563a19	TCGA-SARC.c8409e1e-e721-4d28-ab10-cf6a7a529e00.absolute_liftover.gene_level_copy_number.v36.tsv	a74d4e89-0c3a-45cc-ac59-e92dcd563a19
open	5a2b2e1b-b631-40ae-ba41-d8022cddb550	TCGA-QQ-A8VH	Copy Number Variation	TXT	Genotyping Array	b9a2e45a-0248-4796-812d-33c1239d835b	VISTA_p_TCGAb_383_384_NSP_GenomeWideSNP_6_C07_1464914.grch38.seg.v2.txt	b9a2e45a-0248-4796-812d-33c1239d835b
open	5370ed4a-eb6b-4eb4-8c71-f5b5d75cfa2d	TCGA-VT-A80J	Copy Number Variation	TSV	Genotyping Array	277ebdd6-c01f-447b-8e28-863ecf4b9a60	TCGA-SARC.eb599540-bd76-47c5-b520-123d16764d48.absolute_liftover.gene_level_copy_number.v36.tsv	277ebdd6-c01f-447b-8e28-863ecf4b9a60
controlled	506c7c3d-c414-4fc7-963d-e77106b501fb	TCGA-IE-A4EJ	Simple Nucleotide Variation	TSV	Genotyping Array	1ae06010-dd02-4471-86fd-a252c0640866	YOGIN_p_TCGA_4_262_263_N_GenomeWideSNP_6_D05_1306110.birdseed.data.txt	1ae06010-dd02-4471-86fd-a252c0640866
open	5370ed4a-eb6b-4eb4-8c71-f5b5d75cfa2d	TCGA-VT-A80J	Copy Number Variation	TXT	Genotyping Array	6771d38c-362c-4577-af78-ceeca4db90cc	TAKEN_p_TCGAb_379_400_FFPE_NSP_GenomeWideSNP_6_A02_1513240.grch38.seg.v2.txt	6771d38c-362c-4577-af78-ceeca4db90cc
open	5a64f7e9-3833-4a3c-962b-13eb3e305c69	TCGA-IS-A3K7	Copy Number Variation	TXT	Genotyping Array	56877bc6-428f-429f-9487-e3516491c08c	TCGA-SARC.04433529-fc9a-439f-b645-cbd55904470d.ascat3.allelic_specific.seg.txt	56877bc6-428f-429f-9487-e3516491c08c
controlled	5a64f7e9-3833-4a3c-962b-13eb3e305c69	TCGA-IS-A3K7	Simple Nucleotide Variation	TSV	Genotyping Array	419c1590-fd86-443a-be26-17e59c09df2b	MACON_p_TCGASNP_218_AML_PP_N_GenomeWideSNP_6_C09_1039994.birdseed.data.txt	419c1590-fd86-443a-be26-17e59c09df2b
open	5370ed4a-eb6b-4eb4-8c71-f5b5d75cfa2d	TCGA-VT-A80J	Copy Number Variation	TXT	Genotyping Array	82152b7d-f7d1-45fe-b947-890939cc69c2	HONGS_p_TCGAb3_75_76_77_NSP_GenomeWideSNP_6_G09_1438302.nocnv_grch38.seg.v2.txt	82152b7d-f7d1-45fe-b947-890939cc69c2
open	685be6b4-1d9c-4539-ae4b-ca658fc83fbc	TCGA-DX-A48J	Copy Number Variation	TXT	Genotyping Array	5ce7d503-c716-4513-b0cf-b2b78f3a177e	SNOWS_p_TCGA_Batch_309_310_NSP_GenomeWideSNP_6_E03_1362006.nocnv_grch38.seg.v2.txt	5ce7d503-c716-4513-b0cf-b2b78f3a177e
controlled	506c7c3d-c414-4fc7-963d-e77106b501fb	TCGA-IE-A4EJ	Copy Number Variation	CEL	Genotyping Array	644bd650-df28-4c15-bfac-04711df324f2	YOGIN_p_TCGA_4_262_263_N_GenomeWideSNP_6_D05_1306110.CEL	644bd650-df28-4c15-bfac-04711df324f2
open	5370ed4a-eb6b-4eb4-8c71-f5b5d75cfa2d	TCGA-VT-A80J	Copy Number Variation	TXT	Genotyping Array	689e08de-fa1b-42e8-b589-4d3b6d57ce4a	HONGS_p_TCGAb3_75_76_77_NSP_GenomeWideSNP_6_G09_1438302.grch38.seg.v2.txt	689e08de-fa1b-42e8-b589-4d3b6d57ce4a
open	5a64f7e9-3833-4a3c-962b-13eb3e305c69	TCGA-IS-A3K7	Copy Number Variation	TXT	Genotyping Array	a4865e49-17f2-4955-99a5-6273e99f3769	MACON_p_TCGASNP_218_AML_PP_N_GenomeWideSNP_6_C09_1039994.grch38.seg.v2.txt	a4865e49-17f2-4955-99a5-6273e99f3769
open	5a64f7e9-3833-4a3c-962b-13eb3e305c69	TCGA-IS-A3K7	Copy Number Variation	TXT	Genotyping Array	28724509-df02-4400-a0df-da972435861e	TCGA-SARC.04433529-fc9a-439f-b645-cbd55904470d.ascat2.allelic_specific.seg.txt	28724509-df02-4400-a0df-da972435861e
controlled	685be6b4-1d9c-4539-ae4b-ca658fc83fbc	TCGA-DX-A48J	Simple Nucleotide Variation	TSV	Genotyping Array	dfd642dd-fee7-43f6-8b57-fa7b1f04be41	SNOWS_p_TCGA_Batch_309_310_NSP_GenomeWideSNP_6_E02_1362046.birdseed.data.txt	dfd642dd-fee7-43f6-8b57-fa7b1f04be41
controlled	5190d965-0d48-4058-83e6-ec5879266be1	TCGA-Z4-A9VC	Copy Number Variation	CEL	Genotyping Array	affbf649-7b42-4b8f-bbea-3459c8471a85	VISTA_p_TCGAb_383_384_NSP_GenomeWideSNP_6_B11_1464944.CEL	affbf649-7b42-4b8f-bbea-3459c8471a85
controlled	5452ffd8-0408-4a78-b2fd-f1e0b0d05276	TCGA-DX-A8BR	Simple Nucleotide Variation	TSV	Genotyping Array	1b5176c0-882f-4c3a-b3df-070240c34792	CUBES_p_TCGAb_425_426_427_NSP_GenomeWideSNP_6_F03_1514080.birdseed.data.txt	1b5176c0-882f-4c3a-b3df-070240c34792
open	5452ffd8-0408-4a78-b2fd-f1e0b0d05276	TCGA-DX-A8BR	Copy Number Variation	TXT	Genotyping Array	77823dc4-c47f-40e0-85e9-7f7410645dcf	CUBES_p_TCGAb_425_426_427_NSP_GenomeWideSNP_6_F02_1513966.nocnv_grch38.seg.v2.txt	77823dc4-c47f-40e0-85e9-7f7410645dcf
open	5a64f7e9-3833-4a3c-962b-13eb3e305c69	TCGA-IS-A3K7	Copy Number Variation	TSV	Genotyping Array	c72e4f7e-47fc-4876-85bf-d39e50d63fea	TCGA-SARC.04433529-fc9a-439f-b645-cbd55904470d.gene_level_copy_number.v36.tsv	c72e4f7e-47fc-4876-85bf-d39e50d63fea
open	6037a772-38a4-4f44-95a5-681f90b81684	TCGA-DX-A6YQ	Copy Number Variation	TSV	Genotyping Array	f92a0810-b56e-4502-9676-f26037809443	TCGA-SARC.506360b4-12fc-46b3-9694-50388841a64a.gene_level_copy_number.v36.tsv	f92a0810-b56e-4502-9676-f26037809443
open	6037a772-38a4-4f44-95a5-681f90b81684	TCGA-DX-A6YQ	Copy Number Variation	TSV	Genotyping Array	3314cd4c-3d5b-4df4-ada8-837381db902c	TCGA-SARC.506360b4-12fc-46b3-9694-50388841a64a.absolute_liftover.gene_level_copy_number.v36.tsv	3314cd4c-3d5b-4df4-ada8-837381db902c
controlled	6037a772-38a4-4f44-95a5-681f90b81684	TCGA-DX-A6YQ	Copy Number Variation	CEL	Genotyping Array	0eab8643-1623-4bd6-8f19-75f0eaf458c8	MOWED_p_TCGAb3_39_40_41_42_STY_GenomeWideSNP_6_G11_1377480.CEL	0eab8643-1623-4bd6-8f19-75f0eaf458c8
open	590fdb76-20ef-4f95-9783-7d80e7a25e5a	TCGA-IE-A4EK	Copy Number Variation	TXT	Genotyping Array	bbd0f8b1-d8b5-4f0e-8e38-5581ca7e59d4	YOGIN_p_TCGA_4_262_263_N_GenomeWideSNP_6_D11_1306210.grch38.seg.v2.txt	bbd0f8b1-d8b5-4f0e-8e38-5581ca7e59d4
open	719fa3f6-0194-423d-8a96-3709e8180565	TCGA-X6-A8C6	Copy Number Variation	TSV	Genotyping Array	ebec198e-fa3c-42ef-956e-72971d89c28c	TCGA-SARC.5039fe19-41b3-4aad-ab4d-084a539fde58.absolute_liftover.gene_level_copy_number.v36.tsv	ebec198e-fa3c-42ef-956e-72971d89c28c
open	6037a772-38a4-4f44-95a5-681f90b81684	TCGA-DX-A6YQ	Copy Number Variation	TXT	Genotyping Array	a8d55354-bcdc-42c6-aab8-019038478f7c	MOWED_p_TCGAb3_39_40_41_42_STY_GenomeWideSNP_6_G11_1377480.grch38.seg.v2.txt	a8d55354-bcdc-42c6-aab8-019038478f7c
open	590fdb76-20ef-4f95-9783-7d80e7a25e5a	TCGA-IE-A4EK	Copy Number Variation	TSV	Genotyping Array	38fbfdf0-8540-41e1-80cb-8f917f14904c	TCGA-SARC.feb9be00-9dac-4b43-a7a2-3c5d39d20a15.ascat3.gene_level_copy_number.v36.tsv	38fbfdf0-8540-41e1-80cb-8f917f14904c
open	6ac81dec-4802-440b-a5f0-e6eb81a0b22b	TCGA-Z4-AAPG	Copy Number Variation	TSV	Genotyping Array	8704baf6-8a16-4bb4-8653-68ad71f8621a	TCGA-SARC.c741954e-5f29-4345-829d-c00ff3b5480a.ascat3.gene_level_copy_number.v36.tsv	8704baf6-8a16-4bb4-8653-68ad71f8621a
open	60d8a41f-46ae-4ebb-9fac-ab73f1411e55	TCGA-DX-AB2H	Copy Number Variation	TSV	Genotyping Array	5008c395-c46c-410c-8ee0-202cfd96f44f	TCGA-SARC.9efff8a5-949d-4ad2-8d08-dfce8d3239f3.gene_level_copy_number.v36.tsv	5008c395-c46c-410c-8ee0-202cfd96f44f
open	6ac81dec-4802-440b-a5f0-e6eb81a0b22b	TCGA-Z4-AAPG	Copy Number Variation	TXT	Genotyping Array	14ae201b-a7ff-469e-9105-1fbfa33abf24	PRION_p_TCGAb_410_11_12_13_NSP_GenomeWideSNP_6_C06_1486666.grch38.seg.v2.txt	14ae201b-a7ff-469e-9105-1fbfa33abf24
open	60d8a41f-46ae-4ebb-9fac-ab73f1411e55	TCGA-DX-AB2H	Copy Number Variation	TXT	Genotyping Array	d4697e11-1410-4519-be45-6e3d431133e9	TCGA-SARC.9efff8a5-949d-4ad2-8d08-dfce8d3239f3.ascat2.allelic_specific.seg.txt	d4697e11-1410-4519-be45-6e3d431133e9
controlled	719fa3f6-0194-423d-8a96-3709e8180565	TCGA-X6-A8C6	Copy Number Variation	CEL	Genotyping Array	2093618a-f145-4793-b814-bd966373cbd8	HONGS_p_TCGAb3_75_76_77_NSP_GenomeWideSNP_6_H08_1438204.CEL	2093618a-f145-4793-b814-bd966373cbd8
controlled	60d8a41f-46ae-4ebb-9fac-ab73f1411e55	TCGA-DX-AB2H	Simple Nucleotide Variation	TSV	Genotyping Array	8ba747e9-68a6-4f06-b1d8-fd491d54b246	PRION_p_TCGAb_410_11_12_13_NSP_GenomeWideSNP_6_D10_1486642.birdseed.data.txt	8ba747e9-68a6-4f06-b1d8-fd491d54b246
open	7b5a66c5-17d2-487e-8ea3-81a00c836738	TCGA-DX-A8BP	Copy Number Variation	TXT	Genotyping Array	b0c26c65-5b6a-439b-ac5e-f6ad34cdfd38	TCGA-SARC.18813cf6-aec9-47b8-8864-447f32f66a42.ascat3.allelic_specific.seg.txt	b0c26c65-5b6a-439b-ac5e-f6ad34cdfd38
open	7b5a66c5-17d2-487e-8ea3-81a00c836738	TCGA-DX-A8BP	Copy Number Variation	TSV	Genotyping Array	cdb1dddf-99f5-483a-b49b-7d3b6f57252a	TCGA-SARC.18813cf6-aec9-47b8-8864-447f32f66a42.ascat3.gene_level_copy_number.v36.tsv	cdb1dddf-99f5-483a-b49b-7d3b6f57252a
open	6b189eff-b919-49d6-8775-dbf32c9ccbba	TCGA-DX-A2IZ	Copy Number Variation	TXT	Genotyping Array	df063047-deec-41ca-acbd-09095b032702	MACON_p_TCGASNP_218_AML_PP_N_GenomeWideSNP_6_D11_1040016.grch38.seg.v2.txt	df063047-deec-41ca-acbd-09095b032702
open	6201394f-b70e-4f14-9519-ff9d5f06eb09	TCGA-DX-A3U6	Copy Number Variation	TSV	Genotyping Array	ffe649f3-d541-4fee-9f02-747a4aefc6d7	TCGA-SARC.377047a2-2510-4c52-b73d-6766bcf14a18.absolute_liftover.gene_level_copy_number.v36.tsv	ffe649f3-d541-4fee-9f02-747a4aefc6d7
controlled	6201394f-b70e-4f14-9519-ff9d5f06eb09	TCGA-DX-A3U6	Simple Nucleotide Variation	TSV	Genotyping Array	c5e87683-27fa-4e45-b59e-7f6a77b6d229	BURSA_p_TCGA_303_304_305_N_GenomeWideSNP_6_C01_1344714.birdseed.data.txt	c5e87683-27fa-4e45-b59e-7f6a77b6d229
open	6be3885c-219b-44f4-92bc-c055dc843a87	TCGA-DX-A6YV	Copy Number Variation	TXT	Genotyping Array	804473bc-1aa5-40ac-95fc-adf9c1d3f79c	TAZZA_p_TCGAb3_62_63_64_65_NSP_GenomeWideSNP_6_B04_1387802.grch38.seg.v2.txt	804473bc-1aa5-40ac-95fc-adf9c1d3f79c
controlled	6201394f-b70e-4f14-9519-ff9d5f06eb09	TCGA-DX-A3U6	Simple Nucleotide Variation	TSV	Genotyping Array	6de2b459-4232-4308-9329-4e495d9ee037	BURSA_p_TCGA_303_304_305_N_GenomeWideSNP_6_C05_1344758.birdseed.data.txt	6de2b459-4232-4308-9329-4e495d9ee037
open	724edf28-c9b2-4b11-ae30-70a137f821b8	TCGA-HS-A5N8	Copy Number Variation	TSV	Genotyping Array	e2b3b354-c26a-4070-a6cc-c1b9ef70cab1	TCGA-SARC.5ee66c48-47f1-4733-8a41-a57aeadc6d07.ascat3.gene_level_copy_number.v36.tsv	e2b3b354-c26a-4070-a6cc-c1b9ef70cab1
open	724edf28-c9b2-4b11-ae30-70a137f821b8	TCGA-HS-A5N8	Copy Number Variation	TXT	Genotyping Array	49133d34-388b-4b94-b4e1-347b1710b13b	TCGA-SARC.5ee66c48-47f1-4733-8a41-a57aeadc6d07.ascat2.allelic_specific.seg.txt	49133d34-388b-4b94-b4e1-347b1710b13b
open	724edf28-c9b2-4b11-ae30-70a137f821b8	TCGA-HS-A5N8	Copy Number Variation	TXT	Genotyping Array	e77b704b-406f-4ee6-a4a3-8d8290b5d0eb	WAGER_p_TCGA_282_284_285_286_N_GenomeWideSNP_6_E11_1359094.grch38.seg.v2.txt	e77b704b-406f-4ee6-a4a3-8d8290b5d0eb
open	6be3885c-219b-44f4-92bc-c055dc843a87	TCGA-DX-A6YV	Copy Number Variation	TSV	Genotyping Array	7d81d910-ce98-4231-84a4-c96b71aa6869	TCGA-SARC.26e12bdc-5d33-40f6-ae06-34c4e8adc5d6.gene_level_copy_number.v36.tsv	7d81d910-ce98-4231-84a4-c96b71aa6869
open	724edf28-c9b2-4b11-ae30-70a137f821b8	TCGA-HS-A5N8	Copy Number Variation	TSV	Genotyping Array	c79cfd04-12e7-488d-a120-f9bd09ab16f3	TCGA-SARC.5ee66c48-47f1-4733-8a41-a57aeadc6d07.gene_level_copy_number.v36.tsv	c79cfd04-12e7-488d-a120-f9bd09ab16f3
open	6be3885c-219b-44f4-92bc-c055dc843a87	TCGA-DX-A6YV	Copy Number Variation	TXT	Genotyping Array	94772163-d7b4-4b70-8ebb-533712d78100	TAZZA_p_TCGAb3_62_63_64_65_NSP_GenomeWideSNP_6_B03_1387792.grch38.seg.v2.txt	94772163-d7b4-4b70-8ebb-533712d78100
open	7bab6742-4e3d-4fcf-9b90-d3e0218b4d79	TCGA-FX-A3NJ	Copy Number Variation	TXT	Genotyping Array	46855cff-ac17-4931-913f-95d34c9ee7a1	MACON_p_TCGASNP_218_AML_PP_N_GenomeWideSNP_6_D06_1040092.grch38.seg.v2.txt	46855cff-ac17-4931-913f-95d34c9ee7a1
open	724edf28-c9b2-4b11-ae30-70a137f821b8	TCGA-HS-A5N8	Copy Number Variation	TSV	Genotyping Array	e693ca05-8ada-4838-adc3-d26b8692c796	TCGA-SARC.5ee66c48-47f1-4733-8a41-a57aeadc6d07.absolute_liftover.gene_level_copy_number.v36.tsv	e693ca05-8ada-4838-adc3-d26b8692c796
open	6be3885c-219b-44f4-92bc-c055dc843a87	TCGA-DX-A6YV	Copy Number Variation	TSV	Genotyping Array	ef66b010-632d-45b6-85a7-ca7d26519d34	TCGA-SARC.26e12bdc-5d33-40f6-ae06-34c4e8adc5d6.ascat3.gene_level_copy_number.v36.tsv	ef66b010-632d-45b6-85a7-ca7d26519d34
open	724edf28-c9b2-4b11-ae30-70a137f821b8	TCGA-HS-A5N8	Copy Number Variation	TXT	Genotyping Array	dab5f764-c44f-4aa3-bed8-417fe4df36fa	WAGER_p_TCGA_282_284_285_286_N_GenomeWideSNP_6_E11_1359094.nocnv_grch38.seg.v2.txt	dab5f764-c44f-4aa3-bed8-417fe4df36fa
open	7c82e2d6-a768-4078-9084-4b47e8a2ce95	TCGA-DX-A3UB	Copy Number Variation	TXT	Genotyping Array	781a1274-1dc4-428d-8849-16519359d6ba	SNOWS_p_TCGA_Batch_309_310_NSP_GenomeWideSNP_6_D05_1362028.nocnv_grch38.seg.v2.txt	781a1274-1dc4-428d-8849-16519359d6ba
controlled	6e82bcfc-a61d-441b-a1ed-cb46dc88a860	TCGA-DX-A7EO	Copy Number Variation	CEL	Genotyping Array	dbc1fe17-3e87-4810-99b2-f0fc0843a72a	HONGS_p_TCGAb3_75_76_77_NSP_GenomeWideSNP_6_G01_1438132.CEL	dbc1fe17-3e87-4810-99b2-f0fc0843a72a
open	685be6b4-1d9c-4539-ae4b-ca658fc83fbc	TCGA-DX-A48J	Copy Number Variation	TXT	Genotyping Array	6ff67e96-4d0a-4f37-a848-e924ab69a3c5	TCGA-SARC.680e0a8b-7b01-4327-8daa-0cd32c425e4c.ascat3.allelic_specific.seg.txt	6ff67e96-4d0a-4f37-a848-e924ab69a3c5
open	6e82bcfc-a61d-441b-a1ed-cb46dc88a860	TCGA-DX-A7EO	Copy Number Variation	TXT	Genotyping Array	f549d596-c351-4219-b47b-7c06dac27f06	TCGA-SARC.304740e1-40b7-42df-a7c2-e2c8f2bff20d.ascat3.allelic_specific.seg.txt	f549d596-c351-4219-b47b-7c06dac27f06
controlled	73d2e8ef-4e10-416a-845b-f48374e48ecb	TCGA-DX-A1L2	Copy Number Variation	CEL	Genotyping Array	e743f851-824d-4ee1-8157-20065a330615	YOGIN_p_TCGA_4_262_263_N_GenomeWideSNP_6_C09_1306164.CEL	e743f851-824d-4ee1-8157-20065a330615
open	685be6b4-1d9c-4539-ae4b-ca658fc83fbc	TCGA-DX-A48J	Copy Number Variation	TSV	Genotyping Array	d8412532-d361-4db6-8e39-a14635cb8767	TCGA-SARC.680e0a8b-7b01-4327-8daa-0cd32c425e4c.ascat3.gene_level_copy_number.v36.tsv	d8412532-d361-4db6-8e39-a14635cb8767
open	73d2e8ef-4e10-416a-845b-f48374e48ecb	TCGA-DX-A1L2	Copy Number Variation	TXT	Genotyping Array	013795df-c525-4ca3-8552-c754693ec873	YOGIN_p_TCGA_4_262_263_N_GenomeWideSNP_6_D01_1306196.grch38.seg.v2.txt	013795df-c525-4ca3-8552-c754693ec873
open	73d2e8ef-4e10-416a-845b-f48374e48ecb	TCGA-DX-A1L2	Copy Number Variation	TXT	Genotyping Array	309e6d6d-6f76-49a3-addb-cb7ce0215a03	YOGIN_p_TCGA_4_262_263_N_GenomeWideSNP_6_D01_1306196.nocnv_grch38.seg.v2.txt	309e6d6d-6f76-49a3-addb-cb7ce0215a03
open	6e82bcfc-a61d-441b-a1ed-cb46dc88a860	TCGA-DX-A7EO	Copy Number Variation	TXT	Genotyping Array	681013e6-28c6-4429-855d-a3c21a3196a7	HONGS_p_TCGAb3_75_76_77_NSP_GenomeWideSNP_6_H09_1438248.grch38.seg.v2.txt	681013e6-28c6-4429-855d-a3c21a3196a7
open	6e82bcfc-a61d-441b-a1ed-cb46dc88a860	TCGA-DX-A7EO	Copy Number Variation	TXT	Genotyping Array	f91bdd8b-a4aa-4862-bbf3-7fc63cf16d67	TCGA-SARC.304740e1-40b7-42df-a7c2-e2c8f2bff20d.ascat2.allelic_specific.seg.txt	f91bdd8b-a4aa-4862-bbf3-7fc63cf16d67
open	7c82e2d6-a768-4078-9084-4b47e8a2ce95	TCGA-DX-A3UB	Copy Number Variation	TSV	Genotyping Array	8183c2f3-aed3-45d2-abad-57bdcc73c64e	TCGA-SARC.12f54b8e-1d86-49b7-a93f-b44aabf782a3.ascat3.gene_level_copy_number.v36.tsv	8183c2f3-aed3-45d2-abad-57bdcc73c64e
open	6e82bcfc-a61d-441b-a1ed-cb46dc88a860	TCGA-DX-A7EO	Copy Number Variation	TSV	Genotyping Array	6cceced1-9501-481d-a0c2-8d760d051463	TCGA-SARC.304740e1-40b7-42df-a7c2-e2c8f2bff20d.absolute_liftover.gene_level_copy_number.v36.tsv	6cceced1-9501-481d-a0c2-8d760d051463
controlled	6e9f74a4-2f41-4b2f-b0e1-39c4d779bd40	TCGA-QQ-A8VD	Simple Nucleotide Variation	TSV	Genotyping Array	fd8c714e-030f-4747-b356-bbe3bcd34db3	PRION_p_TCGAb_410_11_12_13_NSP_GenomeWideSNP_6_D08_1486758.birdseed.data.txt	fd8c714e-030f-4747-b356-bbe3bcd34db3
controlled	7c82e2d6-a768-4078-9084-4b47e8a2ce95	TCGA-DX-A3UB	Copy Number Variation	CEL	Genotyping Array	b1af8e42-c5ed-45d2-9713-3947565c2834	SNOWS_p_TCGA_Batch_309_310_NSP_GenomeWideSNP_6_D05_1362028.CEL	b1af8e42-c5ed-45d2-9713-3947565c2834
open	6e9f74a4-2f41-4b2f-b0e1-39c4d779bd40	TCGA-QQ-A8VD	Copy Number Variation	TXT	Genotyping Array	a98641e3-cfeb-4e85-bda7-bde849773fe2	PRION_p_TCGAb_410_11_12_13_NSP_GenomeWideSNP_6_D09_1486754.grch38.seg.v2.txt	a98641e3-cfeb-4e85-bda7-bde849773fe2
open	6e9f74a4-2f41-4b2f-b0e1-39c4d779bd40	TCGA-QQ-A8VD	Copy Number Variation	TXT	Genotyping Array	1a7db400-3359-44fd-b451-42adbd3b23ab	PRION_p_TCGAb_410_11_12_13_NSP_GenomeWideSNP_6_D08_1486758.grch38.seg.v2.txt	1a7db400-3359-44fd-b451-42adbd3b23ab
controlled	76e3ec27-2c64-4e38-96f1-30307893b825	TCGA-HB-A2OT	Simple Nucleotide Variation	TSV	Genotyping Array	5d38fdbe-ae90-4639-aa20-e5d693c56804	MACON_p_TCGASNP_218_AML_PP_N_GenomeWideSNP_6_B12_1040058.birdseed.data.txt	5d38fdbe-ae90-4639-aa20-e5d693c56804
open	83a93378-0978-4102-9e4b-09b547b75687	TCGA-K1-A42W	Copy Number Variation	TXT	Genotyping Array	56ba145e-3407-42e1-ba8a-04a35074b7a2	TCGA-SARC.db9a3940-19be-4c9e-bc2f-1daf319b024d.ascat3.allelic_specific.seg.txt	56ba145e-3407-42e1-ba8a-04a35074b7a2
open	6e9f74a4-2f41-4b2f-b0e1-39c4d779bd40	TCGA-QQ-A8VD	Copy Number Variation	TSV	Genotyping Array	8320a2e0-2af1-4496-8a1f-6ede7f3da235	TCGA-SARC.ef10e964-4667-4d5a-82b2-2844b2ece1a9.gene_level_copy_number.v36.tsv	8320a2e0-2af1-4496-8a1f-6ede7f3da235
controlled	76e3ec27-2c64-4e38-96f1-30307893b825	TCGA-HB-A2OT	Simple Nucleotide Variation	TSV	Genotyping Array	39ccc10e-b1c3-415d-ab5c-b29b31410799	MACON_p_TCGASNP_218_AML_PP_N_GenomeWideSNP_6_B11_1040166.birdseed.data.txt	39ccc10e-b1c3-415d-ab5c-b29b31410799
open	83a93378-0978-4102-9e4b-09b547b75687	TCGA-K1-A42W	Copy Number Variation	TSV	Genotyping Array	9dde3775-bf11-447a-bfa6-6a986c66f927	TCGA-SARC.db9a3940-19be-4c9e-bc2f-1daf319b024d.ascat3.gene_level_copy_number.v36.tsv	9dde3775-bf11-447a-bfa6-6a986c66f927
open	76e3ec27-2c64-4e38-96f1-30307893b825	TCGA-HB-A2OT	Copy Number Variation	TXT	Genotyping Array	3c5bc2fa-dff3-4939-95ee-de38ce9e0833	TCGA-SARC.77f0f727-a5c8-4233-bb05-e645fe298d49.ascat2.allelic_specific.seg.txt	3c5bc2fa-dff3-4939-95ee-de38ce9e0833
controlled	771b35b6-e0a9-427e-8c67-e934f5e0d9bd	TCGA-DX-A1KX	Simple Nucleotide Variation	TSV	Genotyping Array	248facdb-cbef-4c20-8ae1-97663b3397a5	YOGIN_p_TCGA_4_262_263_N_GenomeWideSNP_6_B03_1306264.birdseed.data.txt	248facdb-cbef-4c20-8ae1-97663b3397a5
open	7cbfe175-9329-496e-adc7-6b8ed2bdd113	TCGA-DX-A3UD	Copy Number Variation	TXT	Genotyping Array	a6ac07ea-9ba8-4d90-9c82-7affbf062848	SNOWS_p_TCGA_Batch_309_310_NSP_GenomeWideSNP_6_D09_1362040.nocnv_grch38.seg.v2.txt	a6ac07ea-9ba8-4d90-9c82-7affbf062848
controlled	83a93378-0978-4102-9e4b-09b547b75687	TCGA-K1-A42W	Copy Number Variation	CEL	Genotyping Array	13657fc2-34d9-48bf-8bc1-5a26f22ae427	YOGIN_p_TCGA_4_262_263_N_GenomeWideSNP_6_B02_1306144.CEL	13657fc2-34d9-48bf-8bc1-5a26f22ae427
controlled	7cbfe175-9329-496e-adc7-6b8ed2bdd113	TCGA-DX-A3UD	Simple Nucleotide Variation	TSV	Genotyping Array	713d9c66-9a2a-42f7-970f-46407c78919c	SNOWS_p_TCGA_Batch_309_310_NSP_GenomeWideSNP_6_D09_1362040.birdseed.data.txt	713d9c66-9a2a-42f7-970f-46407c78919c
open	719fa3f6-0194-423d-8a96-3709e8180565	TCGA-X6-A8C6	Copy Number Variation	TSV	Genotyping Array	40bac296-4a92-4240-b9ee-4191dd9e13bc	TCGA-SARC.5039fe19-41b3-4aad-ab4d-084a539fde58.ascat3.gene_level_copy_number.v36.tsv	40bac296-4a92-4240-b9ee-4191dd9e13bc
open	7cbfe175-9329-496e-adc7-6b8ed2bdd113	TCGA-DX-A3UD	Copy Number Variation	TXT	Genotyping Array	6b9d47d8-b7cc-44e2-8fbd-09d26741c6a0	SNOWS_p_TCGA_Batch_309_310_NSP_GenomeWideSNP_6_D09_1362040.grch38.seg.v2.txt	6b9d47d8-b7cc-44e2-8fbd-09d26741c6a0
controlled	7cbfe175-9329-496e-adc7-6b8ed2bdd113	TCGA-DX-A3UD	Copy Number Variation	CEL	Genotyping Array	b88aedae-2b68-4b7a-a1f9-aa90d6ef52bc	SNOWS_p_TCGA_Batch_309_310_NSP_GenomeWideSNP_6_D08_1362070.CEL	b88aedae-2b68-4b7a-a1f9-aa90d6ef52bc
open	851f8905-778c-4016-85e5-bc22817a6a28	TCGA-3B-A9HQ	Copy Number Variation	TSV	Genotyping Array	b38fe48a-397f-4f76-8d54-9e3225816d3f	TCGA-SARC.ffbd85c9-1aa0-40f0-8d3a-f108d6708b79.gene_level_copy_number.v36.tsv	b38fe48a-397f-4f76-8d54-9e3225816d3f
open	778dc00a-0b94-45a8-ae13-9c80f0c1dfd6	TCGA-DX-A3UC	Copy Number Variation	TXT	Genotyping Array	52caeeeb-fdb9-4392-bfdd-c1b6dd40a094	SNOWS_p_TCGA_Batch_309_310_NSP_GenomeWideSNP_6_D06_1362152.nocnv_grch38.seg.v2.txt	52caeeeb-fdb9-4392-bfdd-c1b6dd40a094
controlled	778dc00a-0b94-45a8-ae13-9c80f0c1dfd6	TCGA-DX-A3UC	Simple Nucleotide Variation	TSV	Genotyping Array	9223e407-075d-483a-a5bb-f6a50e5ea8db	SNOWS_p_TCGA_Batch_309_310_NSP_GenomeWideSNP_6_D06_1362152.birdseed.data.txt	9223e407-075d-483a-a5bb-f6a50e5ea8db
open	778dc00a-0b94-45a8-ae13-9c80f0c1dfd6	TCGA-DX-A3UC	Copy Number Variation	TXT	Genotyping Array	ec964a22-4a21-4e15-91df-1c54ffb01354	SNOWS_p_TCGA_Batch_309_310_NSP_GenomeWideSNP_6_D07_1362048.nocnv_grch38.seg.v2.txt	ec964a22-4a21-4e15-91df-1c54ffb01354
open	7f9031da-124a-4a38-83e6-878a50e58c24	TCGA-FX-A3RE	Copy Number Variation	TSV	Genotyping Array	42998010-0a27-4428-8e42-863e671ac2cc	TCGA-SARC.c472c3bf-5fb6-4790-9c62-eea1e1914696.absolute_liftover.gene_level_copy_number.v36.tsv	42998010-0a27-4428-8e42-863e671ac2cc
controlled	854e42bc-95b2-4b77-a4b2-ffbd6c28b281	TCGA-DX-A1L0	Simple Nucleotide Variation	TSV	Genotyping Array	2217d921-7e2c-43f3-b202-155ffe3a2808	YOGIN_p_TCGA_4_262_263_N_GenomeWideSNP_6_C02_1306118.birdseed.data.txt	2217d921-7e2c-43f3-b202-155ffe3a2808
open	854e42bc-95b2-4b77-a4b2-ffbd6c28b281	TCGA-DX-A1L0	Copy Number Variation	TXT	Genotyping Array	d8669172-da76-4d83-83e5-4c1eb8fcd16b	YOGIN_p_TCGA_4_262_263_N_GenomeWideSNP_6_C02_1306118.grch38.seg.v2.txt	d8669172-da76-4d83-83e5-4c1eb8fcd16b
open	7fb69277-2aff-45e0-8f44-d2794f831a2a	TCGA-MJ-A68H	Copy Number Variation	TXT	Genotyping Array	c8dc1329-b9c1-4a0f-82a9-062a03d9d349	RICES_p_TCGA_Batch_310_311_NSP_GenomeWideSNP_6_A06_1361968.grch38.seg.v2.txt	c8dc1329-b9c1-4a0f-82a9-062a03d9d349
open	7fb69277-2aff-45e0-8f44-d2794f831a2a	TCGA-MJ-A68H	Copy Number Variation	TXT	Genotyping Array	fbfd5657-83ca-4425-8adb-d001428a261f	TCGA-SARC.9cfb2cf6-b678-4ca9-94f9-be9ee84873ca.ascat2.allelic_specific.seg.txt	fbfd5657-83ca-4425-8adb-d001428a261f
controlled	7fb69277-2aff-45e0-8f44-d2794f831a2a	TCGA-MJ-A68H	Copy Number Variation	CEL	Genotyping Array	84f4bbf7-cb0f-4007-9884-3ae203ceaf80	RICES_p_TCGA_Batch_310_311_NSP_GenomeWideSNP_6_A06_1361968.CEL	84f4bbf7-cb0f-4007-9884-3ae203ceaf80
controlled	7fb69277-2aff-45e0-8f44-d2794f831a2a	TCGA-MJ-A68H	Copy Number Variation	CEL	Genotyping Array	36704a8d-554e-4782-ad14-870ba40e9bdb	RICES_p_TCGA_Batch_310_311_NSP_GenomeWideSNP_6_A07_1361864.CEL	36704a8d-554e-4782-ad14-870ba40e9bdb
open	85a7da1e-a8d0-4366-890a-79c0461967c6	TCGA-X6-A7WA	Copy Number Variation	TXT	Genotyping Array	33a5e4f2-bf9e-4bc4-bfc9-c3bda500c7b9	TAZZA_p_TCGAb3_62_63_64_65_NSP_GenomeWideSNP_6_D01_1387976.grch38.seg.v2.txt	33a5e4f2-bf9e-4bc4-bfc9-c3bda500c7b9
open	7fb69277-2aff-45e0-8f44-d2794f831a2a	TCGA-MJ-A68H	Copy Number Variation	TSV	Genotyping Array	e553af69-01f2-403c-9f20-661c47074f0b	TCGA-SARC.9cfb2cf6-b678-4ca9-94f9-be9ee84873ca.absolute_liftover.gene_level_copy_number.v36.tsv	e553af69-01f2-403c-9f20-661c47074f0b
open	788dbebb-3d1b-4f6d-8a40-869157d25025	TCGA-WK-A8XQ	Copy Number Variation	TSV	Genotyping Array	4fbf6b10-7d8a-4c83-9660-b63eca9cf08e	TCGA-SARC.b61111a6-36f7-4947-9b71-3d8ffbf8dbbe.gene_level_copy_number.v36.tsv	4fbf6b10-7d8a-4c83-9660-b63eca9cf08e
open	85a7da1e-a8d0-4366-890a-79c0461967c6	TCGA-X6-A7WA	Copy Number Variation	TXT	Genotyping Array	0f0d8ae6-81a5-4420-9770-441fb8dd3239	TAZZA_p_TCGAb3_62_63_64_65_NSP_GenomeWideSNP_6_D02_1387848.nocnv_grch38.seg.v2.txt	0f0d8ae6-81a5-4420-9770-441fb8dd3239
open	788dbebb-3d1b-4f6d-8a40-869157d25025	TCGA-WK-A8XQ	Copy Number Variation	TXT	Genotyping Array	02351374-62f6-48fe-8e9c-4ccfc349f09c	TCGA-SARC.b61111a6-36f7-4947-9b71-3d8ffbf8dbbe.ascat3.allelic_specific.seg.txt	02351374-62f6-48fe-8e9c-4ccfc349f09c
open	7fb69277-2aff-45e0-8f44-d2794f831a2a	TCGA-MJ-A68H	Copy Number Variation	TXT	Genotyping Array	84bbf092-feab-40bf-8614-85e948ec696b	RICES_p_TCGA_Batch_310_311_NSP_GenomeWideSNP_6_A07_1361864.grch38.seg.v2.txt	84bbf092-feab-40bf-8614-85e948ec696b
open	8b20dd03-46da-4d6b-95b4-f329fdc486cf	TCGA-VT-A80G	Copy Number Variation	TSV	Genotyping Array	108528ee-0b3f-4c39-914a-25852dd64462	TCGA-SARC.ec841cbe-4820-4d18-87e7-e64416d0d3fb.ascat3.gene_level_copy_number.v36.tsv	108528ee-0b3f-4c39-914a-25852dd64462
controlled	8194aa20-bdb7-4928-8992-438d9f2631d4	TCGA-DX-A48V	Simple Nucleotide Variation	TSV	Genotyping Array	ecb4a4c1-ee2d-4048-90af-ca1dbd9614d6	SNOWS_p_TCGA_Batch_309_310_NSP_GenomeWideSNP_6_F07_1362044.birdseed.data.txt	ecb4a4c1-ee2d-4048-90af-ca1dbd9614d6
open	85a7da1e-a8d0-4366-890a-79c0461967c6	TCGA-X6-A7WA	Copy Number Variation	TXT	Genotyping Array	14d23afc-a37d-444d-b8c6-e39e92f6002d	TAZZA_p_TCGAb3_62_63_64_65_NSP_GenomeWideSNP_6_D01_1387976.nocnv_grch38.seg.v2.txt	14d23afc-a37d-444d-b8c6-e39e92f6002d
open	8b20dd03-46da-4d6b-95b4-f329fdc486cf	TCGA-VT-A80G	Copy Number Variation	TSV	Genotyping Array	a8a348dc-cb37-44f6-bf0f-b7bb17ffec1a	TCGA-SARC.ec841cbe-4820-4d18-87e7-e64416d0d3fb.gene_level_copy_number.v36.tsv	a8a348dc-cb37-44f6-bf0f-b7bb17ffec1a
open	8654c2b5-27d7-43c5-9a39-7fdefd7a0324	TCGA-MO-A47R	Copy Number Variation	TXT	Genotyping Array	c3265bd9-d0f6-4234-8dd1-00f9d679a465	YOGIN_p_TCGA_4_262_263_N_GenomeWideSNP_6_D03_1306162.nocnv_grch38.seg.v2.txt	c3265bd9-d0f6-4234-8dd1-00f9d679a465
open	78c0d30c-0905-49de-be7f-afc1337f59b7	TCGA-K1-A6RV	Copy Number Variation	TXT	Genotyping Array	786e5f51-89a2-4e4c-bd9a-9fef38b029d9	TCGA-SARC.779663ab-8330-4600-bebe-5477b5ce5fa7.ascat3.allelic_specific.seg.txt	786e5f51-89a2-4e4c-bd9a-9fef38b029d9
open	8b20dd03-46da-4d6b-95b4-f329fdc486cf	TCGA-VT-A80G	Copy Number Variation	TXT	Genotyping Array	b1e6832a-512c-4f89-94de-b7dde42ca89e	HONGS_p_TCGAb3_75_76_77_NSP_GenomeWideSNP_6_E09_1438126.grch38.seg.v2.txt	b1e6832a-512c-4f89-94de-b7dde42ca89e
open	8194aa20-bdb7-4928-8992-438d9f2631d4	TCGA-DX-A48V	Copy Number Variation	TXT	Genotyping Array	8c342b04-dd79-4f04-9400-f165a6e758d5	SNOWS_p_TCGA_Batch_309_310_NSP_GenomeWideSNP_6_F07_1362044.nocnv_grch38.seg.v2.txt	8c342b04-dd79-4f04-9400-f165a6e758d5
controlled	8b20dd03-46da-4d6b-95b4-f329fdc486cf	TCGA-VT-A80G	Simple Nucleotide Variation	TSV	Genotyping Array	2df409fb-0d65-411b-b581-00a542ac9957	HONGS_p_TCGAb3_75_76_77_NSP_GenomeWideSNP_6_G04_1438188.birdseed.data.txt	2df409fb-0d65-411b-b581-00a542ac9957
open	78c0d30c-0905-49de-be7f-afc1337f59b7	TCGA-K1-A6RV	Copy Number Variation	TXT	Genotyping Array	02c0d149-2802-491a-9229-99e79d49c51c	TCGA-SARC.779663ab-8330-4600-bebe-5477b5ce5fa7.ascat2.allelic_specific.seg.txt	02c0d149-2802-491a-9229-99e79d49c51c
open	78c0d30c-0905-49de-be7f-afc1337f59b7	TCGA-K1-A6RV	Copy Number Variation	TSV	Genotyping Array	4593d9de-f4a7-403f-8cf8-32e1a28c9336	TCGA-SARC.779663ab-8330-4600-bebe-5477b5ce5fa7.absolute_liftover.gene_level_copy_number.v36.tsv	4593d9de-f4a7-403f-8cf8-32e1a28c9336
open	8654c2b5-27d7-43c5-9a39-7fdefd7a0324	TCGA-MO-A47R	Copy Number Variation	TXT	Genotyping Array	14b30ed4-2373-4d30-84ba-7f6cdb9274da	TCGA-SARC.387fc536-d68b-4130-a53b-dcfa7329356a.ascat3.allelic_specific.seg.txt	14b30ed4-2373-4d30-84ba-7f6cdb9274da
open	83488a9c-6b28-4a48-850a-2a2fa47ce25e	TCGA-DX-A8BK	Copy Number Variation	TSV	Genotyping Array	ef833a02-a02a-4502-a505-36e64aa2500d	TCGA-SARC.a29388fa-91ef-4d07-b57f-abac6f64fe02.ascat3.gene_level_copy_number.v36.tsv	ef833a02-a02a-4502-a505-36e64aa2500d
controlled	8654c2b5-27d7-43c5-9a39-7fdefd7a0324	TCGA-MO-A47R	Simple Nucleotide Variation	TSV	Genotyping Array	e72d4502-f173-473e-aee5-a33f11c982fe	YOGIN_p_TCGA_4_262_263_N_GenomeWideSNP_6_D06_1306204.birdseed.data.txt	e72d4502-f173-473e-aee5-a33f11c982fe
open	8fabdaf2-00b1-4d41-a27b-f4aa13f7b451	TCGA-DX-A3M2	Copy Number Variation	TXT	Genotyping Array	3f2786f8-99a2-4f63-949f-0825cd4b65d9	FLUES_p_TCGASNP_228_229_230_N_GenomeWideSNP_6_E10_1148834.nocnv_grch38.seg.v2.txt	3f2786f8-99a2-4f63-949f-0825cd4b65d9
open	83488a9c-6b28-4a48-850a-2a2fa47ce25e	TCGA-DX-A8BK	Copy Number Variation	TXT	Genotyping Array	f308df54-d1bd-4e56-957c-741d4ea50dd9	TCGA-SARC.a29388fa-91ef-4d07-b57f-abac6f64fe02.ascat2.allelic_specific.seg.txt	f308df54-d1bd-4e56-957c-741d4ea50dd9
open	872244e2-d1ed-4a1d-9162-365f45e7f1a0	TCGA-DX-AB30	Copy Number Variation	TSV	Genotyping Array	e0975e94-8ddc-4883-8b74-1365c705cf95	TCGA-SARC.12095bc2-7c3e-41d2-9c15-23927a2766d0.absolute_liftover.gene_level_copy_number.v36.tsv	e0975e94-8ddc-4883-8b74-1365c705cf95
open	8c279bc5-117e-440b-b118-af01fc6c11a2	TCGA-MB-A8JK	Copy Number Variation	TXT	Genotyping Array	a9385a30-4633-4497-b7b3-f667dafc6c91	TCGA-SARC.df99a19a-c11f-4969-a654-74edb515893d.ascat3.allelic_specific.seg.txt	a9385a30-4633-4497-b7b3-f667dafc6c91
open	872244e2-d1ed-4a1d-9162-365f45e7f1a0	TCGA-DX-AB30	Copy Number Variation	TXT	Genotyping Array	0102f0ca-0c86-4d36-8fda-fa87d8eae514	PRION_p_TCGAb_410_11_12_13_NSP_GenomeWideSNP_6_D07_1486740.grch38.seg.v2.txt	0102f0ca-0c86-4d36-8fda-fa87d8eae514
open	8fc1fade-42aa-45d9-8ed3-2f7e73cb0936	TCGA-DX-A48N	Copy Number Variation	TXT	Genotyping Array	0738d1cb-62d9-451a-be4d-79391f41df7c	SNOWS_p_TCGA_Batch_309_310_NSP_GenomeWideSNP_6_E09_1362168.grch38.seg.v2.txt	0738d1cb-62d9-451a-be4d-79391f41df7c
controlled	8fc1fade-42aa-45d9-8ed3-2f7e73cb0936	TCGA-DX-A48N	Simple Nucleotide Variation	TSV	Genotyping Array	ce994f68-d902-491d-b43f-d53dbe9bb15e	SNOWS_p_TCGA_Batch_309_310_NSP_GenomeWideSNP_6_E08_1362058.birdseed.data.txt	ce994f68-d902-491d-b43f-d53dbe9bb15e
open	8c66f5f5-3e37-4353-b0f8-64b92a733da8	TCGA-DX-A1L4	Copy Number Variation	TXT	Genotyping Array	397fc4ad-f52e-4d01-a158-25651d374ff4	WAGER_p_TCGA_282_284_285_286_N_GenomeWideSNP_6_G08_1358998.nocnv_grch38.seg.v2.txt	397fc4ad-f52e-4d01-a158-25651d374ff4
open	8fc1fade-42aa-45d9-8ed3-2f7e73cb0936	TCGA-DX-A48N	Copy Number Variation	TXT	Genotyping Array	14498806-c7f2-4e7c-a651-b0f2dd0667db	SNOWS_p_TCGA_Batch_309_310_NSP_GenomeWideSNP_6_E08_1362058.grch38.seg.v2.txt	14498806-c7f2-4e7c-a651-b0f2dd0667db
open	83a93378-0978-4102-9e4b-09b547b75687	TCGA-K1-A42W	Copy Number Variation	TXT	Genotyping Array	4f7b67f4-3207-4098-802e-2e1c1bda8b7f	YOGIN_p_TCGA_4_262_263_N_GenomeWideSNP_6_B02_1306144.nocnv_grch38.seg.v2.txt	4f7b67f4-3207-4098-802e-2e1c1bda8b7f
controlled	8c66f5f5-3e37-4353-b0f8-64b92a733da8	TCGA-DX-A1L4	Simple Nucleotide Variation	TSV	Genotyping Array	1b8f2b7c-2961-41a3-8ae0-38cce027e170	WAGER_p_TCGA_282_284_285_286_N_GenomeWideSNP_6_G08_1358998.birdseed.data.txt	1b8f2b7c-2961-41a3-8ae0-38cce027e170
open	872244e2-d1ed-4a1d-9162-365f45e7f1a0	TCGA-DX-AB30	Copy Number Variation	TXT	Genotyping Array	362b3461-dcfb-4f14-a1eb-9242641ed350	PRION_p_TCGAb_410_11_12_13_NSP_GenomeWideSNP_6_D06_1486760.grch38.seg.v2.txt	362b3461-dcfb-4f14-a1eb-9242641ed350
controlled	90bc0f31-0ec2-4ceb-ad99-6be8f8b19180	TCGA-X6-A8C2	Simple Nucleotide Variation	TSV	Genotyping Array	d282c960-2c51-4924-ab3e-43f2ed5469fc	HONGS_p_TCGAb3_75_76_77_NSP_GenomeWideSNP_6_G10_1438316.birdseed.data.txt	d282c960-2c51-4924-ab3e-43f2ed5469fc
controlled	926176c2-0a8f-414a-a7b1-91734bdce6ae	TCGA-DX-A8BJ	Simple Nucleotide Variation	TSV	Genotyping Array	696917a5-96a8-4410-b21f-ff7b610defce	CUBES_p_TCGAb_425_426_427_NSP_GenomeWideSNP_6_D07_1514024.birdseed.data.txt	696917a5-96a8-4410-b21f-ff7b610defce
controlled	885b1b65-4280-4aab-a7f0-434b0317d86f	TCGA-IE-A6BZ	Copy Number Variation	CEL	Genotyping Array	5cf80c97-7ae8-47c6-9623-ac4fdab7b008	RICES_p_TCGA_Batch_310_311_NSP_GenomeWideSNP_6_A03_1361876.CEL	5cf80c97-7ae8-47c6-9623-ac4fdab7b008
open	92da1d84-03a1-4fe9-bc0d-7fe61dfbe904	TCGA-PC-A5DL	Copy Number Variation	TXT	Genotyping Array	16f09003-ae45-4577-a9ff-7b3af969897e	WAGER_p_TCGA_282_284_285_286_N_GenomeWideSNP_6_A10_1359106.grch38.seg.v2.txt	16f09003-ae45-4577-a9ff-7b3af969897e
controlled	90bc0f31-0ec2-4ceb-ad99-6be8f8b19180	TCGA-X6-A8C2	Copy Number Variation	CEL	Genotyping Array	41d786d5-eddc-4a1e-a367-4bd0a579a95d	HONGS_p_TCGAb3_75_76_77_NSP_GenomeWideSNP_6_G10_1438316.CEL	41d786d5-eddc-4a1e-a367-4bd0a579a95d
controlled	92da1d84-03a1-4fe9-bc0d-7fe61dfbe904	TCGA-PC-A5DL	Simple Nucleotide Variation	TSV	Genotyping Array	1b59e553-0f2e-4d85-b847-fabd6a3f6426	WAGER_p_TCGA_282_284_285_286_N_GenomeWideSNP_6_E08_1359114.birdseed.data.txt	1b59e553-0f2e-4d85-b847-fabd6a3f6426
open	90db503c-f9c8-4d31-bed4-e3383b69c89b	TCGA-X9-A973	Copy Number Variation	TXT	Genotyping Array	e6dd2052-5f13-49cc-bd2e-b503f22ca87e	ENATE_p_TCGAb_394_395_396_NSP_GenomeWideSNP_6_G01_1474132.grch38.seg.v2.txt	e6dd2052-5f13-49cc-bd2e-b503f22ca87e
open	93dfe3c6-445d-4976-93c0-9a826730fd58	TCGA-QQ-A5V9	Copy Number Variation	TXT	Genotyping Array	8e0b157d-d50a-43d9-96d2-b3734cef1a6b	THREW_p_TCGAb_329_335_336_NSP_GenomeWideSNP_6_F04_1367218.nocnv_grch38.seg.v2.txt	8e0b157d-d50a-43d9-96d2-b3734cef1a6b
open	89a3ccb1-252a-46f9-97c7-3e44b34d7967	TCGA-X6-A7WB	Copy Number Variation	TXT	Genotyping Array	95ac9417-56d2-4bf5-b976-4cbee039bd4a	TAZZA_p_TCGAb3_62_63_64_65_NSP_GenomeWideSNP_6_C12_1387836.grch38.seg.v2.txt	95ac9417-56d2-4bf5-b976-4cbee039bd4a
controlled	9bdc3867-2115-4351-af5f-a52a2c20ae5d	TCGA-K1-A42X	Copy Number Variation	CEL	Genotyping Array	2f785f73-420d-4373-a278-a07da90c4178	YOGIN_p_TCGA_4_262_263_N_GenomeWideSNP_6_B06_1306224.CEL	2f785f73-420d-4373-a278-a07da90c4178
open	89a3ccb1-252a-46f9-97c7-3e44b34d7967	TCGA-X6-A7WB	Copy Number Variation	TXT	Genotyping Array	9a583e3a-174e-4131-a6bc-d90d3b83b349	TCGA-SARC.eb118aaa-c623-40fb-b489-bb0b846b082f.ascat2.allelic_specific.seg.txt	9a583e3a-174e-4131-a6bc-d90d3b83b349
controlled	8d8921ac-ca12-4e17-bd5e-982ff0d699a1	TCGA-DX-A23U	Simple Nucleotide Variation	TSV	Genotyping Array	311a786d-cb8f-481a-8280-f2c230cb604d	WAGER_p_TCGA_282_284_285_286_N_GenomeWideSNP_6_F09_1359154.birdseed.data.txt	311a786d-cb8f-481a-8280-f2c230cb604d
controlled	93dfe3c6-445d-4976-93c0-9a826730fd58	TCGA-QQ-A5V9	Simple Nucleotide Variation	TSV	Genotyping Array	c985447d-f939-4c63-93ff-43fb69720a95	THREW_p_TCGAb_329_335_336_NSP_GenomeWideSNP_6_F03_1367098.birdseed.data.txt	c985447d-f939-4c63-93ff-43fb69720a95
open	93dfe3c6-445d-4976-93c0-9a826730fd58	TCGA-QQ-A5V9	Copy Number Variation	TSV	Genotyping Array	523499f2-3734-49ca-a6db-141a44cfe0fa	TCGA-SARC.a6fa13c1-e24c-4f28-9e87-3bb24e6a2fde.gene_level_copy_number.v36.tsv	523499f2-3734-49ca-a6db-141a44cfe0fa
controlled	93dfe3c6-445d-4976-93c0-9a826730fd58	TCGA-QQ-A5V9	Simple Nucleotide Variation	TSV	Genotyping Array	f8219fbb-00ca-4888-a778-56aea11f04cd	THREW_p_TCGAb_329_335_336_NSP_GenomeWideSNP_6_F04_1367218.birdseed.data.txt	f8219fbb-00ca-4888-a778-56aea11f04cd
open	8d8921ac-ca12-4e17-bd5e-982ff0d699a1	TCGA-DX-A23U	Copy Number Variation	TXT	Genotyping Array	17139d45-608f-4e07-bec3-5c74922441f6	WAGER_p_TCGA_282_284_285_286_N_GenomeWideSNP_6_F09_1359154.nocnv_grch38.seg.v2.txt	17139d45-608f-4e07-bec3-5c74922441f6
open	90db503c-f9c8-4d31-bed4-e3383b69c89b	TCGA-X9-A973	Copy Number Variation	TXT	Genotyping Array	d47369af-50e1-42d8-9870-49ad805dc87f	ENATE_p_TCGAb_394_395_396_NSP_GenomeWideSNP_6_G01_1474132.nocnv_grch38.seg.v2.txt	d47369af-50e1-42d8-9870-49ad805dc87f
controlled	8d8921ac-ca12-4e17-bd5e-982ff0d699a1	TCGA-DX-A23U	Copy Number Variation	CEL	Genotyping Array	01663dbf-85fd-4178-a8b5-8acf6fe8d4df	WAGER_p_TCGA_282_284_285_286_N_GenomeWideSNP_6_F09_1359154.CEL	01663dbf-85fd-4178-a8b5-8acf6fe8d4df
open	8d8921ac-ca12-4e17-bd5e-982ff0d699a1	TCGA-DX-A23U	Copy Number Variation	TXT	Genotyping Array	aa4ab233-6a23-4feb-8f06-844067dbb277	WAGER_p_TCGA_282_284_285_286_N_GenomeWideSNP_6_F09_1359154.grch38.seg.v2.txt	aa4ab233-6a23-4feb-8f06-844067dbb277
open	94359edf-7208-4b4c-ad7c-4064974de818	TCGA-DX-AB3C	Copy Number Variation	TXT	Genotyping Array	64c6bf27-c358-44ca-ab36-e4758c366001	TCGA-SARC.9273d715-6ef2-4151-a9c4-dc536c3640fd.ascat3.allelic_specific.seg.txt	64c6bf27-c358-44ca-ab36-e4758c366001
controlled	89ea0e21-c5af-42b4-9f64-5ba4874ab76e	TCGA-DX-A7EF	Simple Nucleotide Variation	TSV	Genotyping Array	2e4c8681-9f2a-4790-807f-549fdc132cb9	MOWED_p_TCGAb3_39_40_41_42_STY_GenomeWideSNP_6_G03_1377562.birdseed.data.txt	2e4c8681-9f2a-4790-807f-549fdc132cb9
controlled	94359edf-7208-4b4c-ad7c-4064974de818	TCGA-DX-AB3C	Simple Nucleotide Variation	TSV	Genotyping Array	e4e460bd-7fe7-49a6-a6b8-da6c4221e220	CUBES_p_TCGAb_425_426_427_NSP_GenomeWideSNP_6_G03_1514004.birdseed.data.txt	e4e460bd-7fe7-49a6-a6b8-da6c4221e220
open	a4f68239-5b9f-40d7-9e52-b68efa170c1c	TCGA-3B-A9I1	Copy Number Variation	TXT	Genotyping Array	9214b99b-992e-4576-8012-7a5324669bec	TCGA-SARC.af4bdf35-149f-479e-9945-b99e7c10e0b2.ascat3.allelic_specific.seg.txt	9214b99b-992e-4576-8012-7a5324669bec
open	94359edf-7208-4b4c-ad7c-4064974de818	TCGA-DX-AB3C	Copy Number Variation	TSV	Genotyping Array	88789ddb-c5b2-4d97-b309-a5a6935d82b7	TCGA-SARC.9273d715-6ef2-4151-a9c4-dc536c3640fd.ascat3.gene_level_copy_number.v36.tsv	88789ddb-c5b2-4d97-b309-a5a6935d82b7
open	89ea0e21-c5af-42b4-9f64-5ba4874ab76e	TCGA-DX-A7EF	Copy Number Variation	TXT	Genotyping Array	921bdbb9-e82a-4bef-8130-59f77a6ed6be	TCGA-SARC.50c5baaa-298c-4340-82d9-714a27b2c093.ascat3.allelic_specific.seg.txt	921bdbb9-e82a-4bef-8130-59f77a6ed6be
controlled	ab706ea0-d642-4f58-ba8d-f5d930b91286	TCGA-WK-A8Y0	Simple Nucleotide Variation	TSV	Genotyping Array	f1e9b178-355b-4d9f-a996-c09987eca63c	CUBES_p_TCGAb_425_426_427_NSP_GenomeWideSNP_6_D09_1513982.birdseed.data.txt	f1e9b178-355b-4d9f-a996-c09987eca63c
open	8f4293b0-bafc-4348-a203-9516d6f2dc48	TCGA-UE-A6QT	Copy Number Variation	TXT	Genotyping Array	1c243960-ec35-4e6a-9867-1611848357b3	THREW_p_TCGAb_329_335_336_NSP_GenomeWideSNP_6_G01_1367182.grch38.seg.v2.txt	1c243960-ec35-4e6a-9867-1611848357b3
open	a7613c60-93a1-4a4c-9b12-dfd2103b0168	TCGA-QC-AA9N	Copy Number Variation	TXT	Genotyping Array	1d825e23-7ce9-49f3-8e08-0faf88996d1e	PRION_p_TCGAb_410_11_12_13_NSP_GenomeWideSNP_6_F11_1486736.grch38.seg.v2.txt	1d825e23-7ce9-49f3-8e08-0faf88996d1e
open	8f4293b0-bafc-4348-a203-9516d6f2dc48	TCGA-UE-A6QT	Copy Number Variation	TXT	Genotyping Array	8b044378-2677-47e8-a566-380103a4efa5	THREW_p_TCGAb_329_335_336_NSP_GenomeWideSNP_6_G02_1367040.grch38.seg.v2.txt	8b044378-2677-47e8-a566-380103a4efa5
open	9517413b-b5b8-4130-8ba1-d86d44abe2ec	TCGA-DX-A1L3	Copy Number Variation	TXT	Genotyping Array	be0416a3-5454-4d22-bec1-6964d4f524ad	YOGIN_p_TCGA_4_262_263_N_GenomeWideSNP_6_D07_1306108.nocnv_grch38.seg.v2.txt	be0416a3-5454-4d22-bec1-6964d4f524ad
controlled	ab706ea0-d642-4f58-ba8d-f5d930b91286	TCGA-WK-A8Y0	Copy Number Variation	CEL	Genotyping Array	c0714d7b-9829-44e5-a6f1-25bf800faea4	CUBES_p_TCGAb_425_426_427_NSP_GenomeWideSNP_6_D08_1514040.CEL	c0714d7b-9829-44e5-a6f1-25bf800faea4
controlled	9517413b-b5b8-4130-8ba1-d86d44abe2ec	TCGA-DX-A1L3	Copy Number Variation	CEL	Genotyping Array	48854fd2-4541-4958-8a28-821187584b0c	YOGIN_p_TCGA_4_262_263_N_GenomeWideSNP_6_D04_1306216.CEL	48854fd2-4541-4958-8a28-821187584b0c
controlled	a7613c60-93a1-4a4c-9b12-dfd2103b0168	TCGA-QC-AA9N	Simple Nucleotide Variation	TSV	Genotyping Array	c38f95ef-fc2e-4ea5-ba7b-f3648aa31cc5	PRION_p_TCGAb_410_11_12_13_NSP_GenomeWideSNP_6_F11_1486736.birdseed.data.txt	c38f95ef-fc2e-4ea5-ba7b-f3648aa31cc5
open	a7613c60-93a1-4a4c-9b12-dfd2103b0168	TCGA-QC-AA9N	Copy Number Variation	TXT	Genotyping Array	2be80a31-c7af-41e5-ba17-4230e3bd6c22	TCGA-SARC.ab0ceefd-4c0f-46a2-9f51-9dbf0aec6a2f.ascat2.allelic_specific.seg.txt	2be80a31-c7af-41e5-ba17-4230e3bd6c22
open	ab706ea0-d642-4f58-ba8d-f5d930b91286	TCGA-WK-A8Y0	Copy Number Variation	TXT	Genotyping Array	0d75c8ee-9407-48ee-8ac3-452473fe8225	CUBES_p_TCGAb_425_426_427_NSP_GenomeWideSNP_6_D08_1514040.grch38.seg.v2.txt	0d75c8ee-9407-48ee-8ac3-452473fe8225
open	a7c45269-b693-45c4-81fd-6dd3379877e8	TCGA-DX-A7ER	Copy Number Variation	TXT	Genotyping Array	ebeb1b04-806d-4f89-97a9-65a788b26f8e	TCGA-SARC.2ebdcb6a-a3bf-41c0-9217-d95e17969fbf.ascat2.allelic_specific.seg.txt	ebeb1b04-806d-4f89-97a9-65a788b26f8e
controlled	8f4c042c-fbe3-4d0c-b2bd-695bc37483f5	TCGA-N1-A6IA	Simple Nucleotide Variation	TSV	Genotyping Array	9b69ac19-a2de-4371-8e87-e5f37cb92bc3	THREW_p_TCGAb_329_335_336_NSP_GenomeWideSNP_6_E10_1367180.birdseed.data.txt	9b69ac19-a2de-4371-8e87-e5f37cb92bc3
open	9c58e3b2-1dee-4375-8239-ce69a725e3de	TCGA-DX-A6B8	Copy Number Variation	TSV	Genotyping Array	9eb49ec6-2d2e-4caf-8a5f-0837d6b7baaa	TCGA-SARC.28b602f2-2fc5-4c5e-a7dd-91c7927658f9.absolute_liftover.gene_level_copy_number.v36.tsv	9eb49ec6-2d2e-4caf-8a5f-0837d6b7baaa
open	ac1eb376-ff96-4ed9-929a-03975f72ac15	TCGA-DX-A3UA	Copy Number Variation	TSV	Genotyping Array	161e0cd3-0a1c-4c2f-8b45-f2d181a30efc	TCGA-SARC.3b0d8bbd-0cdf-4b12-a379-04dbd02ae640.ascat3.gene_level_copy_number.v36.tsv	161e0cd3-0a1c-4c2f-8b45-f2d181a30efc
controlled	a7c45269-b693-45c4-81fd-6dd3379877e8	TCGA-DX-A7ER	Copy Number Variation	CEL	Genotyping Array	88f32a2e-2422-4f12-8ec2-d8e0a7139c6e	HONGS_p_TCGAb3_75_76_77_NSP_GenomeWideSNP_6_E08_1438300.CEL	88f32a2e-2422-4f12-8ec2-d8e0a7139c6e
open	9c58e3b2-1dee-4375-8239-ce69a725e3de	TCGA-DX-A6B8	Copy Number Variation	TXT	Genotyping Array	3b4ddf20-a0ea-4ef9-ada1-09c9b4798553	SNOWS_p_TCGA_Batch_309_310_NSP_GenomeWideSNP_6_F11_1361996.nocnv_grch38.seg.v2.txt	3b4ddf20-a0ea-4ef9-ada1-09c9b4798553
open	9c58e3b2-1dee-4375-8239-ce69a725e3de	TCGA-DX-A6B8	Copy Number Variation	TXT	Genotyping Array	ddc56e7a-54db-4771-af18-04001cba5de4	TCGA-SARC.28b602f2-2fc5-4c5e-a7dd-91c7927658f9.ascat3.allelic_specific.seg.txt	ddc56e7a-54db-4771-af18-04001cba5de4
open	8f4c042c-fbe3-4d0c-b2bd-695bc37483f5	TCGA-N1-A6IA	Copy Number Variation	TSV	Genotyping Array	2ce6170e-4fc1-4edc-be4f-2c79f7f3fd82	TCGA-SARC.9c8245da-bbbc-426e-9245-cdfe1e6079d3.gene_level_copy_number.v36.tsv	2ce6170e-4fc1-4edc-be4f-2c79f7f3fd82
open	969954a8-7f15-4052-9e6a-c5956115f3ad	TCGA-DX-A6BG	Copy Number Variation	TSV	Genotyping Array	bb112004-c69e-4565-90ea-5e14abbc67b8	TCGA-SARC.096b01ce-bd04-4d2e-aa9d-155e2ca1e24d.gene_level_copy_number.v36.tsv	bb112004-c69e-4565-90ea-5e14abbc67b8
controlled	a7c45269-b693-45c4-81fd-6dd3379877e8	TCGA-DX-A7ER	Copy Number Variation	CEL	Genotyping Array	4c3029bb-9831-461b-9f3b-7dc90100d95e	HEIGH_p_TCGAb418_19_21_BCR_NSP_GenomeWideSNP_6_H01_1485640.CEL	4c3029bb-9831-461b-9f3b-7dc90100d95e
controlled	969954a8-7f15-4052-9e6a-c5956115f3ad	TCGA-DX-A6BG	Simple Nucleotide Variation	TSV	Genotyping Array	161c2c6c-8189-4d12-94b0-4df853c56b61	SNOWS_p_TCGA_Batch_309_310_NSP_GenomeWideSNP_6_G04_1362014.birdseed.data.txt	161c2c6c-8189-4d12-94b0-4df853c56b61
open	9c58e3b2-1dee-4375-8239-ce69a725e3de	TCGA-DX-A6B8	Copy Number Variation	TXT	Genotyping Array	e702b835-f232-48aa-8f5c-62a5b64807f4	TCGA-SARC.28b602f2-2fc5-4c5e-a7dd-91c7927658f9.ascat2.allelic_specific.seg.txt	e702b835-f232-48aa-8f5c-62a5b64807f4
controlled	9c58e3b2-1dee-4375-8239-ce69a725e3de	TCGA-DX-A6B8	Copy Number Variation	CEL	Genotyping Array	3fbc8a85-8fbd-4693-a5a4-f12994d61149	SNOWS_p_TCGA_Batch_309_310_NSP_GenomeWideSNP_6_F11_1361996.CEL	3fbc8a85-8fbd-4693-a5a4-f12994d61149
controlled	ac2eeb9d-b5eb-465c-8271-c89bdb1ba136	TCGA-DX-A8BQ	Simple Nucleotide Variation	TSV	Genotyping Array	79a652c1-c1e3-4c17-8967-a6d2ed48d616	BREWS_p_TCGAb_382_383_NSP_GenomeWideSNP_6_G08_1465114.birdseed.data.txt	79a652c1-c1e3-4c17-8967-a6d2ed48d616
open	91f6eb4c-0143-47b9-bcbd-5332d913a039	TCGA-DX-AB3B	Copy Number Variation	TSV	Genotyping Array	71252c0e-adf3-4dfb-be2e-401664f76f02	TCGA-SARC.c56ae4dc-8bfd-4557-b91c-5ba5139847ca.absolute_liftover.gene_level_copy_number.v36.tsv	71252c0e-adf3-4dfb-be2e-401664f76f02
open	98b4dd76-e6c4-4125-ba9e-9dc318ffb61c	TCGA-DX-AB2F	Copy Number Variation	TSV	Genotyping Array	759ce364-16ab-40ad-9d1f-1b412a9b6939	TCGA-SARC.0e1347f9-53a6-4608-9da5-ce4934c8cdfb.absolute_liftover.gene_level_copy_number.v36.tsv	759ce364-16ab-40ad-9d1f-1b412a9b6939
open	98b4dd76-e6c4-4125-ba9e-9dc318ffb61c	TCGA-DX-AB2F	Copy Number Variation	TXT	Genotyping Array	c8eb8000-85d7-4bad-a050-f561c777f9da	ENATE_p_TCGAb_394_395_396_NSP_GenomeWideSNP_6_G10_1474080.nocnv_grch38.seg.v2.txt	c8eb8000-85d7-4bad-a050-f561c777f9da
controlled	9b781072-66d8-49f2-80f7-7b020746b6e9	TCGA-SI-AA8C	Copy Number Variation	CEL	Genotyping Array	d1a38ef1-4206-4a99-ae24-961b22ff99cc	ENATE_p_TCGAb_394_395_396_NSP_GenomeWideSNP_6_G07_1474166.CEL	d1a38ef1-4206-4a99-ae24-961b22ff99cc
open	926176c2-0a8f-414a-a7b1-91734bdce6ae	TCGA-DX-A8BJ	Copy Number Variation	TSV	Genotyping Array	076c23fa-a804-4bca-9881-79c55d1d80c1	TCGA-SARC.140914c0-8754-4a22-8852-7818697a5d4d.absolute_liftover.gene_level_copy_number.v36.tsv	076c23fa-a804-4bca-9881-79c55d1d80c1
controlled	9b781072-66d8-49f2-80f7-7b020746b6e9	TCGA-SI-AA8C	Copy Number Variation	CEL	Genotyping Array	f56af3a8-942c-4e52-aad8-a361f11260c0	ENATE_p_TCGAb_394_395_396_NSP_GenomeWideSNP_6_G08_1474070.CEL	f56af3a8-942c-4e52-aad8-a361f11260c0
open	9b781072-66d8-49f2-80f7-7b020746b6e9	TCGA-SI-AA8C	Copy Number Variation	TSV	Genotyping Array	372cc87e-2c9d-4e5c-9f2f-1ad18ea99450	TCGA-SARC.030a8b8c-ce8c-4ec5-af7b-c7e574ea20b6.gene_level_copy_number.v36.tsv	372cc87e-2c9d-4e5c-9f2f-1ad18ea99450
open	b85e2156-d5ac-486c-93e1-86525ea41a64	TCGA-DX-A3M1	Copy Number Variation	TXT	Genotyping Array	f81ca2f7-89a7-40cb-a27b-2d6a5f741592	FLUES_p_TCGASNP_228_229_230_N_GenomeWideSNP_6_F05_1148890.nocnv_grch38.seg.v2.txt	f81ca2f7-89a7-40cb-a27b-2d6a5f741592
open	9dcdbd1b-2e03-4314-aef2-1f6b6fe18523	TCGA-DX-AB2X	Copy Number Variation	TXT	Genotyping Array	6cf3542d-5f1a-4cd9-99bf-5e594cdb8544	ENATE_p_TCGAb_394_395_396_NSP_GenomeWideSNP_6_E03_1474216.nocnv_grch38.seg.v2.txt	6cf3542d-5f1a-4cd9-99bf-5e594cdb8544
open	9b781072-66d8-49f2-80f7-7b020746b6e9	TCGA-SI-AA8C	Copy Number Variation	TXT	Genotyping Array	196aec4a-86fa-41da-ad10-40ce7cc525fe	TCGA-SARC.030a8b8c-ce8c-4ec5-af7b-c7e574ea20b6.ascat2.allelic_specific.seg.txt	196aec4a-86fa-41da-ad10-40ce7cc525fe
controlled	9dcdbd1b-2e03-4314-aef2-1f6b6fe18523	TCGA-DX-AB2X	Simple Nucleotide Variation	TSV	Genotyping Array	0e2029d8-9ee5-4c0c-8417-9c863af68a74	ENATE_p_TCGAb_394_395_396_NSP_GenomeWideSNP_6_E03_1474216.birdseed.data.txt	0e2029d8-9ee5-4c0c-8417-9c863af68a74
open	a857d684-7195-44f9-ba21-b88020bd9633	TCGA-SI-A71O	Copy Number Variation	TXT	Genotyping Array	57c95e7b-f4a2-4a3c-8f75-c872f159e26f	CACTI_p_TCGAb_392_393_394_NSP_GenomeWideSNP_6_A01_1473974.grch38.seg.v2.txt	57c95e7b-f4a2-4a3c-8f75-c872f159e26f
controlled	c1bab0e5-4cb2-4d9a-ae92-673fe7967fde	TCGA-PC-A5DK	Copy Number Variation	CEL	Genotyping Array	0b038d02-2466-4bf3-8974-865b3d44cd9a	VIBES_p_TCGA_290_291_292_293_S_GenomeWideSNP_6_G09_1362512.CEL	0b038d02-2466-4bf3-8974-865b3d44cd9a
open	c1bab0e5-4cb2-4d9a-ae92-673fe7967fde	TCGA-PC-A5DK	Copy Number Variation	TXT	Genotyping Array	0b2df5d5-2b08-4f34-b999-d5c8626ac2ec	VIBES_p_TCGA_290_291_292_293_S_GenomeWideSNP_6_G09_1362512.nocnv_grch38.seg.v2.txt	0b2df5d5-2b08-4f34-b999-d5c8626ac2ec
controlled	c1bab0e5-4cb2-4d9a-ae92-673fe7967fde	TCGA-PC-A5DK	Simple Nucleotide Variation	TSV	Genotyping Array	d3f17052-9ccb-4ab9-bda6-742ae92338d4	VIBES_p_TCGA_290_291_292_293_S_GenomeWideSNP_6_G11_1362390.birdseed.data.txt	d3f17052-9ccb-4ab9-bda6-742ae92338d4
controlled	9bdc3867-2115-4351-af5f-a52a2c20ae5d	TCGA-K1-A42X	Simple Nucleotide Variation	TSV	Genotyping Array	34abdfbc-6f97-414a-bcc5-3ea7e3b05145	YOGIN_p_TCGA_4_262_263_N_GenomeWideSNP_6_C10_1306228.birdseed.data.txt	34abdfbc-6f97-414a-bcc5-3ea7e3b05145
controlled	a857d684-7195-44f9-ba21-b88020bd9633	TCGA-SI-A71O	Copy Number Variation	CEL	Genotyping Array	8f8051c5-1173-4924-9919-62123d93c430	CACTI_p_TCGAb_392_393_394_NSP_GenomeWideSNP_6_A01_1473974.CEL	8f8051c5-1173-4924-9919-62123d93c430
open	9ebda267-a475-408a-a512-cd3761de83b4	TCGA-QC-A6FX	Copy Number Variation	TSV	Genotyping Array	ee866554-da65-411b-9620-b5bfccd0ae98	TCGA-SARC.32a4cbb3-c1d7-408a-8768-9e07a8274020.absolute_liftover.gene_level_copy_number.v36.tsv	ee866554-da65-411b-9620-b5bfccd0ae98
open	9ef5cdda-8aba-4027-8cf0-e53b2f54704a	TCGA-3B-A9HU	Copy Number Variation	TXT	Genotyping Array	efffb69f-bb8c-4230-adb8-e6ac39fc1fd2	TCGA-SARC.496e1a3a-94ab-4917-ae24-ce4ab4eabbdd.ascat3.allelic_specific.seg.txt	efffb69f-bb8c-4230-adb8-e6ac39fc1fd2
open	cc891960-42a2-4d76-b93b-c2914c929154	TCGA-DX-A6B9	Copy Number Variation	TXT	Genotyping Array	6f15f222-c44c-4baa-8581-5fb906426540	THREW_p_TCGAb_329_335_336_NSP_GenomeWideSNP_6_D09_1367142.grch38.seg.v2.txt	6f15f222-c44c-4baa-8581-5fb906426540
open	cc891960-42a2-4d76-b93b-c2914c929154	TCGA-DX-A6B9	Copy Number Variation	TXT	Genotyping Array	70cf9af3-e387-48ca-8443-55ef47a10999	THREW_p_TCGAb_329_335_336_NSP_GenomeWideSNP_6_D10_1367066.grch38.seg.v2.txt	70cf9af3-e387-48ca-8443-55ef47a10999
open	c20682a1-f340-430d-99f9-077fe093ed19	TCGA-IW-A3M5	Copy Number Variation	TXT	Genotyping Array	f4d50451-f6b4-434e-a3dc-5a95edafebd8	MACON_p_TCGASNP_218_AML_PP_N_GenomeWideSNP_6_D02_1040022.grch38.seg.v2.txt	f4d50451-f6b4-434e-a3dc-5a95edafebd8
open	c20682a1-f340-430d-99f9-077fe093ed19	TCGA-IW-A3M5	Copy Number Variation	TXT	Genotyping Array	88786fb3-ec50-4081-a31b-c3c830f861b4	MACON_p_TCGASNP_218_AML_PP_N_GenomeWideSNP_6_D02_1040022.nocnv_grch38.seg.v2.txt	88786fb3-ec50-4081-a31b-c3c830f861b4
open	9ef5cdda-8aba-4027-8cf0-e53b2f54704a	TCGA-3B-A9HU	Copy Number Variation	TXT	Genotyping Array	850871f9-a3b0-427e-9c07-9742af842be1	PRION_p_TCGAb_410_11_12_13_NSP_GenomeWideSNP_6_C02_1486602.nocnv_grch38.seg.v2.txt	850871f9-a3b0-427e-9c07-9742af842be1
open	a8ce2be1-1f15-4e02-9161-5f161447a541	TCGA-3B-A9I0	Copy Number Variation	TSV	Genotyping Array	5dfb62c0-482c-4879-828a-97f82fe78902	TCGA-SARC.5b0a431b-f8ac-4e83-ba2d-d88e8a437bbf.gene_level_copy_number.v36.tsv	5dfb62c0-482c-4879-828a-97f82fe78902
controlled	cc891960-42a2-4d76-b93b-c2914c929154	TCGA-DX-A6B9	Simple Nucleotide Variation	TSV	Genotyping Array	ebc462ec-707b-4dad-9a9c-2681b6f24df9	THREW_p_TCGAb_329_335_336_NSP_GenomeWideSNP_6_D10_1367066.birdseed.data.txt	ebc462ec-707b-4dad-9a9c-2681b6f24df9
controlled	c25a0746-d2cf-47cc-82fc-8547cd9f89b0	TCGA-WK-A8XS	Simple Nucleotide Variation	TSV	Genotyping Array	95c1a4f8-073d-4c94-9968-2d86e1d0ffbe	BREWS_p_TCGAb_382_383_NSP_GenomeWideSNP_6_G12_1465090.birdseed.data.txt	95c1a4f8-073d-4c94-9968-2d86e1d0ffbe
open	b0c194ce-8f60-423f-afca-7f577813421c	TCGA-X9-A971	Copy Number Variation	TXT	Genotyping Array	8efb9afe-ce4b-40c9-aeb4-701c70a0f911	TCGA-SARC.a82fdfae-7b34-48ca-b43d-ee816193dafc.ascat2.allelic_specific.seg.txt	8efb9afe-ce4b-40c9-aeb4-701c70a0f911
controlled	b0c194ce-8f60-423f-afca-7f577813421c	TCGA-X9-A971	Copy Number Variation	CEL	Genotyping Array	d9415693-b18b-476e-8585-81b702bfdc6e	ENATE_p_TCGAb_394_395_396_NSP_GenomeWideSNP_6_F01_1474258.CEL	d9415693-b18b-476e-8585-81b702bfdc6e
controlled	a93fd240-59c1-4527-854e-dfd042222fcf	TCGA-3B-A9I3	Copy Number Variation	CEL	Genotyping Array	07cd943e-b447-4787-95b4-6986ce4f0f65	PRION_p_TCGAb_410_11_12_13_NSP_GenomeWideSNP_6_C08_1486774.CEL	07cd943e-b447-4787-95b4-6986ce4f0f65
controlled	a93fd240-59c1-4527-854e-dfd042222fcf	TCGA-3B-A9I3	Simple Nucleotide Variation	TSV	Genotyping Array	92672f5a-08db-4927-a2c5-f0a880859a77	PRION_p_TCGAb_410_11_12_13_NSP_GenomeWideSNP_6_C09_1486628.birdseed.data.txt	92672f5a-08db-4927-a2c5-f0a880859a77
open	b9a01a64-3c9d-44b3-8ee1-a880b7816fee	TCGA-DX-A7EM	Copy Number Variation	TXT	Genotyping Array	5b83d5e4-f0b9-4d75-b3af-b8b2c78fde82	HONGS_p_TCGAb3_75_76_77_NSP_GenomeWideSNP_6_H11_1438234.grch38.seg.v2.txt	5b83d5e4-f0b9-4d75-b3af-b8b2c78fde82
open	cc9eb46b-47a6-44b2-97c1-3ee866bbfc3d	TCGA-DX-AB2E	Copy Number Variation	TSV	Genotyping Array	78be4af0-abe8-4c83-9772-ef76666a0d5e	TCGA-SARC.36591489-6cde-447d-acfe-18fa30b2b005.ascat3.gene_level_copy_number.v36.tsv	78be4af0-abe8-4c83-9772-ef76666a0d5e
open	9ef5cdda-8aba-4027-8cf0-e53b2f54704a	TCGA-3B-A9HU	Copy Number Variation	TXT	Genotyping Array	50be5662-711e-4b2e-8dbd-d7bff6992993	PRION_p_TCGAb_410_11_12_13_NSP_GenomeWideSNP_6_C02_1486602.grch38.seg.v2.txt	50be5662-711e-4b2e-8dbd-d7bff6992993
controlled	cc9eb46b-47a6-44b2-97c1-3ee866bbfc3d	TCGA-DX-AB2E	Copy Number Variation	CEL	Genotyping Array	5dbaa50e-1b33-4f58-a34f-63b094af07d1	PRION_p_TCGAb_410_11_12_13_NSP_GenomeWideSNP_6_D04_1486734.CEL	5dbaa50e-1b33-4f58-a34f-63b094af07d1
open	c25a0746-d2cf-47cc-82fc-8547cd9f89b0	TCGA-WK-A8XS	Copy Number Variation	TSV	Genotyping Array	10e7675a-a1d8-45a8-952e-4e8f4780668b	TCGA-SARC.103bdc11-8aa9-486c-ba84-cad23e72c603.ascat3.gene_level_copy_number.v36.tsv	10e7675a-a1d8-45a8-952e-4e8f4780668b
controlled	cc9eb46b-47a6-44b2-97c1-3ee866bbfc3d	TCGA-DX-AB2E	Simple Nucleotide Variation	TSV	Genotyping Array	a2ce08cf-2c64-41ec-b383-122b2d31f17a	PRION_p_TCGAb_410_11_12_13_NSP_GenomeWideSNP_6_D05_1486598.birdseed.data.txt	a2ce08cf-2c64-41ec-b383-122b2d31f17a
open	cc9eb46b-47a6-44b2-97c1-3ee866bbfc3d	TCGA-DX-AB2E	Copy Number Variation	TXT	Genotyping Array	038ab7a3-546e-4f6b-8e0d-f4b2b4672708	TCGA-SARC.36591489-6cde-447d-acfe-18fa30b2b005.ascat2.allelic_specific.seg.txt	038ab7a3-546e-4f6b-8e0d-f4b2b4672708
open	c25a0746-d2cf-47cc-82fc-8547cd9f89b0	TCGA-WK-A8XS	Copy Number Variation	TSV	Genotyping Array	51059b30-c81b-4ce0-a999-b992c01045ae	TCGA-SARC.103bdc11-8aa9-486c-ba84-cad23e72c603.absolute_liftover.gene_level_copy_number.v36.tsv	51059b30-c81b-4ce0-a999-b992c01045ae
open	b1a92728-e119-4f5f-a303-2ebb8ea3db88	TCGA-PC-A5DO	Copy Number Variation	TSV	Genotyping Array	977c83b6-1ab4-441a-af00-e6e5e476c316	TCGA-SARC.e4969783-5243-4a76-b54b-c76e474df12a.absolute_liftover.gene_level_copy_number.v36.tsv	977c83b6-1ab4-441a-af00-e6e5e476c316
open	b1a92728-e119-4f5f-a303-2ebb8ea3db88	TCGA-PC-A5DO	Copy Number Variation	TXT	Genotyping Array	cb16282c-900e-40f4-9611-1747df8da339	TCGA-SARC.e4969783-5243-4a76-b54b-c76e474df12a.ascat3.allelic_specific.seg.txt	cb16282c-900e-40f4-9611-1747df8da339
controlled	cd8637c0-1651-4e8a-9a88-7fb06dc36ff8	TCGA-JV-A75J	Copy Number Variation	CEL	Genotyping Array	bddcd8af-6436-4477-9226-50a35db6200c	THREW_p_TCGAb_329_335_336_NSP_GenomeWideSNP_6_E03_1367074.CEL	bddcd8af-6436-4477-9226-50a35db6200c
open	c5b0e6be-48b5-40e5-9d90-f9112050aa88	TCGA-HB-A5W3	Copy Number Variation	TXT	Genotyping Array	a9b700b4-c2dd-42f8-9262-0b38d7798436	TCGA-SARC.32f10c79-8904-434e-978a-e1d2447f12cd.ascat2.allelic_specific.seg.txt	a9b700b4-c2dd-42f8-9262-0b38d7798436
open	bc282a61-9e8b-4330-9177-fc515293f051	TCGA-DX-AB2S	Copy Number Variation	TXT	Genotyping Array	fd859c99-139b-4859-9cbc-0b3d1e55cf34	PRION_p_TCGAb_410_11_12_13_NSP_GenomeWideSNP_6_C11_1486678.nocnv_grch38.seg.v2.txt	fd859c99-139b-4859-9cbc-0b3d1e55cf34
controlled	c5b0e6be-48b5-40e5-9d90-f9112050aa88	TCGA-HB-A5W3	Simple Nucleotide Variation	TSV	Genotyping Array	af67e8cd-8c1b-4907-804a-36b6031a9891	BURSA_p_TCGA_303_304_305_N_GenomeWideSNP_6_E08_1344802.birdseed.data.txt	af67e8cd-8c1b-4907-804a-36b6031a9891
controlled	a1f0e5db-5c73-4b83-8cc4-6208941806de	TCGA-DX-A7ES	Copy Number Variation	CEL	Genotyping Array	ce4b6345-a3ce-451b-81d4-21860c0c9e4a	PRION_p_TCGAb_410_11_12_13_NSP_GenomeWideSNP_6_D12_1486604.CEL	ce4b6345-a3ce-451b-81d4-21860c0c9e4a
controlled	aaf93a92-2f93-477d-9ea4-d18ab7d4f258	TCGA-3B-A9HL	Copy Number Variation	CEL	Genotyping Array	eafe338b-ba77-4cb9-8496-38ec0ec38702	ENATE_p_TCGAb_394_395_396_NSP_GenomeWideSNP_6_F09_1474238.CEL	eafe338b-ba77-4cb9-8496-38ec0ec38702
open	c5b0e6be-48b5-40e5-9d90-f9112050aa88	TCGA-HB-A5W3	Copy Number Variation	TSV	Genotyping Array	e742a540-085d-400c-9d6e-4b57ef385c9b	TCGA-SARC.32f10c79-8904-434e-978a-e1d2447f12cd.gene_level_copy_number.v36.tsv	e742a540-085d-400c-9d6e-4b57ef385c9b
open	a1f0e5db-5c73-4b83-8cc4-6208941806de	TCGA-DX-A7ES	Copy Number Variation	TSV	Genotyping Array	c98cb850-3b1c-441a-ae4a-99de46bf2070	TCGA-SARC.47e74b95-d554-4a7a-90a8-742f96d53fa1.absolute_liftover.gene_level_copy_number.v36.tsv	c98cb850-3b1c-441a-ae4a-99de46bf2070
open	aaf93a92-2f93-477d-9ea4-d18ab7d4f258	TCGA-3B-A9HL	Copy Number Variation	TXT	Genotyping Array	4e6bc657-e8dc-4958-8b2e-edaa253bc6d7	ENATE_p_TCGAb_394_395_396_NSP_GenomeWideSNP_6_F10_1474156.grch38.seg.v2.txt	4e6bc657-e8dc-4958-8b2e-edaa253bc6d7
controlled	b2ee912a-0a57-4d46-bc25-3594028fe387	TCGA-X6-A8C4	Simple Nucleotide Variation	TSV	Genotyping Array	304a18f8-ca9d-4a0c-a94f-41d1b87bd19e	HONGS_p_TCGAb3_75_76_77_NSP_GenomeWideSNP_6_F09_1438296.birdseed.data.txt	304a18f8-ca9d-4a0c-a94f-41d1b87bd19e
controlled	cedf4099-076d-4ea7-9a86-76fe9530b88c	TCGA-JV-A5VF	Simple Nucleotide Variation	TSV	Genotyping Array	8f3c2696-af9c-4062-8741-acce2994f212	BURSA_p_TCGA_303_304_305_N_GenomeWideSNP_6_D07_1344806.birdseed.data.txt	8f3c2696-af9c-4062-8741-acce2994f212
open	c5b0e6be-48b5-40e5-9d90-f9112050aa88	TCGA-HB-A5W3	Copy Number Variation	TSV	Genotyping Array	26f7327b-ba61-4a02-a9c8-4e97cbd0eaff	TCGA-SARC.32f10c79-8904-434e-978a-e1d2447f12cd.ascat3.gene_level_copy_number.v36.tsv	26f7327b-ba61-4a02-a9c8-4e97cbd0eaff
open	a37238f3-55b5-43df-a0c5-3d22ee5156f3	TCGA-DX-A48R	Copy Number Variation	TXT	Genotyping Array	5ef3e354-f00c-4d81-9cad-5ee940a21f73	TCGA-SARC.084383c9-5045-4b23-bc79-962685f7da85.ascat3.allelic_specific.seg.txt	5ef3e354-f00c-4d81-9cad-5ee940a21f73
controlled	cedf4099-076d-4ea7-9a86-76fe9530b88c	TCGA-JV-A5VF	Copy Number Variation	CEL	Genotyping Array	19b8ce0e-ce17-4a11-9490-fb094ae95bbb	BURSA_p_TCGA_303_304_305_N_GenomeWideSNP_6_D07_1344806.CEL	19b8ce0e-ce17-4a11-9490-fb094ae95bbb
open	bfaafe2d-0e83-43aa-9f81-b34b62a46d38	TCGA-DX-A1KY	Copy Number Variation	TXT	Genotyping Array	e4ad595f-f3a2-41e3-94a2-5eaab1d8856d	YOGIN_p_TCGA_4_262_263_N_GenomeWideSNP_6_B07_1306094.grch38.seg.v2.txt	e4ad595f-f3a2-41e3-94a2-5eaab1d8856d
open	bfaafe2d-0e83-43aa-9f81-b34b62a46d38	TCGA-DX-A1KY	Copy Number Variation	TXT	Genotyping Array	dc18f713-a4b2-45aa-ab5c-79ef8c2ced6a	YOGIN_p_TCGA_4_262_263_N_GenomeWideSNP_6_B07_1306094.nocnv_grch38.seg.v2.txt	dc18f713-a4b2-45aa-ab5c-79ef8c2ced6a
open	a37238f3-55b5-43df-a0c5-3d22ee5156f3	TCGA-DX-A48R	Copy Number Variation	TSV	Genotyping Array	d35a545e-95d4-4e99-98e7-7b0f0f9c3338	TCGA-SARC.084383c9-5045-4b23-bc79-962685f7da85.absolute_liftover.gene_level_copy_number.v36.tsv	d35a545e-95d4-4e99-98e7-7b0f0f9c3338
open	a37238f3-55b5-43df-a0c5-3d22ee5156f3	TCGA-DX-A48R	Copy Number Variation	TXT	Genotyping Array	ec4797c1-64ba-4f41-ad76-58519ba8e567	TCGA-SARC.084383c9-5045-4b23-bc79-962685f7da85.ascat2.allelic_specific.seg.txt	ec4797c1-64ba-4f41-ad76-58519ba8e567
open	c5e23947-253b-40d2-916a-277b2a580be2	TCGA-IE-A4EI	Copy Number Variation	TXT	Genotyping Array	47ada8a7-53e3-4144-9be0-ed08891b851f	YOGIN_p_TCGA_4_262_263_N_GenomeWideSNP_6_C11_1306106.nocnv_grch38.seg.v2.txt	47ada8a7-53e3-4144-9be0-ed08891b851f
controlled	d7d9204b-b85e-4260-8a54-c39e7847e982	TCGA-SG-A849	Simple Nucleotide Variation	TSV	Genotyping Array	7a6e75f6-a471-40a2-ad2e-7adcd3f93031	TAZZA_p_TCGAb3_62_63_64_65_NSP_GenomeWideSNP_6_C08_1387854.birdseed.data.txt	7a6e75f6-a471-40a2-ad2e-7adcd3f93031
open	d0d989cb-a50f-4ed9-8478-ae300ebc0970	TCGA-DX-AB32	Copy Number Variation	TXT	Genotyping Array	f41a9972-d104-44b0-a49f-1b90f1c050c3	CUBES_p_TCGAb_425_426_427_NSP_GenomeWideSNP_6_D03_1514102.nocnv_grch38.seg.v2.txt	f41a9972-d104-44b0-a49f-1b90f1c050c3
open	b5f27002-4277-418d-90b0-cc5a2742692e	TCGA-DX-A23R	Copy Number Variation	TSV	Genotyping Array	72ba85ae-ce4f-4f9b-8b87-4ef1a461774d	TCGA-SARC.480f3e67-5fdd-4f9d-b703-418f94f1de4a.absolute_liftover.gene_level_copy_number.v36.tsv	72ba85ae-ce4f-4f9b-8b87-4ef1a461774d
open	e4fb6a08-9d3f-4e62-85ce-7ba0dc03c8e2	TCGA-QQ-A5VD	Copy Number Variation	TXT	Genotyping Array	23389914-f1b3-4ab5-84ee-7340b93a814b	TCGA-SARC.1d4a6c85-0b83-4b48-be42-7e78ada2c3a4.ascat3.allelic_specific.seg.txt	23389914-f1b3-4ab5-84ee-7340b93a814b
open	d7dc8efc-30d9-4d86-84a2-f39f4e1ea50e	TCGA-DX-A48L	Copy Number Variation	TSV	Genotyping Array	ca4aef8d-cfed-401f-bf01-51bfbe4f61c1	TCGA-SARC.5c98c4ff-d346-44c5-9908-7452359c5396.gene_level_copy_number.v36.tsv	ca4aef8d-cfed-401f-bf01-51bfbe4f61c1
open	b61e39f5-f0dd-485e-8e22-d4fdea751f55	TCGA-SI-A71Q	Copy Number Variation	TXT	Genotyping Array	3a3ddd60-46a9-410f-86ed-6bd2fd55d3c2	MOWED_p_TCGAb3_39_40_41_42_STY_GenomeWideSNP_6_G01_1377464.grch38.seg.v2.txt	3a3ddd60-46a9-410f-86ed-6bd2fd55d3c2
controlled	e4fb6a08-9d3f-4e62-85ce-7ba0dc03c8e2	TCGA-QQ-A5VD	Simple Nucleotide Variation	TSV	Genotyping Array	efb2d2fe-c2cc-4549-92ee-38f1dc5a2948	THREW_p_TCGAb_329_335_336_NSP_GenomeWideSNP_6_F09_1367178.birdseed.data.txt	efb2d2fe-c2cc-4549-92ee-38f1dc5a2948
open	b61e39f5-f0dd-485e-8e22-d4fdea751f55	TCGA-SI-A71Q	Copy Number Variation	TSV	Genotyping Array	d068fc69-bfdf-4e07-82f2-a1dd8dc63a4b	TCGA-SARC.89c146f4-b242-4a27-aec9-6807ce85e494.gene_level_copy_number.v36.tsv	d068fc69-bfdf-4e07-82f2-a1dd8dc63a4b
open	d40c99d0-79f6-499d-b7f1-5fc4237cfc57	TCGA-DX-A3U8	Copy Number Variation	TSV	Genotyping Array	389a436b-de6a-47f2-abb9-46df7c80c611	TCGA-SARC.3d6ee6b5-c7ea-4b03-b468-e5096af2133e.gene_level_copy_number.v36.tsv	389a436b-de6a-47f2-abb9-46df7c80c611
open	e4fb6a08-9d3f-4e62-85ce-7ba0dc03c8e2	TCGA-QQ-A5VD	Copy Number Variation	TXT	Genotyping Array	9eb323a2-f02c-4c59-9473-b15a09600638	THREW_p_TCGAb_329_335_336_NSP_GenomeWideSNP_6_F09_1367178.nocnv_grch38.seg.v2.txt	9eb323a2-f02c-4c59-9473-b15a09600638
controlled	c849127a-2f15-4fab-8815-db09b017f48c	TCGA-X6-A7W8	Simple Nucleotide Variation	TSV	Genotyping Array	3ae3c517-adb6-4788-b5e0-51ea5d730d3d	TAZZA_p_TCGAb3_62_63_64_65_NSP_GenomeWideSNP_6_C01_1387960.birdseed.data.txt	3ae3c517-adb6-4788-b5e0-51ea5d730d3d
open	d40c99d0-79f6-499d-b7f1-5fc4237cfc57	TCGA-DX-A3U8	Copy Number Variation	TSV	Genotyping Array	a86f4416-0dcc-4803-b4ed-f33ce89f91e6	TCGA-SARC.3d6ee6b5-c7ea-4b03-b468-e5096af2133e.absolute_liftover.gene_level_copy_number.v36.tsv	a86f4416-0dcc-4803-b4ed-f33ce89f91e6
open	c849127a-2f15-4fab-8815-db09b017f48c	TCGA-X6-A7W8	Copy Number Variation	TXT	Genotyping Array	7d20eae9-d75c-490d-bc62-78a61d2f0d49	TCGA-SARC.6592905d-2b60-4612-b3a4-ce935577de7b.ascat3.allelic_specific.seg.txt	7d20eae9-d75c-490d-bc62-78a61d2f0d49
open	c849127a-2f15-4fab-8815-db09b017f48c	TCGA-X6-A7W8	Copy Number Variation	TSV	Genotyping Array	2ae640de-13aa-4036-a4ec-9299b4a01766	TCGA-SARC.6592905d-2b60-4612-b3a4-ce935577de7b.gene_level_copy_number.v36.tsv	2ae640de-13aa-4036-a4ec-9299b4a01766
open	bfb21f9b-31af-4ecc-a4f4-d7d3f5728e01	TCGA-3B-A9HR	Copy Number Variation	TXT	Genotyping Array	3d082bbf-2ce8-4898-8d99-b3cc11cfc2ad	ENATE_p_TCGAb_394_395_396_NSP_GenomeWideSNP_6_F05_1474122.nocnv_grch38.seg.v2.txt	3d082bbf-2ce8-4898-8d99-b3cc11cfc2ad
controlled	d7dc8efc-30d9-4d86-84a2-f39f4e1ea50e	TCGA-DX-A48L	Simple Nucleotide Variation	TSV	Genotyping Array	ac5ad7e7-acb1-4454-903b-2b614c8992bb	SNOWS_p_TCGA_Batch_309_310_NSP_GenomeWideSNP_6_E06_1362060.birdseed.data.txt	ac5ad7e7-acb1-4454-903b-2b614c8992bb
open	bfb21f9b-31af-4ecc-a4f4-d7d3f5728e01	TCGA-3B-A9HR	Copy Number Variation	TXT	Genotyping Array	08331afb-c7bc-4773-aa18-966bb54854df	TCGA-SARC.71811cfc-2ce8-4774-947f-8bb0d312de0b.ascat2.allelic_specific.seg.txt	08331afb-c7bc-4773-aa18-966bb54854df
open	dc18ccea-b332-4fac-b49b-1e0217ad025b	TCGA-PC-A5DN	Copy Number Variation	TSV	Genotyping Array	af50ab10-21f4-4aed-866f-e7910b4022ee	TCGA-SARC.f09fb97e-e893-482a-bca1-5f372353bfd5.gene_level_copy_number.v36.tsv	af50ab10-21f4-4aed-866f-e7910b4022ee
open	c849127a-2f15-4fab-8815-db09b017f48c	TCGA-X6-A7W8	Copy Number Variation	TXT	Genotyping Array	856c4f75-4991-4383-b00f-989bb23f0870	TAZZA_p_TCGAb3_62_63_64_65_NSP_GenomeWideSNP_6_C02_1387962.grch38.seg.v2.txt	856c4f75-4991-4383-b00f-989bb23f0870
open	d40c99d0-79f6-499d-b7f1-5fc4237cfc57	TCGA-DX-A3U8	Copy Number Variation	TXT	Genotyping Array	3c773dbb-dbae-45e5-be91-ecf9a7a087e4	TCGA-SARC.3d6ee6b5-c7ea-4b03-b468-e5096af2133e.ascat2.allelic_specific.seg.txt	3c773dbb-dbae-45e5-be91-ecf9a7a087e4
controlled	e5608743-59c4-4846-96b5-b3d36efbed85	TCGA-MB-A5Y9	Simple Nucleotide Variation	TSV	Genotyping Array	0f7336c7-ede7-4ce1-a0b8-5624324933e4	BURSA_p_TCGA_303_304_305_N_GenomeWideSNP_6_C02_1344686.birdseed.data.txt	0f7336c7-ede7-4ce1-a0b8-5624324933e4
open	dc18ccea-b332-4fac-b49b-1e0217ad025b	TCGA-PC-A5DN	Copy Number Variation	TXT	Genotyping Array	a37740c8-815c-4adc-97a0-394220bc571e	TCGA-SARC.f09fb97e-e893-482a-bca1-5f372353bfd5.ascat2.allelic_specific.seg.txt	a37740c8-815c-4adc-97a0-394220bc571e
controlled	dc18ccea-b332-4fac-b49b-1e0217ad025b	TCGA-PC-A5DN	Simple Nucleotide Variation	TSV	Genotyping Array	d7f956eb-44ce-45c3-b679-27daecec72d5	VIBES_p_TCGA_290_291_292_293_S_GenomeWideSNP_6_F07_1362564.birdseed.data.txt	d7f956eb-44ce-45c3-b679-27daecec72d5
controlled	c9a5b051-0503-4aae-8bc6-270af3033326	TCGA-DX-A6Z0	Copy Number Variation	CEL	Genotyping Array	d08f17b4-797d-4f5c-ba17-8119ec453fa1	HONGS_p_TCGAb3_75_76_77_NSP_GenomeWideSNP_6_G11_1438168.CEL	d08f17b4-797d-4f5c-ba17-8119ec453fa1
open	bfb21f9b-31af-4ecc-a4f4-d7d3f5728e01	TCGA-3B-A9HR	Copy Number Variation	TXT	Genotyping Array	1b260cb8-d6ac-453f-9b37-f27091691c16	ENATE_p_TCGAb_394_395_396_NSP_GenomeWideSNP_6_F06_1474090.nocnv_grch38.seg.v2.txt	1b260cb8-d6ac-453f-9b37-f27091691c16
controlled	c9a5b051-0503-4aae-8bc6-270af3033326	TCGA-DX-A6Z0	Simple Nucleotide Variation	TSV	Genotyping Array	69eb5c1c-f8eb-49fc-af0e-3500850c075a	HONGS_p_TCGAb3_75_76_77_NSP_GenomeWideSNP_6_F01_1438276.birdseed.data.txt	69eb5c1c-f8eb-49fc-af0e-3500850c075a
controlled	de0cfb5d-0db6-4bf9-8a92-c5de4208bb04	TCGA-Z4-A8JB	Simple Nucleotide Variation	TSV	Genotyping Array	cafee0da-b693-4984-946a-909a6c033821	VISTA_p_TCGAb_383_384_NSP_GenomeWideSNP_6_B07_1465016.birdseed.data.txt	cafee0da-b693-4984-946a-909a6c033821
controlled	e786de34-4c21-460f-89ab-008de4347049	TCGA-DX-A3LU	Copy Number Variation	CEL	Genotyping Array	d9c0c4a8-6517-4fee-95c5-833c0e3d0380	MACON_p_TCGASNP_218_AML_PP_N_GenomeWideSNP_6_A02_1040150.CEL	d9c0c4a8-6517-4fee-95c5-833c0e3d0380
open	c030f196-9591-4b0e-ad72-2320f277773b	TCGA-QQ-A5V2	Copy Number Variation	TSV	Genotyping Array	d31d2ab0-bcbf-4827-b036-5290ef0afe56	TCGA-SARC.6cccc9d3-a19e-4456-ae8a-a6d82fca8902.gene_level_copy_number.v36.tsv	d31d2ab0-bcbf-4827-b036-5290ef0afe56
controlled	eea7d707-aeb9-4d00-ab5e-c1ea608517e9	TCGA-DX-A8BT	Copy Number Variation	CEL	Genotyping Array	6bab4d1a-a267-4729-a25c-6b15bd170bba	VISTA_p_TCGAb_383_384_NSP_GenomeWideSNP_6_B01_1464886.CEL	6bab4d1a-a267-4729-a25c-6b15bd170bba
open	d51b9939-aef7-426b-a57f-01c3684e2dc2	TCGA-RN-A68Q	Copy Number Variation	TSV	Genotyping Array	a6c91d3a-bd0a-4868-a123-2a59e49dc21e	TCGA-SARC.1c42180e-e828-43ad-938a-d93e8d894207.gene_level_copy_number.v36.tsv	a6c91d3a-bd0a-4868-a123-2a59e49dc21e
open	c9a5b051-0503-4aae-8bc6-270af3033326	TCGA-DX-A6Z0	Copy Number Variation	TSV	Genotyping Array	abe8bdce-efc7-479d-a868-fc56372078b2	TCGA-SARC.d05c9382-f7d9-42db-8a39-84a11713317c.ascat3.gene_level_copy_number.v36.tsv	abe8bdce-efc7-479d-a868-fc56372078b2
controlled	c030f196-9591-4b0e-ad72-2320f277773b	TCGA-QQ-A5V2	Copy Number Variation	CEL	Genotyping Array	98378db6-4554-4e68-ae27-e4e7e4d77d43	THREW_p_TCGAb_329_335_336_NSP_GenomeWideSNP_6_F02_1367124.CEL	98378db6-4554-4e68-ae27-e4e7e4d77d43
open	eea7d707-aeb9-4d00-ab5e-c1ea608517e9	TCGA-DX-A8BT	Copy Number Variation	TSV	Genotyping Array	f8457376-3756-457f-bb2c-c5e381fa8015	TCGA-SARC.d57d10f8-7e23-42fc-b5ab-144f14c87f87.absolute_liftover.gene_level_copy_number.v36.tsv	f8457376-3756-457f-bb2c-c5e381fa8015
open	cabd63ee-d833-47b0-9a0b-8a046d260af1	TCGA-DX-AB3A	Copy Number Variation	TXT	Genotyping Array	bdd121ae-3a58-4155-b828-1ec6c6910aff	CUBES_p_TCGAb_425_426_427_NSP_GenomeWideSNP_6_F04_1513916.grch38.seg.v2.txt	bdd121ae-3a58-4155-b828-1ec6c6910aff
controlled	de277edb-4543-4bd7-8f86-206c18b54d8d	TCGA-DX-A48P	Copy Number Variation	CEL	Genotyping Array	d532f347-426c-4c80-93a2-07cbc1022942	SNOWS_p_TCGA_Batch_309_310_NSP_GenomeWideSNP_6_F01_1362172.CEL	d532f347-426c-4c80-93a2-07cbc1022942
open	e786de34-4c21-460f-89ab-008de4347049	TCGA-DX-A3LU	Copy Number Variation	TSV	Genotyping Array	1bc3e65f-2d4a-4765-8aa0-11af475077a3	TCGA-SARC.730898d3-cfde-45d2-86db-3133915f4087.ascat3.gene_level_copy_number.v36.tsv	1bc3e65f-2d4a-4765-8aa0-11af475077a3
open	c030f196-9591-4b0e-ad72-2320f277773b	TCGA-QQ-A5V2	Copy Number Variation	TXT	Genotyping Array	e4bbbb40-d3f0-4d15-b573-3667a88e0f04	THREW_p_TCGAb_329_335_336_NSP_GenomeWideSNP_6_F02_1367124.nocnv_grch38.seg.v2.txt	e4bbbb40-d3f0-4d15-b573-3667a88e0f04
open	e786de34-4c21-460f-89ab-008de4347049	TCGA-DX-A3LU	Copy Number Variation	TXT	Genotyping Array	c08734aa-a149-42e1-b06c-128fc232fd10	TCGA-SARC.730898d3-cfde-45d2-86db-3133915f4087.ascat3.allelic_specific.seg.txt	c08734aa-a149-42e1-b06c-128fc232fd10
open	e786de34-4c21-460f-89ab-008de4347049	TCGA-DX-A3LU	Copy Number Variation	TXT	Genotyping Array	52413a3b-6206-46e4-9788-8cc620d4ae70	MACON_p_TCGASNP_218_AML_PP_N_GenomeWideSNP_6_D08_1040146.grch38.seg.v2.txt	52413a3b-6206-46e4-9788-8cc620d4ae70
controlled	d7d9204b-b85e-4260-8a54-c39e7847e982	TCGA-SG-A849	Copy Number Variation	CEL	Genotyping Array	7f35c79b-99c2-4fc4-8972-c1dc47128025	TAZZA_p_TCGAb3_62_63_64_65_NSP_GenomeWideSNP_6_C08_1387854.CEL	7f35c79b-99c2-4fc4-8972-c1dc47128025
open	cabd63ee-d833-47b0-9a0b-8a046d260af1	TCGA-DX-AB3A	Copy Number Variation	TXT	Genotyping Array	a229f734-813f-4c6f-80da-53de63cf9177	TCGA-SARC.3b2424b0-1bc2-4eba-bbba-bbe6d1c1bcec.ascat3.allelic_specific.seg.txt	a229f734-813f-4c6f-80da-53de63cf9177
open	c05498e7-5b93-4acb-9d91-3a505116558d	TCGA-KD-A5QT	Copy Number Variation	TXT	Genotyping Array	530c1b10-8e30-422e-8300-be92e9553b09	VIBES_p_TCGA_290_291_292_293_S_GenomeWideSNP_6_G05_1362394.grch38.seg.v2.txt	530c1b10-8e30-422e-8300-be92e9553b09
open	ef273fe6-aab0-41eb-94f7-cca980bf789e	TCGA-DX-A7EL	Copy Number Variation	TSV	Genotyping Array	3934de8e-06d3-4273-b7df-4bacecfb7fbb	TCGA-SARC.b97dd03b-40e3-4a98-a56d-bbc8f7f03a4b.gene_level_copy_number.v36.tsv	3934de8e-06d3-4273-b7df-4bacecfb7fbb
open	ef273fe6-aab0-41eb-94f7-cca980bf789e	TCGA-DX-A7EL	Copy Number Variation	TXT	Genotyping Array	3809afdf-ec57-4768-8d9c-b15bc05ba855	HONGS_p_TCGAb3_75_76_77_NSP_GenomeWideSNP_6_H04_1438274.nocnv_grch38.seg.v2.txt	3809afdf-ec57-4768-8d9c-b15bc05ba855
open	f693eec9-cd6e-4696-882f-a6dffe481df9	TCGA-DX-A6BF	Copy Number Variation	TSV	Genotyping Array	8755472c-516c-49d7-8c95-0faf8bcf7714	TCGA-SARC.ea1edc70-c00e-4c7f-8e59-12f8d4cea0ba.gene_level_copy_number.v36.tsv	8755472c-516c-49d7-8c95-0faf8bcf7714
open	e7a72f7e-77b1-4d95-8f37-39a6cffc35dc	TCGA-DX-A3LT	Copy Number Variation	TXT	Genotyping Array	fa24a9c3-bce3-4f5b-9458-dce3ba69e66b	MACON_p_TCGASNP_218_AML_PP_N_GenomeWideSNP_6_C07_1040084.grch38.seg.v2.txt	fa24a9c3-bce3-4f5b-9458-dce3ba69e66b
open	f2fcb8c3-4679-4753-8887-bf4c2781df3a	TCGA-DX-A48U	Copy Number Variation	TXT	Genotyping Array	1cc5a006-5c65-4469-8443-08a803df917a	SNOWS_p_TCGA_Batch_309_310_NSP_GenomeWideSNP_6_F05_1362066.grch38.seg.v2.txt	1cc5a006-5c65-4469-8443-08a803df917a
open	f693eec9-cd6e-4696-882f-a6dffe481df9	TCGA-DX-A6BF	Copy Number Variation	TXT	Genotyping Array	85a679b6-a2d9-4be7-adb0-30ce65f0e8ca	SNOWS_p_TCGA_Batch_309_310_NSP_GenomeWideSNP_6_G02_1361994.nocnv_grch38.seg.v2.txt	85a679b6-a2d9-4be7-adb0-30ce65f0e8ca
open	f2fcb8c3-4679-4753-8887-bf4c2781df3a	TCGA-DX-A48U	Copy Number Variation	TXT	Genotyping Array	8933c202-043e-40ee-be23-d0e38bce7d3f	TCGA-SARC.c9ee5b6a-1b79-4bc7-a93d-e3c52f77d216.ascat2.allelic_specific.seg.txt	8933c202-043e-40ee-be23-d0e38bce7d3f
open	f2fcb8c3-4679-4753-8887-bf4c2781df3a	TCGA-DX-A48U	Copy Number Variation	TXT	Genotyping Array	83390e2b-cc61-44d2-9e60-12481321094d	SNOWS_p_TCGA_Batch_309_310_NSP_GenomeWideSNP_6_F05_1362066.nocnv_grch38.seg.v2.txt	83390e2b-cc61-44d2-9e60-12481321094d
open	f2fcb8c3-4679-4753-8887-bf4c2781df3a	TCGA-DX-A48U	Copy Number Variation	TSV	Genotyping Array	7c2fd055-fbb4-4365-924c-27a04ae446b7	TCGA-SARC.c9ee5b6a-1b79-4bc7-a93d-e3c52f77d216.absolute_liftover.gene_level_copy_number.v36.tsv	7c2fd055-fbb4-4365-924c-27a04ae446b7
controlled	c1bab0e5-4cb2-4d9a-ae92-673fe7967fde	TCGA-PC-A5DK	Copy Number Variation	CEL	Genotyping Array	55686e08-5b89-48fd-b267-41bf98ce1fab	VIBES_p_TCGA_290_291_292_293_S_GenomeWideSNP_6_G11_1362390.CEL	55686e08-5b89-48fd-b267-41bf98ce1fab
open	f2fcb8c3-4679-4753-8887-bf4c2781df3a	TCGA-DX-A48U	Copy Number Variation	TXT	Genotyping Array	1c093325-418c-4ff1-87e8-583727617e37	TCGA-SARC.c9ee5b6a-1b79-4bc7-a93d-e3c52f77d216.ascat3.allelic_specific.seg.txt	1c093325-418c-4ff1-87e8-583727617e37
controlled	df4954d3-8334-4b0b-a781-43c12d03d604	TCGA-X6-A7WD	Simple Nucleotide Variation	TSV	Genotyping Array	d204e39f-8932-4fa7-afc4-3c4918a1dc1d	TAZZA_p_TCGAb3_62_63_64_65_NSP_GenomeWideSNP_6_B07_1387850.birdseed.data.txt	d204e39f-8932-4fa7-afc4-3c4918a1dc1d
open	f693eec9-cd6e-4696-882f-a6dffe481df9	TCGA-DX-A6BF	Copy Number Variation	TSV	Genotyping Array	1c59c04c-7fdd-4f8d-a73f-4b354aefbc11	TCGA-SARC.ea1edc70-c00e-4c7f-8e59-12f8d4cea0ba.ascat3.gene_level_copy_number.v36.tsv	1c59c04c-7fdd-4f8d-a73f-4b354aefbc11
open	e7a72f7e-77b1-4d95-8f37-39a6cffc35dc	TCGA-DX-A3LT	Copy Number Variation	TXT	Genotyping Array	f3f3c258-140f-415b-b292-4c0c4dbbab65	TCGA-SARC.8f96eddc-fd74-4bca-9539-fdd866750bf4.ascat3.allelic_specific.seg.txt	f3f3c258-140f-415b-b292-4c0c4dbbab65
open	f2fcb8c3-4679-4753-8887-bf4c2781df3a	TCGA-DX-A48U	Copy Number Variation	TXT	Genotyping Array	68a320c8-d163-4eb9-ac14-c4672f2fe8c3	SNOWS_p_TCGA_Batch_309_310_NSP_GenomeWideSNP_6_F04_1362162.nocnv_grch38.seg.v2.txt	68a320c8-d163-4eb9-ac14-c4672f2fe8c3
controlled	c1bab0e5-4cb2-4d9a-ae92-673fe7967fde	TCGA-PC-A5DK	Simple Nucleotide Variation	TSV	Genotyping Array	4b0e07f8-745f-4d3f-8842-68089b2481ce	VIBES_p_TCGA_290_291_292_293_S_GenomeWideSNP_6_G09_1362512.birdseed.data.txt	4b0e07f8-745f-4d3f-8842-68089b2481ce
open	c1bab0e5-4cb2-4d9a-ae92-673fe7967fde	TCGA-PC-A5DK	Copy Number Variation	TXT	Genotyping Array	ceb898cc-cc52-4235-a9e2-a4ed3ea35c56	VIBES_p_TCGA_290_291_292_293_S_GenomeWideSNP_6_G11_1362390.nocnv_grch38.seg.v2.txt	ceb898cc-cc52-4235-a9e2-a4ed3ea35c56
open	f75d2589-fd7b-49a1-a1c8-0b4726b81f3c	TCGA-DX-A2J4	Copy Number Variation	TXT	Genotyping Array	d7a733a4-2069-4725-86a5-dbe52239a5fd	MACON_p_TCGASNP_218_AML_PP_N_GenomeWideSNP_6_A08_1040110.nocnv_grch38.seg.v2.txt	d7a733a4-2069-4725-86a5-dbe52239a5fd
controlled	f2fcb8c3-4679-4753-8887-bf4c2781df3a	TCGA-DX-A48U	Simple Nucleotide Variation	TSV	Genotyping Array	1f5f4185-1804-43da-83c4-b835c2a946ec	SNOWS_p_TCGA_Batch_309_310_NSP_GenomeWideSNP_6_F05_1362066.birdseed.data.txt	1f5f4185-1804-43da-83c4-b835c2a946ec
controlled	f39cf57e-e8e6-428b-b1ce-3ecc52eecf92	TCGA-3R-A8YX	Simple Nucleotide Variation	TSV	Genotyping Array	ac8e0e6c-21b7-4484-8d1d-5c26b5103f3d	VISTA_p_TCGAb_383_384_NSP_GenomeWideSNP_6_A07_1464830.birdseed.data.txt	ac8e0e6c-21b7-4484-8d1d-5c26b5103f3d
open	df4954d3-8334-4b0b-a781-43c12d03d604	TCGA-X6-A7WD	Copy Number Variation	TXT	Genotyping Array	70cfb68c-b80f-460e-aebe-20e41d4320fc	TAZZA_p_TCGAb3_62_63_64_65_NSP_GenomeWideSNP_6_B07_1387850.nocnv_grch38.seg.v2.txt	70cfb68c-b80f-460e-aebe-20e41d4320fc
open	f75d2589-fd7b-49a1-a1c8-0b4726b81f3c	TCGA-DX-A2J4	Copy Number Variation	TSV	Genotyping Array	c0594c99-6d7c-4822-989b-a014ee34e495	TCGA-SARC.c5b15050-291f-4f2c-93da-1c5b2a206533.gene_level_copy_number.v36.tsv	c0594c99-6d7c-4822-989b-a014ee34e495
open	f75d2589-fd7b-49a1-a1c8-0b4726b81f3c	TCGA-DX-A2J4	Copy Number Variation	TXT	Genotyping Array	488538d6-50de-417a-bddc-8eb03058ac45	MACON_p_TCGASNP_218_AML_PP_N_GenomeWideSNP_6_A08_1040110.grch38.seg.v2.txt	488538d6-50de-417a-bddc-8eb03058ac45
open	f39cf57e-e8e6-428b-b1ce-3ecc52eecf92	TCGA-3R-A8YX	Copy Number Variation	TXT	Genotyping Array	cd714863-71f2-4258-9ad3-f87ec8f8c146	VISTA_p_TCGAb_383_384_NSP_GenomeWideSNP_6_A07_1464830.grch38.seg.v2.txt	cd714863-71f2-4258-9ad3-f87ec8f8c146
controlled	df4954d3-8334-4b0b-a781-43c12d03d604	TCGA-X6-A7WD	Copy Number Variation	CEL	Genotyping Array	19b1a187-49ff-4714-ab79-0c1cdc96ea49	DLP_REDO_FROM_TAZZA_B08.CEL	19b1a187-49ff-4714-ab79-0c1cdc96ea49
controlled	df4954d3-8334-4b0b-a781-43c12d03d604	TCGA-X6-A7WD	Simple Nucleotide Variation	TSV	Genotyping Array	02d7d942-cfe0-42df-b40c-8b626695241f	DLP_REDO_FROM_TAZZA_B08.birdseed.data.txt	02d7d942-cfe0-42df-b40c-8b626695241f
open	f39cf57e-e8e6-428b-b1ce-3ecc52eecf92	TCGA-3R-A8YX	Copy Number Variation	TXT	Genotyping Array	d0c58b36-f6a8-49d2-9446-7be7eb9d3c56	VISTA_p_TCGAb_383_384_NSP_GenomeWideSNP_6_A06_1464844.nocnv_grch38.seg.v2.txt	d0c58b36-f6a8-49d2-9446-7be7eb9d3c56
open	f75d2589-fd7b-49a1-a1c8-0b4726b81f3c	TCGA-DX-A2J4	Copy Number Variation	TXT	Genotyping Array	7cefdb81-3d97-4a36-aa07-ff376bbb004e	TCGA-SARC.c5b15050-291f-4f2c-93da-1c5b2a206533.ascat2.allelic_specific.seg.txt	7cefdb81-3d97-4a36-aa07-ff376bbb004e
controlled	f39cf57e-e8e6-428b-b1ce-3ecc52eecf92	TCGA-3R-A8YX	Copy Number Variation	CEL	Genotyping Array	1590b6b7-278b-410c-9aec-38901a0856c6	VISTA_p_TCGAb_383_384_NSP_GenomeWideSNP_6_A06_1464844.CEL	1590b6b7-278b-410c-9aec-38901a0856c6
controlled	e987c47d-6ecb-41bb-a66f-a0489e56449f	TCGA-DX-A8BL	Copy Number Variation	CEL	Genotyping Array	81c726eb-aefc-43e2-a85d-4f91cb41a2cf	CUBES_p_TCGAb_425_426_427_NSP_GenomeWideSNP_6_D12_1513918.CEL	81c726eb-aefc-43e2-a85d-4f91cb41a2cf
controlled	e987c47d-6ecb-41bb-a66f-a0489e56449f	TCGA-DX-A8BL	Simple Nucleotide Variation	TSV	Genotyping Array	c37f83f1-dbcb-4d3d-92b8-2ecf43797771	CUBES_p_TCGAb_425_426_427_NSP_GenomeWideSNP_6_D12_1513918.birdseed.data.txt	c37f83f1-dbcb-4d3d-92b8-2ecf43797771
open	e0b298e0-0d11-4cc8-a9fa-7f2cc9f1d6e9	TCGA-Z4-AAPF	Copy Number Variation	TXT	Genotyping Array	8100e745-5537-4267-a3ba-7dcb2ad21301	PRION_p_TCGAb_410_11_12_13_NSP_GenomeWideSNP_6_B12_1486718.grch38.seg.v2.txt	8100e745-5537-4267-a3ba-7dcb2ad21301
open	e987c47d-6ecb-41bb-a66f-a0489e56449f	TCGA-DX-A8BL	Copy Number Variation	TSV	Genotyping Array	072476bb-aa81-438b-8183-dd91704213bb	TCGA-SARC.cfeb9c17-ceb5-40b5-9459-dfc41a377a66.absolute_liftover.gene_level_copy_number.v36.tsv	072476bb-aa81-438b-8183-dd91704213bb
open	f4852819-6c2d-45f7-8479-5e79f143c7b5	TCGA-KD-A5QS	Copy Number Variation	TSV	Genotyping Array	0a7fe60e-41e0-4a2a-8e48-348d4078fe92	TCGA-SARC.479d61d7-b682-4760-8fea-92b7e52c802a.absolute_liftover.gene_level_copy_number.v36.tsv	0a7fe60e-41e0-4a2a-8e48-348d4078fe92
controlled	e0b298e0-0d11-4cc8-a9fa-7f2cc9f1d6e9	TCGA-Z4-AAPF	Simple Nucleotide Variation	TSV	Genotyping Array	2063a44d-5a5f-4976-bed5-2a36ffe1197a	PRION_p_TCGAb_410_11_12_13_NSP_GenomeWideSNP_6_B12_1486718.birdseed.data.txt	2063a44d-5a5f-4976-bed5-2a36ffe1197a
controlled	f94615ea-551c-4f63-af0d-5e49c87fc66e	TCGA-3B-A9HP	Simple Nucleotide Variation	TSV	Genotyping Array	a3a2ea7b-4955-4480-b874-28ec994c1067	ENATE_p_TCGAb_394_395_396_NSP_GenomeWideSNP_6_D12_1474112.birdseed.data.txt	a3a2ea7b-4955-4480-b874-28ec994c1067
open	f94615ea-551c-4f63-af0d-5e49c87fc66e	TCGA-3B-A9HP	Copy Number Variation	TXT	Genotyping Array	aae83bed-42b1-4415-b95f-544f8155b326	ENATE_p_TCGAb_394_395_396_NSP_GenomeWideSNP_6_D12_1474112.nocnv_grch38.seg.v2.txt	aae83bed-42b1-4415-b95f-544f8155b326
open	e0b298e0-0d11-4cc8-a9fa-7f2cc9f1d6e9	TCGA-Z4-AAPF	Copy Number Variation	TSV	Genotyping Array	67f2fe63-c4ec-4bdc-902c-4376d725f4f2	TCGA-SARC.fd88b143-f58c-4d24-984c-0024ad172700.absolute_liftover.gene_level_copy_number.v36.tsv	67f2fe63-c4ec-4bdc-902c-4376d725f4f2
controlled	f94615ea-551c-4f63-af0d-5e49c87fc66e	TCGA-3B-A9HP	Copy Number Variation	CEL	Genotyping Array	9900fd72-de2d-4755-95a1-d2ce8a3c87e6	ENATE_p_TCGAb_394_395_396_NSP_GenomeWideSNP_6_D12_1474112.CEL	9900fd72-de2d-4755-95a1-d2ce8a3c87e6
open	f94615ea-551c-4f63-af0d-5e49c87fc66e	TCGA-3B-A9HP	Copy Number Variation	TXT	Genotyping Array	53928365-2b0e-4c4d-b97c-050f2b3a0e68	ENATE_p_TCGAb_394_395_396_NSP_GenomeWideSNP_6_D11_1474164.nocnv_grch38.seg.v2.txt	53928365-2b0e-4c4d-b97c-050f2b3a0e68
open	f4852819-6c2d-45f7-8479-5e79f143c7b5	TCGA-KD-A5QS	Copy Number Variation	TXT	Genotyping Array	71b49714-f6b7-4d70-83dc-7a61083066e0	TCGA-SARC.479d61d7-b682-4760-8fea-92b7e52c802a.ascat2.allelic_specific.seg.txt	71b49714-f6b7-4d70-83dc-7a61083066e0
open	ea0e5ae7-1f15-4504-aea3-efd1f6733304	TCGA-DX-A1KU	Copy Number Variation	TXT	Genotyping Array	c1b7bbc5-e161-44a8-a863-9b01068db1d1	YOGIN_p_TCGA_4_262_263_N_GenomeWideSNP_6_D12_1306096.nocnv_grch38.seg.v2.txt	c1b7bbc5-e161-44a8-a863-9b01068db1d1
controlled	e0b298e0-0d11-4cc8-a9fa-7f2cc9f1d6e9	TCGA-Z4-AAPF	Copy Number Variation	CEL	Genotyping Array	443d8d9e-5208-4aaa-980c-02d1350e18b7	PRION_p_TCGAb_410_11_12_13_NSP_GenomeWideSNP_6_B12_1486718.CEL	443d8d9e-5208-4aaa-980c-02d1350e18b7
open	f4852819-6c2d-45f7-8479-5e79f143c7b5	TCGA-KD-A5QS	Copy Number Variation	TXT	Genotyping Array	5627650a-4a90-41c3-9efe-25bf5678fb94	VIBES_p_TCGA_290_291_292_293_S_GenomeWideSNP_6_G03_1362492.nocnv_grch38.seg.v2.txt	5627650a-4a90-41c3-9efe-25bf5678fb94
open	e0b298e0-0d11-4cc8-a9fa-7f2cc9f1d6e9	TCGA-Z4-AAPF	Copy Number Variation	TXT	Genotyping Array	7a7a2b7e-eb47-4578-adbe-5dcbeef11aad	PRION_p_TCGAb_410_11_12_13_NSP_GenomeWideSNP_6_C01_1486652.grch38.seg.v2.txt	7a7a2b7e-eb47-4578-adbe-5dcbeef11aad
controlled	f94615ea-551c-4f63-af0d-5e49c87fc66e	TCGA-3B-A9HP	Simple Nucleotide Variation	TSV	Genotyping Array	0dcbd4f6-6e07-486f-aacf-5398c9ac3ab1	ENATE_p_TCGAb_394_395_396_NSP_GenomeWideSNP_6_D11_1474164.birdseed.data.txt	0dcbd4f6-6e07-486f-aacf-5398c9ac3ab1
open	f4852819-6c2d-45f7-8479-5e79f143c7b5	TCGA-KD-A5QS	Copy Number Variation	TSV	Genotyping Array	d464a9e1-49f6-4cb0-93bc-5b6f5dceeab4	TCGA-SARC.479d61d7-b682-4760-8fea-92b7e52c802a.gene_level_copy_number.v36.tsv	d464a9e1-49f6-4cb0-93bc-5b6f5dceeab4
open	ea0e5ae7-1f15-4504-aea3-efd1f6733304	TCGA-DX-A1KU	Copy Number Variation	TXT	Genotyping Array	8859a022-f525-4ee4-ad59-b773f09f0d91	YOGIN_p_TCGA_4_262_263_N_GenomeWideSNP_6_D12_1306096.grch38.seg.v2.txt	8859a022-f525-4ee4-ad59-b773f09f0d91
open	e119dc43-9ba7-43ad-add0-1ce8a01e3b06	TCGA-JV-A5VE	Copy Number Variation	TXT	Genotyping Array	2b6ebc3d-8804-4a93-8e72-e66b654b36b3	BURSA_p_TCGA_303_304_305_N_GenomeWideSNP_6_D08_1344700.grch38.seg.v2.txt	2b6ebc3d-8804-4a93-8e72-e66b654b36b3
open	f9ceee8b-aa08-4123-ba70-76b3cbfc50e6	TCGA-DX-A6YT	Copy Number Variation	TSV	Genotyping Array	472446c9-5da7-4705-847e-d60457108138	TCGA-SARC.68c618ba-8d9b-4db9-b2b8-85be5daeda97.ascat3.gene_level_copy_number.v36.tsv	472446c9-5da7-4705-847e-d60457108138
controlled	e119dc43-9ba7-43ad-add0-1ce8a01e3b06	TCGA-JV-A5VE	Copy Number Variation	CEL	Genotyping Array	2aeb5256-f4e5-4a7f-a489-56f5fed44439	BURSA_p_TCGA_303_304_305_N_GenomeWideSNP_6_D01_1344796.CEL	2aeb5256-f4e5-4a7f-a489-56f5fed44439
open	e119dc43-9ba7-43ad-add0-1ce8a01e3b06	TCGA-JV-A5VE	Copy Number Variation	TXT	Genotyping Array	b8ce0a03-faa4-4e57-8b0d-d5dce9f84f06	TCGA-SARC.17009a70-61f1-4363-ab21-9b6efd972d97.ascat2.allelic_specific.seg.txt	b8ce0a03-faa4-4e57-8b0d-d5dce9f84f06
open	f4852819-6c2d-45f7-8479-5e79f143c7b5	TCGA-KD-A5QS	Copy Number Variation	TXT	Genotyping Array	deaf1169-2e87-4573-bc54-aa5cbc2a0e76	VIBES_p_TCGA_290_291_292_293_S_GenomeWideSNP_6_G02_1362498.grch38.seg.v2.txt	deaf1169-2e87-4573-bc54-aa5cbc2a0e76
open	e119dc43-9ba7-43ad-add0-1ce8a01e3b06	TCGA-JV-A5VE	Copy Number Variation	TXT	Genotyping Array	16e56467-8be8-4ec5-a380-0d2b27620e75	BURSA_p_TCGA_303_304_305_N_GenomeWideSNP_6_D01_1344796.grch38.seg.v2.txt	16e56467-8be8-4ec5-a380-0d2b27620e75
open	f519be07-434e-4eb2-acf9-318565b83d50	TCGA-K1-A3PN	Copy Number Variation	TXT	Genotyping Array	12ee5a25-8e94-456b-b47b-d1a76ee19dcc	FLUES_p_TCGASNP_228_229_230_N_GenomeWideSNP_6_B01_1148968.grch38.seg.v2.txt	12ee5a25-8e94-456b-b47b-d1a76ee19dcc
open	f519be07-434e-4eb2-acf9-318565b83d50	TCGA-K1-A3PN	Copy Number Variation	TXT	Genotyping Array	9781f11e-a6dc-4dcf-bf90-023acc192d94	FLUES_p_TCGASNP_228_229_230_N_GenomeWideSNP_6_B01_1148968.nocnv_grch38.seg.v2.txt	9781f11e-a6dc-4dcf-bf90-023acc192d94
open	e119dc43-9ba7-43ad-add0-1ce8a01e3b06	TCGA-JV-A5VE	Copy Number Variation	TSV	Genotyping Array	b7675d16-a4a5-41db-ad0a-13e1c64eaef1	TCGA-SARC.17009a70-61f1-4363-ab21-9b6efd972d97.gene_level_copy_number.v36.tsv	b7675d16-a4a5-41db-ad0a-13e1c64eaef1
open	f9ceee8b-aa08-4123-ba70-76b3cbfc50e6	TCGA-DX-A6YT	Copy Number Variation	TXT	Genotyping Array	6503e025-8ba8-4edc-a736-c5bcb69fbdcc	TAZZA_p_TCGAb3_62_63_64_65_NSP_GenomeWideSNP_6_C10_1387936.nocnv_grch38.seg.v2.txt	6503e025-8ba8-4edc-a736-c5bcb69fbdcc
controlled	ea0e5ae7-1f15-4504-aea3-efd1f6733304	TCGA-DX-A1KU	Simple Nucleotide Variation	TSV	Genotyping Array	2a50cd8e-dce4-4936-8b6f-c616f9d60538	YOGIN_p_TCGA_4_262_263_N_GenomeWideSNP_6_D12_1306096.birdseed.data.txt	2a50cd8e-dce4-4936-8b6f-c616f9d60538
open	f9ceee8b-aa08-4123-ba70-76b3cbfc50e6	TCGA-DX-A6YT	Copy Number Variation	TXT	Genotyping Array	241a7c1a-e821-4be5-8235-1f38c19a748d	TAZZA_p_TCGAb3_62_63_64_65_NSP_GenomeWideSNP_6_C09_1387824.nocnv_grch38.seg.v2.txt	241a7c1a-e821-4be5-8235-1f38c19a748d
open	f519be07-434e-4eb2-acf9-318565b83d50	TCGA-K1-A3PN	Copy Number Variation	TSV	Genotyping Array	1e0ec82e-e497-4957-a46e-551c51805744	TCGA-SARC.1e058aff-8fe8-44b1-b0b0-57e08610e8c7.ascat3.gene_level_copy_number.v36.tsv	1e0ec82e-e497-4957-a46e-551c51805744
open	fbc32608-52ae-48ca-bb4a-ec29c1d82b8b	TCGA-WK-A8XO	Copy Number Variation	TSV	Genotyping Array	b3d4f75c-1e83-4961-99ab-75fd0bbc8705	TCGA-SARC.47e3b38e-8036-4bf9-be8d-955262c40b85.gene_level_copy_number.v36.tsv	b3d4f75c-1e83-4961-99ab-75fd0bbc8705
open	fbc32608-52ae-48ca-bb4a-ec29c1d82b8b	TCGA-WK-A8XO	Copy Number Variation	TXT	Genotyping Array	17438034-bde5-486d-8ab3-a1b861746d1d	TCGA-SARC.47e3b38e-8036-4bf9-be8d-955262c40b85.ascat3.allelic_specific.seg.txt	17438034-bde5-486d-8ab3-a1b861746d1d
open	ea3a524b-6ee3-4904-8924-29fcaa20985c	TCGA-DX-A3U7	Copy Number Variation	TXT	Genotyping Array	92d510ae-1453-47b5-ab03-9aa7e47cdacf	BURSA_p_TCGA_303_304_305_N_GenomeWideSNP_6_B09_1344792.nocnv_grch38.seg.v2.txt	92d510ae-1453-47b5-ab03-9aa7e47cdacf
open	fbc32608-52ae-48ca-bb4a-ec29c1d82b8b	TCGA-WK-A8XO	Copy Number Variation	TXT	Genotyping Array	df1f0c61-bc13-42cf-832b-2b947ad9ba22	VISTA_p_TCGAb_383_384_NSP_GenomeWideSNP_6_D05_1464872.nocnv_grch38.seg.v2.txt	df1f0c61-bc13-42cf-832b-2b947ad9ba22
open	ea3a524b-6ee3-4904-8924-29fcaa20985c	TCGA-DX-A3U7	Copy Number Variation	TXT	Genotyping Array	bdaaa82b-0e71-42b9-a682-eec1ce5ee842	BURSA_p_TCGA_303_304_305_N_GenomeWideSNP_6_D05_1344818.grch38.seg.v2.txt	bdaaa82b-0e71-42b9-a682-eec1ce5ee842
open	f519be07-434e-4eb2-acf9-318565b83d50	TCGA-K1-A3PN	Copy Number Variation	TSV	Genotyping Array	c8fabb26-8a82-4e16-82ea-3c1a928cf2fa	TCGA-SARC.1e058aff-8fe8-44b1-b0b0-57e08610e8c7.gene_level_copy_number.v36.tsv	c8fabb26-8a82-4e16-82ea-3c1a928cf2fa
controlled	ea3a524b-6ee3-4904-8924-29fcaa20985c	TCGA-DX-A3U7	Copy Number Variation	CEL	Genotyping Array	44974071-49f9-4d5e-a6eb-23c4f9bb43dd	BURSA_p_TCGA_303_304_305_N_GenomeWideSNP_6_B09_1344792.CEL	44974071-49f9-4d5e-a6eb-23c4f9bb43dd
controlled	f519be07-434e-4eb2-acf9-318565b83d50	TCGA-K1-A3PN	Copy Number Variation	CEL	Genotyping Array	e524a4a5-aac5-4442-b6ce-d5bedf5d6b21	FLUES_p_TCGASNP_228_229_230_N_GenomeWideSNP_6_B01_1148968.CEL	e524a4a5-aac5-4442-b6ce-d5bedf5d6b21
controlled	f519be07-434e-4eb2-acf9-318565b83d50	TCGA-K1-A3PN	Simple Nucleotide Variation	TSV	Genotyping Array	4efb7058-ce8f-477b-a775-8ec6a3a886c5	FLUES_p_TCGASNP_228_229_230_N_GenomeWideSNP_6_D06_1148922.birdseed.data.txt	4efb7058-ce8f-477b-a775-8ec6a3a886c5
controlled	ecc74d54-d929-4dd0-b9ec-e03163343f9a	TCGA-DX-A6YX	Simple Nucleotide Variation	TSV	Genotyping Array	7e876f98-0028-4fb8-8027-a5fbe90997f8	CUBES_p_TCGAb_425_426_427_NSP_GenomeWideSNP_6_E11_1514090.birdseed.data.txt	7e876f98-0028-4fb8-8027-a5fbe90997f8
controlled	f519be07-434e-4eb2-acf9-318565b83d50	TCGA-K1-A3PN	Simple Nucleotide Variation	TSV	Genotyping Array	558d4f72-f628-4b98-b6ca-b77b5c7b5fa4	FLUES_p_TCGASNP_228_229_230_N_GenomeWideSNP_6_B01_1148968.birdseed.data.txt	558d4f72-f628-4b98-b6ca-b77b5c7b5fa4
open	f519be07-434e-4eb2-acf9-318565b83d50	TCGA-K1-A3PN	Copy Number Variation	TSV	Genotyping Array	46c0ee5e-2d81-4791-a838-bdd583dfddfb	TCGA-SARC.1e058aff-8fe8-44b1-b0b0-57e08610e8c7.absolute_liftover.gene_level_copy_number.v36.tsv	46c0ee5e-2d81-4791-a838-bdd583dfddfb
open	f6534e53-ea96-4e51-b93f-8aa045f6775d	TCGA-DX-AB2O	Copy Number Variation	TXT	Genotyping Array	4cbf9aeb-140f-4c25-84ea-d97bbb1b585a	PRION_p_TCGAb_410_11_12_13_NSP_GenomeWideSNP_6_F01_1486728.grch38.seg.v2.txt	4cbf9aeb-140f-4c25-84ea-d97bbb1b585a
controlled	f6534e53-ea96-4e51-b93f-8aa045f6775d	TCGA-DX-AB2O	Simple Nucleotide Variation	TSV	Genotyping Array	1e395287-30ac-4ffe-8ad1-ab60ec68c29a	PRION_p_TCGAb_410_11_12_13_NSP_GenomeWideSNP_6_F01_1486728.birdseed.data.txt	1e395287-30ac-4ffe-8ad1-ab60ec68c29a
open	ecc74d54-d929-4dd0-b9ec-e03163343f9a	TCGA-DX-A6YX	Copy Number Variation	TXT	Genotyping Array	958fa018-4c78-4bee-a5e8-507424bce9ef	TCGA-SARC.6d9b69bf-e5fc-4383-a63f-5d193a02d694.ascat3.allelic_specific.seg.txt	958fa018-4c78-4bee-a5e8-507424bce9ef
controlled	fd93cabe-fb8d-4a46-97ee-60051110237a	TCGA-DX-A48O	Copy Number Variation	CEL	Genotyping Array	560c6b15-5f1b-4c85-b54d-e07b688ed305	SNOWS_p_TCGA_Batch_309_310_NSP_GenomeWideSNP_6_E10_1362018.CEL	560c6b15-5f1b-4c85-b54d-e07b688ed305
open	fd93cabe-fb8d-4a46-97ee-60051110237a	TCGA-DX-A48O	Copy Number Variation	TXT	Genotyping Array	3cc1900b-e130-4fd2-9d5d-7e6ea683a779	TCGA-SARC.caad6d94-41bc-401e-bc6d-8e80a6a0e25e.ascat2.allelic_specific.seg.txt	3cc1900b-e130-4fd2-9d5d-7e6ea683a779
open	f6534e53-ea96-4e51-b93f-8aa045f6775d	TCGA-DX-AB2O	Copy Number Variation	TSV	Genotyping Array	7071d08f-673a-4aef-b11c-ad6c1c748261	TCGA-SARC.d5407aa9-65ec-40e1-8d00-2957ce7fb345.ascat3.gene_level_copy_number.v36.tsv	7071d08f-673a-4aef-b11c-ad6c1c748261
open	ecc74d54-d929-4dd0-b9ec-e03163343f9a	TCGA-DX-A6YX	Copy Number Variation	TXT	Genotyping Array	c1b737f1-29bb-45a3-8d1a-0448bdb80904	TCGA-SARC.6d9b69bf-e5fc-4383-a63f-5d193a02d694.ascat2.allelic_specific.seg.txt	c1b737f1-29bb-45a3-8d1a-0448bdb80904
open	fd93cabe-fb8d-4a46-97ee-60051110237a	TCGA-DX-A48O	Copy Number Variation	TSV	Genotyping Array	bf453460-47d5-4b64-a203-f8212b7c95c4	TCGA-SARC.caad6d94-41bc-401e-bc6d-8e80a6a0e25e.ascat3.gene_level_copy_number.v36.tsv	bf453460-47d5-4b64-a203-f8212b7c95c4
open	f6534e53-ea96-4e51-b93f-8aa045f6775d	TCGA-DX-AB2O	Copy Number Variation	TXT	Genotyping Array	134de93c-8469-49f6-86e4-555b3d8ac6c9	TCGA-SARC.d5407aa9-65ec-40e1-8d00-2957ce7fb345.ascat2.allelic_specific.seg.txt	134de93c-8469-49f6-86e4-555b3d8ac6c9
open	fd93cabe-fb8d-4a46-97ee-60051110237a	TCGA-DX-A48O	Copy Number Variation	TXT	Genotyping Array	5c7e745e-7fd4-4fcc-ba11-a528dcee4261	SNOWS_p_TCGA_Batch_309_310_NSP_GenomeWideSNP_6_E10_1362018.nocnv_grch38.seg.v2.txt	5c7e745e-7fd4-4fcc-ba11-a528dcee4261
open	ecc74d54-d929-4dd0-b9ec-e03163343f9a	TCGA-DX-A6YX	Copy Number Variation	TXT	Genotyping Array	5302d1ef-611f-48dd-b7df-e2b869398588	CUBES_p_TCGAb_425_426_427_NSP_GenomeWideSNP_6_E10_1514070.nocnv_grch38.seg.v2.txt	5302d1ef-611f-48dd-b7df-e2b869398588
open	f6534e53-ea96-4e51-b93f-8aa045f6775d	TCGA-DX-AB2O	Copy Number Variation	TXT	Genotyping Array	9679adc4-3573-46b8-946a-bfde8332cc15	PRION_p_TCGAb_410_11_12_13_NSP_GenomeWideSNP_6_E12_1486606.nocnv_grch38.seg.v2.txt	9679adc4-3573-46b8-946a-bfde8332cc15
open	f6534e53-ea96-4e51-b93f-8aa045f6775d	TCGA-DX-AB2O	Copy Number Variation	TSV	Genotyping Array	cbe58c1f-925f-4c05-84f3-3008c7b96cba	TCGA-SARC.d5407aa9-65ec-40e1-8d00-2957ce7fb345.absolute_liftover.gene_level_copy_number.v36.tsv	cbe58c1f-925f-4c05-84f3-3008c7b96cba
controlled	f6534e53-ea96-4e51-b93f-8aa045f6775d	TCGA-DX-AB2O	Copy Number Variation	CEL	Genotyping Array	26e58cfe-633c-47e9-81ce-7fa57645e2e0	PRION_p_TCGAb_410_11_12_13_NSP_GenomeWideSNP_6_F01_1486728.CEL	26e58cfe-633c-47e9-81ce-7fa57645e2e0
controlled	ff4b354c-1e9a-4724-91cb-9b33d1b3050e	TCGA-DX-A23T	Copy Number Variation	CEL	Genotyping Array	cbc3c156-9bb3-40c2-88f3-3c3927cb4958	WAGER_p_TCGA_282_284_285_286_N_GenomeWideSNP_6_B08_1359124.CEL	cbc3c156-9bb3-40c2-88f3-3c3927cb4958
open	ff4b354c-1e9a-4724-91cb-9b33d1b3050e	TCGA-DX-A23T	Copy Number Variation	TXT	Genotyping Array	5c5e20ba-d1d7-4099-b5bd-e08d3bb1f9b9	TCGA-SARC.08d96eb0-8653-4776-966e-d14e1956d4a7.ascat3.allelic_specific.seg.txt	5c5e20ba-d1d7-4099-b5bd-e08d3bb1f9b9
open	ff4b354c-1e9a-4724-91cb-9b33d1b3050e	TCGA-DX-A23T	Copy Number Variation	TSV	Genotyping Array	125578ac-0676-4c0a-9fd1-e82530cf0fc7	TCGA-SARC.08d96eb0-8653-4776-966e-d14e1956d4a7.ascat3.gene_level_copy_number.v36.tsv	125578ac-0676-4c0a-9fd1-e82530cf0fc7
open	ff4b354c-1e9a-4724-91cb-9b33d1b3050e	TCGA-DX-A23T	Copy Number Variation	TXT	Genotyping Array	6a88f323-555e-4214-8bb9-97287a24e392	WAGER_p_TCGA_282_284_285_286_N_GenomeWideSNP_6_C11_1359180.nocnv_grch38.seg.v2.txt	6a88f323-555e-4214-8bb9-97287a24e392
controlled	ff4b354c-1e9a-4724-91cb-9b33d1b3050e	TCGA-DX-A23T	Copy Number Variation	CEL	Genotyping Array	83a420ca-758a-4108-937b-862737c553c4	WAGER_p_TCGA_282_284_285_286_N_GenomeWideSNP_6_C11_1359180.CEL	83a420ca-758a-4108-937b-862737c553c4
controlled	ff4b354c-1e9a-4724-91cb-9b33d1b3050e	TCGA-DX-A23T	Simple Nucleotide Variation	TSV	Genotyping Array	17b4ef6f-0aa4-4488-9514-b0bc9b898e6d	WAGER_p_TCGA_282_284_285_286_N_GenomeWideSNP_6_B08_1359124.birdseed.data.txt	17b4ef6f-0aa4-4488-9514-b0bc9b898e6d
open	ff4b354c-1e9a-4724-91cb-9b33d1b3050e	TCGA-DX-A23T	Copy Number Variation	TSV	Genotyping Array	e57a6103-00f7-447e-b28d-0bb2876b8603	TCGA-SARC.08d96eb0-8653-4776-966e-d14e1956d4a7.absolute_liftover.gene_level_copy_number.v36.tsv	e57a6103-00f7-447e-b28d-0bb2876b8603
open	ff4b354c-1e9a-4724-91cb-9b33d1b3050e	TCGA-DX-A23T	Copy Number Variation	TXT	Genotyping Array	e7bc2bc7-dbfa-4dfc-8a75-9f9e78dee486	WAGER_p_TCGA_282_284_285_286_N_GenomeWideSNP_6_C11_1359180.grch38.seg.v2.txt	e7bc2bc7-dbfa-4dfc-8a75-9f9e78dee486
open	ff4b354c-1e9a-4724-91cb-9b33d1b3050e	TCGA-DX-A23T	Copy Number Variation	TXT	Genotyping Array	7ce5754c-93fb-4959-8917-6d1d8610720d	WAGER_p_TCGA_282_284_285_286_N_GenomeWideSNP_6_B08_1359124.nocnv_grch38.seg.v2.txt	7ce5754c-93fb-4959-8917-6d1d8610720d
open	ff4b354c-1e9a-4724-91cb-9b33d1b3050e	TCGA-DX-A23T	Copy Number Variation	TSV	Genotyping Array	50d52fc0-e222-4523-bbd0-2361c102600d	TCGA-SARC.08d96eb0-8653-4776-966e-d14e1956d4a7.gene_level_copy_number.v36.tsv	50d52fc0-e222-4523-bbd0-2361c102600d
open	ff4b354c-1e9a-4724-91cb-9b33d1b3050e	TCGA-DX-A23T	Copy Number Variation	TXT	Genotyping Array	44a3d877-629f-4705-a454-25e4f5c89d17	WAGER_p_TCGA_282_284_285_286_N_GenomeWideSNP_6_B08_1359124.grch38.seg.v2.txt	44a3d877-629f-4705-a454-25e4f5c89d17
controlled	ff4b354c-1e9a-4724-91cb-9b33d1b3050e	TCGA-DX-A23T	Simple Nucleotide Variation	TSV	Genotyping Array	c5ea3953-9b7c-4611-8366-c302407d9d15	WAGER_p_TCGA_282_284_285_286_N_GenomeWideSNP_6_C11_1359180.birdseed.data.txt	c5ea3953-9b7c-4611-8366-c302407d9d15
open	f0cbc2a4-c1f7-4b32-bce1-57eb59d351cc	TCGA-PC-A5DP	Copy Number Variation	TSV	Genotyping Array	89d9cab6-30ca-41cf-b81b-c184a1714edb	TCGA-SARC.96ab436c-aec5-4d4e-b2d1-5e44c6d986c3.gene_level_copy_number.v36.tsv	89d9cab6-30ca-41cf-b81b-c184a1714edb
open	f6509c51-3bdc-45cc-81fe-5e775236305a	TCGA-3B-A9HO	Copy Number Variation	TXT	Genotyping Array	5e39c8a0-632f-42e7-bdae-e43e815d7e89	ENATE_p_TCGAb_394_395_396_NSP_GenomeWideSNP_6_G04_1474136.nocnv_grch38.seg.v2.txt	5e39c8a0-632f-42e7-bdae-e43e815d7e89
controlled	f6509c51-3bdc-45cc-81fe-5e775236305a	TCGA-3B-A9HO	Simple Nucleotide Variation	TSV	Genotyping Array	d6294bfa-2cea-450c-8616-103062297473	ENATE_p_TCGAb_394_395_396_NSP_GenomeWideSNP_6_G03_1474254.birdseed.data.txt	d6294bfa-2cea-450c-8616-103062297473
open	f6509c51-3bdc-45cc-81fe-5e775236305a	TCGA-3B-A9HO	Copy Number Variation	TXT	Genotyping Array	891a2a3c-7fe5-42af-b077-cc212047e05f	TCGA-SARC.6af033f7-10e9-4692-b0bf-4c54e6e23e88.ascat2.allelic_specific.seg.txt	891a2a3c-7fe5-42af-b077-cc212047e05f
controlled	f6509c51-3bdc-45cc-81fe-5e775236305a	TCGA-3B-A9HO	Copy Number Variation	CEL	Genotyping Array	7889b4d6-22bf-4862-b493-079ae54db90d	ENATE_p_TCGAb_394_395_396_NSP_GenomeWideSNP_6_G03_1474254.CEL	7889b4d6-22bf-4862-b493-079ae54db90d
open	a692aa06-e081-4b62-bc01-a5b0a296290d	TCGA-PC-A5DM	Copy Number Variation	TSV	Genotyping Array	f8cde845-b6c1-4718-a7dc-3d8eb7719b0b	TCGA-SARC.8ecf7d26-b821-46d0-86c8-f7b734db3094.gene_level_copy_number.v36.tsv	f8cde845-b6c1-4718-a7dc-3d8eb7719b0b
controlled	a692aa06-e081-4b62-bc01-a5b0a296290d	TCGA-PC-A5DM	Simple Nucleotide Variation	TSV	Genotyping Array	107ff15c-973d-426b-bf62-ae2773333a05	VIBES_p_TCGA_290_291_292_293_S_GenomeWideSNP_6_G08_1362522.birdseed.data.txt	107ff15c-973d-426b-bf62-ae2773333a05
open	a692aa06-e081-4b62-bc01-a5b0a296290d	TCGA-PC-A5DM	Copy Number Variation	TXT	Genotyping Array	e5ac18f5-e843-45aa-bea5-72f9dd376efb	VIBES_p_TCGA_290_291_292_293_S_GenomeWideSNP_6_G08_1362522.nocnv_grch38.seg.v2.txt	e5ac18f5-e843-45aa-bea5-72f9dd376efb
open	a692aa06-e081-4b62-bc01-a5b0a296290d	TCGA-PC-A5DM	Copy Number Variation	TXT	Genotyping Array	6e20a175-819d-44a7-8b60-44f3a4cdaa9a	VIBES_p_TCGA_290_291_292_293_S_GenomeWideSNP_6_G08_1362522.grch38.seg.v2.txt	6e20a175-819d-44a7-8b60-44f3a4cdaa9a
controlled	a692aa06-e081-4b62-bc01-a5b0a296290d	TCGA-PC-A5DM	Copy Number Variation	CEL	Genotyping Array	9cdbea3a-f93b-43e9-b469-fa49c45758bb	VIBES_p_TCGA_290_291_292_293_S_GenomeWideSNP_6_G10_1362538.CEL	9cdbea3a-f93b-43e9-b469-fa49c45758bb
open	a692aa06-e081-4b62-bc01-a5b0a296290d	TCGA-PC-A5DM	Copy Number Variation	TSV	Genotyping Array	d3165f1d-b7dc-45ec-9b60-fb6a301f01cc	TCGA-SARC.8ecf7d26-b821-46d0-86c8-f7b734db3094.ascat3.gene_level_copy_number.v36.tsv	d3165f1d-b7dc-45ec-9b60-fb6a301f01cc
open	a692aa06-e081-4b62-bc01-a5b0a296290d	TCGA-PC-A5DM	Copy Number Variation	TXT	Genotyping Array	ade81ed1-8abd-4895-b632-4a86d497ba57	TCGA-SARC.8ecf7d26-b821-46d0-86c8-f7b734db3094.ascat2.allelic_specific.seg.txt	ade81ed1-8abd-4895-b632-4a86d497ba57
open	a692aa06-e081-4b62-bc01-a5b0a296290d	TCGA-PC-A5DM	Copy Number Variation	TXT	Genotyping Array	ea6e882d-4c4a-4e70-92c2-65cb95be762b	TCGA-SARC.8ecf7d26-b821-46d0-86c8-f7b734db3094.ascat3.allelic_specific.seg.txt	ea6e882d-4c4a-4e70-92c2-65cb95be762b
open	a692aa06-e081-4b62-bc01-a5b0a296290d	TCGA-PC-A5DM	Copy Number Variation	TXT	Genotyping Array	9eac4cda-54f3-4d20-85c0-7887df1a38dd	VIBES_p_TCGA_290_291_292_293_S_GenomeWideSNP_6_G10_1362538.nocnv_grch38.seg.v2.txt	9eac4cda-54f3-4d20-85c0-7887df1a38dd
open	a692aa06-e081-4b62-bc01-a5b0a296290d	TCGA-PC-A5DM	Copy Number Variation	TXT	Genotyping Array	b7481b71-aa03-4700-b435-1dc88da2bba8	VIBES_p_TCGA_290_291_292_293_S_GenomeWideSNP_6_G10_1362538.grch38.seg.v2.txt	b7481b71-aa03-4700-b435-1dc88da2bba8
open	9c9b53e5-cdbe-4510-a839-4a3b5039681b	TCGA-HB-A43Z	Copy Number Variation	TXT	Genotyping Array	58935e86-46b1-4615-84b5-9cf52b7d0576	TCGA-SARC.0481cd5d-3183-4ef5-8849-7305ec2eb9a2.ascat3.allelic_specific.seg.txt	58935e86-46b1-4615-84b5-9cf52b7d0576
controlled	2905cbd1-719b-46d9-b8af-8fe4927bc473	TCGA-FX-A2QS	Simple Nucleotide Variation	TSV	Genotyping Array	e764ba46-cb3e-4053-826b-f09ea4624e6e	MACON_p_TCGASNP_218_AML_PP_N_GenomeWideSNP_6_D03_1040132.birdseed.data.txt	e764ba46-cb3e-4053-826b-f09ea4624e6e
open	9c9b53e5-cdbe-4510-a839-4a3b5039681b	TCGA-HB-A43Z	Copy Number Variation	TXT	Genotyping Array	7c5a24e3-7e1a-4c7d-88c0-3a86222fb357	YOGIN_p_TCGA_4_262_263_N_GenomeWideSNP_6_D10_1306156.nocnv_grch38.seg.v2.txt	7c5a24e3-7e1a-4c7d-88c0-3a86222fb357
open	2905cbd1-719b-46d9-b8af-8fe4927bc473	TCGA-FX-A2QS	Copy Number Variation	TXT	Genotyping Array	e8e6928e-3620-47e0-b8d0-cd96ba5878b9	MACON_p_TCGASNP_218_AML_PP_N_GenomeWideSNP_6_B07_1040000.nocnv_grch38.seg.v2.txt	e8e6928e-3620-47e0-b8d0-cd96ba5878b9
controlled	eaadfe2a-23fb-400b-86b3-4fba6d968aa3	TCGA-IS-A3K6	Simple Nucleotide Variation	TSV	Genotyping Array	3bbb7333-a5b4-4527-950e-6d035b7b7015	MACON_p_TCGASNP_218_AML_PP_N_GenomeWideSNP_6_D12_1040140.birdseed.data.txt	3bbb7333-a5b4-4527-950e-6d035b7b7015
controlled	eaadfe2a-23fb-400b-86b3-4fba6d968aa3	TCGA-IS-A3K6	Copy Number Variation	CEL	Genotyping Array	1e41064c-28f2-4634-8ea2-d59f2ae78282	MACON_p_TCGASNP_218_AML_PP_N_GenomeWideSNP_6_D09_1040078.CEL	1e41064c-28f2-4634-8ea2-d59f2ae78282
open	eaadfe2a-23fb-400b-86b3-4fba6d968aa3	TCGA-IS-A3K6	Copy Number Variation	TSV	Genotyping Array	396bd0bc-12b6-4de8-a219-6367747d3458	TCGA-SARC.cf3bad65-0513-4831-9de0-45fba06ed615.ascat3.gene_level_copy_number.v36.tsv	396bd0bc-12b6-4de8-a219-6367747d3458
open	6de12993-cfbf-443b-8220-73d8180d68f1	TCGA-DX-A6BK	Copy Number Variation	TSV	Genotyping Array	f553fcb1-5cf4-4484-a321-ad5fbed3fc5f	TCGA-SARC.b6ad3e48-5d27-4b73-9041-dd5ef8ac233b.ascat3.gene_level_copy_number.v36.tsv	f553fcb1-5cf4-4484-a321-ad5fbed3fc5f
open	eaadfe2a-23fb-400b-86b3-4fba6d968aa3	TCGA-IS-A3K6	Copy Number Variation	TSV	Genotyping Array	6d73d2db-e2ff-474c-8bb3-5db977273df9	TCGA-SARC.cf3bad65-0513-4831-9de0-45fba06ed615.absolute_liftover.gene_level_copy_number.v36.tsv	6d73d2db-e2ff-474c-8bb3-5db977273df9
open	eaadfe2a-23fb-400b-86b3-4fba6d968aa3	TCGA-IS-A3K6	Copy Number Variation	TXT	Genotyping Array	aac7ea8c-15fd-4596-9894-3dd1665dd84f	TCGA-SARC.cf3bad65-0513-4831-9de0-45fba06ed615.ascat2.allelic_specific.seg.txt	aac7ea8c-15fd-4596-9894-3dd1665dd84f
open	6de12993-cfbf-443b-8220-73d8180d68f1	TCGA-DX-A6BK	Copy Number Variation	TXT	Genotyping Array	035dd659-0ded-4f9d-a021-25f0bb012869	TCGA-SARC.b6ad3e48-5d27-4b73-9041-dd5ef8ac233b.ascat2.allelic_specific.seg.txt	035dd659-0ded-4f9d-a021-25f0bb012869
open	6de12993-cfbf-443b-8220-73d8180d68f1	TCGA-DX-A6BK	Copy Number Variation	TXT	Genotyping Array	318f7dbb-b825-4200-a2de-ea4be18dfb52	TCGA-SARC.b6ad3e48-5d27-4b73-9041-dd5ef8ac233b.ascat3.allelic_specific.seg.txt	318f7dbb-b825-4200-a2de-ea4be18dfb52
open	eaadfe2a-23fb-400b-86b3-4fba6d968aa3	TCGA-IS-A3K6	Copy Number Variation	TXT	Genotyping Array	aca6e17d-8309-476e-b52e-d9ba59ee1278	MACON_p_TCGASNP_218_AML_PP_N_GenomeWideSNP_6_D12_1040140.nocnv_grch38.seg.v2.txt	aca6e17d-8309-476e-b52e-d9ba59ee1278
open	6de12993-cfbf-443b-8220-73d8180d68f1	TCGA-DX-A6BK	Copy Number Variation	TXT	Genotyping Array	e0f644cc-8c2d-4477-b59d-f45d057a99f2	SNOWS_p_TCGA_Batch_309_310_NSP_GenomeWideSNP_6_G08_1362130.nocnv_grch38.seg.v2.txt	e0f644cc-8c2d-4477-b59d-f45d057a99f2
open	eaadfe2a-23fb-400b-86b3-4fba6d968aa3	TCGA-IS-A3K6	Copy Number Variation	TXT	Genotyping Array	b7102454-abc2-41ab-a744-f961eafa5d83	MACON_p_TCGASNP_218_AML_PP_N_GenomeWideSNP_6_D09_1040078.nocnv_grch38.seg.v2.txt	b7102454-abc2-41ab-a744-f961eafa5d83
open	6de12993-cfbf-443b-8220-73d8180d68f1	TCGA-DX-A6BK	Copy Number Variation	TXT	Genotyping Array	cc89aa0a-29d9-4e88-aaef-7cdc74d05837	SNOWS_p_TCGA_Batch_309_310_NSP_GenomeWideSNP_6_G09_1362164.nocnv_grch38.seg.v2.txt	cc89aa0a-29d9-4e88-aaef-7cdc74d05837
controlled	6de12993-cfbf-443b-8220-73d8180d68f1	TCGA-DX-A6BK	Simple Nucleotide Variation	TSV	Genotyping Array	ec861c42-ac9b-4983-902d-8911ce6a2429	SNOWS_p_TCGA_Batch_309_310_NSP_GenomeWideSNP_6_G09_1362164.birdseed.data.txt	ec861c42-ac9b-4983-902d-8911ce6a2429
open	eaadfe2a-23fb-400b-86b3-4fba6d968aa3	TCGA-IS-A3K6	Copy Number Variation	TXT	Genotyping Array	58393b7e-37bd-494f-b8ac-a89e2e5db792	TCGA-SARC.cf3bad65-0513-4831-9de0-45fba06ed615.ascat3.allelic_specific.seg.txt	58393b7e-37bd-494f-b8ac-a89e2e5db792
open	eaadfe2a-23fb-400b-86b3-4fba6d968aa3	TCGA-IS-A3K6	Copy Number Variation	TXT	Genotyping Array	5737af36-1067-44b1-a1f4-2585839defa2	MACON_p_TCGASNP_218_AML_PP_N_GenomeWideSNP_6_D12_1040140.grch38.seg.v2.txt	5737af36-1067-44b1-a1f4-2585839defa2
open	8488bb97-bf11-45cc-b1bd-52969598448d	TCGA-IF-A3RQ	Copy Number Variation	TXT	Genotyping Array	67e9ef3c-099b-4597-9d77-d0d6347f52a0	FLUES_p_TCGASNP_228_229_230_N_GenomeWideSNP_6_D05_1148846.nocnv_grch38.seg.v2.txt	67e9ef3c-099b-4597-9d77-d0d6347f52a0
open	27818e2c-aa23-4be3-a1d6-d6a7aa88795d	TCGA-K1-A3PO	Copy Number Variation	TSV	Genotyping Array	b87a5979-ccf2-4794-8b29-40cd66209104	TCGA-SARC.9193b317-bee4-4bd0-a23b-84556468c859.gene_level_copy_number.v36.tsv	b87a5979-ccf2-4794-8b29-40cd66209104
controlled	27818e2c-aa23-4be3-a1d6-d6a7aa88795d	TCGA-K1-A3PO	Copy Number Variation	CEL	Genotyping Array	b2c58ef9-4aaa-4c0f-90ab-0d63fe3d2575	MACON_p_TCGASNP_218_AML_PP_N_GenomeWideSNP_6_B10_1040138.CEL	b2c58ef9-4aaa-4c0f-90ab-0d63fe3d2575
controlled	8488bb97-bf11-45cc-b1bd-52969598448d	TCGA-IF-A3RQ	Simple Nucleotide Variation	TSV	Genotyping Array	005bf86c-2183-4271-a79b-31f1f9b998f9	FLUES_p_TCGASNP_228_229_230_N_GenomeWideSNP_6_D05_1148846.birdseed.data.txt	005bf86c-2183-4271-a79b-31f1f9b998f9
controlled	27818e2c-aa23-4be3-a1d6-d6a7aa88795d	TCGA-K1-A3PO	Simple Nucleotide Variation	TSV	Genotyping Array	94983808-e1f1-4ba5-8490-4409a90f4d07	MACON_p_TCGASNP_218_AML_PP_N_GenomeWideSNP_6_D05_1040162.birdseed.data.txt	94983808-e1f1-4ba5-8490-4409a90f4d07
controlled	27818e2c-aa23-4be3-a1d6-d6a7aa88795d	TCGA-K1-A3PO	Copy Number Variation	CEL	Genotyping Array	877ec38b-fcf1-4db4-8e9b-b9ddab7df4a2	MACON_p_TCGASNP_218_AML_PP_N_GenomeWideSNP_6_D05_1040162.CEL	877ec38b-fcf1-4db4-8e9b-b9ddab7df4a2
controlled	27818e2c-aa23-4be3-a1d6-d6a7aa88795d	TCGA-K1-A3PO	Copy Number Variation	CEL	Genotyping Array	43abcd60-b100-405c-913e-b0bffddf7ad7	MACON_p_TCGASNP_218_AML_PP_N_GenomeWideSNP_6_A10_1040042.CEL	43abcd60-b100-405c-913e-b0bffddf7ad7
open	27818e2c-aa23-4be3-a1d6-d6a7aa88795d	TCGA-K1-A3PO	Copy Number Variation	TXT	Genotyping Array	68a52464-165d-4c17-bf90-ac80793e54b3	MACON_p_TCGASNP_218_AML_PP_N_GenomeWideSNP_6_A10_1040042.nocnv_grch38.seg.v2.txt	68a52464-165d-4c17-bf90-ac80793e54b3
controlled	cd73a55f-03c1-4da0-9fa7-1ae4a263664e	TCGA-DX-A1KW	Copy Number Variation	CEL	Genotyping Array	5953fd15-9ddc-4b82-952d-5b0a01e2710c	YOGIN_p_TCGA_4_262_263_N_GenomeWideSNP_6_A07_1306192.CEL	5953fd15-9ddc-4b82-952d-5b0a01e2710c
open	9393e4f1-6a1b-4181-b928-72b6f335bec2	TCGA-IF-A4AK	Copy Number Variation	TXT	Genotyping Array	e5a680f0-b327-461f-8a1e-97f7bbcafbe2	TCGA-SARC.5606d829-953a-4a8c-8cab-60bd3e00b1b8.ascat3.allelic_specific.seg.txt	e5a680f0-b327-461f-8a1e-97f7bbcafbe2
open	cd73a55f-03c1-4da0-9fa7-1ae4a263664e	TCGA-DX-A1KW	Copy Number Variation	TXT	Genotyping Array	443ac1b5-ef84-4f17-a6f7-5b6755d6c014	TCGA-SARC.1eb75a8e-2315-43ee-b91c-a55d298524b9.ascat3.allelic_specific.seg.txt	443ac1b5-ef84-4f17-a6f7-5b6755d6c014
open	cd73a55f-03c1-4da0-9fa7-1ae4a263664e	TCGA-DX-A1KW	Copy Number Variation	TXT	Genotyping Array	87efca05-7ed2-41b3-bf5c-1ad224c4e1d5	DLP_REDO_FROM_YOGIN_A03.grch38.seg.v2.txt	87efca05-7ed2-41b3-bf5c-1ad224c4e1d5
controlled	27818e2c-aa23-4be3-a1d6-d6a7aa88795d	TCGA-K1-A3PO	Simple Nucleotide Variation	TSV	Genotyping Array	d8acc97f-a31f-4b72-918b-0f21b048a7f7	MACON_p_TCGASNP_218_AML_PP_N_GenomeWideSNP_6_B10_1040138.birdseed.data.txt	d8acc97f-a31f-4b72-918b-0f21b048a7f7
open	27818e2c-aa23-4be3-a1d6-d6a7aa88795d	TCGA-K1-A3PO	Copy Number Variation	TXT	Genotyping Array	010ab851-c113-4fde-b9d4-701c08673e65	MACON_p_TCGASNP_218_AML_PP_N_GenomeWideSNP_6_D05_1040162.grch38.seg.v2.txt	010ab851-c113-4fde-b9d4-701c08673e65
open	cd73a55f-03c1-4da0-9fa7-1ae4a263664e	TCGA-DX-A1KW	Copy Number Variation	TXT	Genotyping Array	60168dbf-040e-48af-839b-9158c4afd432	TCGA-SARC.1eb75a8e-2315-43ee-b91c-a55d298524b9.ascat2.allelic_specific.seg.txt	60168dbf-040e-48af-839b-9158c4afd432
controlled	cd73a55f-03c1-4da0-9fa7-1ae4a263664e	TCGA-DX-A1KW	Copy Number Variation	CEL	Genotyping Array	4e912125-8227-4675-a1b0-31dc3754faa7	DLP_REDO_FROM_YOGIN_A03.CEL	4e912125-8227-4675-a1b0-31dc3754faa7
open	9393e4f1-6a1b-4181-b928-72b6f335bec2	TCGA-IF-A4AK	Copy Number Variation	TXT	Genotyping Array	3b2cff80-2b83-4098-bc0a-a01308c3921f	YOGIN_p_TCGA_4_262_263_N_GenomeWideSNP_6_B04_1306138.grch38.seg.v2.txt	3b2cff80-2b83-4098-bc0a-a01308c3921f
open	cd73a55f-03c1-4da0-9fa7-1ae4a263664e	TCGA-DX-A1KW	Copy Number Variation	TXT	Genotyping Array	3350efad-29cc-4bbc-805e-50e851931a2d	YOGIN_p_TCGA_4_262_263_N_GenomeWideSNP_6_A07_1306192.nocnv_grch38.seg.v2.txt	3350efad-29cc-4bbc-805e-50e851931a2d
controlled	e9e4731a-a7ca-455c-868c-a6d53d0aa749	TCGA-DX-AB35	Copy Number Variation	CEL	Genotyping Array	c58ba938-8a02-45db-b09d-4d3e417b3db5	CUBES_p_TCGAb_425_426_427_NSP_GenomeWideSNP_6_D10_1514022.CEL	c58ba938-8a02-45db-b09d-4d3e417b3db5
open	f0cbc2a4-c1f7-4b32-bce1-57eb59d351cc	TCGA-PC-A5DP	Copy Number Variation	TXT	Genotyping Array	22e6d744-a721-4301-8d37-c48ecb52dd19	TCGA-SARC.96ab436c-aec5-4d4e-b2d1-5e44c6d986c3.ascat2.allelic_specific.seg.txt	22e6d744-a721-4301-8d37-c48ecb52dd19
open	cd73a55f-03c1-4da0-9fa7-1ae4a263664e	TCGA-DX-A1KW	Copy Number Variation	TSV	Genotyping Array	5ae0f413-386e-4d59-ad12-88afee7081ac	TCGA-SARC.1eb75a8e-2315-43ee-b91c-a55d298524b9.absolute_liftover.gene_level_copy_number.v36.tsv	5ae0f413-386e-4d59-ad12-88afee7081ac
open	a46c2122-9eb3-429c-aaf7-24fcb1f7a6a1	TCGA-FX-A3NK	Copy Number Variation	TSV	Genotyping Array	423c2f2f-127e-4863-9c24-b3a5fcc8ba93	TCGA-SARC.3b2dc5c2-f7ae-461c-ac26-7a45de2258da.ascat3.gene_level_copy_number.v36.tsv	423c2f2f-127e-4863-9c24-b3a5fcc8ba93
controlled	1c851f7b-a206-45db-ad52-338aa57c2ac1	TCGA-DX-AB2T	Simple Nucleotide Variation	TSV	Genotyping Array	975a2aa9-09fb-4cc3-a77e-8e9c701b11d5	ENATE_p_TCGAb_394_395_396_NSP_GenomeWideSNP_6_E02_1474248.birdseed.data.txt	975a2aa9-09fb-4cc3-a77e-8e9c701b11d5
open	a46c2122-9eb3-429c-aaf7-24fcb1f7a6a1	TCGA-FX-A3NK	Copy Number Variation	TXT	Genotyping Array	41cf592d-bacd-4691-9dd5-188f1e9d4576	MACON_p_TCGASNP_218_AML_PP_N_GenomeWideSNP_6_B09_1040100.nocnv_grch38.seg.v2.txt	41cf592d-bacd-4691-9dd5-188f1e9d4576
open	e9e4731a-a7ca-455c-868c-a6d53d0aa749	TCGA-DX-AB35	Copy Number Variation	TXT	Genotyping Array	6c77a2a0-0da6-40dd-a06f-7247b6d2e28b	CUBES_p_TCGAb_425_426_427_NSP_GenomeWideSNP_6_D10_1514022.grch38.seg.v2.txt	6c77a2a0-0da6-40dd-a06f-7247b6d2e28b
controlled	a46c2122-9eb3-429c-aaf7-24fcb1f7a6a1	TCGA-FX-A3NK	Simple Nucleotide Variation	TSV	Genotyping Array	c6b317d8-ce65-49b0-885f-7d902beb384e	MACON_p_TCGASNP_218_AML_PP_N_GenomeWideSNP_6_B09_1040100.birdseed.data.txt	c6b317d8-ce65-49b0-885f-7d902beb384e
open	e9e4731a-a7ca-455c-868c-a6d53d0aa749	TCGA-DX-AB35	Copy Number Variation	TSV	Genotyping Array	ceefc04a-3b06-466a-8211-f0bf141e3dab	TCGA-SARC.7603be2c-0856-4a97-a31c-9379708a0707.ascat3.gene_level_copy_number.v36.tsv	ceefc04a-3b06-466a-8211-f0bf141e3dab
open	e9e4731a-a7ca-455c-868c-a6d53d0aa749	TCGA-DX-AB35	Copy Number Variation	TSV	Genotyping Array	24ef26b2-19de-47b0-8e49-5c876e992f34	TCGA-SARC.7603be2c-0856-4a97-a31c-9379708a0707.gene_level_copy_number.v36.tsv	24ef26b2-19de-47b0-8e49-5c876e992f34
open	1c851f7b-a206-45db-ad52-338aa57c2ac1	TCGA-DX-AB2T	Copy Number Variation	TSV	Genotyping Array	fc0f063a-88f6-4f33-84a3-ab2b1585c035	TCGA-SARC.72d656d5-5de3-4979-80b4-7e10e6f52abe.absolute_liftover.gene_level_copy_number.v36.tsv	fc0f063a-88f6-4f33-84a3-ab2b1585c035
open	a46c2122-9eb3-429c-aaf7-24fcb1f7a6a1	TCGA-FX-A3NK	Copy Number Variation	TXT	Genotyping Array	3f66fb92-6a92-40de-813e-f8f6cfe575a9	MACON_p_TCGASNP_218_AML_PP_N_GenomeWideSNP_6_B03_1039996.grch38.seg.v2.txt	3f66fb92-6a92-40de-813e-f8f6cfe575a9
open	9ff814f6-4a05-4471-8492-41574fa3eeeb	TCGA-3B-A9HX	Copy Number Variation	TXT	Genotyping Array	b33902d5-9f62-4ff2-b5d3-f0d5f84cf6e4	PRION_p_TCGAb_410_11_12_13_NSP_GenomeWideSNP_6_E03_1486626.grch38.seg.v2.txt	b33902d5-9f62-4ff2-b5d3-f0d5f84cf6e4
controlled	1c851f7b-a206-45db-ad52-338aa57c2ac1	TCGA-DX-AB2T	Copy Number Variation	CEL	Genotyping Array	b59c3d67-9ce1-46e7-933b-4cc972fb18b0	ENATE_p_TCGAb_394_395_396_NSP_GenomeWideSNP_6_E02_1474248.CEL	b59c3d67-9ce1-46e7-933b-4cc972fb18b0
open	9ff814f6-4a05-4471-8492-41574fa3eeeb	TCGA-3B-A9HX	Copy Number Variation	TXT	Genotyping Array	52257205-124d-40ea-afa0-f6f90686486e	PRION_p_TCGAb_410_11_12_13_NSP_GenomeWideSNP_6_E02_1486610.nocnv_grch38.seg.v2.txt	52257205-124d-40ea-afa0-f6f90686486e
controlled	9ff814f6-4a05-4471-8492-41574fa3eeeb	TCGA-3B-A9HX	Copy Number Variation	CEL	Genotyping Array	31e7716e-78a3-4fc1-add7-da4397475092	PRION_p_TCGAb_410_11_12_13_NSP_GenomeWideSNP_6_E03_1486626.CEL	31e7716e-78a3-4fc1-add7-da4397475092
controlled	9ff814f6-4a05-4471-8492-41574fa3eeeb	TCGA-3B-A9HX	Simple Nucleotide Variation	TSV	Genotyping Array	9f6893cd-cae2-4f95-a395-4a88e6d64232	PRION_p_TCGAb_410_11_12_13_NSP_GenomeWideSNP_6_E03_1486626.birdseed.data.txt	9f6893cd-cae2-4f95-a395-4a88e6d64232
open	37a3b7c7-971a-4c96-8c77-14bb0b7741a3	TCGA-QQ-A8VG	Copy Number Variation	TSV	Genotyping Array	d365851d-4bae-4626-bfbd-bc43702d0496	TCGA-SARC.6faacf51-538b-4429-b507-09c9c47da485.absolute_liftover.gene_level_copy_number.v36.tsv	d365851d-4bae-4626-bfbd-bc43702d0496
open	37a3b7c7-971a-4c96-8c77-14bb0b7741a3	TCGA-QQ-A8VG	Copy Number Variation	TXT	Genotyping Array	c743a5d5-526a-4d85-8cbf-de48a5e1e187	VISTA_p_TCGAb_383_384_NSP_GenomeWideSNP_6_C01_1464968.grch38.seg.v2.txt	c743a5d5-526a-4d85-8cbf-de48a5e1e187
controlled	37a3b7c7-971a-4c96-8c77-14bb0b7741a3	TCGA-QQ-A8VG	Copy Number Variation	CEL	Genotyping Array	f16c3e54-8d06-4838-a01b-9258e9cf1ed9	VISTA_p_TCGAb_383_384_NSP_GenomeWideSNP_6_C01_1464968.CEL	f16c3e54-8d06-4838-a01b-9258e9cf1ed9
controlled	2905cbd1-719b-46d9-b8af-8fe4927bc473	TCGA-FX-A2QS	Simple Nucleotide Variation	TSV	Genotyping Array	c0c39021-ee9e-44b3-b36c-a872ed3f063a	DLP_REDO_FROM_MACON_C10.birdseed.data.txt	c0c39021-ee9e-44b3-b36c-a872ed3f063a
open	5d9608fd-e3eb-4bf9-911f-7656d6814b98	TCGA-DX-AB2J	Copy Number Variation	TXT	Genotyping Array	5cf9d98d-9239-4c6a-a5e2-68f252027549	TCGA-SARC.ff061216-2f2d-4f05-a66a-37f3ad2e497d.ascat2.allelic_specific.seg.txt	5cf9d98d-9239-4c6a-a5e2-68f252027549
open	1610d467-e83f-490f-a971-7b099f3b46f8	TCGA-DX-A8BO	Copy Number Variation	TXT	Genotyping Array	13366448-5a2a-4bef-a99e-d3c1e3f4a7d4	CUBES_p_TCGAb_425_426_427_NSP_GenomeWideSNP_6_E03_1513926.nocnv_grch38.seg.v2.txt	13366448-5a2a-4bef-a99e-d3c1e3f4a7d4
controlled	0a4af73d-3c12-4740-bf92-c0eedd3dd135	TCGA-WK-A8XZ	Copy Number Variation	CEL	Genotyping Array	a0f1f871-fd5b-4d2c-86fd-d239210f7d98	VISTA_p_TCGAb_383_384_NSP_GenomeWideSNP_6_D06_1464880.CEL	a0f1f871-fd5b-4d2c-86fd-d239210f7d98
open	00eaaf62-c43e-4555-9134-1e5593386fdb	TCGA-3B-A9HS	Copy Number Variation	TSV	Genotyping Array	2844d4cd-2b53-4748-b16c-8147385af3ff	TCGA-SARC.e6a7b89c-9cfc-4751-a49e-5d6d9c2c0cac.absolute_liftover.gene_level_copy_number.v36.tsv	2844d4cd-2b53-4748-b16c-8147385af3ff
open	0a4af73d-3c12-4740-bf92-c0eedd3dd135	TCGA-WK-A8XZ	Copy Number Variation	TSV	Genotyping Array	c7401ff5-62a8-4569-a935-d0144540ba3d	TCGA-SARC.ee4d4e2c-2cfe-4828-bfaf-9ae76b1309d8.ascat3.gene_level_copy_number.v36.tsv	c7401ff5-62a8-4569-a935-d0144540ba3d
open	9f7b8012-3dee-44b2-8159-f96a6eb5036a	TCGA-DX-A6BE	Copy Number Variation	TXT	Genotyping Array	fc8d5dd6-d681-4da0-a060-93081bee0c79	TCGA-SARC.4939b4a9-4608-4d39-bb4f-f6c53e55d9ea.ascat3.allelic_specific.seg.txt	fc8d5dd6-d681-4da0-a060-93081bee0c79
open	01c5f902-ec3c-4eb7-9e38-1d29ae6ab959	TCGA-WK-A8XY	Copy Number Variation	TSV	Genotyping Array	b78252c3-ce34-4d77-aca1-11955099c0b1	TCGA-SARC.26afa6a3-e618-488c-a7b6-b09ea190a6e3.absolute_liftover.gene_level_copy_number.v36.tsv	b78252c3-ce34-4d77-aca1-11955099c0b1
controlled	0a4af73d-3c12-4740-bf92-c0eedd3dd135	TCGA-WK-A8XZ	Simple Nucleotide Variation	TSV	Genotyping Array	f1eec8d7-9274-4d89-b741-456857b70893	VISTA_p_TCGAb_383_384_NSP_GenomeWideSNP_6_D07_1464984.birdseed.data.txt	f1eec8d7-9274-4d89-b741-456857b70893
open	0a4af73d-3c12-4740-bf92-c0eedd3dd135	TCGA-WK-A8XZ	Copy Number Variation	TXT	Genotyping Array	9f460dd9-5d2a-43bd-b848-0fae1badf2d2	VISTA_p_TCGAb_383_384_NSP_GenomeWideSNP_6_D06_1464880.nocnv_grch38.seg.v2.txt	9f460dd9-5d2a-43bd-b848-0fae1badf2d2
open	9f7b8012-3dee-44b2-8159-f96a6eb5036a	TCGA-DX-A6BE	Copy Number Variation	TXT	Genotyping Array	7dabf6db-0036-4019-880b-97add5301da2	THREW_p_TCGAb_329_335_336_NSP_GenomeWideSNP_6_E01_1367112.grch38.seg.v2.txt	7dabf6db-0036-4019-880b-97add5301da2
open	9f7b8012-3dee-44b2-8159-f96a6eb5036a	TCGA-DX-A6BE	Copy Number Variation	TSV	Genotyping Array	6d8af01f-d1f7-4f57-b72e-2c1f7f75d5c8	TCGA-SARC.4939b4a9-4608-4d39-bb4f-f6c53e55d9ea.absolute_liftover.gene_level_copy_number.v36.tsv	6d8af01f-d1f7-4f57-b72e-2c1f7f75d5c8
open	01c5f902-ec3c-4eb7-9e38-1d29ae6ab959	TCGA-WK-A8XY	Copy Number Variation	TXT	Genotyping Array	8c0d4ead-548c-4ece-9e55-488961dd12e8	VISTA_p_TCGAb_383_384_NSP_GenomeWideSNP_6_B03_1464988.grch38.seg.v2.txt	8c0d4ead-548c-4ece-9e55-488961dd12e8
open	9f7b8012-3dee-44b2-8159-f96a6eb5036a	TCGA-DX-A6BE	Copy Number Variation	TXT	Genotyping Array	ed19157e-09c1-4f33-b0c8-d5e34226cbbc	THREW_p_TCGAb_329_335_336_NSP_GenomeWideSNP_6_E02_1367206.grch38.seg.v2.txt	ed19157e-09c1-4f33-b0c8-d5e34226cbbc
open	9f7b8012-3dee-44b2-8159-f96a6eb5036a	TCGA-DX-A6BE	Copy Number Variation	TXT	Genotyping Array	ecdc9972-8828-4827-94f7-d47fa1c40e93	THREW_p_TCGAb_329_335_336_NSP_GenomeWideSNP_6_E02_1367206.nocnv_grch38.seg.v2.txt	ecdc9972-8828-4827-94f7-d47fa1c40e93
open	9f7b8012-3dee-44b2-8159-f96a6eb5036a	TCGA-DX-A6BE	Copy Number Variation	TXT	Genotyping Array	55aca836-3bde-4d5c-832b-aa9cc5b2e9a3	TCGA-SARC.4939b4a9-4608-4d39-bb4f-f6c53e55d9ea.ascat2.allelic_specific.seg.txt	55aca836-3bde-4d5c-832b-aa9cc5b2e9a3
controlled	c054c61b-0783-46f9-9c5c-8589ea47f43d	TCGA-3B-A9HJ	Copy Number Variation	CEL	Genotyping Array	cfd84fdf-a6b9-49dd-b4ac-3cf1d5eca90a	ENATE_p_TCGAb_394_395_396_NSP_GenomeWideSNP_6_G05_1474104.CEL	cfd84fdf-a6b9-49dd-b4ac-3cf1d5eca90a
open	02b7b0c5-dad6-4270-b56b-3d04285e8147	TCGA-KD-A5QU	Copy Number Variation	TXT	Genotyping Array	8619cf4e-9cf1-4cda-91e2-34efc88f2228	SAVOR_p_TCGA_290_291_292_293_N_GenomeWideSNP_6_G06_1343422.nocnv_grch38.seg.v2.txt	8619cf4e-9cf1-4cda-91e2-34efc88f2228
open	07778870-d400-4495-b786-c63ff33fc29d	TCGA-DX-AB2V	Copy Number Variation	TXT	Genotyping Array	f11fb010-b307-43ef-8762-d413462f21a4	CUBES_p_TCGAb_425_426_427_NSP_GenomeWideSNP_6_G01_1513944.nocnv_grch38.seg.v2.txt	f11fb010-b307-43ef-8762-d413462f21a4
open	8372e154-c9c1-4382-8120-7e14dd426367	TCGA-X2-A95T	Copy Number Variation	TXT	Genotyping Array	d36220c6-2019-4714-9aec-7adf9e7d35a4	VISTA_p_TCGAb_383_384_NSP_GenomeWideSNP_6_B04_1464930.nocnv_grch38.seg.v2.txt	d36220c6-2019-4714-9aec-7adf9e7d35a4
open	07778870-d400-4495-b786-c63ff33fc29d	TCGA-DX-AB2V	Copy Number Variation	TXT	Genotyping Array	8f4e0cdb-a0fa-4930-894a-1526b283afe1	TCGA-SARC.096f354f-7479-4c65-a73e-18dbb2d631da.ascat2.allelic_specific.seg.txt	8f4e0cdb-a0fa-4930-894a-1526b283afe1
open	8372e154-c9c1-4382-8120-7e14dd426367	TCGA-X2-A95T	Copy Number Variation	TSV	Genotyping Array	82bd9c3d-9436-40cc-a048-9e4f94721525	TCGA-SARC.d37a4725-ac99-4902-8aed-e00d0bbc79cc.absolute_liftover.gene_level_copy_number.v36.tsv	82bd9c3d-9436-40cc-a048-9e4f94721525
open	0494a8ea-ecf3-4f3e-8b3c-26a9254b6755	TCGA-QQ-A5VC	Copy Number Variation	TXT	Genotyping Array	26fe5cc6-4ed5-4ab6-93a5-ae6f818800c1	TCGA-SARC.4a64833d-52b2-4e4e-a7a7-500777415ac7.ascat2.allelic_specific.seg.txt	26fe5cc6-4ed5-4ab6-93a5-ae6f818800c1
controlled	8372e154-c9c1-4382-8120-7e14dd426367	TCGA-X2-A95T	Copy Number Variation	CEL	Genotyping Array	3ed6493c-03fa-4d0a-8df5-2449bfff1029	VISTA_p_TCGAb_383_384_NSP_GenomeWideSNP_6_B04_1464930.CEL	3ed6493c-03fa-4d0a-8df5-2449bfff1029
controlled	8372e154-c9c1-4382-8120-7e14dd426367	TCGA-X2-A95T	Copy Number Variation	CEL	Genotyping Array	2d7c1676-2873-46b1-8e1b-cace1fd3e076	VISTA_p_TCGAb_383_384_NSP_GenomeWideSNP_6_B05_1464922.CEL	2d7c1676-2873-46b1-8e1b-cace1fd3e076
controlled	0494a8ea-ecf3-4f3e-8b3c-26a9254b6755	TCGA-QQ-A5VC	Simple Nucleotide Variation	TSV	Genotyping Array	d788fbb2-d0bb-4b3a-a0d4-ec59a62413c5	THREW_p_TCGAb_329_335_336_NSP_GenomeWideSNP_6_F08_1367042.birdseed.data.txt	d788fbb2-d0bb-4b3a-a0d4-ec59a62413c5
controlled	0494a8ea-ecf3-4f3e-8b3c-26a9254b6755	TCGA-QQ-A5VC	Copy Number Variation	CEL	Genotyping Array	782ad3c1-b27b-47bb-884c-26f42356b6d8	THREW_p_TCGAb_329_335_336_NSP_GenomeWideSNP_6_F08_1367042.CEL	782ad3c1-b27b-47bb-884c-26f42356b6d8
controlled	07a6bbce-012b-48fe-8c62-e79a1b200eb6	TCGA-DX-A8BV	Simple Nucleotide Variation	TSV	Genotyping Array	428c2b7f-d2ff-423a-87cd-8fbf64f0e1bf	VISTA_p_TCGAb_383_384_NSP_GenomeWideSNP_6_C03_1464902.birdseed.data.txt	428c2b7f-d2ff-423a-87cd-8fbf64f0e1bf
controlled	e2272de4-02b8-4a94-b8ee-c7454996a2da	TCGA-DX-AB2Q	Simple Nucleotide Variation	TSV	Genotyping Array	8b03c24e-ef51-4614-8be8-20e1c6192f77	DLP_REDO_FROM_PRION_B11.birdseed.data.txt	8b03c24e-ef51-4614-8be8-20e1c6192f77
open	07a6bbce-012b-48fe-8c62-e79a1b200eb6	TCGA-DX-A8BV	Copy Number Variation	TXT	Genotyping Array	5ad4196a-411b-4098-90f6-b453cd4cd406	VISTA_p_TCGAb_383_384_NSP_GenomeWideSNP_6_C03_1464902.grch38.seg.v2.txt	5ad4196a-411b-4098-90f6-b453cd4cd406
controlled	e2272de4-02b8-4a94-b8ee-c7454996a2da	TCGA-DX-AB2Q	Copy Number Variation	CEL	Genotyping Array	9be5eaf8-7aff-40b1-9ca7-a136ddcb2c3c	DLP_REDO_FROM_PRION_B10.CEL	9be5eaf8-7aff-40b1-9ca7-a136ddcb2c3c
controlled	07a6bbce-012b-48fe-8c62-e79a1b200eb6	TCGA-DX-A8BV	Simple Nucleotide Variation	TSV	Genotyping Array	6023b1f1-5bcc-4555-bd3d-a0eddcfabbd6	VISTA_p_TCGAb_383_384_NSP_GenomeWideSNP_6_C02_1465006.birdseed.data.txt	6023b1f1-5bcc-4555-bd3d-a0eddcfabbd6
open	0494a8ea-ecf3-4f3e-8b3c-26a9254b6755	TCGA-QQ-A5VC	Copy Number Variation	TXT	Genotyping Array	85f30762-213c-4528-bc6b-cfdbef872c60	TCGA-SARC.4a64833d-52b2-4e4e-a7a7-500777415ac7.ascat3.allelic_specific.seg.txt	85f30762-213c-4528-bc6b-cfdbef872c60
open	07a6bbce-012b-48fe-8c62-e79a1b200eb6	TCGA-DX-A8BV	Copy Number Variation	TXT	Genotyping Array	02ccdbf2-0232-4adf-bbfa-e65a58173fc4	TCGA-SARC.7e814757-fd09-40c3-8743-473904052f7f.ascat2.allelic_specific.seg.txt	02ccdbf2-0232-4adf-bbfa-e65a58173fc4
controlled	07a6bbce-012b-48fe-8c62-e79a1b200eb6	TCGA-DX-A8BV	Copy Number Variation	CEL	Genotyping Array	971b339d-146e-4a68-8964-619536fdf4e8	VISTA_p_TCGAb_383_384_NSP_GenomeWideSNP_6_C02_1465006.CEL	971b339d-146e-4a68-8964-619536fdf4e8
open	07a6bbce-012b-48fe-8c62-e79a1b200eb6	TCGA-DX-A8BV	Copy Number Variation	TSV	Genotyping Array	ab0f19e2-fe44-4a09-81c9-be4a6389ecea	TCGA-SARC.7e814757-fd09-40c3-8743-473904052f7f.gene_level_copy_number.v36.tsv	ab0f19e2-fe44-4a09-81c9-be4a6389ecea
controlled	0ac700f3-c9cf-4ed7-a8bd-975527750024	TCGA-DX-A6B7	Simple Nucleotide Variation	TSV	Genotyping Array	09f04ccd-7419-4f1e-875b-f8e82a45e61e	SNOWS_p_TCGA_Batch_309_310_NSP_GenomeWideSNP_6_F09_1362118.birdseed.data.txt	09f04ccd-7419-4f1e-875b-f8e82a45e61e
open	e2272de4-02b8-4a94-b8ee-c7454996a2da	TCGA-DX-AB2Q	Copy Number Variation	TXT	Genotyping Array	234440d0-bb9e-4860-8779-77ef1e899bbf	TCGA-SARC.4c725b73-5279-4559-bc1b-d1b7a08b5740.ascat3.allelic_specific.seg.txt	234440d0-bb9e-4860-8779-77ef1e899bbf
open	04d45a95-4282-42e7-8e2f-2b7a5082e1b5	TCGA-WK-A8XX	Copy Number Variation	TSV	Genotyping Array	ab320376-c28c-4142-9f06-ef70676490a5	TCGA-SARC.7492086b-c6fc-491d-864f-60693549073a.gene_level_copy_number.v36.tsv	ab320376-c28c-4142-9f06-ef70676490a5
controlled	0ac700f3-c9cf-4ed7-a8bd-975527750024	TCGA-DX-A6B7	Copy Number Variation	CEL	Genotyping Array	0f31b65f-243f-4539-bc47-b6def443c0df	SNOWS_p_TCGA_Batch_309_310_NSP_GenomeWideSNP_6_F08_1362034.CEL	0f31b65f-243f-4539-bc47-b6def443c0df
open	04d45a95-4282-42e7-8e2f-2b7a5082e1b5	TCGA-WK-A8XX	Copy Number Variation	TXT	Genotyping Array	38ddf2f4-97fe-432f-8f27-3fee9c673452	VISTA_p_TCGAb_383_384_NSP_GenomeWideSNP_6_A05_1464934.nocnv_grch38.seg.v2.txt	38ddf2f4-97fe-432f-8f27-3fee9c673452
open	0ac700f3-c9cf-4ed7-a8bd-975527750024	TCGA-DX-A6B7	Copy Number Variation	TXT	Genotyping Array	f2cf28ca-734a-4ccc-8a7f-fc0592ec9092	SNOWS_p_TCGA_Batch_309_310_NSP_GenomeWideSNP_6_F09_1362118.nocnv_grch38.seg.v2.txt	f2cf28ca-734a-4ccc-8a7f-fc0592ec9092
open	0ac700f3-c9cf-4ed7-a8bd-975527750024	TCGA-DX-A6B7	Copy Number Variation	TSV	Genotyping Array	51025d5a-afbb-4a13-ab96-4b57c5dfce38	TCGA-SARC.e4d80a22-abac-4fcd-9cdf-7aac483f2654.ascat3.gene_level_copy_number.v36.tsv	51025d5a-afbb-4a13-ab96-4b57c5dfce38
open	04d45a95-4282-42e7-8e2f-2b7a5082e1b5	TCGA-WK-A8XX	Copy Number Variation	TXT	Genotyping Array	c6629160-2417-429f-b59a-5fe763742faa	VISTA_p_TCGAb_383_384_NSP_GenomeWideSNP_6_A04_1464932.grch38.seg.v2.txt	c6629160-2417-429f-b59a-5fe763742faa
open	04d45a95-4282-42e7-8e2f-2b7a5082e1b5	TCGA-WK-A8XX	Copy Number Variation	TXT	Genotyping Array	cd0b727b-c816-40fc-a8ff-e0568e5ce534	VISTA_p_TCGAb_383_384_NSP_GenomeWideSNP_6_A05_1464934.grch38.seg.v2.txt	cd0b727b-c816-40fc-a8ff-e0568e5ce534
open	0ac700f3-c9cf-4ed7-a8bd-975527750024	TCGA-DX-A6B7	Copy Number Variation	TXT	Genotyping Array	6b419f4a-0867-47be-ac82-8ce26037064e	TCGA-SARC.e4d80a22-abac-4fcd-9cdf-7aac483f2654.ascat2.allelic_specific.seg.txt	6b419f4a-0867-47be-ac82-8ce26037064e
open	04d45a95-4282-42e7-8e2f-2b7a5082e1b5	TCGA-WK-A8XX	Copy Number Variation	TSV	Genotyping Array	893263d1-7ebb-4579-84dd-806cae12ea2e	TCGA-SARC.7492086b-c6fc-491d-864f-60693549073a.absolute_liftover.gene_level_copy_number.v36.tsv	893263d1-7ebb-4579-84dd-806cae12ea2e
open	0ac700f3-c9cf-4ed7-a8bd-975527750024	TCGA-DX-A6B7	Copy Number Variation	TXT	Genotyping Array	ae0bee50-74af-4e91-974f-9b79b7db90ab	SNOWS_p_TCGA_Batch_309_310_NSP_GenomeWideSNP_6_F09_1362118.grch38.seg.v2.txt	ae0bee50-74af-4e91-974f-9b79b7db90ab
controlled	04d45a95-4282-42e7-8e2f-2b7a5082e1b5	TCGA-WK-A8XX	Copy Number Variation	CEL	Genotyping Array	7a0f71d9-d6d2-49e7-8cfe-ac957efd97e1	VISTA_p_TCGAb_383_384_NSP_GenomeWideSNP_6_A05_1464934.CEL	7a0f71d9-d6d2-49e7-8cfe-ac957efd97e1
controlled	0b6418fc-c775-4baa-8776-74ffcc492e9a	TCGA-DX-A7EQ	Simple Nucleotide Variation	TSV	Genotyping Array	fe2ef9ce-8736-4624-9438-b341bf238bee	ENATE_p_TCGAb_394_395_396_NSP_GenomeWideSNP_6_E11_1474154.birdseed.data.txt	fe2ef9ce-8736-4624-9438-b341bf238bee
open	109df703-2865-4b4c-8e4b-badff8eb3f22	TCGA-HB-A3YV	Copy Number Variation	TXT	Genotyping Array	b129899d-ab6b-45e5-9b6e-f9ad36479556	YOGIN_p_TCGA_4_262_263_N_GenomeWideSNP_6_C04_1306218.grch38.seg.v2.txt	b129899d-ab6b-45e5-9b6e-f9ad36479556
open	109df703-2865-4b4c-8e4b-badff8eb3f22	TCGA-HB-A3YV	Copy Number Variation	TXT	Genotyping Array	40a5daa3-c19a-4361-9a5d-025b6052f2c4	TCGA-SARC.e7cddc48-9b99-4933-be70-4a3730cae2ef.ascat3.allelic_specific.seg.txt	40a5daa3-c19a-4361-9a5d-025b6052f2c4
open	109df703-2865-4b4c-8e4b-badff8eb3f22	TCGA-HB-A3YV	Copy Number Variation	TSV	Genotyping Array	347033ac-c901-4c37-a0e3-a67fb00c7795	TCGA-SARC.e7cddc48-9b99-4933-be70-4a3730cae2ef.gene_level_copy_number.v36.tsv	347033ac-c901-4c37-a0e3-a67fb00c7795
open	0b6418fc-c775-4baa-8776-74ffcc492e9a	TCGA-DX-A7EQ	Copy Number Variation	TXT	Genotyping Array	6e948830-0ae0-440a-b21f-7c040ce2e975	ENATE_p_TCGAb_394_395_396_NSP_GenomeWideSNP_6_E12_1474086.grch38.seg.v2.txt	6e948830-0ae0-440a-b21f-7c040ce2e975
controlled	051a8605-e674-4b66-a142-11ec36a96454	TCGA-DX-AB2P	Copy Number Variation	CEL	Genotyping Array	27e2d648-9347-4887-9b05-20287fa1cc98	ENATE_p_TCGAb_394_395_396_NSP_GenomeWideSNP_6_F12_1474202.CEL	27e2d648-9347-4887-9b05-20287fa1cc98
controlled	0b6418fc-c775-4baa-8776-74ffcc492e9a	TCGA-DX-A7EQ	Simple Nucleotide Variation	TSV	Genotyping Array	eb12ca24-0d34-4ffe-b77d-cfc52c5d1f7e	ENATE_p_TCGAb_394_395_396_NSP_GenomeWideSNP_6_E12_1474086.birdseed.data.txt	eb12ca24-0d34-4ffe-b77d-cfc52c5d1f7e
open	051a8605-e674-4b66-a142-11ec36a96454	TCGA-DX-AB2P	Copy Number Variation	TXT	Genotyping Array	ad6c59a6-8b06-4259-8e3a-3d8dd1ba7186	TCGA-SARC.d8c7fd5f-d353-4ecf-8cc5-881056c38275.ascat2.allelic_specific.seg.txt	ad6c59a6-8b06-4259-8e3a-3d8dd1ba7186
open	051a8605-e674-4b66-a142-11ec36a96454	TCGA-DX-AB2P	Copy Number Variation	TXT	Genotyping Array	2fc4532c-d059-4609-b114-ffd524976267	ENATE_p_TCGAb_394_395_396_NSP_GenomeWideSNP_6_F11_1474092.nocnv_grch38.seg.v2.txt	2fc4532c-d059-4609-b114-ffd524976267
controlled	10a6de43-a681-4cbc-821d-08335ed65320	TCGA-MJ-A68J	Copy Number Variation	CEL	Genotyping Array	c615aff0-5507-470a-bfbe-0220be50621f	RICES_p_TCGA_Batch_310_311_NSP_GenomeWideSNP_6_A09_1361866.CEL	c615aff0-5507-470a-bfbe-0220be50621f
open	f0cbc2a4-c1f7-4b32-bce1-57eb59d351cc	TCGA-PC-A5DP	Copy Number Variation	TXT	Genotyping Array	c7e9c4c1-6393-4989-a164-cefcae99e5a2	WAGER_p_TCGA_282_284_285_286_N_GenomeWideSNP_6_A12_1359062.nocnv_grch38.seg.v2.txt	c7e9c4c1-6393-4989-a164-cefcae99e5a2
open	0b6418fc-c775-4baa-8776-74ffcc492e9a	TCGA-DX-A7EQ	Copy Number Variation	TSV	Genotyping Array	8dd96afd-9e3d-4ddc-bb7b-d0f391986f89	TCGA-SARC.9043a977-4d3e-4903-a595-b0da9dd1e87f.absolute_liftover.gene_level_copy_number.v36.tsv	8dd96afd-9e3d-4ddc-bb7b-d0f391986f89
open	0b6418fc-c775-4baa-8776-74ffcc492e9a	TCGA-DX-A7EQ	Copy Number Variation	TXT	Genotyping Array	fb8e906c-4af3-4733-9348-3492ad06034d	ENATE_p_TCGAb_394_395_396_NSP_GenomeWideSNP_6_E11_1474154.nocnv_grch38.seg.v2.txt	fb8e906c-4af3-4733-9348-3492ad06034d
open	051a8605-e674-4b66-a142-11ec36a96454	TCGA-DX-AB2P	Copy Number Variation	TXT	Genotyping Array	8b4e842f-5900-4d4c-9574-f018c85c5bad	TCGA-SARC.d8c7fd5f-d353-4ecf-8cc5-881056c38275.ascat3.allelic_specific.seg.txt	8b4e842f-5900-4d4c-9574-f018c85c5bad
open	0da5ee6c-d012-4a57-9992-9d74937aaa5f	TCGA-IW-A3M4	Copy Number Variation	TSV	Genotyping Array	3350de6d-8ed1-4077-98df-79be2ceb6f30	TCGA-SARC.98958fb5-a984-4173-8e2a-7c4043bf0faa.ascat3.gene_level_copy_number.v36.tsv	3350de6d-8ed1-4077-98df-79be2ceb6f30
open	10a6de43-a681-4cbc-821d-08335ed65320	TCGA-MJ-A68J	Copy Number Variation	TXT	Genotyping Array	88ebf8cb-e833-40d7-9f22-fc4f022f94f8	RICES_p_TCGA_Batch_310_311_NSP_GenomeWideSNP_6_A08_1361958.grch38.seg.v2.txt	88ebf8cb-e833-40d7-9f22-fc4f022f94f8
open	059f7eb8-6e42-4f57-8248-ff82896aab54	TCGA-DX-A3UE	Copy Number Variation	TXT	Genotyping Array	30da5ddf-3f06-41aa-9da3-c565f7d7cb1e	SNOWS_p_TCGA_Batch_309_310_NSP_GenomeWideSNP_6_D11_1362096.nocnv_grch38.seg.v2.txt	30da5ddf-3f06-41aa-9da3-c565f7d7cb1e
open	10a6de43-a681-4cbc-821d-08335ed65320	TCGA-MJ-A68J	Copy Number Variation	TXT	Genotyping Array	9e720069-6f26-48cc-8ac1-05b6ffb9e712	RICES_p_TCGA_Batch_310_311_NSP_GenomeWideSNP_6_A08_1361958.nocnv_grch38.seg.v2.txt	9e720069-6f26-48cc-8ac1-05b6ffb9e712
open	059f7eb8-6e42-4f57-8248-ff82896aab54	TCGA-DX-A3UE	Copy Number Variation	TSV	Genotyping Array	8c547f71-6fa0-4c25-87ad-5adb1f44d566	TCGA-SARC.1f0dd9d9-3c82-4bee-adc1-7f20794a3fe7.absolute_liftover.gene_level_copy_number.v36.tsv	8c547f71-6fa0-4c25-87ad-5adb1f44d566
open	0da5ee6c-d012-4a57-9992-9d74937aaa5f	TCGA-IW-A3M4	Copy Number Variation	TSV	Genotyping Array	4055b3e2-251f-44df-aed1-ae302111796d	TCGA-SARC.98958fb5-a984-4173-8e2a-7c4043bf0faa.gene_level_copy_number.v36.tsv	4055b3e2-251f-44df-aed1-ae302111796d
open	10a6de43-a681-4cbc-821d-08335ed65320	TCGA-MJ-A68J	Copy Number Variation	TXT	Genotyping Array	12f98888-041b-4544-acdb-bb0f5a83c169	RICES_p_TCGA_Batch_310_311_NSP_GenomeWideSNP_6_A09_1361866.grch38.seg.v2.txt	12f98888-041b-4544-acdb-bb0f5a83c169
controlled	0da5ee6c-d012-4a57-9992-9d74937aaa5f	TCGA-IW-A3M4	Simple Nucleotide Variation	TSV	Genotyping Array	330cc703-e498-41a7-b879-f13de4b8df4e	MACON_p_TCGASNP_218_AML_PP_N_GenomeWideSNP_6_D04_1039988.birdseed.data.txt	330cc703-e498-41a7-b879-f13de4b8df4e
open	10a6de43-a681-4cbc-821d-08335ed65320	TCGA-MJ-A68J	Copy Number Variation	TSV	Genotyping Array	27cbf986-2d6d-42be-a10a-6120843d98f4	TCGA-SARC.cfe71b6d-b96c-4546-bcca-997f36883444.ascat3.gene_level_copy_number.v36.tsv	27cbf986-2d6d-42be-a10a-6120843d98f4
open	059f7eb8-6e42-4f57-8248-ff82896aab54	TCGA-DX-A3UE	Copy Number Variation	TSV	Genotyping Array	3bcfcbd2-5c46-41ac-953f-5da782617a71	TCGA-SARC.1f0dd9d9-3c82-4bee-adc1-7f20794a3fe7.gene_level_copy_number.v36.tsv	3bcfcbd2-5c46-41ac-953f-5da782617a71
controlled	059f7eb8-6e42-4f57-8248-ff82896aab54	TCGA-DX-A3UE	Copy Number Variation	CEL	Genotyping Array	beeca7dd-b23c-42c3-aceb-4301887ebd23	SNOWS_p_TCGA_Batch_309_310_NSP_GenomeWideSNP_6_D11_1362096.CEL	beeca7dd-b23c-42c3-aceb-4301887ebd23
open	12b45061-9ed6-46cd-971a-b81d79bc88ec	TCGA-DX-A6YU	Copy Number Variation	TXT	Genotyping Array	0855ac06-74b9-4101-b2a7-ee61208990be	MOWED_p_TCGAb3_39_40_41_42_STY_GenomeWideSNP_6_F12_1377512.nocnv_grch38.seg.v2.txt	0855ac06-74b9-4101-b2a7-ee61208990be
open	059f7eb8-6e42-4f57-8248-ff82896aab54	TCGA-DX-A3UE	Copy Number Variation	TXT	Genotyping Array	2ff6ad7d-fc3b-438e-947f-6e56454f462c	TCGA-SARC.1f0dd9d9-3c82-4bee-adc1-7f20794a3fe7.ascat3.allelic_specific.seg.txt	2ff6ad7d-fc3b-438e-947f-6e56454f462c
open	0da5ee6c-d012-4a57-9992-9d74937aaa5f	TCGA-IW-A3M4	Copy Number Variation	TXT	Genotyping Array	53340a5b-e246-42d7-8841-7a1360eeb722	MACON_p_TCGASNP_218_AML_PP_N_GenomeWideSNP_6_D04_1039988.grch38.seg.v2.txt	53340a5b-e246-42d7-8841-7a1360eeb722
controlled	f0cbc2a4-c1f7-4b32-bce1-57eb59d351cc	TCGA-PC-A5DP	Copy Number Variation	CEL	Genotyping Array	88fe0e60-684f-4925-a4eb-994e88e76ae4	WAGER_p_TCGA_282_284_285_286_N_GenomeWideSNP_6_B10_1359002.CEL	88fe0e60-684f-4925-a4eb-994e88e76ae4
controlled	05d4099f-521a-4df6-abac-f86f84b3af7f	TCGA-WP-A9GB	Copy Number Variation	CEL	Genotyping Array	c757de24-ff7b-40e7-b977-75b7f69cc85f	VISTA_p_TCGAb_383_384_NSP_GenomeWideSNP_6_C04_1464962.CEL	c757de24-ff7b-40e7-b977-75b7f69cc85f
controlled	0f94362d-368f-4570-b8c1-70fc4b1f5e35	TCGA-QQ-A5VB	Simple Nucleotide Variation	TSV	Genotyping Array	bbfc592e-96bd-41e6-97c6-60c8c20db1ac	HONGS_p_TCGAb3_75_76_77_NSP_GenomeWideSNP_6_H10_1438158.birdseed.data.txt	bbfc592e-96bd-41e6-97c6-60c8c20db1ac
open	05d4099f-521a-4df6-abac-f86f84b3af7f	TCGA-WP-A9GB	Copy Number Variation	TSV	Genotyping Array	9f401066-1f0c-4f0e-b459-49cf0d8b489a	TCGA-SARC.6d98506f-9d10-47d5-8fed-4e11cec0bad2.absolute_liftover.gene_level_copy_number.v36.tsv	9f401066-1f0c-4f0e-b459-49cf0d8b489a
open	05d4099f-521a-4df6-abac-f86f84b3af7f	TCGA-WP-A9GB	Copy Number Variation	TXT	Genotyping Array	0195d1e2-2b21-4df8-a811-601ab8b28ee9	TCGA-SARC.6d98506f-9d10-47d5-8fed-4e11cec0bad2.ascat2.allelic_specific.seg.txt	0195d1e2-2b21-4df8-a811-601ab8b28ee9
open	05d4099f-521a-4df6-abac-f86f84b3af7f	TCGA-WP-A9GB	Copy Number Variation	TSV	Genotyping Array	33b8bcee-46df-4738-ad4d-27cc84cfa7b0	TCGA-SARC.6d98506f-9d10-47d5-8fed-4e11cec0bad2.gene_level_copy_number.v36.tsv	33b8bcee-46df-4738-ad4d-27cc84cfa7b0
controlled	12bfd446-2ee5-4664-a492-c023d134f60f	TCGA-FX-A48G	Copy Number Variation	CEL	Genotyping Array	ebabff9b-0006-4f54-897a-9a0996c3b69c	YOGIN_p_TCGA_4_262_263_N_GenomeWideSNP_6_B05_1306160.CEL	ebabff9b-0006-4f54-897a-9a0996c3b69c
controlled	1c89da99-9e89-4726-b196-97eeab46d504	TCGA-X6-A7WC	Copy Number Variation	CEL	Genotyping Array	ecdb3722-2dd5-418b-a20d-c21980e39c88	TAZZA_p_TCGAb3_62_63_64_65_NSP_GenomeWideSNP_6_B05_1387924.CEL	ecdb3722-2dd5-418b-a20d-c21980e39c88
open	12bfd446-2ee5-4664-a492-c023d134f60f	TCGA-FX-A48G	Copy Number Variation	TXT	Genotyping Array	5ff8bb88-ade9-4199-963e-a6b9dca1b6da	TCGA-SARC.673d65c1-c227-4c93-bc47-81bc18597422.ascat3.allelic_specific.seg.txt	5ff8bb88-ade9-4199-963e-a6b9dca1b6da
controlled	1c89da99-9e89-4726-b196-97eeab46d504	TCGA-X6-A7WC	Copy Number Variation	CEL	Genotyping Array	032c53a0-89cb-4a0e-9adc-c794e771e0bf	TAZZA_p_TCGAb3_62_63_64_65_NSP_GenomeWideSNP_6_B06_1387810.CEL	032c53a0-89cb-4a0e-9adc-c794e771e0bf
open	1c89da99-9e89-4726-b196-97eeab46d504	TCGA-X6-A7WC	Copy Number Variation	TSV	Genotyping Array	afb5e52a-e4df-4ff9-aaf7-3e34a24a0e5b	TCGA-SARC.07fbe2a0-470a-4fdb-99e2-8ac308e39473.absolute_liftover.gene_level_copy_number.v36.tsv	afb5e52a-e4df-4ff9-aaf7-3e34a24a0e5b
open	0f94362d-368f-4570-b8c1-70fc4b1f5e35	TCGA-QQ-A5VB	Copy Number Variation	TXT	Genotyping Array	6d618aef-e0e0-4ea6-b353-7f0eafbf412f	HONGS_p_TCGAb3_75_76_77_NSP_GenomeWideSNP_6_G02_1438194.nocnv_grch38.seg.v2.txt	6d618aef-e0e0-4ea6-b353-7f0eafbf412f
open	12bfd446-2ee5-4664-a492-c023d134f60f	TCGA-FX-A48G	Copy Number Variation	TSV	Genotyping Array	cbab5aaa-3bed-4203-88c0-936a744a8959	TCGA-SARC.673d65c1-c227-4c93-bc47-81bc18597422.ascat3.gene_level_copy_number.v36.tsv	cbab5aaa-3bed-4203-88c0-936a744a8959
open	1cbcfbb0-fcad-4ccd-8e83-120faa3e0df3	TCGA-UE-A6QU	Copy Number Variation	TXT	Genotyping Array	e5ce5621-9992-434a-9c83-22e221379e16	THREW_p_TCGAb_329_335_336_NSP_GenomeWideSNP_6_G04_1367204.grch38.seg.v2.txt	e5ce5621-9992-434a-9c83-22e221379e16
open	1cbcfbb0-fcad-4ccd-8e83-120faa3e0df3	TCGA-UE-A6QU	Copy Number Variation	TXT	Genotyping Array	0d65fb6e-0b48-4949-b597-3d315765f860	THREW_p_TCGAb_329_335_336_NSP_GenomeWideSNP_6_G04_1367204.nocnv_grch38.seg.v2.txt	0d65fb6e-0b48-4949-b597-3d315765f860
open	12bfd446-2ee5-4664-a492-c023d134f60f	TCGA-FX-A48G	Copy Number Variation	TSV	Genotyping Array	7d014434-63d5-446b-a501-32eb321a9e07	TCGA-SARC.673d65c1-c227-4c93-bc47-81bc18597422.gene_level_copy_number.v36.tsv	7d014434-63d5-446b-a501-32eb321a9e07
open	1007195a-7b6a-4575-b6d1-075d76a997ff	TCGA-DX-A6YR	Copy Number Variation	TXT	Genotyping Array	2d2c9fd4-6849-48ee-bc5a-4632c6339412	TAZZA_p_TCGAb3_62_63_64_65_NSP_GenomeWideSNP_6_C03_1387800.nocnv_grch38.seg.v2.txt	2d2c9fd4-6849-48ee-bc5a-4632c6339412
open	1007195a-7b6a-4575-b6d1-075d76a997ff	TCGA-DX-A6YR	Copy Number Variation	TXT	Genotyping Array	3e874871-ef7b-455e-a37f-41d1a69f7486	TAZZA_p_TCGAb3_62_63_64_65_NSP_GenomeWideSNP_6_C04_1387860.nocnv_grch38.seg.v2.txt	3e874871-ef7b-455e-a37f-41d1a69f7486
controlled	1cbcfbb0-fcad-4ccd-8e83-120faa3e0df3	TCGA-UE-A6QU	Copy Number Variation	CEL	Genotyping Array	d65d2434-8f98-4942-abd4-b480acedeb6f	THREW_p_TCGAb_329_335_336_NSP_GenomeWideSNP_6_G04_1367204.CEL	d65d2434-8f98-4942-abd4-b480acedeb6f
open	4c323272-2e94-4910-a894-7836570852cd	TCGA-QQ-A8VB	Copy Number Variation	TXT	Genotyping Array	7f9075d1-3d36-44d4-a875-8676db95e119	VISTA_p_TCGAb_383_384_NSP_GenomeWideSNP_6_A10_1464992.grch38.seg.v2.txt	7f9075d1-3d36-44d4-a875-8676db95e119
open	1cbcfbb0-fcad-4ccd-8e83-120faa3e0df3	TCGA-UE-A6QU	Copy Number Variation	TSV	Genotyping Array	338a64ec-7512-4b13-848c-cfd00318cacf	TCGA-SARC.58a9fc52-af4d-4f80-9a14-235faf1dfb46.gene_level_copy_number.v36.tsv	338a64ec-7512-4b13-848c-cfd00318cacf
open	4c323272-2e94-4910-a894-7836570852cd	TCGA-QQ-A8VB	Copy Number Variation	TXT	Genotyping Array	6c8a5ee4-c99c-443f-bf30-ab1e6a9d4ab5	VISTA_p_TCGAb_383_384_NSP_GenomeWideSNP_6_A11_1465002.grch38.seg.v2.txt	6c8a5ee4-c99c-443f-bf30-ab1e6a9d4ab5
open	16a4412f-0256-498d-b77b-4aecfed34091	TCGA-FX-A3TO	Copy Number Variation	TSV	Genotyping Array	59a02ee8-b0f4-40b4-bf36-90a5e2e4fc00	TCGA-SARC.90e8e5d6-e4fc-4f69-a746-a2305b5964f8.gene_level_copy_number.v36.tsv	59a02ee8-b0f4-40b4-bf36-90a5e2e4fc00
open	1007195a-7b6a-4575-b6d1-075d76a997ff	TCGA-DX-A6YR	Copy Number Variation	TXT	Genotyping Array	4837a040-7319-49e2-ab19-8c23f8f750cb	TCGA-SARC.e5d7e2bc-630c-4eb0-90cf-137dd1d8d0cd.ascat2.allelic_specific.seg.txt	4837a040-7319-49e2-ab19-8c23f8f750cb
controlled	4c323272-2e94-4910-a894-7836570852cd	TCGA-QQ-A8VB	Copy Number Variation	CEL	Genotyping Array	5b4f9b4e-edda-4500-842c-92320b5e6041	VISTA_p_TCGAb_383_384_NSP_GenomeWideSNP_6_A11_1465002.CEL	5b4f9b4e-edda-4500-842c-92320b5e6041
controlled	1cbcfbb0-fcad-4ccd-8e83-120faa3e0df3	TCGA-UE-A6QU	Simple Nucleotide Variation	TSV	Genotyping Array	43bcc590-703e-4e7d-bf2b-df807d37c33f	THREW_p_TCGAb_329_335_336_NSP_GenomeWideSNP_6_G04_1367204.birdseed.data.txt	43bcc590-703e-4e7d-bf2b-df807d37c33f
controlled	16a4412f-0256-498d-b77b-4aecfed34091	TCGA-FX-A3TO	Simple Nucleotide Variation	TSV	Genotyping Array	f6baa29e-4329-458e-af84-0b415c11db31	FLUES_p_TCGASNP_228_229_230_N_GenomeWideSNP_6_C12_1148814.birdseed.data.txt	f6baa29e-4329-458e-af84-0b415c11db31
open	16a4412f-0256-498d-b77b-4aecfed34091	TCGA-FX-A3TO	Copy Number Variation	TXT	Genotyping Array	057191ff-0cbb-407d-b97d-d47c866443c3	FLUES_p_TCGASNP_228_229_230_N_GenomeWideSNP_6_C12_1148814.grch38.seg.v2.txt	057191ff-0cbb-407d-b97d-d47c866443c3
controlled	16a4412f-0256-498d-b77b-4aecfed34091	TCGA-FX-A3TO	Copy Number Variation	CEL	Genotyping Array	ac497a6e-9ee5-4f98-942c-a3fc9b70eebf	FLUES_p_TCGASNP_228_229_230_N_GenomeWideSNP_6_C12_1148814.CEL	ac497a6e-9ee5-4f98-942c-a3fc9b70eebf
open	4c323272-2e94-4910-a894-7836570852cd	TCGA-QQ-A8VB	Copy Number Variation	TXT	Genotyping Array	8215af19-874a-4d3b-9cf9-bd7a55e4b54d	VISTA_p_TCGAb_383_384_NSP_GenomeWideSNP_6_A10_1464992.nocnv_grch38.seg.v2.txt	8215af19-874a-4d3b-9cf9-bd7a55e4b54d
controlled	17cecba9-37ed-4967-8756-e0f7c20c8209	TCGA-MJ-A850	Copy Number Variation	CEL	Genotyping Array	084aab42-8ea1-4d47-a0e1-ad08addb3faa	TAZZA_p_TCGAb3_62_63_64_65_NSP_GenomeWideSNP_6_B11_1387880.CEL	084aab42-8ea1-4d47-a0e1-ad08addb3faa
controlled	dcd4d76e-4e41-4a84-b87c-6c94586e73f4	TCGA-IS-A3K8	Copy Number Variation	CEL	Genotyping Array	ba4710c0-7d08-4e48-83ef-1c069449e282	MACON_p_TCGASNP_218_AML_PP_N_GenomeWideSNP_6_C05_1040040.CEL	ba4710c0-7d08-4e48-83ef-1c069449e282
open	dcd4d76e-4e41-4a84-b87c-6c94586e73f4	TCGA-IS-A3K8	Copy Number Variation	TXT	Genotyping Array	aabc78ec-7ccf-4ecb-a988-7af08e98ccd8	TCGA-SARC.2a38dd75-f4b4-4178-ba47-ebb2ef8551bd.ascat3.allelic_specific.seg.txt	aabc78ec-7ccf-4ecb-a988-7af08e98ccd8
open	dcd4d76e-4e41-4a84-b87c-6c94586e73f4	TCGA-IS-A3K8	Copy Number Variation	TXT	Genotyping Array	810840ed-c3bd-4e4e-912e-d7b1df49b3d8	MACON_p_TCGASNP_218_AML_PP_N_GenomeWideSNP_6_A03_1039986.nocnv_grch38.seg.v2.txt	810840ed-c3bd-4e4e-912e-d7b1df49b3d8
open	dcd4d76e-4e41-4a84-b87c-6c94586e73f4	TCGA-IS-A3K8	Copy Number Variation	TSV	Genotyping Array	f183e414-6084-41d9-b07d-6911cf37f867	TCGA-SARC.2a38dd75-f4b4-4178-ba47-ebb2ef8551bd.absolute_liftover.gene_level_copy_number.v36.tsv	f183e414-6084-41d9-b07d-6911cf37f867
controlled	2560fb5b-5f49-4d38-8f61-1ab911aed3eb	TCGA-SI-A71P	Simple Nucleotide Variation	TSV	Genotyping Array	d52e1ab2-0346-487f-b311-453bad99c098	MOWED_p_TCGAb3_39_40_41_42_STY_GenomeWideSNP_6_F10_1377508.birdseed.data.txt	d52e1ab2-0346-487f-b311-453bad99c098
controlled	dcd4d76e-4e41-4a84-b87c-6c94586e73f4	TCGA-IS-A3K8	Copy Number Variation	CEL	Genotyping Array	e8454a4d-c85d-4e57-9708-2ff82ce7d1c0	MACON_p_TCGASNP_218_AML_PP_N_GenomeWideSNP_6_A03_1039986.CEL	e8454a4d-c85d-4e57-9708-2ff82ce7d1c0
open	109df703-2865-4b4c-8e4b-badff8eb3f22	TCGA-HB-A3YV	Copy Number Variation	TXT	Genotyping Array	0afe7cd2-aa94-4b63-aa9a-9a213a2eecc1	YOGIN_p_TCGA_4_262_263_N_GenomeWideSNP_6_B12_1306202.grch38.seg.v2.txt	0afe7cd2-aa94-4b63-aa9a-9a213a2eecc1
open	109df703-2865-4b4c-8e4b-badff8eb3f22	TCGA-HB-A3YV	Copy Number Variation	TXT	Genotyping Array	ee66ecd1-9324-4339-924f-f18c73a9da58	YOGIN_p_TCGA_4_262_263_N_GenomeWideSNP_6_C04_1306218.nocnv_grch38.seg.v2.txt	ee66ecd1-9324-4339-924f-f18c73a9da58
open	17cecba9-37ed-4967-8756-e0f7c20c8209	TCGA-MJ-A850	Copy Number Variation	TXT	Genotyping Array	0996055c-c878-4368-8d35-9da333385336	TCGA-SARC.8b9cc077-d704-4164-9a94-dc3dbafad8ca.ascat3.allelic_specific.seg.txt	0996055c-c878-4368-8d35-9da333385336
controlled	ca0f032b-a34c-4a92-a403-bc7dc6eca8e9	TCGA-KF-A41W	Simple Nucleotide Variation	TSV	Genotyping Array	b4780dcb-cdc5-4001-acb3-c7d0b7ac978f	YOGIN_p_TCGA_4_262_263_N_GenomeWideSNP_6_C01_1306132.birdseed.data.txt	b4780dcb-cdc5-4001-acb3-c7d0b7ac978f
open	1db4962a-3cf7-4f36-bd60-46a1b63b6c20	TCGA-SG-A6Z4	Copy Number Variation	TXT	Genotyping Array	131a39fe-7c1e-4565-93d5-c13e83549d58	TCGA-SARC.16a00020-a856-4c90-8b5f-c8907b243df5.ascat3.allelic_specific.seg.txt	131a39fe-7c1e-4565-93d5-c13e83549d58
open	17cecba9-37ed-4967-8756-e0f7c20c8209	TCGA-MJ-A850	Copy Number Variation	TXT	Genotyping Array	e53ea7c8-6940-4448-9901-6740bd703c3b	TAZZA_p_TCGAb3_62_63_64_65_NSP_GenomeWideSNP_6_B12_1387890.nocnv_grch38.seg.v2.txt	e53ea7c8-6940-4448-9901-6740bd703c3b
controlled	ca0f032b-a34c-4a92-a403-bc7dc6eca8e9	TCGA-KF-A41W	Copy Number Variation	CEL	Genotyping Array	535c47eb-cfa3-4bfc-b544-ecdd18f22873	YOGIN_p_TCGA_4_262_263_N_GenomeWideSNP_6_B08_1306246.CEL	535c47eb-cfa3-4bfc-b544-ecdd18f22873
open	1a319d92-d5d4-41f7-8a10-2afb52513d83	TCGA-DX-A3U9	Copy Number Variation	TSV	Genotyping Array	eb214833-a5b0-44d8-8f40-7d34e4571703	TCGA-SARC.325289cc-4283-4b48-ae26-83c8cf5c475a.ascat3.gene_level_copy_number.v36.tsv	eb214833-a5b0-44d8-8f40-7d34e4571703
controlled	257dc623-41e1-4fa3-859c-c787db10bd60	TCGA-IS-A3KA	Copy Number Variation	CEL	Genotyping Array	4db8df54-7ecd-4747-b4e1-02f2f2023dd4	MACON_p_TCGASNP_218_AML_PP_N_GenomeWideSNP_6_B01_1039980.CEL	4db8df54-7ecd-4747-b4e1-02f2f2023dd4
open	1db4962a-3cf7-4f36-bd60-46a1b63b6c20	TCGA-SG-A6Z4	Copy Number Variation	TXT	Genotyping Array	41dbff7c-d7ca-4676-a538-400d78dcfd80	MOWED_p_TCGAb3_39_40_41_42_STY_GenomeWideSNP_6_G08_1377440.grch38.seg.v2.txt	41dbff7c-d7ca-4676-a538-400d78dcfd80
open	1a319d92-d5d4-41f7-8a10-2afb52513d83	TCGA-DX-A3U9	Copy Number Variation	TSV	Genotyping Array	99606bbf-3615-4e12-a397-b775abcffb68	TCGA-SARC.325289cc-4283-4b48-ae26-83c8cf5c475a.absolute_liftover.gene_level_copy_number.v36.tsv	99606bbf-3615-4e12-a397-b775abcffb68
open	257dc623-41e1-4fa3-859c-c787db10bd60	TCGA-IS-A3KA	Copy Number Variation	TSV	Genotyping Array	1d420102-a013-4d64-b9ef-095cf37c3684	TCGA-SARC.f84098f3-f23f-47ce-8a7c-621258e24021.gene_level_copy_number.v36.tsv	1d420102-a013-4d64-b9ef-095cf37c3684
open	ca0f032b-a34c-4a92-a403-bc7dc6eca8e9	TCGA-KF-A41W	Copy Number Variation	TSV	Genotyping Array	f85319fd-3d43-4c34-99a5-b0b4ea4f402a	TCGA-SARC.5f38663f-a033-4cd1-9962-33b2c23c3f65.gene_level_copy_number.v36.tsv	f85319fd-3d43-4c34-99a5-b0b4ea4f402a
controlled	2892ee84-ac7c-4e0e-8311-ce721d6afc32	TCGA-SG-A6Z7	Copy Number Variation	CEL	Genotyping Array	0124f8c0-15cc-4e7f-af3f-cb82e46bb598	THREW_p_TCGAb_329_335_336_NSP_GenomeWideSNP_6_F12_1367094.CEL	0124f8c0-15cc-4e7f-af3f-cb82e46bb598
controlled	ca0f032b-a34c-4a92-a403-bc7dc6eca8e9	TCGA-KF-A41W	Simple Nucleotide Variation	TSV	Genotyping Array	34bea81b-c5a2-46ad-9c14-023c4917eea1	YOGIN_p_TCGA_4_262_263_N_GenomeWideSNP_6_C05_1306140.birdseed.data.txt	34bea81b-c5a2-46ad-9c14-023c4917eea1
open	2e3665ef-d572-478f-9415-db61c3753613	TCGA-MB-A5YA	Copy Number Variation	TSV	Genotyping Array	1b87f6ce-6ceb-4fd9-a4f3-6f3094f61857	TCGA-SARC.cd2b6d57-f62b-405a-9d7e-b8f2081acec7.gene_level_copy_number.v36.tsv	1b87f6ce-6ceb-4fd9-a4f3-6f3094f61857
open	212c9acc-d5ad-4b31-91bc-7ab72233aec6	TCGA-DX-A23V	Copy Number Variation	TXT	Genotyping Array	a31d783b-fb9e-498a-a0f9-8da2777eb7ae	BURSA_p_TCGA_303_304_305_N_GenomeWideSNP_6_B01_1344754.grch38.seg.v2.txt	a31d783b-fb9e-498a-a0f9-8da2777eb7ae
open	2892ee84-ac7c-4e0e-8311-ce721d6afc32	TCGA-SG-A6Z7	Copy Number Variation	TXT	Genotyping Array	dd5141d6-d16e-491a-b09f-a1d9f622b667	THREW_p_TCGAb_329_335_336_NSP_GenomeWideSNP_6_F11_1367200.grch38.seg.v2.txt	dd5141d6-d16e-491a-b09f-a1d9f622b667
open	2e3665ef-d572-478f-9415-db61c3753613	TCGA-MB-A5YA	Copy Number Variation	TXT	Genotyping Array	e4e91306-16e8-48cc-8f25-2e04587dec25	BURSA_p_TCGA_303_304_305_N_GenomeWideSNP_6_B10_1344780.grch38.seg.v2.txt	e4e91306-16e8-48cc-8f25-2e04587dec25
open	2892ee84-ac7c-4e0e-8311-ce721d6afc32	TCGA-SG-A6Z7	Copy Number Variation	TXT	Genotyping Array	7b0c306d-afb0-4a4b-973d-e90833438c08	THREW_p_TCGAb_329_335_336_NSP_GenomeWideSNP_6_F12_1367094.nocnv_grch38.seg.v2.txt	7b0c306d-afb0-4a4b-973d-e90833438c08
open	a34cfb9c-44dd-4617-bbd1-28edc8d527c4	TCGA-MO-A47P	Copy Number Variation	TSV	Genotyping Array	aad716b0-4e53-4c93-ae2e-fe9efaba2d74	TCGA-SARC.284d8290-3263-4d8b-bb32-ba0c834cddf9.absolute_liftover.gene_level_copy_number.v36.tsv	aad716b0-4e53-4c93-ae2e-fe9efaba2d74
open	2e3665ef-d572-478f-9415-db61c3753613	TCGA-MB-A5YA	Copy Number Variation	TSV	Genotyping Array	40b621a1-df87-4906-8e0b-a32acef8e555	TCGA-SARC.cd2b6d57-f62b-405a-9d7e-b8f2081acec7.absolute_liftover.gene_level_copy_number.v36.tsv	40b621a1-df87-4906-8e0b-a32acef8e555
controlled	1ad65834-8bac-4b80-8b2e-2588548ea003	TCGA-DX-A6Z2	Simple Nucleotide Variation	TSV	Genotyping Array	e2ccc972-0384-4c2f-9e83-25f7902d6129	HONGS_p_TCGAb3_75_76_77_NSP_GenomeWideSNP_6_F04_1438266.birdseed.data.txt	e2ccc972-0384-4c2f-9e83-25f7902d6129
open	23409c1c-9fc2-4c54-8c94-e1aabe05c301	TCGA-DX-A2J1	Copy Number Variation	TSV	Genotyping Array	aaebc01b-f5c1-492b-bc1a-fe9d5d6d43f8	TCGA-SARC.3619340b-8184-4cca-8c4e-0124058aa019.absolute_liftover.gene_level_copy_number.v36.tsv	aaebc01b-f5c1-492b-bc1a-fe9d5d6d43f8
controlled	2e3665ef-d572-478f-9415-db61c3753613	TCGA-MB-A5YA	Simple Nucleotide Variation	TSV	Genotyping Array	39520995-7395-49f3-8af5-a026cef8cd52	BURSA_p_TCGA_303_304_305_N_GenomeWideSNP_6_B10_1344780.birdseed.data.txt	39520995-7395-49f3-8af5-a026cef8cd52
open	2e3665ef-d572-478f-9415-db61c3753613	TCGA-MB-A5YA	Copy Number Variation	TXT	Genotyping Array	6fb1c763-d8fa-4521-95cc-9d69a59c2145	BURSA_p_TCGA_303_304_305_N_GenomeWideSNP_6_B10_1344780.nocnv_grch38.seg.v2.txt	6fb1c763-d8fa-4521-95cc-9d69a59c2145
open	28c50a5c-e0ea-4f93-b34c-b0a651264539	TCGA-HS-A5N7	Copy Number Variation	TXT	Genotyping Array	fa9661c6-269e-4dbd-901a-107ae85b92ff	WAGER_p_TCGA_282_284_285_286_N_GenomeWideSNP_6_G09_1359058.nocnv_grch38.seg.v2.txt	fa9661c6-269e-4dbd-901a-107ae85b92ff
open	2e3b8aa0-80db-4cb5-b706-328d1401a65b	TCGA-DX-A48K	Copy Number Variation	TXT	Genotyping Array	a47cfaf4-d285-4bda-aa2f-0b17486ee9aa	SNOWS_p_TCGA_Batch_309_310_NSP_GenomeWideSNP_6_E04_1362092.grch38.seg.v2.txt	a47cfaf4-d285-4bda-aa2f-0b17486ee9aa
open	1c89da99-9e89-4726-b196-97eeab46d504	TCGA-X6-A7WC	Copy Number Variation	TXT	Genotyping Array	2aee4432-41ef-4bc8-a995-2c1008e185cb	TAZZA_p_TCGAb3_62_63_64_65_NSP_GenomeWideSNP_6_B05_1387924.nocnv_grch38.seg.v2.txt	2aee4432-41ef-4bc8-a995-2c1008e185cb
open	3ea1cbd8-f74a-4b14-aa49-23d5a47716ba	TCGA-IW-A3M6	Copy Number Variation	TXT	Genotyping Array	7342d80b-9da3-4acd-b39d-539b979c1381	MACON_p_TCGASNP_218_AML_PP_N_GenomeWideSNP_6_A12_1040120.nocnv_grch38.seg.v2.txt	7342d80b-9da3-4acd-b39d-539b979c1381
open	2a2f2663-d813-41ff-a4e2-dfe0f16d236d	TCGA-3B-A9HY	Copy Number Variation	TXT	Genotyping Array	ac6a4e44-f6e4-4aa7-861e-b9d78c4b62de	PRION_p_TCGAb_410_11_12_13_NSP_GenomeWideSNP_6_C04_1486686.grch38.seg.v2.txt	ac6a4e44-f6e4-4aa7-861e-b9d78c4b62de
controlled	2a2f2663-d813-41ff-a4e2-dfe0f16d236d	TCGA-3B-A9HY	Simple Nucleotide Variation	TSV	Genotyping Array	ff2be653-cc38-4a6c-a5e4-05330dd1c2c1	PRION_p_TCGAb_410_11_12_13_NSP_GenomeWideSNP_6_C04_1486686.birdseed.data.txt	ff2be653-cc38-4a6c-a5e4-05330dd1c2c1
open	2a2f2663-d813-41ff-a4e2-dfe0f16d236d	TCGA-3B-A9HY	Copy Number Variation	TXT	Genotyping Array	3a8009d7-69f7-4fa4-90c1-a7d5be2e70d2	TCGA-SARC.e1fa1873-2679-4815-acf6-f74dfe35cc47.ascat3.allelic_specific.seg.txt	3a8009d7-69f7-4fa4-90c1-a7d5be2e70d2
controlled	239505ce-f2f1-477e-8ae2-b7065989ba79	TCGA-K1-A6RT	Copy Number Variation	CEL	Genotyping Array	a483a48b-81e7-467d-bf3b-63b09b737f32	MOWED_p_TCGAb3_39_40_41_42_STY_GenomeWideSNP_6_G05_1377410.CEL	a483a48b-81e7-467d-bf3b-63b09b737f32
open	239505ce-f2f1-477e-8ae2-b7065989ba79	TCGA-K1-A6RT	Copy Number Variation	TXT	Genotyping Array	f9fa8a2d-8d39-427b-bad0-03e301c800a8	MOWED_p_TCGAb3_39_40_41_42_STY_GenomeWideSNP_6_G05_1377410.grch38.seg.v2.txt	f9fa8a2d-8d39-427b-bad0-03e301c800a8
controlled	32344f23-524b-4182-ae75-6ad6128eeba0	TCGA-IE-A4EH	Copy Number Variation	CEL	Genotyping Array	bc3570c0-e25e-4a41-8ddc-c43345c84b63	YOGIN_p_TCGA_4_262_263_N_GenomeWideSNP_6_A04_1306274.CEL	bc3570c0-e25e-4a41-8ddc-c43345c84b63
open	239505ce-f2f1-477e-8ae2-b7065989ba79	TCGA-K1-A6RT	Copy Number Variation	TXT	Genotyping Array	0ff766ab-a276-4370-a091-f7eac0092caa	MOWED_p_TCGAb3_39_40_41_42_STY_GenomeWideSNP_6_G05_1377410.nocnv_grch38.seg.v2.txt	0ff766ab-a276-4370-a091-f7eac0092caa
controlled	2ebfbd8e-7db2-4cd7-bf1c-a0c27fcf07e7	TCGA-QC-A7B5	Copy Number Variation	CEL	Genotyping Array	2c4ff85c-90c9-43ba-85a6-69013d155b7c	MOWED_p_TCGAb3_39_40_41_42_STY_GenomeWideSNP_6_H04_1377504.CEL	2c4ff85c-90c9-43ba-85a6-69013d155b7c
open	2a2f2663-d813-41ff-a4e2-dfe0f16d236d	TCGA-3B-A9HY	Copy Number Variation	TXT	Genotyping Array	64c3e41e-2f7b-494b-8df8-36e50aff6bb9	PRION_p_TCGAb_410_11_12_13_NSP_GenomeWideSNP_6_C04_1486686.nocnv_grch38.seg.v2.txt	64c3e41e-2f7b-494b-8df8-36e50aff6bb9
controlled	2a2f2663-d813-41ff-a4e2-dfe0f16d236d	TCGA-3B-A9HY	Simple Nucleotide Variation	TSV	Genotyping Array	eb6559fd-1337-46ce-99ba-0382bb1af0e3	PRION_p_TCGAb_410_11_12_13_NSP_GenomeWideSNP_6_C05_1486614.birdseed.data.txt	eb6559fd-1337-46ce-99ba-0382bb1af0e3
controlled	24d08a93-d078-407b-8d93-5f7a099821eb	TCGA-IE-A3OV	Copy Number Variation	CEL	Genotyping Array	27e7641e-b3e6-40cb-adf6-231a8e2f9c58	FLUES_p_TCGASNP_228_229_230_N_GenomeWideSNP_6_A01_1148852.CEL	27e7641e-b3e6-40cb-adf6-231a8e2f9c58
open	24d08a93-d078-407b-8d93-5f7a099821eb	TCGA-IE-A3OV	Copy Number Variation	TXT	Genotyping Array	826f5571-0f61-4da8-9798-4a9a4cb6718a	FLUES_p_TCGASNP_228_229_230_N_GenomeWideSNP_6_A01_1148852.grch38.seg.v2.txt	826f5571-0f61-4da8-9798-4a9a4cb6718a
open	2a2f2663-d813-41ff-a4e2-dfe0f16d236d	TCGA-3B-A9HY	Copy Number Variation	TSV	Genotyping Array	f552054d-e922-40c8-9310-e5045a9b4e13	TCGA-SARC.e1fa1873-2679-4815-acf6-f74dfe35cc47.absolute_liftover.gene_level_copy_number.v36.tsv	f552054d-e922-40c8-9310-e5045a9b4e13
open	32344f23-524b-4182-ae75-6ad6128eeba0	TCGA-IE-A4EH	Copy Number Variation	TSV	Genotyping Array	33992d4d-c7ce-46eb-9c77-ef3ffec0efed	TCGA-SARC.6d4f7b42-0796-4be3-8eda-0a866e282e1b.ascat3.gene_level_copy_number.v36.tsv	33992d4d-c7ce-46eb-9c77-ef3ffec0efed
open	2a2f2663-d813-41ff-a4e2-dfe0f16d236d	TCGA-3B-A9HY	Copy Number Variation	TXT	Genotyping Array	6bd873b9-d2f5-40ec-b6e7-6182cf75fd82	TCGA-SARC.e1fa1873-2679-4815-acf6-f74dfe35cc47.ascat2.allelic_specific.seg.txt	6bd873b9-d2f5-40ec-b6e7-6182cf75fd82
open	24d08a93-d078-407b-8d93-5f7a099821eb	TCGA-IE-A3OV	Copy Number Variation	TXT	Genotyping Array	8b6edbe3-769d-4808-b5ca-6d5a9453e20f	FLUES_p_TCGASNP_228_229_230_N_GenomeWideSNP_6_A01_1148852.nocnv_grch38.seg.v2.txt	8b6edbe3-769d-4808-b5ca-6d5a9453e20f
controlled	31397970-59d8-4ee8-83cf-901cd8ba17b3	TCGA-DX-A8BG	Simple Nucleotide Variation	TSV	Genotyping Array	c7089bcb-025b-4167-824a-6eda3086fc12	CUBES_p_TCGAb_425_426_427_NSP_GenomeWideSNP_6_F11_1514084.birdseed.data.txt	c7089bcb-025b-4167-824a-6eda3086fc12
open	2ebfbd8e-7db2-4cd7-bf1c-a0c27fcf07e7	TCGA-QC-A7B5	Copy Number Variation	TSV	Genotyping Array	eec073f4-be64-4e2b-a6b3-7f17fab4fb83	TCGA-SARC.c1d32241-7aa6-4d30-beca-d96db4ae0f90.ascat3.gene_level_copy_number.v36.tsv	eec073f4-be64-4e2b-a6b3-7f17fab4fb83
controlled	24d08a93-d078-407b-8d93-5f7a099821eb	TCGA-IE-A3OV	Simple Nucleotide Variation	TSV	Genotyping Array	badb3881-3b0f-4702-ac9a-dd3061645f1c	FLUES_p_TCGASNP_228_229_230_N_GenomeWideSNP_6_E08_1148954.birdseed.data.txt	badb3881-3b0f-4702-ac9a-dd3061645f1c
open	31397970-59d8-4ee8-83cf-901cd8ba17b3	TCGA-DX-A8BG	Copy Number Variation	TSV	Genotyping Array	d1423223-fe77-46af-a43c-9fe4c3f7e4ae	TCGA-SARC.0354dd0a-3de5-4926-be37-b050495fafc2.gene_level_copy_number.v36.tsv	d1423223-fe77-46af-a43c-9fe4c3f7e4ae
open	2ebfbd8e-7db2-4cd7-bf1c-a0c27fcf07e7	TCGA-QC-A7B5	Copy Number Variation	TXT	Genotyping Array	eeeb807d-d8c0-4a89-a1d0-0a182fe9fde9	SODDY_p_TCGAb3_39_40_41_42_NSP_GenomeWideSNP_6_H03_1374080.nocnv_grch38.seg.v2.txt	eeeb807d-d8c0-4a89-a1d0-0a182fe9fde9
open	2c9f737b-0d37-4931-aff5-4562a0057bae	TCGA-DX-A7EI	Copy Number Variation	TXT	Genotyping Array	f6e5e572-3aae-426c-be2d-61cd5b020bb6	MOWED_p_TCGAb3_39_40_41_42_STY_GenomeWideSNP_6_G09_1377518.nocnv_grch38.seg.v2.txt	f6e5e572-3aae-426c-be2d-61cd5b020bb6
open	31397970-59d8-4ee8-83cf-901cd8ba17b3	TCGA-DX-A8BG	Copy Number Variation	TXT	Genotyping Array	5fb249cd-c6a9-499d-972c-c3971145093b	CUBES_p_TCGAb_425_426_427_NSP_GenomeWideSNP_6_F10_1514058.grch38.seg.v2.txt	5fb249cd-c6a9-499d-972c-c3971145093b
controlled	2c9f737b-0d37-4931-aff5-4562a0057bae	TCGA-DX-A7EI	Copy Number Variation	CEL	Genotyping Array	fb0aa1db-443c-4aa7-a6ea-d63a7e36d4e9	MOWED_p_TCGAb3_39_40_41_42_STY_GenomeWideSNP_6_G10_1377506.CEL	fb0aa1db-443c-4aa7-a6ea-d63a7e36d4e9
controlled	31397970-59d8-4ee8-83cf-901cd8ba17b3	TCGA-DX-A8BG	Copy Number Variation	CEL	Genotyping Array	6c6be16d-91a9-40dd-bb2e-49d3f911353f	CUBES_p_TCGAb_425_426_427_NSP_GenomeWideSNP_6_F10_1514058.CEL	6c6be16d-91a9-40dd-bb2e-49d3f911353f
open	2ebfbd8e-7db2-4cd7-bf1c-a0c27fcf07e7	TCGA-QC-A7B5	Copy Number Variation	TSV	Genotyping Array	b21af630-bd6c-44cd-9864-7d3ac71079ab	TCGA-SARC.c1d32241-7aa6-4d30-beca-d96db4ae0f90.absolute_liftover.gene_level_copy_number.v36.tsv	b21af630-bd6c-44cd-9864-7d3ac71079ab
controlled	2948d657-e5dd-4d6e-91b5-88c54f73ac31	TCGA-HS-A5N9	Copy Number Variation	CEL	Genotyping Array	237dc9b8-6d78-4fd1-8664-2fa90451b129	WAGER_p_TCGA_282_284_285_286_N_GenomeWideSNP_6_H08_1347274.CEL	237dc9b8-6d78-4fd1-8664-2fa90451b129
open	319243bf-d96f-454f-b007-3468d76869df	TCGA-DX-A23Y	Copy Number Variation	TSV	Genotyping Array	4416bddc-4b92-46b9-8761-ae9a9846a7f7	TCGA-SARC.11967ba0-a030-4a07-9576-03f774e89959.absolute_liftover.gene_level_copy_number.v36.tsv	4416bddc-4b92-46b9-8761-ae9a9846a7f7
controlled	2ff01040-5270-4895-bbfa-5819b46ef444	TCGA-DX-A1KZ	Simple Nucleotide Variation	TSV	Genotyping Array	28f3f3a6-f571-44d3-9c66-cc586506df8a	YOGIN_p_TCGA_4_262_263_N_GenomeWideSNP_6_A01_1306128.birdseed.data.txt	28f3f3a6-f571-44d3-9c66-cc586506df8a
open	319243bf-d96f-454f-b007-3468d76869df	TCGA-DX-A23Y	Copy Number Variation	TXT	Genotyping Array	297067ce-8f41-4908-8a1e-1e5800c58b47	VIBES_p_TCGA_290_291_292_293_S_GenomeWideSNP_6_F09_1362554.nocnv_grch38.seg.v2.txt	297067ce-8f41-4908-8a1e-1e5800c58b47
open	2560fb5b-5f49-4d38-8f61-1ab911aed3eb	TCGA-SI-A71P	Copy Number Variation	TSV	Genotyping Array	430acdbd-e797-4d2b-b2c9-48a23d412606	TCGA-SARC.ceb4480a-f13b-40df-a89a-2e7cfa7a4b2d.absolute_liftover.gene_level_copy_number.v36.tsv	430acdbd-e797-4d2b-b2c9-48a23d412606
open	2cacd9d0-8414-4f17-8259-c9d838597f39	TCGA-DX-A3LW	Copy Number Variation	TSV	Genotyping Array	8f3a76a1-2f2d-4f26-96b5-26dda04c5b24	TCGA-SARC.f9c61f8b-163b-4059-92be-f2be0c1a8913.absolute_liftover.gene_level_copy_number.v36.tsv	8f3a76a1-2f2d-4f26-96b5-26dda04c5b24
open	2560fb5b-5f49-4d38-8f61-1ab911aed3eb	TCGA-SI-A71P	Copy Number Variation	TSV	Genotyping Array	9d3fd152-cd49-4225-87aa-d4f7dbf4e307	TCGA-SARC.ceb4480a-f13b-40df-a89a-2e7cfa7a4b2d.ascat3.gene_level_copy_number.v36.tsv	9d3fd152-cd49-4225-87aa-d4f7dbf4e307
controlled	2560fb5b-5f49-4d38-8f61-1ab911aed3eb	TCGA-SI-A71P	Copy Number Variation	CEL	Genotyping Array	3a0a2b34-dbfe-4642-847f-4cca3137fa8b	MOWED_p_TCGAb3_39_40_41_42_STY_GenomeWideSNP_6_F09_1377444.CEL	3a0a2b34-dbfe-4642-847f-4cca3137fa8b
open	3608bfbb-2a92-4ec2-a330-bf4790a8b65c	TCGA-DX-A240	Copy Number Variation	TXT	Genotyping Array	d20b1ca9-8fbf-438e-a5f4-adae43ad518e	TCGA-SARC.c6f8a3e8-59d4-4096-9e11-d699510f99fd.ascat3.allelic_specific.seg.txt	d20b1ca9-8fbf-438e-a5f4-adae43ad518e
controlled	2ff01040-5270-4895-bbfa-5819b46ef444	TCGA-DX-A1KZ	Copy Number Variation	CEL	Genotyping Array	ac34beeb-a01c-4c52-84fe-c4812aef98cd	YOGIN_p_TCGA_4_262_263_N_GenomeWideSNP_6_A05_1306124.CEL	ac34beeb-a01c-4c52-84fe-c4812aef98cd
open	319243bf-d96f-454f-b007-3468d76869df	TCGA-DX-A23Y	Copy Number Variation	TXT	Genotyping Array	4e138852-7fc6-452d-9bb0-07e8f2a05c05	VIBES_p_TCGA_290_291_292_293_S_GenomeWideSNP_6_F11_1362476.grch38.seg.v2.txt	4e138852-7fc6-452d-9bb0-07e8f2a05c05
open	3608bfbb-2a92-4ec2-a330-bf4790a8b65c	TCGA-DX-A240	Copy Number Variation	TXT	Genotyping Array	4e15b36a-ffe7-40ba-9422-ec65d17c8603	VIBES_p_TCGA_290_291_292_293_S_GenomeWideSNP_6_F08_1362496.nocnv_grch38.seg.v2.txt	4e15b36a-ffe7-40ba-9422-ec65d17c8603
controlled	2cacd9d0-8414-4f17-8259-c9d838597f39	TCGA-DX-A3LW	Simple Nucleotide Variation	TSV	Genotyping Array	6f79ff4e-df6a-489e-af30-e0b151b7064b	DLP_REDO_FROM_MACON_A01.birdseed.data.txt	6f79ff4e-df6a-489e-af30-e0b151b7064b
controlled	319243bf-d96f-454f-b007-3468d76869df	TCGA-DX-A23Y	Copy Number Variation	CEL	Genotyping Array	06964100-f1b5-4d70-946b-17cb116891a8	VIBES_p_TCGA_290_291_292_293_S_GenomeWideSNP_6_F09_1362554.CEL	06964100-f1b5-4d70-946b-17cb116891a8
open	32377dd2-c2a2-44ff-8938-b8cfb35db79c	TCGA-3B-A9HZ	Copy Number Variation	TSV	Genotyping Array	1bdd8e46-186e-4664-9a64-620e12bb4298	TCGA-SARC.be9c4467-f251-47b6-ad07-93ca9d58400d.absolute_liftover.gene_level_copy_number.v36.tsv	1bdd8e46-186e-4664-9a64-620e12bb4298
open	37ecc5e1-2b04-498e-af2d-6cf54e33ba49	TCGA-DX-A6BH	Copy Number Variation	TXT	Genotyping Array	7f152ae1-5786-49eb-9002-487c5effe849	SNOWS_p_TCGA_Batch_309_310_NSP_GenomeWideSNP_6_G07_1362030.nocnv_grch38.seg.v2.txt	7f152ae1-5786-49eb-9002-487c5effe849
controlled	32377dd2-c2a2-44ff-8938-b8cfb35db79c	TCGA-3B-A9HZ	Copy Number Variation	CEL	Genotyping Array	145d7159-290d-463b-93a9-5ef02f017223	PRION_p_TCGAb_410_11_12_13_NSP_GenomeWideSNP_6_F08_1486742.CEL	145d7159-290d-463b-93a9-5ef02f017223
open	37ecc5e1-2b04-498e-af2d-6cf54e33ba49	TCGA-DX-A6BH	Copy Number Variation	TSV	Genotyping Array	9e2eb259-537f-4aea-a2f6-716d5d6801f5	TCGA-SARC.e793f45a-e1f9-4760-af92-4b2d4118ce92.ascat3.gene_level_copy_number.v36.tsv	9e2eb259-537f-4aea-a2f6-716d5d6801f5
open	32377dd2-c2a2-44ff-8938-b8cfb35db79c	TCGA-3B-A9HZ	Copy Number Variation	TXT	Genotyping Array	0730b094-6b64-46ac-8992-709e1d7b6409	TCGA-SARC.be9c4467-f251-47b6-ad07-93ca9d58400d.ascat2.allelic_specific.seg.txt	0730b094-6b64-46ac-8992-709e1d7b6409
controlled	37ecc5e1-2b04-498e-af2d-6cf54e33ba49	TCGA-DX-A6BH	Simple Nucleotide Variation	TSV	Genotyping Array	4d486a7e-aa38-47cc-960b-e507684bac5d	SNOWS_p_TCGA_Batch_309_310_NSP_GenomeWideSNP_6_G07_1362030.birdseed.data.txt	4d486a7e-aa38-47cc-960b-e507684bac5d
open	2cacd9d0-8414-4f17-8259-c9d838597f39	TCGA-DX-A3LW	Copy Number Variation	TXT	Genotyping Array	2a676661-d57b-4e55-a6a1-0c1761a00f57	MACON_p_TCGASNP_218_AML_PP_N_GenomeWideSNP_6_B04_1039976.grch38.seg.v2.txt	2a676661-d57b-4e55-a6a1-0c1761a00f57
open	4482da24-bd16-4826-a9ea-1078bcb12411	TCGA-LI-A67I	Copy Number Variation	TXT	Genotyping Array	0399a4cd-9b89-451a-9605-4777f6d9fe8a	RICES_p_TCGA_Batch_310_311_NSP_GenomeWideSNP_6_A04_1361806.grch38.seg.v2.txt	0399a4cd-9b89-451a-9605-4777f6d9fe8a
controlled	4482da24-bd16-4826-a9ea-1078bcb12411	TCGA-LI-A67I	Copy Number Variation	CEL	Genotyping Array	06176b7a-0dfe-48c6-8156-e176940d53d8	RICES_p_TCGA_Batch_310_311_NSP_GenomeWideSNP_6_A04_1361806.CEL	06176b7a-0dfe-48c6-8156-e176940d53d8
controlled	32377dd2-c2a2-44ff-8938-b8cfb35db79c	TCGA-3B-A9HZ	Copy Number Variation	CEL	Genotyping Array	0da60bfd-a483-4070-8081-803a0d5a480b	PRION_p_TCGAb_410_11_12_13_NSP_GenomeWideSNP_6_F09_1486700.CEL	0da60bfd-a483-4070-8081-803a0d5a480b
open	2ff6aede-7bcd-440b-99ab-7a023faf658e	TCGA-DX-A2J0	Copy Number Variation	TXT	Genotyping Array	60016a8e-ad37-401d-84fa-1df203932034	DLP_REDO_FROM_MACON_C06.grch38.seg.v2.txt	60016a8e-ad37-401d-84fa-1df203932034
open	39e24241-cb1f-445e-b167-82ee44bfc14e	TCGA-X6-A8C3	Copy Number Variation	TXT	Genotyping Array	36d56a2b-39cc-4473-8c76-8984254cd587	TCGA-SARC.acb385f3-fc6b-48e1-af09-52a2baa1384f.ascat3.allelic_specific.seg.txt	36d56a2b-39cc-4473-8c76-8984254cd587
open	3239cd26-98ef-4470-9e2e-c43f03d9ab0d	TCGA-X6-A8C5	Copy Number Variation	TSV	Genotyping Array	c5402f1e-86f8-4e88-b91d-b3dbb0cba0d9	TCGA-SARC.2a1af1a0-e321-4d5d-937b-013a4faef870.absolute_liftover.gene_level_copy_number.v36.tsv	c5402f1e-86f8-4e88-b91d-b3dbb0cba0d9
open	3239cd26-98ef-4470-9e2e-c43f03d9ab0d	TCGA-X6-A8C5	Copy Number Variation	TSV	Genotyping Array	057c34ef-87e9-45aa-bf52-8c0c53b3835f	TCGA-SARC.2a1af1a0-e321-4d5d-937b-013a4faef870.ascat3.gene_level_copy_number.v36.tsv	057c34ef-87e9-45aa-bf52-8c0c53b3835f
open	4482da24-bd16-4826-a9ea-1078bcb12411	TCGA-LI-A67I	Copy Number Variation	TXT	Genotyping Array	1d7cbb5e-7d76-4c28-8fbb-09e4515966f7	RICES_p_TCGA_Batch_310_311_NSP_GenomeWideSNP_6_A04_1361806.nocnv_grch38.seg.v2.txt	1d7cbb5e-7d76-4c28-8fbb-09e4515966f7
open	39e24241-cb1f-445e-b167-82ee44bfc14e	TCGA-X6-A8C3	Copy Number Variation	TXT	Genotyping Array	f94c5988-aa30-4ccd-962c-e4f6b3d8319b	HONGS_p_TCGAb3_75_76_77_NSP_GenomeWideSNP_6_F06_1438152.grch38.seg.v2.txt	f94c5988-aa30-4ccd-962c-e4f6b3d8319b
controlled	39e24241-cb1f-445e-b167-82ee44bfc14e	TCGA-X6-A8C3	Simple Nucleotide Variation	TSV	Genotyping Array	fa3c806d-2a07-4fba-a3bb-47ea9a21a841	HONGS_p_TCGAb3_75_76_77_NSP_GenomeWideSNP_6_F06_1438152.birdseed.data.txt	fa3c806d-2a07-4fba-a3bb-47ea9a21a841
open	2d468c02-45f7-4b4b-920a-557ae6c91a43	TCGA-DX-AB2W	Copy Number Variation	TXT	Genotyping Array	825ed480-04df-40af-b727-e68e81641475	PRION_p_TCGAb_410_11_12_13_NSP_GenomeWideSNP_6_E09_1486672.nocnv_grch38.seg.v2.txt	825ed480-04df-40af-b727-e68e81641475
open	3239cd26-98ef-4470-9e2e-c43f03d9ab0d	TCGA-X6-A8C5	Copy Number Variation	TSV	Genotyping Array	b8484f97-4859-4be7-843d-6613d658948a	TCGA-SARC.2a1af1a0-e321-4d5d-937b-013a4faef870.gene_level_copy_number.v36.tsv	b8484f97-4859-4be7-843d-6613d658948a
controlled	2d468c02-45f7-4b4b-920a-557ae6c91a43	TCGA-DX-AB2W	Simple Nucleotide Variation	TSV	Genotyping Array	8ee25b6f-b3af-406f-bc32-06952dee3b20	PRION_p_TCGAb_410_11_12_13_NSP_GenomeWideSNP_6_E09_1486672.birdseed.data.txt	8ee25b6f-b3af-406f-bc32-06952dee3b20
controlled	479d7a5a-63dc-412b-9075-920525334fe7	TCGA-WK-A8XT	Copy Number Variation	CEL	Genotyping Array	af68dcba-d303-4564-866c-4f9d0ab6af5b	VISTA_p_TCGAb_383_384_NSP_GenomeWideSNP_6_A09_1464916.CEL	af68dcba-d303-4564-866c-4f9d0ab6af5b
controlled	479d7a5a-63dc-412b-9075-920525334fe7	TCGA-WK-A8XT	Simple Nucleotide Variation	TSV	Genotyping Array	497df9aa-bf2d-4b44-bbd5-6c2be4022cc9	VISTA_p_TCGAb_383_384_NSP_GenomeWideSNP_6_A08_1464836.birdseed.data.txt	497df9aa-bf2d-4b44-bbd5-6c2be4022cc9
controlled	306c53fb-640d-42ad-889a-abc5fd3ad778	TCGA-K1-A6RU	Copy Number Variation	CEL	Genotyping Array	65ebcba2-b380-440f-bb52-46a9c147f2a2	THREW_p_TCGAb_329_335_336_NSP_GenomeWideSNP_6_E06_1367146.CEL	65ebcba2-b380-440f-bb52-46a9c147f2a2
controlled	34a1c0a8-3af7-48a7-b9dd-91c551ac5ce7	TCGA-DX-AB2G	Copy Number Variation	CEL	Genotyping Array	41df8f3f-c836-4dc3-892d-6577d3c37a03	PRION_p_TCGAb_410_11_12_13_NSP_GenomeWideSNP_6_F06_1486588.CEL	41df8f3f-c836-4dc3-892d-6577d3c37a03
controlled	39f68467-3d37-4b19-aa43-ed7b120c619d	TCGA-DX-A3LS	Simple Nucleotide Variation	TSV	Genotyping Array	905ffce4-84c3-4258-824a-8c645aaa885d	MACON_p_TCGASNP_218_AML_PP_N_GenomeWideSNP_6_B08_1040034.birdseed.data.txt	905ffce4-84c3-4258-824a-8c645aaa885d
open	479d7a5a-63dc-412b-9075-920525334fe7	TCGA-WK-A8XT	Copy Number Variation	TSV	Genotyping Array	70cc02fb-8b06-47a3-a416-e4f48b09f831	TCGA-SARC.bdabad1e-ef72-421f-81dd-d073e9b0ee1d.absolute_liftover.gene_level_copy_number.v36.tsv	70cc02fb-8b06-47a3-a416-e4f48b09f831
open	306c53fb-640d-42ad-889a-abc5fd3ad778	TCGA-K1-A6RU	Copy Number Variation	TXT	Genotyping Array	7b45d0f3-c251-46df-b352-c96f8b817495	THREW_p_TCGAb_329_335_336_NSP_GenomeWideSNP_6_E06_1367146.nocnv_grch38.seg.v2.txt	7b45d0f3-c251-46df-b352-c96f8b817495
open	39f68467-3d37-4b19-aa43-ed7b120c619d	TCGA-DX-A3LS	Copy Number Variation	TXT	Genotyping Array	1922d47e-01e5-4812-99fe-c00f1101ad48	TCGA-SARC.0bce492e-f15f-4fb4-b88b-0a32887bdc49.ascat2.allelic_specific.seg.txt	1922d47e-01e5-4812-99fe-c00f1101ad48
open	479d7a5a-63dc-412b-9075-920525334fe7	TCGA-WK-A8XT	Copy Number Variation	TSV	Genotyping Array	faaed4a0-f661-489c-823d-1c1c6e500c20	TCGA-SARC.bdabad1e-ef72-421f-81dd-d073e9b0ee1d.ascat3.gene_level_copy_number.v36.tsv	faaed4a0-f661-489c-823d-1c1c6e500c20
open	47a0e4a8-140f-475c-878d-8e03df3f82de	TCGA-DX-A7ET	Copy Number Variation	TSV	Genotyping Array	f5e8b3aa-c77b-426d-87f4-97e2635f4024	TCGA-SARC.8f9de030-7765-4971-a307-418e05d6e9c2.ascat3.gene_level_copy_number.v36.tsv	f5e8b3aa-c77b-426d-87f4-97e2635f4024
open	30cade9c-a0e0-4be6-9dab-1c495630fd1a	TCGA-FX-A8OO	Copy Number Variation	TSV	Genotyping Array	cc26d439-4eb5-4730-89d2-44e70c929906	TCGA-SARC.f5ecfb68-e0f3-4d43-8a8a-5b55b71aa60c.gene_level_copy_number.v36.tsv	cc26d439-4eb5-4730-89d2-44e70c929906
controlled	34a1c0a8-3af7-48a7-b9dd-91c551ac5ce7	TCGA-DX-AB2G	Simple Nucleotide Variation	TSV	Genotyping Array	ffb1ae07-d1a6-44b7-a151-a1462ef667d2	PRION_p_TCGAb_410_11_12_13_NSP_GenomeWideSNP_6_F06_1486588.birdseed.data.txt	ffb1ae07-d1a6-44b7-a151-a1462ef667d2
controlled	30cade9c-a0e0-4be6-9dab-1c495630fd1a	TCGA-FX-A8OO	Copy Number Variation	CEL	Genotyping Array	cf426a00-a5b5-486d-8e86-02deb598eff0	HONGS_p_TCGAb3_75_76_77_NSP_GenomeWideSNP_6_H02_1438278.CEL	cf426a00-a5b5-486d-8e86-02deb598eff0
open	30cade9c-a0e0-4be6-9dab-1c495630fd1a	TCGA-FX-A8OO	Copy Number Variation	TXT	Genotyping Array	5c937cf5-ecb3-4320-b688-bd1a3fe4a1e2	HONGS_p_TCGAb3_75_76_77_NSP_GenomeWideSNP_6_F05_1438282.nocnv_grch38.seg.v2.txt	5c937cf5-ecb3-4320-b688-bd1a3fe4a1e2
open	34a1c0a8-3af7-48a7-b9dd-91c551ac5ce7	TCGA-DX-AB2G	Copy Number Variation	TXT	Genotyping Array	19b21451-283d-45d6-b932-0ef71f801ea5	PRION_p_TCGAb_410_11_12_13_NSP_GenomeWideSNP_6_F06_1486588.grch38.seg.v2.txt	19b21451-283d-45d6-b932-0ef71f801ea5
open	30cade9c-a0e0-4be6-9dab-1c495630fd1a	TCGA-FX-A8OO	Copy Number Variation	TSV	Genotyping Array	7bd490bc-ff7e-4ab2-8845-3d452817fb52	TCGA-SARC.f5ecfb68-e0f3-4d43-8a8a-5b55b71aa60c.ascat3.gene_level_copy_number.v36.tsv	7bd490bc-ff7e-4ab2-8845-3d452817fb52
open	39f68467-3d37-4b19-aa43-ed7b120c619d	TCGA-DX-A3LS	Copy Number Variation	TXT	Genotyping Array	8b97438a-433a-41ed-8fe1-a4fb48f41f53	MACON_p_TCGASNP_218_AML_PP_N_GenomeWideSNP_6_A11_1040076.nocnv_grch38.seg.v2.txt	8b97438a-433a-41ed-8fe1-a4fb48f41f53
open	30cade9c-a0e0-4be6-9dab-1c495630fd1a	TCGA-FX-A8OO	Copy Number Variation	TSV	Genotyping Array	352cfe5b-b549-4d04-9b49-ea9dac73eae3	TCGA-SARC.f5ecfb68-e0f3-4d43-8a8a-5b55b71aa60c.absolute_liftover.gene_level_copy_number.v36.tsv	352cfe5b-b549-4d04-9b49-ea9dac73eae3
open	34c39a6b-db6a-47e5-b0d4-5fa990ef7eb8	TCGA-3B-A9HI	Copy Number Variation	TXT	Genotyping Array	453d4c27-416d-4670-910c-1a24bd27a32e	TCGA-SARC.60785c89-6561-4826-a79a-d024e58aa15d.ascat2.allelic_specific.seg.txt	453d4c27-416d-4670-910c-1a24bd27a32e
open	34c39a6b-db6a-47e5-b0d4-5fa990ef7eb8	TCGA-3B-A9HI	Copy Number Variation	TXT	Genotyping Array	619dea72-ba4d-41bd-9bae-9b6f7da5b576	ENATE_p_TCGAb_394_395_396_NSP_GenomeWideSNP_6_E10_1474174.nocnv_grch38.seg.v2.txt	619dea72-ba4d-41bd-9bae-9b6f7da5b576
open	30cade9c-a0e0-4be6-9dab-1c495630fd1a	TCGA-FX-A8OO	Copy Number Variation	TXT	Genotyping Array	e26ba8f6-9856-4fce-8dd7-b44adc7614b8	TCGA-SARC.f5ecfb68-e0f3-4d43-8a8a-5b55b71aa60c.ascat3.allelic_specific.seg.txt	e26ba8f6-9856-4fce-8dd7-b44adc7614b8
controlled	34c39a6b-db6a-47e5-b0d4-5fa990ef7eb8	TCGA-3B-A9HI	Simple Nucleotide Variation	TSV	Genotyping Array	a8c2b707-3492-42f8-9953-d0b0e8bfd2dd	ENATE_p_TCGAb_394_395_396_NSP_GenomeWideSNP_6_E10_1474174.birdseed.data.txt	a8c2b707-3492-42f8-9953-d0b0e8bfd2dd
open	47f18eee-3e56-4388-aac3-9ac141bcb414	TCGA-DX-A8BN	Copy Number Variation	TXT	Genotyping Array	28111fbe-92b4-4893-98ee-7805c97a3ced	TCGA-SARC.19098956-10c1-4bc3-9508-ea862dafa0a6.ascat2.allelic_specific.seg.txt	28111fbe-92b4-4893-98ee-7805c97a3ced
controlled	4d016bd8-006c-4a90-ace7-28f151624112	TCGA-QQ-A8VF	Copy Number Variation	CEL	Genotyping Array	b818a9ad-33bf-48f1-a2d6-bb97cdd21c28	VISTA_p_TCGAb_383_384_NSP_GenomeWideSNP_6_A02_1465012.CEL	b818a9ad-33bf-48f1-a2d6-bb97cdd21c28
controlled	34c39a6b-db6a-47e5-b0d4-5fa990ef7eb8	TCGA-3B-A9HI	Copy Number Variation	CEL	Genotyping Array	91c06e01-9487-4b8d-ae14-02a592affa77	ENATE_p_TCGAb_394_395_396_NSP_GenomeWideSNP_6_E10_1474174.CEL	91c06e01-9487-4b8d-ae14-02a592affa77
controlled	47f18eee-3e56-4388-aac3-9ac141bcb414	TCGA-DX-A8BN	Copy Number Variation	CEL	Genotyping Array	3dc9604e-6ef6-490e-a221-20aa4fa1a978	VISTA_p_TCGAb_383_384_NSP_GenomeWideSNP_6_C11_1464868.CEL	3dc9604e-6ef6-490e-a221-20aa4fa1a978
open	47f18eee-3e56-4388-aac3-9ac141bcb414	TCGA-DX-A8BN	Copy Number Variation	TXT	Genotyping Array	937fedfc-5359-46e0-9418-8c9bd05aedc7	TCGA-SARC.19098956-10c1-4bc3-9508-ea862dafa0a6.ascat3.allelic_specific.seg.txt	937fedfc-5359-46e0-9418-8c9bd05aedc7
open	4d016bd8-006c-4a90-ace7-28f151624112	TCGA-QQ-A8VF	Copy Number Variation	TXT	Genotyping Array	96efa018-6b06-46a8-86a1-9487f5bc234a	VISTA_p_TCGAb_383_384_NSP_GenomeWideSNP_6_A02_1465012.nocnv_grch38.seg.v2.txt	96efa018-6b06-46a8-86a1-9487f5bc234a
open	47f18eee-3e56-4388-aac3-9ac141bcb414	TCGA-DX-A8BN	Copy Number Variation	TSV	Genotyping Array	1a64fb46-cfbe-4eac-9d24-f05cdcacb5b4	TCGA-SARC.19098956-10c1-4bc3-9508-ea862dafa0a6.ascat3.gene_level_copy_number.v36.tsv	1a64fb46-cfbe-4eac-9d24-f05cdcacb5b4
open	3505f91d-bc66-4732-84b6-18c5b32ca6b8	TCGA-DX-A3LY	Copy Number Variation	TSV	Genotyping Array	29c0eb0e-be61-4115-9822-bdf7a0007545	TCGA-SARC.415a058a-072a-4088-baa5-7387efd002ed.absolute_liftover.gene_level_copy_number.v36.tsv	29c0eb0e-be61-4115-9822-bdf7a0007545
open	3505f91d-bc66-4732-84b6-18c5b32ca6b8	TCGA-DX-A3LY	Copy Number Variation	TXT	Genotyping Array	8b3e208b-80a2-44c7-9fb8-8bf33a49aeef	VIBES_p_TCGA_290_291_292_293_S_GenomeWideSNP_6_G01_1362428.grch38.seg.v2.txt	8b3e208b-80a2-44c7-9fb8-8bf33a49aeef
open	47f18eee-3e56-4388-aac3-9ac141bcb414	TCGA-DX-A8BN	Copy Number Variation	TSV	Genotyping Array	e0b7f98a-c756-441a-8c6f-118b80b34d0b	TCGA-SARC.19098956-10c1-4bc3-9508-ea862dafa0a6.absolute_liftover.gene_level_copy_number.v36.tsv	e0b7f98a-c756-441a-8c6f-118b80b34d0b
open	3505f91d-bc66-4732-84b6-18c5b32ca6b8	TCGA-DX-A3LY	Copy Number Variation	TSV	Genotyping Array	0fb4c3a2-0d2b-4d45-8f82-d0628d110222	TCGA-SARC.415a058a-072a-4088-baa5-7387efd002ed.gene_level_copy_number.v36.tsv	0fb4c3a2-0d2b-4d45-8f82-d0628d110222
open	3a835214-6fc7-4921-b014-f91decfc25f4	TCGA-DX-A23Z	Copy Number Variation	TXT	Genotyping Array	54c702f0-7e2b-43eb-9fc5-2c458dbce838	VIBES_p_TCGA_290_291_292_293_S_GenomeWideSNP_6_F04_1362562.grch38.seg.v2.txt	54c702f0-7e2b-43eb-9fc5-2c458dbce838
controlled	3a835214-6fc7-4921-b014-f91decfc25f4	TCGA-DX-A23Z	Simple Nucleotide Variation	TSV	Genotyping Array	3785bbab-6ecc-4318-952e-38032e52e203	VIBES_p_TCGA_290_291_292_293_S_GenomeWideSNP_6_F04_1362562.birdseed.data.txt	3785bbab-6ecc-4318-952e-38032e52e203
open	3505f91d-bc66-4732-84b6-18c5b32ca6b8	TCGA-DX-A3LY	Copy Number Variation	TXT	Genotyping Array	e472e72c-560f-4c59-8772-513152d28099	SAVOR_p_TCGA_290_291_292_293_N_GenomeWideSNP_6_F12_1343344.nocnv_grch38.seg.v2.txt	e472e72c-560f-4c59-8772-513152d28099
controlled	3a835214-6fc7-4921-b014-f91decfc25f4	TCGA-DX-A23Z	Copy Number Variation	CEL	Genotyping Array	7a6e22ea-433a-40d5-8f81-7c21f95a9f9b	VIBES_p_TCGA_290_291_292_293_S_GenomeWideSNP_6_F04_1362562.CEL	7a6e22ea-433a-40d5-8f81-7c21f95a9f9b
controlled	3a835214-6fc7-4921-b014-f91decfc25f4	TCGA-DX-A23Z	Copy Number Variation	CEL	Genotyping Array	2c9f9d8f-95e6-457a-89a8-a991bdd200b5	VIBES_p_TCGA_290_291_292_293_S_GenomeWideSNP_6_F06_1362442.CEL	2c9f9d8f-95e6-457a-89a8-a991bdd200b5
open	47fb776c-7839-4590-8f2d-6d149a0f1782	TCGA-3B-A9HV	Copy Number Variation	TXT	Genotyping Array	cdd0d6a9-87b7-4fb3-9e80-f5259c86288c	PRION_p_TCGAb_410_11_12_13_NSP_GenomeWideSNP_6_D02_1486732.grch38.seg.v2.txt	cdd0d6a9-87b7-4fb3-9e80-f5259c86288c
controlled	47fb776c-7839-4590-8f2d-6d149a0f1782	TCGA-3B-A9HV	Copy Number Variation	CEL	Genotyping Array	d4483399-2e62-4777-81fb-3e087e54919b	PRION_p_TCGAb_410_11_12_13_NSP_GenomeWideSNP_6_D02_1486732.CEL	d4483399-2e62-4777-81fb-3e087e54919b
open	4d67b910-6681-45a4-9dac-6a12d67287a8	TCGA-VT-AB3D	Copy Number Variation	TSV	Genotyping Array	50af9d4a-cdd3-4db7-8bd5-e7d69c0c9f4b	TCGA-SARC.051411d6-149b-4a3c-90db-3632fca27ff2.absolute_liftover.gene_level_copy_number.v36.tsv	50af9d4a-cdd3-4db7-8bd5-e7d69c0c9f4b
open	4d67b910-6681-45a4-9dac-6a12d67287a8	TCGA-VT-AB3D	Copy Number Variation	TXT	Genotyping Array	de006b16-7f35-43c4-8108-88733d5f3a10	TCGA-SARC.051411d6-149b-4a3c-90db-3632fca27ff2.ascat3.allelic_specific.seg.txt	de006b16-7f35-43c4-8108-88733d5f3a10
open	47fb776c-7839-4590-8f2d-6d149a0f1782	TCGA-3B-A9HV	Copy Number Variation	TXT	Genotyping Array	1f870927-8d28-45c3-a0b0-c9aeac4dd7dc	PRION_p_TCGAb_410_11_12_13_NSP_GenomeWideSNP_6_D03_1486656.nocnv_grch38.seg.v2.txt	1f870927-8d28-45c3-a0b0-c9aeac4dd7dc
open	4d67b910-6681-45a4-9dac-6a12d67287a8	TCGA-VT-AB3D	Copy Number Variation	TSV	Genotyping Array	f347ca4c-9b79-46df-89e8-bca10acf9e2a	TCGA-SARC.051411d6-149b-4a3c-90db-3632fca27ff2.ascat3.gene_level_copy_number.v36.tsv	f347ca4c-9b79-46df-89e8-bca10acf9e2a
open	3a96e833-996a-4319-83f1-326b96f4ee80	TCGA-FX-A76Y	Copy Number Variation	TXT	Genotyping Array	d7056e70-0d1b-4ba6-94e1-784df2a62b5c	TCGA-SARC.7b75decd-ac9b-4cab-bddc-293569eb4ad1.ascat3.allelic_specific.seg.txt	d7056e70-0d1b-4ba6-94e1-784df2a62b5c
open	47fb776c-7839-4590-8f2d-6d149a0f1782	TCGA-3B-A9HV	Copy Number Variation	TSV	Genotyping Array	0b82dc64-4f60-4bb0-9f2b-817d5eda563f	TCGA-SARC.6861a568-0744-4802-900b-6b81e3de8a66.ascat3.gene_level_copy_number.v36.tsv	0b82dc64-4f60-4bb0-9f2b-817d5eda563f
open	3608bfbb-2a92-4ec2-a330-bf4790a8b65c	TCGA-DX-A240	Copy Number Variation	TSV	Genotyping Array	2abcd78a-57c5-4e70-a2eb-342a0506fbb0	TCGA-SARC.c6f8a3e8-59d4-4096-9e11-d699510f99fd.gene_level_copy_number.v36.tsv	2abcd78a-57c5-4e70-a2eb-342a0506fbb0
open	3608bfbb-2a92-4ec2-a330-bf4790a8b65c	TCGA-DX-A240	Copy Number Variation	TXT	Genotyping Array	3fbff675-b74a-4af5-b480-9af7231cf39e	VIBES_p_TCGA_290_291_292_293_S_GenomeWideSNP_6_F10_1362424.nocnv_grch38.seg.v2.txt	3fbff675-b74a-4af5-b480-9af7231cf39e
controlled	3a96e833-996a-4319-83f1-326b96f4ee80	TCGA-FX-A76Y	Copy Number Variation	CEL	Genotyping Array	eb705c7c-a9bd-4978-9e4b-339b7d2a1682	TAZZA_p_TCGAb3_62_63_64_65_NSP_GenomeWideSNP_6_C06_1387856.CEL	eb705c7c-a9bd-4978-9e4b-339b7d2a1682
controlled	3608bfbb-2a92-4ec2-a330-bf4790a8b65c	TCGA-DX-A240	Copy Number Variation	CEL	Genotyping Array	c87b013b-ea56-43cd-8895-891972864f09	VIBES_p_TCGA_290_291_292_293_S_GenomeWideSNP_6_F10_1362424.CEL	c87b013b-ea56-43cd-8895-891972864f09
controlled	4dc28966-d2c4-4661-b71f-d7f85e536cb6	TCGA-DX-A6BA	Copy Number Variation	CEL	Genotyping Array	f9596ebf-13b7-41b4-b596-ee662afbdd47	SNOWS_p_TCGA_Batch_309_310_NSP_GenomeWideSNP_6_G01_1362176.CEL	f9596ebf-13b7-41b4-b596-ee662afbdd47
controlled	4996e458-db04-4c6d-9ae6-66316240a8ed	TCGA-DX-A8BU	Copy Number Variation	CEL	Genotyping Array	4a07f0de-cc00-4665-a76e-a4542429973b	BREWS_p_TCGAb_382_383_NSP_GenomeWideSNP_6_H11_1465182.CEL	4a07f0de-cc00-4665-a76e-a4542429973b
open	3a96e833-996a-4319-83f1-326b96f4ee80	TCGA-FX-A76Y	Copy Number Variation	TSV	Genotyping Array	2c4e2cef-c077-4978-8e58-0a6c07f4628e	TCGA-SARC.7b75decd-ac9b-4cab-bddc-293569eb4ad1.ascat3.gene_level_copy_number.v36.tsv	2c4e2cef-c077-4978-8e58-0a6c07f4628e
controlled	3608bfbb-2a92-4ec2-a330-bf4790a8b65c	TCGA-DX-A240	Simple Nucleotide Variation	TSV	Genotyping Array	e1e7aae7-c347-488b-b61f-f694426968c4	VIBES_p_TCGA_290_291_292_293_S_GenomeWideSNP_6_F08_1362496.birdseed.data.txt	e1e7aae7-c347-488b-b61f-f694426968c4
controlled	8c279bc5-117e-440b-b118-af01fc6c11a2	TCGA-MB-A8JK	Copy Number Variation	CEL	Genotyping Array	6e239886-f373-4b63-99bf-5b8eb950885a	HONGS_p_TCGAb3_75_76_77_NSP_GenomeWideSNP_6_H05_1438182.CEL	6e239886-f373-4b63-99bf-5b8eb950885a
controlled	83488a9c-6b28-4a48-850a-2a2fa47ce25e	TCGA-DX-A8BK	Simple Nucleotide Variation	TSV	Genotyping Array	5003f6ae-1a4b-45ca-97e1-aa41a501299d	VISTA_p_TCGAb_383_384_NSP_GenomeWideSNP_6_B08_1464848.birdseed.data.txt	5003f6ae-1a4b-45ca-97e1-aa41a501299d
open	8c279bc5-117e-440b-b118-af01fc6c11a2	TCGA-MB-A8JK	Copy Number Variation	TXT	Genotyping Array	cc77a452-e7bd-4c85-9657-d6524d8f17a5	HONGS_p_TCGAb3_75_76_77_NSP_GenomeWideSNP_6_H05_1438182.nocnv_grch38.seg.v2.txt	cc77a452-e7bd-4c85-9657-d6524d8f17a5
open	8fabdaf2-00b1-4d41-a27b-f4aa13f7b451	TCGA-DX-A3M2	Copy Number Variation	TXT	Genotyping Array	ee409db7-43a4-4fdf-8f3d-ce03acea68b9	TCGA-SARC.c2ac4d7c-9026-4e15-bbfb-fda0f7255c6c.ascat2.allelic_specific.seg.txt	ee409db7-43a4-4fdf-8f3d-ce03acea68b9
controlled	83488a9c-6b28-4a48-850a-2a2fa47ce25e	TCGA-DX-A8BK	Copy Number Variation	CEL	Genotyping Array	268c8623-fe96-4c05-a55d-25b34ccad416	VISTA_p_TCGAb_383_384_NSP_GenomeWideSNP_6_B08_1464848.CEL	268c8623-fe96-4c05-a55d-25b34ccad416
controlled	7b5a66c5-17d2-487e-8ea3-81a00c836738	TCGA-DX-A8BP	Simple Nucleotide Variation	TSV	Genotyping Array	c09be7a1-62c1-4c06-8f9e-2a8cf9c13eb3	VISTA_p_TCGAb_383_384_NSP_GenomeWideSNP_6_D01_1464840.birdseed.data.txt	c09be7a1-62c1-4c06-8f9e-2a8cf9c13eb3
controlled	83488a9c-6b28-4a48-850a-2a2fa47ce25e	TCGA-DX-A8BK	Copy Number Variation	CEL	Genotyping Array	2dd91ff3-da4e-4992-b5fe-f7c13300316b	VISTA_p_TCGAb_383_384_NSP_GenomeWideSNP_6_B09_1464860.CEL	2dd91ff3-da4e-4992-b5fe-f7c13300316b
controlled	8fabdaf2-00b1-4d41-a27b-f4aa13f7b451	TCGA-DX-A3M2	Copy Number Variation	CEL	Genotyping Array	c66c16a9-27fd-442d-a551-83194cbf8d57	FLUES_p_TCGASNP_228_229_230_N_GenomeWideSNP_6_F06_1148932.CEL	c66c16a9-27fd-442d-a551-83194cbf8d57
open	8fabdaf2-00b1-4d41-a27b-f4aa13f7b451	TCGA-DX-A3M2	Copy Number Variation	TXT	Genotyping Array	2094c9df-c116-4fdc-9114-761b5515595c	FLUES_p_TCGASNP_228_229_230_N_GenomeWideSNP_6_F06_1148932.grch38.seg.v2.txt	2094c9df-c116-4fdc-9114-761b5515595c
controlled	8c279bc5-117e-440b-b118-af01fc6c11a2	TCGA-MB-A8JK	Simple Nucleotide Variation	TSV	Genotyping Array	fb1c01bd-390d-4f4f-b80b-41402b8412f3	HONGS_p_TCGAb3_75_76_77_NSP_GenomeWideSNP_6_H05_1438182.birdseed.data.txt	fb1c01bd-390d-4f4f-b80b-41402b8412f3
controlled	7b5a66c5-17d2-487e-8ea3-81a00c836738	TCGA-DX-A8BP	Simple Nucleotide Variation	TSV	Genotyping Array	b5f37c6c-64c3-4d00-bcab-f7eca663fee3	VISTA_p_TCGAb_383_384_NSP_GenomeWideSNP_6_C12_1464950.birdseed.data.txt	b5f37c6c-64c3-4d00-bcab-f7eca663fee3
controlled	8fabdaf2-00b1-4d41-a27b-f4aa13f7b451	TCGA-DX-A3M2	Copy Number Variation	CEL	Genotyping Array	275b29bf-d8a5-4fee-bbf1-a727f6efc69e	FLUES_p_TCGASNP_228_229_230_N_GenomeWideSNP_6_E10_1148834.CEL	275b29bf-d8a5-4fee-bbf1-a727f6efc69e
open	8654c2b5-27d7-43c5-9a39-7fdefd7a0324	TCGA-MO-A47R	Copy Number Variation	TXT	Genotyping Array	e53c49de-4221-4646-a053-0a7e15bc972a	YOGIN_p_TCGA_4_262_263_N_GenomeWideSNP_6_D03_1306162.grch38.seg.v2.txt	e53c49de-4221-4646-a053-0a7e15bc972a
open	8fabdaf2-00b1-4d41-a27b-f4aa13f7b451	TCGA-DX-A3M2	Copy Number Variation	TSV	Genotyping Array	387b96c6-04b7-4606-a227-3d402b9085ba	TCGA-SARC.c2ac4d7c-9026-4e15-bbfb-fda0f7255c6c.ascat3.gene_level_copy_number.v36.tsv	387b96c6-04b7-4606-a227-3d402b9085ba
open	83488a9c-6b28-4a48-850a-2a2fa47ce25e	TCGA-DX-A8BK	Copy Number Variation	TXT	Genotyping Array	448455d8-abf2-48b1-866e-d8281488550f	VISTA_p_TCGAb_383_384_NSP_GenomeWideSNP_6_B08_1464848.nocnv_grch38.seg.v2.txt	448455d8-abf2-48b1-866e-d8281488550f
controlled	8fc1fade-42aa-45d9-8ed3-2f7e73cb0936	TCGA-DX-A48N	Simple Nucleotide Variation	TSV	Genotyping Array	65a017b2-a8f9-4c1c-a997-4fccc9a224a0	SNOWS_p_TCGA_Batch_309_310_NSP_GenomeWideSNP_6_E09_1362168.birdseed.data.txt	65a017b2-a8f9-4c1c-a997-4fccc9a224a0
open	8c279bc5-117e-440b-b118-af01fc6c11a2	TCGA-MB-A8JK	Copy Number Variation	TXT	Genotyping Array	95a3fb0e-468f-4ae3-bc5a-61ebcdc14291	HONGS_p_TCGAb3_75_76_77_NSP_GenomeWideSNP_6_H05_1438182.grch38.seg.v2.txt	95a3fb0e-468f-4ae3-bc5a-61ebcdc14291
controlled	872244e2-d1ed-4a1d-9162-365f45e7f1a0	TCGA-DX-AB30	Simple Nucleotide Variation	TSV	Genotyping Array	adb4a5ab-cbb8-43c2-a7bc-4092d19db069	PRION_p_TCGAb_410_11_12_13_NSP_GenomeWideSNP_6_D07_1486740.birdseed.data.txt	adb4a5ab-cbb8-43c2-a7bc-4092d19db069
open	8c279bc5-117e-440b-b118-af01fc6c11a2	TCGA-MB-A8JK	Copy Number Variation	TXT	Genotyping Array	b81cc19a-eca1-4e60-8171-de84555873d3	HONGS_p_TCGAb3_75_76_77_NSP_GenomeWideSNP_6_F08_1438142.nocnv_grch38.seg.v2.txt	b81cc19a-eca1-4e60-8171-de84555873d3
open	8fc1fade-42aa-45d9-8ed3-2f7e73cb0936	TCGA-DX-A48N	Copy Number Variation	TXT	Genotyping Array	96e39e7b-3afc-4a45-aa4f-e88699448221	SNOWS_p_TCGA_Batch_309_310_NSP_GenomeWideSNP_6_E09_1362168.nocnv_grch38.seg.v2.txt	96e39e7b-3afc-4a45-aa4f-e88699448221
controlled	8c279bc5-117e-440b-b118-af01fc6c11a2	TCGA-MB-A8JK	Copy Number Variation	CEL	Genotyping Array	d372ec8b-51d9-4858-b78c-61b7b184b56b	HONGS_p_TCGAb3_75_76_77_NSP_GenomeWideSNP_6_F08_1438142.CEL	d372ec8b-51d9-4858-b78c-61b7b184b56b
open	872244e2-d1ed-4a1d-9162-365f45e7f1a0	TCGA-DX-AB30	Copy Number Variation	TXT	Genotyping Array	8a1a5ce5-a0bb-4877-b514-c0bfed34e290	TCGA-SARC.12095bc2-7c3e-41d2-9c15-23927a2766d0.ascat3.allelic_specific.seg.txt	8a1a5ce5-a0bb-4877-b514-c0bfed34e290
open	8c279bc5-117e-440b-b118-af01fc6c11a2	TCGA-MB-A8JK	Copy Number Variation	TSV	Genotyping Array	86bc365a-3cb9-4636-b368-ec5cedf96c70	TCGA-SARC.df99a19a-c11f-4969-a654-74edb515893d.absolute_liftover.gene_level_copy_number.v36.tsv	86bc365a-3cb9-4636-b368-ec5cedf96c70
open	8c279bc5-117e-440b-b118-af01fc6c11a2	TCGA-MB-A8JK	Copy Number Variation	TXT	Genotyping Array	9778b5f1-18b5-41d3-9714-e9bca2d77f96	TCGA-SARC.df99a19a-c11f-4969-a654-74edb515893d.ascat2.allelic_specific.seg.txt	9778b5f1-18b5-41d3-9714-e9bca2d77f96
controlled	8fc1fade-42aa-45d9-8ed3-2f7e73cb0936	TCGA-DX-A48N	Copy Number Variation	CEL	Genotyping Array	173a4ada-0c68-4df3-afce-013031e212ca	SNOWS_p_TCGA_Batch_309_310_NSP_GenomeWideSNP_6_E08_1362058.CEL	173a4ada-0c68-4df3-afce-013031e212ca
open	8fc1fade-42aa-45d9-8ed3-2f7e73cb0936	TCGA-DX-A48N	Copy Number Variation	TXT	Genotyping Array	095f413a-1386-466e-9c7f-ac51f6125eb7	SNOWS_p_TCGA_Batch_309_310_NSP_GenomeWideSNP_6_E08_1362058.nocnv_grch38.seg.v2.txt	095f413a-1386-466e-9c7f-ac51f6125eb7
open	872244e2-d1ed-4a1d-9162-365f45e7f1a0	TCGA-DX-AB30	Copy Number Variation	TXT	Genotyping Array	8abc50ae-3c08-43be-824b-7a5deb4aad70	TCGA-SARC.12095bc2-7c3e-41d2-9c15-23927a2766d0.ascat2.allelic_specific.seg.txt	8abc50ae-3c08-43be-824b-7a5deb4aad70
controlled	8c66f5f5-3e37-4353-b0f8-64b92a733da8	TCGA-DX-A1L4	Copy Number Variation	CEL	Genotyping Array	f6a92ebb-eac2-4d18-a4d0-46f3746ed0c2	WAGER_p_TCGA_282_284_285_286_N_GenomeWideSNP_6_G08_1358998.CEL	f6a92ebb-eac2-4d18-a4d0-46f3746ed0c2
open	90bc0f31-0ec2-4ceb-ad99-6be8f8b19180	TCGA-X6-A8C2	Copy Number Variation	TXT	Genotyping Array	e9e97801-b661-40e8-89ef-7f61678af7f4	HONGS_p_TCGAb3_75_76_77_NSP_GenomeWideSNP_6_G10_1438316.grch38.seg.v2.txt	e9e97801-b661-40e8-89ef-7f61678af7f4
open	8c66f5f5-3e37-4353-b0f8-64b92a733da8	TCGA-DX-A1L4	Copy Number Variation	TSV	Genotyping Array	e7d91d2f-70dc-44bf-bc08-5568a4e969f8	TCGA-SARC.d325e6b7-88c8-4b66-9bc6-9bed0d7c0b92.ascat3.gene_level_copy_number.v36.tsv	e7d91d2f-70dc-44bf-bc08-5568a4e969f8
open	872244e2-d1ed-4a1d-9162-365f45e7f1a0	TCGA-DX-AB30	Copy Number Variation	TSV	Genotyping Array	77c71cdd-a83c-4cbb-9de4-538fee123467	TCGA-SARC.12095bc2-7c3e-41d2-9c15-23927a2766d0.ascat3.gene_level_copy_number.v36.tsv	77c71cdd-a83c-4cbb-9de4-538fee123467
open	926176c2-0a8f-414a-a7b1-91734bdce6ae	TCGA-DX-A8BJ	Copy Number Variation	TXT	Genotyping Array	7dbeff87-df25-49e1-ba03-a373c7250310	CUBES_p_TCGAb_425_426_427_NSP_GenomeWideSNP_6_D07_1514024.nocnv_grch38.seg.v2.txt	7dbeff87-df25-49e1-ba03-a373c7250310
controlled	885b1b65-4280-4aab-a7f0-434b0317d86f	TCGA-IE-A6BZ	Simple Nucleotide Variation	TSV	Genotyping Array	5fa071a1-c1c3-4c27-b811-045afc9e88c4	RICES_p_TCGA_Batch_310_311_NSP_GenomeWideSNP_6_A01_1361834.birdseed.data.txt	5fa071a1-c1c3-4c27-b811-045afc9e88c4
controlled	90bc0f31-0ec2-4ceb-ad99-6be8f8b19180	TCGA-X6-A8C2	Copy Number Variation	CEL	Genotyping Array	f0ecbd99-ddfa-4c58-b16e-84c217a2b565	HONGS_p_TCGAb3_75_76_77_NSP_GenomeWideSNP_6_F03_1438160.CEL	f0ecbd99-ddfa-4c58-b16e-84c217a2b565
controlled	926176c2-0a8f-414a-a7b1-91734bdce6ae	TCGA-DX-A8BJ	Copy Number Variation	CEL	Genotyping Array	b50646d7-9881-4128-8e0f-eb941663eb74	CUBES_p_TCGAb_425_426_427_NSP_GenomeWideSNP_6_D06_1514078.CEL	b50646d7-9881-4128-8e0f-eb941663eb74
open	8c66f5f5-3e37-4353-b0f8-64b92a733da8	TCGA-DX-A1L4	Copy Number Variation	TXT	Genotyping Array	15a6c36d-25d4-4423-bab4-346af3746db7	TCGA-SARC.d325e6b7-88c8-4b66-9bc6-9bed0d7c0b92.ascat2.allelic_specific.seg.txt	15a6c36d-25d4-4423-bab4-346af3746db7
controlled	926176c2-0a8f-414a-a7b1-91734bdce6ae	TCGA-DX-A8BJ	Copy Number Variation	CEL	Genotyping Array	39fdb2de-de88-4aa0-b319-554fb7ff5ab1	CUBES_p_TCGAb_425_426_427_NSP_GenomeWideSNP_6_D07_1514024.CEL	39fdb2de-de88-4aa0-b319-554fb7ff5ab1
open	926176c2-0a8f-414a-a7b1-91734bdce6ae	TCGA-DX-A8BJ	Copy Number Variation	TXT	Genotyping Array	9a258537-85f1-42d3-9a2b-39601b95c6e6	CUBES_p_TCGAb_425_426_427_NSP_GenomeWideSNP_6_D06_1514078.nocnv_grch38.seg.v2.txt	9a258537-85f1-42d3-9a2b-39601b95c6e6
open	926176c2-0a8f-414a-a7b1-91734bdce6ae	TCGA-DX-A8BJ	Copy Number Variation	TXT	Genotyping Array	f5a9a390-7de1-4cc5-bb2e-144b423b9b65	TCGA-SARC.140914c0-8754-4a22-8852-7818697a5d4d.ascat3.allelic_specific.seg.txt	f5a9a390-7de1-4cc5-bb2e-144b423b9b65
open	90bc0f31-0ec2-4ceb-ad99-6be8f8b19180	TCGA-X6-A8C2	Copy Number Variation	TSV	Genotyping Array	a6e289f2-a8d4-4006-b7b0-52d9d3bc6a04	TCGA-SARC.b5be3f1c-5112-4e41-8535-00a200df319f.ascat3.gene_level_copy_number.v36.tsv	a6e289f2-a8d4-4006-b7b0-52d9d3bc6a04
open	90bc0f31-0ec2-4ceb-ad99-6be8f8b19180	TCGA-X6-A8C2	Copy Number Variation	TXT	Genotyping Array	836f6d95-79f4-42c0-9fd9-211b7baa4c1c	HONGS_p_TCGAb3_75_76_77_NSP_GenomeWideSNP_6_G10_1438316.nocnv_grch38.seg.v2.txt	836f6d95-79f4-42c0-9fd9-211b7baa4c1c
open	92da1d84-03a1-4fe9-bc0d-7fe61dfbe904	TCGA-PC-A5DL	Copy Number Variation	TXT	Genotyping Array	4e2b60c9-a119-4223-b13b-28205111fff3	WAGER_p_TCGA_282_284_285_286_N_GenomeWideSNP_6_E08_1359114.nocnv_grch38.seg.v2.txt	4e2b60c9-a119-4223-b13b-28205111fff3
open	90bc0f31-0ec2-4ceb-ad99-6be8f8b19180	TCGA-X6-A8C2	Copy Number Variation	TXT	Genotyping Array	5745c12b-78b2-45bc-aa11-b47fb3f7cbb5	HONGS_p_TCGAb3_75_76_77_NSP_GenomeWideSNP_6_F03_1438160.nocnv_grch38.seg.v2.txt	5745c12b-78b2-45bc-aa11-b47fb3f7cbb5
controlled	92da1d84-03a1-4fe9-bc0d-7fe61dfbe904	TCGA-PC-A5DL	Copy Number Variation	CEL	Genotyping Array	0be7ccde-3d56-4d4f-ad26-7adf9636f0a7	WAGER_p_TCGA_282_284_285_286_N_GenomeWideSNP_6_E08_1359114.CEL	0be7ccde-3d56-4d4f-ad26-7adf9636f0a7
open	92da1d84-03a1-4fe9-bc0d-7fe61dfbe904	TCGA-PC-A5DL	Copy Number Variation	TXT	Genotyping Array	b10d5e6e-c42e-4c2d-8295-1e89713fe7c8	WAGER_p_TCGA_282_284_285_286_N_GenomeWideSNP_6_E08_1359114.grch38.seg.v2.txt	b10d5e6e-c42e-4c2d-8295-1e89713fe7c8
open	90db503c-f9c8-4d31-bed4-e3383b69c89b	TCGA-X9-A973	Copy Number Variation	TXT	Genotyping Array	8f54c6b2-20d5-43b3-9889-264a42523b7c	ENATE_p_TCGAb_394_395_396_NSP_GenomeWideSNP_6_G02_1474192.nocnv_grch38.seg.v2.txt	8f54c6b2-20d5-43b3-9889-264a42523b7c
open	92da1d84-03a1-4fe9-bc0d-7fe61dfbe904	TCGA-PC-A5DL	Copy Number Variation	TSV	Genotyping Array	2be484cd-e2fe-46fc-99ba-6c54256c611a	TCGA-SARC.a25f21a5-c22a-429e-b0d1-a7c35339c5f7.ascat3.gene_level_copy_number.v36.tsv	2be484cd-e2fe-46fc-99ba-6c54256c611a
controlled	8d8921ac-ca12-4e17-bd5e-982ff0d699a1	TCGA-DX-A23U	Copy Number Variation	CEL	Genotyping Array	2754d3fc-7f9f-41b9-a230-7b750c5fedbd	WAGER_p_TCGA_282_284_285_286_N_GenomeWideSNP_6_D11_1359112.CEL	2754d3fc-7f9f-41b9-a230-7b750c5fedbd
open	90db503c-f9c8-4d31-bed4-e3383b69c89b	TCGA-X9-A973	Copy Number Variation	TXT	Genotyping Array	3ca0fa44-8c59-4780-be5e-9059fa799f87	TCGA-SARC.8bad38ee-5f75-4c5f-97dd-b49a46fb3f98.ascat3.allelic_specific.seg.txt	3ca0fa44-8c59-4780-be5e-9059fa799f87
open	90db503c-f9c8-4d31-bed4-e3383b69c89b	TCGA-X9-A973	Copy Number Variation	TXT	Genotyping Array	812774cd-4118-4f40-a74c-f98b977fa1d8	ENATE_p_TCGAb_394_395_396_NSP_GenomeWideSNP_6_G02_1474192.grch38.seg.v2.txt	812774cd-4118-4f40-a74c-f98b977fa1d8
controlled	90db503c-f9c8-4d31-bed4-e3383b69c89b	TCGA-X9-A973	Simple Nucleotide Variation	TSV	Genotyping Array	c48beae1-801c-42ee-996b-fd621239a36e	ENATE_p_TCGAb_394_395_396_NSP_GenomeWideSNP_6_G01_1474132.birdseed.data.txt	c48beae1-801c-42ee-996b-fd621239a36e
controlled	9bdc3867-2115-4351-af5f-a52a2c20ae5d	TCGA-K1-A42X	Simple Nucleotide Variation	TSV	Genotyping Array	c6b107c9-063c-431a-bc6d-07515785b5b9	YOGIN_p_TCGA_4_262_263_N_GenomeWideSNP_6_B06_1306224.birdseed.data.txt	c6b107c9-063c-431a-bc6d-07515785b5b9
open	89a3ccb1-252a-46f9-97c7-3e44b34d7967	TCGA-X6-A7WB	Copy Number Variation	TXT	Genotyping Array	27dd6cf9-7e5f-4489-881f-4c00e10669b0	TAZZA_p_TCGAb3_62_63_64_65_NSP_GenomeWideSNP_6_C12_1387836.nocnv_grch38.seg.v2.txt	27dd6cf9-7e5f-4489-881f-4c00e10669b0
open	9111759f-a0b7-452d-a0de-838fe010245e	TCGA-LI-A9QH	Copy Number Variation	TXT	Genotyping Array	9ebfd77d-0a78-4a79-a5f2-58aafa5985a9	BREWS_p_TCGAb_382_383_NSP_GenomeWideSNP_6_G11_1465062.nocnv_grch38.seg.v2.txt	9ebfd77d-0a78-4a79-a5f2-58aafa5985a9
open	8d8921ac-ca12-4e17-bd5e-982ff0d699a1	TCGA-DX-A23U	Copy Number Variation	TSV	Genotyping Array	343c2d04-42e3-41db-ba3f-a88af56596d1	TCGA-SARC.ebd9bc36-03a7-419f-ace8-2402959a914d.gene_level_copy_number.v36.tsv	343c2d04-42e3-41db-ba3f-a88af56596d1
open	8d8921ac-ca12-4e17-bd5e-982ff0d699a1	TCGA-DX-A23U	Copy Number Variation	TXT	Genotyping Array	cf117829-256b-4a70-87c9-5e36b524ea7c	TCGA-SARC.ebd9bc36-03a7-419f-ace8-2402959a914d.ascat2.allelic_specific.seg.txt	cf117829-256b-4a70-87c9-5e36b524ea7c
open	94359edf-7208-4b4c-ad7c-4064974de818	TCGA-DX-AB3C	Copy Number Variation	TXT	Genotyping Array	6cbe57e3-8958-411c-b137-e61228ee063d	CUBES_p_TCGAb_425_426_427_NSP_GenomeWideSNP_6_G03_1514004.nocnv_grch38.seg.v2.txt	6cbe57e3-8958-411c-b137-e61228ee063d
open	8f3f6f7c-4b50-467e-a6e8-d836735913f6	TCGA-DX-A3U5	Copy Number Variation	TXT	Genotyping Array	bd3097a8-45ab-4b58-8191-179ede88f155	FLUES_p_TCGASNP_228_229_230_N_GenomeWideSNP_6_E11_1148798.grch38.seg.v2.txt	bd3097a8-45ab-4b58-8191-179ede88f155
open	a4f68239-5b9f-40d7-9e52-b68efa170c1c	TCGA-3B-A9I1	Copy Number Variation	TXT	Genotyping Array	5c9eb625-5a4a-4c11-ab2b-a34ce37d7b6e	PRION_p_TCGAb_410_11_12_13_NSP_GenomeWideSNP_6_E10_1486634.nocnv_grch38.seg.v2.txt	5c9eb625-5a4a-4c11-ab2b-a34ce37d7b6e
controlled	8f3f6f7c-4b50-467e-a6e8-d836735913f6	TCGA-DX-A3U5	Copy Number Variation	CEL	Genotyping Array	f087601f-8f88-41b2-8236-a1ec4397f430	FLUES_p_TCGASNP_228_229_230_N_GenomeWideSNP_6_E11_1148798.CEL	f087601f-8f88-41b2-8236-a1ec4397f430
open	9111759f-a0b7-452d-a0de-838fe010245e	TCGA-LI-A9QH	Copy Number Variation	TXT	Genotyping Array	8f13ca20-c9ab-4951-ae14-f03b009e177c	BREWS_p_TCGAb_382_383_NSP_GenomeWideSNP_6_G11_1465062.grch38.seg.v2.txt	8f13ca20-c9ab-4951-ae14-f03b009e177c
open	a4f68239-5b9f-40d7-9e52-b68efa170c1c	TCGA-3B-A9I1	Copy Number Variation	TSV	Genotyping Array	f4866b4f-821b-4d68-be5a-9d7f1eda9f31	TCGA-SARC.af4bdf35-149f-479e-9945-b99e7c10e0b2.gene_level_copy_number.v36.tsv	f4866b4f-821b-4d68-be5a-9d7f1eda9f31
open	914df75d-25f5-4b2f-96c7-95861d7dfa30	TCGA-DX-A8BM	Copy Number Variation	TXT	Genotyping Array	df5c5cb2-cc21-4a88-a459-5577bfac5b84	CUBES_p_TCGAb_425_426_427_NSP_GenomeWideSNP_6_E09_1513976.grch38.seg.v2.txt	df5c5cb2-cc21-4a88-a459-5577bfac5b84
open	914df75d-25f5-4b2f-96c7-95861d7dfa30	TCGA-DX-A8BM	Copy Number Variation	TSV	Genotyping Array	2683d5c9-1a86-42a1-9e31-dd6a2bd29634	TCGA-SARC.fe565711-ae28-4680-95ec-cd0b2c0bb754.absolute_liftover.gene_level_copy_number.v36.tsv	2683d5c9-1a86-42a1-9e31-dd6a2bd29634
open	914df75d-25f5-4b2f-96c7-95861d7dfa30	TCGA-DX-A8BM	Copy Number Variation	TSV	Genotyping Array	8c71dbc8-b2f8-4e83-9c4b-4892d0a36698	TCGA-SARC.fe565711-ae28-4680-95ec-cd0b2c0bb754.gene_level_copy_number.v36.tsv	8c71dbc8-b2f8-4e83-9c4b-4892d0a36698
open	8f4293b0-bafc-4348-a203-9516d6f2dc48	TCGA-UE-A6QT	Copy Number Variation	TSV	Genotyping Array	f7d1b172-bb14-42f8-a7f5-59a8bcb7031a	TCGA-SARC.04e8ef7d-5d0b-452c-b27d-891fcbf6608b.gene_level_copy_number.v36.tsv	f7d1b172-bb14-42f8-a7f5-59a8bcb7031a
controlled	8f4293b0-bafc-4348-a203-9516d6f2dc48	TCGA-UE-A6QT	Simple Nucleotide Variation	TSV	Genotyping Array	8a7ad91b-63dc-4f35-9d94-069f9e25052b	THREW_p_TCGAb_329_335_336_NSP_GenomeWideSNP_6_G02_1367040.birdseed.data.txt	8a7ad91b-63dc-4f35-9d94-069f9e25052b
controlled	9517413b-b5b8-4130-8ba1-d86d44abe2ec	TCGA-DX-A1L3	Simple Nucleotide Variation	TSV	Genotyping Array	c9eb8a69-9dd7-48d3-a650-056c1f8eaf03	YOGIN_p_TCGA_4_262_263_N_GenomeWideSNP_6_D07_1306108.birdseed.data.txt	c9eb8a69-9dd7-48d3-a650-056c1f8eaf03
open	9517413b-b5b8-4130-8ba1-d86d44abe2ec	TCGA-DX-A1L3	Copy Number Variation	TXT	Genotyping Array	61a2cd84-5cd8-4734-af0d-2bb30ed81843	YOGIN_p_TCGA_4_262_263_N_GenomeWideSNP_6_D04_1306216.nocnv_grch38.seg.v2.txt	61a2cd84-5cd8-4734-af0d-2bb30ed81843
open	969954a8-7f15-4052-9e6a-c5956115f3ad	TCGA-DX-A6BG	Copy Number Variation	TXT	Genotyping Array	a359024c-7549-4e86-ac4f-dda76dcd8ff6	SNOWS_p_TCGA_Batch_309_310_NSP_GenomeWideSNP_6_G05_1362100.nocnv_grch38.seg.v2.txt	a359024c-7549-4e86-ac4f-dda76dcd8ff6
open	8f4c042c-fbe3-4d0c-b2bd-695bc37483f5	TCGA-N1-A6IA	Copy Number Variation	TXT	Genotyping Array	65e6a81d-81af-49e9-a50b-2ccfd2541926	TCGA-SARC.9c8245da-bbbc-426e-9245-cdfe1e6079d3.ascat2.allelic_specific.seg.txt	65e6a81d-81af-49e9-a50b-2ccfd2541926
open	8f4c042c-fbe3-4d0c-b2bd-695bc37483f5	TCGA-N1-A6IA	Copy Number Variation	TXT	Genotyping Array	0e4ba022-a1de-4e8d-b843-59eb8d352524	THREW_p_TCGAb_329_335_336_NSP_GenomeWideSNP_6_E10_1367180.grch38.seg.v2.txt	0e4ba022-a1de-4e8d-b843-59eb8d352524
open	8f4c042c-fbe3-4d0c-b2bd-695bc37483f5	TCGA-N1-A6IA	Copy Number Variation	TXT	Genotyping Array	7481fc2e-3afd-4a15-9235-85d5737ad204	TCGA-SARC.9c8245da-bbbc-426e-9245-cdfe1e6079d3.ascat3.allelic_specific.seg.txt	7481fc2e-3afd-4a15-9235-85d5737ad204
open	8f4c042c-fbe3-4d0c-b2bd-695bc37483f5	TCGA-N1-A6IA	Copy Number Variation	TXT	Genotyping Array	ac7e9bb0-fd48-44f9-bf2a-29fd721d23b5	THREW_p_TCGAb_329_335_336_NSP_GenomeWideSNP_6_E09_1367148.grch38.seg.v2.txt	ac7e9bb0-fd48-44f9-bf2a-29fd721d23b5
open	a7c45269-b693-45c4-81fd-6dd3379877e8	TCGA-DX-A7ER	Copy Number Variation	TSV	Genotyping Array	e10cc010-2a0b-4c22-9cf2-8cc477313b3e	TCGA-SARC.1dd23cc2-aa04-4361-a428-fc0a51aed1f8.ascat3.gene_level_copy_number.v36.tsv	e10cc010-2a0b-4c22-9cf2-8cc477313b3e
open	969954a8-7f15-4052-9e6a-c5956115f3ad	TCGA-DX-A6BG	Copy Number Variation	TXT	Genotyping Array	cd4f4c3d-4039-44b5-8dd0-d1ee83c6e88c	SNOWS_p_TCGA_Batch_309_310_NSP_GenomeWideSNP_6_G04_1362014.grch38.seg.v2.txt	cd4f4c3d-4039-44b5-8dd0-d1ee83c6e88c
controlled	a7c45269-b693-45c4-81fd-6dd3379877e8	TCGA-DX-A7ER	Simple Nucleotide Variation	TSV	Genotyping Array	32e894a5-7b59-4e24-917c-aba2ee09d990	HEIGH_p_TCGAb418_19_21_BCR_NSP_GenomeWideSNP_6_H01_1485640.birdseed.data.txt	32e894a5-7b59-4e24-917c-aba2ee09d990
open	ac1eb376-ff96-4ed9-929a-03975f72ac15	TCGA-DX-A3UA	Copy Number Variation	TXT	Genotyping Array	32bfecdb-7fc1-4cf8-a1ee-3cfa517f28f8	SNOWS_p_TCGA_Batch_309_310_NSP_GenomeWideSNP_6_D03_1362146.grch38.seg.v2.txt	32bfecdb-7fc1-4cf8-a1ee-3cfa517f28f8
controlled	91f6eb4c-0143-47b9-bcbd-5332d913a039	TCGA-DX-AB3B	Copy Number Variation	CEL	Genotyping Array	fef0e011-bfd4-47b6-a339-1a9e35d9b689	CUBES_p_TCGAb_425_426_427_NSP_GenomeWideSNP_6_F07_1513952.CEL	fef0e011-bfd4-47b6-a339-1a9e35d9b689
open	98b4dd76-e6c4-4125-ba9e-9dc318ffb61c	TCGA-DX-AB2F	Copy Number Variation	TXT	Genotyping Array	fc74e44f-8034-4b00-98da-617313126f63	ENATE_p_TCGAb_394_395_396_NSP_GenomeWideSNP_6_G09_1474194.nocnv_grch38.seg.v2.txt	fc74e44f-8034-4b00-98da-617313126f63
controlled	8fabdaf2-00b1-4d41-a27b-f4aa13f7b451	TCGA-DX-A3M2	Simple Nucleotide Variation	TSV	Genotyping Array	25fbac7b-a134-46f8-9b0c-d77ff0fab0d0	FLUES_p_TCGASNP_228_229_230_N_GenomeWideSNP_6_E10_1148834.birdseed.data.txt	25fbac7b-a134-46f8-9b0c-d77ff0fab0d0
open	ac2eeb9d-b5eb-465c-8271-c89bdb1ba136	TCGA-DX-A8BQ	Copy Number Variation	TXT	Genotyping Array	3bd51226-e052-421b-9f7f-49f117b4cac8	BREWS_p_TCGAb_382_383_NSP_GenomeWideSNP_6_G09_1465130.grch38.seg.v2.txt	3bd51226-e052-421b-9f7f-49f117b4cac8
controlled	ac2eeb9d-b5eb-465c-8271-c89bdb1ba136	TCGA-DX-A8BQ	Simple Nucleotide Variation	TSV	Genotyping Array	740dcfe5-9fc5-4e1d-8f36-eb6d4ea3448c	BREWS_p_TCGAb_382_383_NSP_GenomeWideSNP_6_G09_1465130.birdseed.data.txt	740dcfe5-9fc5-4e1d-8f36-eb6d4ea3448c
controlled	a857d684-7195-44f9-ba21-b88020bd9633	TCGA-SI-A71O	Simple Nucleotide Variation	TSV	Genotyping Array	63ed7e15-0b1d-458b-be87-0d075ce8691d	SODDY_p_TCGAb3_39_40_41_42_NSP_GenomeWideSNP_6_H02_1373982.birdseed.data.txt	63ed7e15-0b1d-458b-be87-0d075ce8691d
controlled	a857d684-7195-44f9-ba21-b88020bd9633	TCGA-SI-A71O	Copy Number Variation	CEL	Genotyping Array	92b8b222-fbda-4066-bc7b-9bc96d382b43	MOWED_p_TCGAb3_39_40_41_42_STY_GenomeWideSNP_6_H01_1377398.CEL	92b8b222-fbda-4066-bc7b-9bc96d382b43
controlled	9c58e3b2-1dee-4375-8239-ce69a725e3de	TCGA-DX-A6B8	Copy Number Variation	CEL	Genotyping Array	782751ef-2a44-468a-b0fc-2394ce650fdc	SNOWS_p_TCGA_Batch_309_310_NSP_GenomeWideSNP_6_F10_1362122.CEL	782751ef-2a44-468a-b0fc-2394ce650fdc
controlled	9dcdbd1b-2e03-4314-aef2-1f6b6fe18523	TCGA-DX-AB2X	Simple Nucleotide Variation	TSV	Genotyping Array	aeb424e9-e54f-4e93-805f-a0f61d1b535b	ENATE_p_TCGAb_394_395_396_NSP_GenomeWideSNP_6_E04_1474128.birdseed.data.txt	aeb424e9-e54f-4e93-805f-a0f61d1b535b
open	b61e39f5-f0dd-485e-8e22-d4fdea751f55	TCGA-SI-A71Q	Copy Number Variation	TXT	Genotyping Array	154f135a-76ea-4b4c-998f-83eb04f4fdab	MOWED_p_TCGAb3_39_40_41_42_STY_GenomeWideSNP_6_G02_1377556.nocnv_grch38.seg.v2.txt	154f135a-76ea-4b4c-998f-83eb04f4fdab
controlled	b61e39f5-f0dd-485e-8e22-d4fdea751f55	TCGA-SI-A71Q	Simple Nucleotide Variation	TSV	Genotyping Array	be647e34-9aa1-4079-abd7-27b8713a58a3	MOWED_p_TCGAb3_39_40_41_42_STY_GenomeWideSNP_6_G02_1377556.birdseed.data.txt	be647e34-9aa1-4079-abd7-27b8713a58a3
controlled	91f6eb4c-0143-47b9-bcbd-5332d913a039	TCGA-DX-AB3B	Simple Nucleotide Variation	TSV	Genotyping Array	8499733c-31c5-4262-912c-ab1457466a03	CUBES_p_TCGAb_425_426_427_NSP_GenomeWideSNP_6_F07_1513952.birdseed.data.txt	8499733c-31c5-4262-912c-ab1457466a03
open	98b4dd76-e6c4-4125-ba9e-9dc318ffb61c	TCGA-DX-AB2F	Copy Number Variation	TXT	Genotyping Array	ee0a56bd-e888-417c-8c0f-dac4e2eb48c8	ENATE_p_TCGAb_394_395_396_NSP_GenomeWideSNP_6_G09_1474194.grch38.seg.v2.txt	ee0a56bd-e888-417c-8c0f-dac4e2eb48c8
controlled	b85e2156-d5ac-486c-93e1-86525ea41a64	TCGA-DX-A3M1	Simple Nucleotide Variation	TSV	Genotyping Array	bcb27836-2d33-4304-a99c-a1a9d276dd8e	FLUES_p_TCGASNP_228_229_230_N_GenomeWideSNP_6_G08_1148900.birdseed.data.txt	bcb27836-2d33-4304-a99c-a1a9d276dd8e
open	ac9c3d6a-2df7-472a-b9d7-0a5583463750	TCGA-X6-A8C7	Copy Number Variation	TXT	Genotyping Array	870c028c-ccd7-44d8-821e-33db1b80c8d4	TCGA-SARC.37d5debf-f438-48d2-b978-d6140c679b92.ascat3.allelic_specific.seg.txt	870c028c-ccd7-44d8-821e-33db1b80c8d4
open	ac9c3d6a-2df7-472a-b9d7-0a5583463750	TCGA-X6-A8C7	Copy Number Variation	TXT	Genotyping Array	9bb5d564-5099-4186-a299-87e3daa7ccb1	HONGS_p_TCGAb3_75_76_77_NSP_GenomeWideSNP_6_G05_1438270.nocnv_grch38.seg.v2.txt	9bb5d564-5099-4186-a299-87e3daa7ccb1
open	926176c2-0a8f-414a-a7b1-91734bdce6ae	TCGA-DX-A8BJ	Copy Number Variation	TXT	Genotyping Array	c3bc5931-d709-4c39-bf43-1aa3da0615e8	CUBES_p_TCGAb_425_426_427_NSP_GenomeWideSNP_6_D06_1514078.grch38.seg.v2.txt	c3bc5931-d709-4c39-bf43-1aa3da0615e8
open	a857d684-7195-44f9-ba21-b88020bd9633	TCGA-SI-A71O	Copy Number Variation	TXT	Genotyping Array	6c78ade3-aa5d-42c2-9f71-3f58f4d08536	TCGA-SARC.f688fae7-a29c-4e17-9f9f-57c6bb09b305.ascat2.allelic_specific.seg.txt	6c78ade3-aa5d-42c2-9f71-3f58f4d08536
open	9b781072-66d8-49f2-80f7-7b020746b6e9	TCGA-SI-AA8C	Copy Number Variation	TSV	Genotyping Array	046e735e-ff18-4ea4-bb55-453f5f1b351b	TCGA-SARC.030a8b8c-ce8c-4ec5-af7b-c7e574ea20b6.absolute_liftover.gene_level_copy_number.v36.tsv	046e735e-ff18-4ea4-bb55-453f5f1b351b
open	9b781072-66d8-49f2-80f7-7b020746b6e9	TCGA-SI-AA8C	Copy Number Variation	TXT	Genotyping Array	b341c938-f97f-4e3e-b907-68bd81ce044b	ENATE_p_TCGAb_394_395_396_NSP_GenomeWideSNP_6_G07_1474166.nocnv_grch38.seg.v2.txt	b341c938-f97f-4e3e-b907-68bd81ce044b
open	a857d684-7195-44f9-ba21-b88020bd9633	TCGA-SI-A71O	Copy Number Variation	TXT	Genotyping Array	59324740-0894-4128-b73c-24c3e6001b9f	TCGA-SARC.f688fae7-a29c-4e17-9f9f-57c6bb09b305.ascat3.allelic_specific.seg.txt	59324740-0894-4128-b73c-24c3e6001b9f
open	a857d684-7195-44f9-ba21-b88020bd9633	TCGA-SI-A71O	Copy Number Variation	TXT	Genotyping Array	23221748-8c88-4f10-8537-4ee5310c70bd	SODDY_p_TCGAb3_39_40_41_42_NSP_GenomeWideSNP_6_H02_1373982.nocnv_grch38.seg.v2.txt	23221748-8c88-4f10-8537-4ee5310c70bd
open	9ebda267-a475-408a-a512-cd3761de83b4	TCGA-QC-A6FX	Copy Number Variation	TXT	Genotyping Array	f1f5a697-21a1-41f9-83b8-a96bd86f8491	THREW_p_TCGAb_329_335_336_NSP_GenomeWideSNP_6_E11_1367064.nocnv_grch38.seg.v2.txt	f1f5a697-21a1-41f9-83b8-a96bd86f8491
controlled	a857d684-7195-44f9-ba21-b88020bd9633	TCGA-SI-A71O	Simple Nucleotide Variation	TSV	Genotyping Array	a53d1498-3245-453f-8723-fd30818d410b	MOWED_p_TCGAb3_39_40_41_42_STY_GenomeWideSNP_6_H01_1377398.birdseed.data.txt	a53d1498-3245-453f-8723-fd30818d410b
open	b85e2156-d5ac-486c-93e1-86525ea41a64	TCGA-DX-A3M1	Copy Number Variation	TSV	Genotyping Array	3991215b-7511-4411-a746-5941419186cf	TCGA-SARC.ce61b491-98f1-497f-9c25-4c453e98c6ca.ascat3.gene_level_copy_number.v36.tsv	3991215b-7511-4411-a746-5941419186cf
open	b85e2156-d5ac-486c-93e1-86525ea41a64	TCGA-DX-A3M1	Copy Number Variation	TSV	Genotyping Array	879e6ccd-8266-4188-b20b-fa988d3b84d3	TCGA-SARC.ce61b491-98f1-497f-9c25-4c453e98c6ca.absolute_liftover.gene_level_copy_number.v36.tsv	879e6ccd-8266-4188-b20b-fa988d3b84d3
controlled	a8ce2be1-1f15-4e02-9161-5f161447a541	TCGA-3B-A9I0	Copy Number Variation	CEL	Genotyping Array	356c356e-bf75-4554-a2b1-049b9561f981	PRION_p_TCGAb_410_11_12_13_NSP_GenomeWideSNP_6_E05_1486674.CEL	356c356e-bf75-4554-a2b1-049b9561f981
open	9bdc3867-2115-4351-af5f-a52a2c20ae5d	TCGA-K1-A42X	Copy Number Variation	TSV	Genotyping Array	3a853f1c-addf-4ce4-b116-a353d2422f86	TCGA-SARC.29235268-4f4d-478c-8af3-1d908be031e9.gene_level_copy_number.v36.tsv	3a853f1c-addf-4ce4-b116-a353d2422f86
open	b0c194ce-8f60-423f-afca-7f577813421c	TCGA-X9-A971	Copy Number Variation	TXT	Genotyping Array	14f403d8-25c4-4960-8031-d1ee4b32dce7	ENATE_p_TCGAb_394_395_396_NSP_GenomeWideSNP_6_F02_1474088.grch38.seg.v2.txt	14f403d8-25c4-4960-8031-d1ee4b32dce7
open	c20682a1-f340-430d-99f9-077fe093ed19	TCGA-IW-A3M5	Copy Number Variation	TXT	Genotyping Array	e20ce741-a330-433a-870e-2160f3acad6f	MACON_p_TCGASNP_218_AML_PP_N_GenomeWideSNP_6_C04_1040148.nocnv_grch38.seg.v2.txt	e20ce741-a330-433a-870e-2160f3acad6f
open	9ebda267-a475-408a-a512-cd3761de83b4	TCGA-QC-A6FX	Copy Number Variation	TXT	Genotyping Array	84cee01a-bf18-4995-9b45-ae05ebc80f4a	THREW_p_TCGAb_329_335_336_NSP_GenomeWideSNP_6_E12_1367078.grch38.seg.v2.txt	84cee01a-bf18-4995-9b45-ae05ebc80f4a
controlled	9ebda267-a475-408a-a512-cd3761de83b4	TCGA-QC-A6FX	Copy Number Variation	CEL	Genotyping Array	3bafee13-a7da-41d5-9c3b-05e8642c4ae7	THREW_p_TCGAb_329_335_336_NSP_GenomeWideSNP_6_E11_1367064.CEL	3bafee13-a7da-41d5-9c3b-05e8642c4ae7
open	b8dd67ae-5808-45fc-9a1f-47f18a2f827d	TCGA-DX-A6YS	Copy Number Variation	TXT	Genotyping Array	2f8b4e80-0e0f-47a8-9fb1-338e56c99111	TAZZA_p_TCGAb3_62_63_64_65_NSP_GenomeWideSNP_6_D03_1387900.nocnv_grch38.seg.v2.txt	2f8b4e80-0e0f-47a8-9fb1-338e56c99111
open	cc891960-42a2-4d76-b93b-c2914c929154	TCGA-DX-A6B9	Copy Number Variation	TXT	Genotyping Array	31906fa6-d74c-4e83-b15a-fe9aeb00ab8b	TCGA-SARC.083315bd-fac2-4fb6-ad91-1271b00bb737.ascat2.allelic_specific.seg.txt	31906fa6-d74c-4e83-b15a-fe9aeb00ab8b
open	a8ce2be1-1f15-4e02-9161-5f161447a541	TCGA-3B-A9I0	Copy Number Variation	TSV	Genotyping Array	96fe62ba-ee4a-42d4-bc21-949a8a8aa82d	TCGA-SARC.5b0a431b-f8ac-4e83-ba2d-d88e8a437bbf.ascat3.gene_level_copy_number.v36.tsv	96fe62ba-ee4a-42d4-bc21-949a8a8aa82d
controlled	9ef5cdda-8aba-4027-8cf0-e53b2f54704a	TCGA-3B-A9HU	Simple Nucleotide Variation	TSV	Genotyping Array	98184112-a513-4d73-a190-8a400cf2cab7	PRION_p_TCGAb_410_11_12_13_NSP_GenomeWideSNP_6_C02_1486602.birdseed.data.txt	98184112-a513-4d73-a190-8a400cf2cab7
controlled	b8dd67ae-5808-45fc-9a1f-47f18a2f827d	TCGA-DX-A6YS	Copy Number Variation	CEL	Genotyping Array	33d65ecb-325d-4a25-a02a-65e9df293142	TAZZA_p_TCGAb3_62_63_64_65_NSP_GenomeWideSNP_6_D04_1387926.CEL	33d65ecb-325d-4a25-a02a-65e9df293142
controlled	b0c194ce-8f60-423f-afca-7f577813421c	TCGA-X9-A971	Simple Nucleotide Variation	TSV	Genotyping Array	93094719-6135-47c5-8864-0056c9cd2903	ENATE_p_TCGAb_394_395_396_NSP_GenomeWideSNP_6_F02_1474088.birdseed.data.txt	93094719-6135-47c5-8864-0056c9cd2903
open	c25a0746-d2cf-47cc-82fc-8547cd9f89b0	TCGA-WK-A8XS	Copy Number Variation	TXT	Genotyping Array	4c554541-0ae5-4848-b543-ae9c6af7878b	BREWS_p_TCGAb_382_383_NSP_GenomeWideSNP_6_H01_1465142.nocnv_grch38.seg.v2.txt	4c554541-0ae5-4848-b543-ae9c6af7878b
open	9ef5cdda-8aba-4027-8cf0-e53b2f54704a	TCGA-3B-A9HU	Copy Number Variation	TSV	Genotyping Array	e016b2ba-52db-472b-a9bf-7249f4cf9624	TCGA-SARC.496e1a3a-94ab-4917-ae24-ce4ab4eabbdd.absolute_liftover.gene_level_copy_number.v36.tsv	e016b2ba-52db-472b-a9bf-7249f4cf9624
controlled	c25a0746-d2cf-47cc-82fc-8547cd9f89b0	TCGA-WK-A8XS	Copy Number Variation	CEL	Genotyping Array	012127d9-e9b0-4f29-b9bb-210b5c0e02f2	BREWS_p_TCGAb_382_383_NSP_GenomeWideSNP_6_G12_1465090.CEL	012127d9-e9b0-4f29-b9bb-210b5c0e02f2
open	cc9eb46b-47a6-44b2-97c1-3ee866bbfc3d	TCGA-DX-AB2E	Copy Number Variation	TXT	Genotyping Array	781e188e-bff4-4b40-b10f-3e6443f0c1a2	PRION_p_TCGAb_410_11_12_13_NSP_GenomeWideSNP_6_D05_1486598.grch38.seg.v2.txt	781e188e-bff4-4b40-b10f-3e6443f0c1a2
open	a93fd240-59c1-4527-854e-dfd042222fcf	TCGA-3B-A9I3	Copy Number Variation	TXT	Genotyping Array	149aa203-023c-440a-84a6-2c72becce4b1	PRION_p_TCGAb_410_11_12_13_NSP_GenomeWideSNP_6_C09_1486628.grch38.seg.v2.txt	149aa203-023c-440a-84a6-2c72becce4b1
controlled	cc9eb46b-47a6-44b2-97c1-3ee866bbfc3d	TCGA-DX-AB2E	Copy Number Variation	CEL	Genotyping Array	8a947b6a-c021-4a74-a26f-94c7fd8b5d93	PRION_p_TCGAb_410_11_12_13_NSP_GenomeWideSNP_6_D05_1486598.CEL	8a947b6a-c021-4a74-a26f-94c7fd8b5d93
open	a93fd240-59c1-4527-854e-dfd042222fcf	TCGA-3B-A9I3	Copy Number Variation	TSV	Genotyping Array	c05d3c8e-d23b-4872-b980-ce8d545c3623	TCGA-SARC.faaf8654-8341-4fbc-8a9b-8add4db80295.absolute_liftover.gene_level_copy_number.v36.tsv	c05d3c8e-d23b-4872-b980-ce8d545c3623
controlled	c25a0746-d2cf-47cc-82fc-8547cd9f89b0	TCGA-WK-A8XS	Copy Number Variation	CEL	Genotyping Array	976f1381-1da7-4f8f-b03e-5f294e19b1c6	BREWS_p_TCGAb_382_383_NSP_GenomeWideSNP_6_H01_1465142.CEL	976f1381-1da7-4f8f-b03e-5f294e19b1c6
open	b1a92728-e119-4f5f-a303-2ebb8ea3db88	TCGA-PC-A5DO	Copy Number Variation	TXT	Genotyping Array	7225dff8-9771-4287-8ff1-263e80ed5009	TCGA-SARC.e4969783-5243-4a76-b54b-c76e474df12a.ascat2.allelic_specific.seg.txt	7225dff8-9771-4287-8ff1-263e80ed5009
controlled	c25a0746-d2cf-47cc-82fc-8547cd9f89b0	TCGA-WK-A8XS	Simple Nucleotide Variation	TSV	Genotyping Array	b43d183d-0b9a-49f7-b27e-6a1d73a5b489	BREWS_p_TCGAb_382_383_NSP_GenomeWideSNP_6_H01_1465142.birdseed.data.txt	b43d183d-0b9a-49f7-b27e-6a1d73a5b489
open	b1a92728-e119-4f5f-a303-2ebb8ea3db88	TCGA-PC-A5DO	Copy Number Variation	TXT	Genotyping Array	a0a83b31-feb2-4b26-846b-020c18997166	WAGER_p_TCGA_282_284_285_286_N_GenomeWideSNP_6_F08_1359018.grch38.seg.v2.txt	a0a83b31-feb2-4b26-846b-020c18997166
open	c25a0746-d2cf-47cc-82fc-8547cd9f89b0	TCGA-WK-A8XS	Copy Number Variation	TXT	Genotyping Array	7457b766-9ca9-4e51-aced-c5b09afcbedd	TCGA-SARC.103bdc11-8aa9-486c-ba84-cad23e72c603.ascat2.allelic_specific.seg.txt	7457b766-9ca9-4e51-aced-c5b09afcbedd
open	bc282a61-9e8b-4330-9177-fc515293f051	TCGA-DX-AB2S	Copy Number Variation	TXT	Genotyping Array	e6e719d2-d8e0-4e37-b0b9-c6f8938e7fbc	PRION_p_TCGAb_410_11_12_13_NSP_GenomeWideSNP_6_C10_1486708.grch38.seg.v2.txt	e6e719d2-d8e0-4e37-b0b9-c6f8938e7fbc
open	a1f0e5db-5c73-4b83-8cc4-6208941806de	TCGA-DX-A7ES	Copy Number Variation	TSV	Genotyping Array	0e6bd411-1b6f-4c3f-89b6-0c4369e557c1	TCGA-SARC.47e74b95-d554-4a7a-90a8-742f96d53fa1.ascat3.gene_level_copy_number.v36.tsv	0e6bd411-1b6f-4c3f-89b6-0c4369e557c1
open	bc282a61-9e8b-4330-9177-fc515293f051	TCGA-DX-AB2S	Copy Number Variation	TXT	Genotyping Array	2e8500bc-1c82-4468-a87d-6f7a73b9463f	PRION_p_TCGAb_410_11_12_13_NSP_GenomeWideSNP_6_C11_1486678.grch38.seg.v2.txt	2e8500bc-1c82-4468-a87d-6f7a73b9463f
controlled	c5b0e6be-48b5-40e5-9d90-f9112050aa88	TCGA-HB-A5W3	Copy Number Variation	CEL	Genotyping Array	0c555611-437a-4431-8591-cb7d7d9bd3e2	BURSA_p_TCGA_303_304_305_N_GenomeWideSNP_6_E08_1344802.CEL	0c555611-437a-4431-8591-cb7d7d9bd3e2
open	bc282a61-9e8b-4330-9177-fc515293f051	TCGA-DX-AB2S	Copy Number Variation	TXT	Genotyping Array	e0f41865-fe5c-451e-b176-ca35608fbe2d	TCGA-SARC.a139efd7-21fd-44dc-8355-023e36b2914a.ascat2.allelic_specific.seg.txt	e0f41865-fe5c-451e-b176-ca35608fbe2d
controlled	cd8637c0-1651-4e8a-9a88-7fb06dc36ff8	TCGA-JV-A75J	Copy Number Variation	CEL	Genotyping Array	ed83456f-a42c-47ab-aa02-cb3edb1b4d20	THREW_p_TCGAb_329_335_336_NSP_GenomeWideSNP_6_E04_1367188.CEL	ed83456f-a42c-47ab-aa02-cb3edb1b4d20
controlled	aaf93a92-2f93-477d-9ea4-d18ab7d4f258	TCGA-3B-A9HL	Simple Nucleotide Variation	TSV	Genotyping Array	8283a991-d71e-456e-b159-58a54ca00b70	ENATE_p_TCGAb_394_395_396_NSP_GenomeWideSNP_6_F10_1474156.birdseed.data.txt	8283a991-d71e-456e-b159-58a54ca00b70
controlled	a1f0e5db-5c73-4b83-8cc4-6208941806de	TCGA-DX-A7ES	Simple Nucleotide Variation	TSV	Genotyping Array	af5151fc-cbe6-4373-adb6-8f85c1af3768	PRION_p_TCGAb_410_11_12_13_NSP_GenomeWideSNP_6_E01_1486714.birdseed.data.txt	af5151fc-cbe6-4373-adb6-8f85c1af3768
open	aaf93a92-2f93-477d-9ea4-d18ab7d4f258	TCGA-3B-A9HL	Copy Number Variation	TXT	Genotyping Array	f7aedacd-064d-47c0-9f9a-d5ecff14bbdc	ENATE_p_TCGAb_394_395_396_NSP_GenomeWideSNP_6_F09_1474238.nocnv_grch38.seg.v2.txt	f7aedacd-064d-47c0-9f9a-d5ecff14bbdc
open	c5b0e6be-48b5-40e5-9d90-f9112050aa88	TCGA-HB-A5W3	Copy Number Variation	TXT	Genotyping Array	78724997-ca12-427e-8d9c-aaf5653e6c55	BURSA_p_TCGA_303_304_305_N_GenomeWideSNP_6_E10_1344846.grch38.seg.v2.txt	78724997-ca12-427e-8d9c-aaf5653e6c55
controlled	b2ee912a-0a57-4d46-bc25-3594028fe387	TCGA-X6-A8C4	Copy Number Variation	CEL	Genotyping Array	51ff96ee-7f76-41a2-a1c6-8968849f5677	HONGS_p_TCGAb3_75_76_77_NSP_GenomeWideSNP_6_F09_1438296.CEL	51ff96ee-7f76-41a2-a1c6-8968849f5677
open	b2ee912a-0a57-4d46-bc25-3594028fe387	TCGA-X6-A8C4	Copy Number Variation	TXT	Genotyping Array	10a3998a-7b8c-4849-90b6-424157febeea	TCGA-SARC.5c1df810-e043-40e8-88c3-8444210d3339.ascat3.allelic_specific.seg.txt	10a3998a-7b8c-4849-90b6-424157febeea
open	cedf4099-076d-4ea7-9a86-76fe9530b88c	TCGA-JV-A5VF	Copy Number Variation	TSV	Genotyping Array	33fa2bb2-f297-43f2-a2ac-ff067078ed19	TCGA-SARC.2047428f-14d9-474f-9dbe-57145bf6309c.ascat3.gene_level_copy_number.v36.tsv	33fa2bb2-f297-43f2-a2ac-ff067078ed19
open	bfaafe2d-0e83-43aa-9f81-b34b62a46d38	TCGA-DX-A1KY	Copy Number Variation	TXT	Genotyping Array	264e6e1d-7ce4-4033-98b1-aafdac2f33f3	TCGA-SARC.a0fb417a-a4c6-45c0-bcfa-b31b3e7acf31.ascat2.allelic_specific.seg.txt	264e6e1d-7ce4-4033-98b1-aafdac2f33f3
open	b2ee912a-0a57-4d46-bc25-3594028fe387	TCGA-X6-A8C4	Copy Number Variation	TXT	Genotyping Array	77988669-0670-4819-8a9d-0760dbb3e0f5	HONGS_p_TCGAb3_75_76_77_NSP_GenomeWideSNP_6_F09_1438296.nocnv_grch38.seg.v2.txt	77988669-0670-4819-8a9d-0760dbb3e0f5
controlled	ab706ea0-d642-4f58-ba8d-f5d930b91286	TCGA-WK-A8Y0	Copy Number Variation	CEL	Genotyping Array	227d4515-b233-4432-99fe-368493720958	CUBES_p_TCGAb_425_426_427_NSP_GenomeWideSNP_6_D09_1513982.CEL	227d4515-b233-4432-99fe-368493720958
open	ab706ea0-d642-4f58-ba8d-f5d930b91286	TCGA-WK-A8Y0	Copy Number Variation	TXT	Genotyping Array	db47ebb3-87a0-4b11-b661-c01fc4f5d50e	TCGA-SARC.70109c42-bf20-49a5-b26d-e989cbcc5a8d.ascat3.allelic_specific.seg.txt	db47ebb3-87a0-4b11-b661-c01fc4f5d50e
open	a37238f3-55b5-43df-a0c5-3d22ee5156f3	TCGA-DX-A48R	Copy Number Variation	TXT	Genotyping Array	70b3f7c0-12e5-4c65-94ca-6978a1f92923	SNOWS_p_TCGA_Batch_309_310_NSP_GenomeWideSNP_6_F02_1362042.grch38.seg.v2.txt	70b3f7c0-12e5-4c65-94ca-6978a1f92923
controlled	c5e23947-253b-40d2-916a-277b2a580be2	TCGA-IE-A4EI	Simple Nucleotide Variation	TSV	Genotyping Array	60c3c6ba-07d8-44ad-94ab-ef24becdc745	YOGIN_p_TCGA_4_262_263_N_GenomeWideSNP_6_C07_1306238.birdseed.data.txt	60c3c6ba-07d8-44ad-94ab-ef24becdc745
open	d0d989cb-a50f-4ed9-8478-ae300ebc0970	TCGA-DX-AB32	Copy Number Variation	TXT	Genotyping Array	ab0c6078-b323-4916-880a-68bb78be3e0d	TCGA-SARC.f31af923-2fe0-48c9-b19b-7720edc23f72.ascat2.allelic_specific.seg.txt	ab0c6078-b323-4916-880a-68bb78be3e0d
controlled	c5e23947-253b-40d2-916a-277b2a580be2	TCGA-IE-A4EI	Copy Number Variation	CEL	Genotyping Array	3e65e7ef-7c4c-40cc-94b0-cf1e27ca0de7	YOGIN_p_TCGA_4_262_263_N_GenomeWideSNP_6_C07_1306238.CEL	3e65e7ef-7c4c-40cc-94b0-cf1e27ca0de7
open	bfaafe2d-0e83-43aa-9f81-b34b62a46d38	TCGA-DX-A1KY	Copy Number Variation	TXT	Genotyping Array	27b839cb-b183-4cdd-b033-4bc1e34a1473	YOGIN_p_TCGA_4_262_263_N_GenomeWideSNP_6_B11_1306150.nocnv_grch38.seg.v2.txt	27b839cb-b183-4cdd-b033-4bc1e34a1473
controlled	d7d9204b-b85e-4260-8a54-c39e7847e982	TCGA-SG-A849	Simple Nucleotide Variation	TSV	Genotyping Array	e4e291d6-d70d-4dcb-a77c-63eb12de078e	TAZZA_p_TCGAb3_62_63_64_65_NSP_GenomeWideSNP_6_C07_1387838.birdseed.data.txt	e4e291d6-d70d-4dcb-a77c-63eb12de078e
controlled	c5e23947-253b-40d2-916a-277b2a580be2	TCGA-IE-A4EI	Copy Number Variation	CEL	Genotyping Array	aca7177c-48a0-4294-8115-c771fe2a0b16	YOGIN_p_TCGA_4_262_263_N_GenomeWideSNP_6_C11_1306106.CEL	aca7177c-48a0-4294-8115-c771fe2a0b16
open	e119dc43-9ba7-43ad-add0-1ce8a01e3b06	TCGA-JV-A5VE	Copy Number Variation	TXT	Genotyping Array	3039704d-713d-45b7-8398-8b7810d10900	TCGA-SARC.17009a70-61f1-4363-ab21-9b6efd972d97.ascat3.allelic_specific.seg.txt	3039704d-713d-45b7-8398-8b7810d10900
open	e119dc43-9ba7-43ad-add0-1ce8a01e3b06	TCGA-JV-A5VE	Copy Number Variation	TXT	Genotyping Array	7f0f7605-e6da-4c3f-adea-09e3b5e67af8	BURSA_p_TCGA_303_304_305_N_GenomeWideSNP_6_D08_1344700.nocnv_grch38.seg.v2.txt	7f0f7605-e6da-4c3f-adea-09e3b5e67af8
open	d0d989cb-a50f-4ed9-8478-ae300ebc0970	TCGA-DX-AB32	Copy Number Variation	TXT	Genotyping Array	dbbd071f-0378-45ce-997d-02f5e2fa9747	TCGA-SARC.f31af923-2fe0-48c9-b19b-7720edc23f72.ascat3.allelic_specific.seg.txt	dbbd071f-0378-45ce-997d-02f5e2fa9747
open	d0d989cb-a50f-4ed9-8478-ae300ebc0970	TCGA-DX-AB32	Copy Number Variation	TSV	Genotyping Array	e65a8cec-55f6-4460-acc9-c69b10718312	TCGA-SARC.f31af923-2fe0-48c9-b19b-7720edc23f72.gene_level_copy_number.v36.tsv	e65a8cec-55f6-4460-acc9-c69b10718312
controlled	e119dc43-9ba7-43ad-add0-1ce8a01e3b06	TCGA-JV-A5VE	Copy Number Variation	CEL	Genotyping Array	d41def62-9968-471a-9298-bab065e868dc	BURSA_p_TCGA_303_304_305_N_GenomeWideSNP_6_D08_1344700.CEL	d41def62-9968-471a-9298-bab065e868dc
controlled	d0d989cb-a50f-4ed9-8478-ae300ebc0970	TCGA-DX-AB32	Simple Nucleotide Variation	TSV	Genotyping Array	c87a6f30-10c6-4066-9959-9b0200667e72	CUBES_p_TCGAb_425_426_427_NSP_GenomeWideSNP_6_D02_1513950.birdseed.data.txt	c87a6f30-10c6-4066-9959-9b0200667e72
open	bfb21f9b-31af-4ecc-a4f4-d7d3f5728e01	TCGA-3B-A9HR	Copy Number Variation	TSV	Genotyping Array	2bce5826-34fd-4d49-9337-8948b3412ecb	TCGA-SARC.71811cfc-2ce8-4774-947f-8bb0d312de0b.absolute_liftover.gene_level_copy_number.v36.tsv	2bce5826-34fd-4d49-9337-8948b3412ecb
open	d7d9204b-b85e-4260-8a54-c39e7847e982	TCGA-SG-A849	Copy Number Variation	TXT	Genotyping Array	cddb9d50-e6b5-4958-a035-6d58eaa4ba50	TCGA-SARC.00e80dbf-ab3c-4920-a3bc-9d8225a4030c.ascat3.allelic_specific.seg.txt	cddb9d50-e6b5-4958-a035-6d58eaa4ba50
controlled	c849127a-2f15-4fab-8815-db09b017f48c	TCGA-X6-A7W8	Copy Number Variation	CEL	Genotyping Array	006b9c4c-e9a9-475f-a7c0-362f841da7e7	TAZZA_p_TCGAb3_62_63_64_65_NSP_GenomeWideSNP_6_C02_1387962.CEL	006b9c4c-e9a9-475f-a7c0-362f841da7e7
controlled	e4fb6a08-9d3f-4e62-85ce-7ba0dc03c8e2	TCGA-QQ-A5VD	Simple Nucleotide Variation	TSV	Genotyping Array	73d778cb-e0e2-4733-aeaa-d02c3ba909c8	THREW_p_TCGAb_329_335_336_NSP_GenomeWideSNP_6_F10_1367044.birdseed.data.txt	73d778cb-e0e2-4733-aeaa-d02c3ba909c8
open	d40c99d0-79f6-499d-b7f1-5fc4237cfc57	TCGA-DX-A3U8	Copy Number Variation	TXT	Genotyping Array	255f3253-9727-4f6d-8f51-34e63579708f	BURSA_p_TCGA_303_304_305_N_GenomeWideSNP_6_C09_1344804.grch38.seg.v2.txt	255f3253-9727-4f6d-8f51-34e63579708f
open	bfb21f9b-31af-4ecc-a4f4-d7d3f5728e01	TCGA-3B-A9HR	Copy Number Variation	TXT	Genotyping Array	1c6e09e2-2eb7-40aa-a6bf-d195e83c9a2a	ENATE_p_TCGAb_394_395_396_NSP_GenomeWideSNP_6_F06_1474090.grch38.seg.v2.txt	1c6e09e2-2eb7-40aa-a6bf-d195e83c9a2a
open	e4fb6a08-9d3f-4e62-85ce-7ba0dc03c8e2	TCGA-QQ-A5VD	Copy Number Variation	TXT	Genotyping Array	6d7933cb-19cb-4a09-9fe9-95a6094b8c26	TCGA-SARC.1d4a6c85-0b83-4b48-be42-7e78ada2c3a4.ascat2.allelic_specific.seg.txt	6d7933cb-19cb-4a09-9fe9-95a6094b8c26
open	e4fb6a08-9d3f-4e62-85ce-7ba0dc03c8e2	TCGA-QQ-A5VD	Copy Number Variation	TXT	Genotyping Array	b698118c-81cd-490f-922f-8afe0ff0ab81	THREW_p_TCGAb_329_335_336_NSP_GenomeWideSNP_6_F10_1367044.grch38.seg.v2.txt	b698118c-81cd-490f-922f-8afe0ff0ab81
controlled	d40c99d0-79f6-499d-b7f1-5fc4237cfc57	TCGA-DX-A3U8	Copy Number Variation	CEL	Genotyping Array	428f7f54-10b8-4709-9d59-794a35dd3967	BURSA_p_TCGA_303_304_305_N_GenomeWideSNP_6_C09_1344804.CEL	428f7f54-10b8-4709-9d59-794a35dd3967
controlled	bfb21f9b-31af-4ecc-a4f4-d7d3f5728e01	TCGA-3B-A9HR	Copy Number Variation	CEL	Genotyping Array	0517d191-65d1-4a61-86e1-2932e5cfac1f	ENATE_p_TCGAb_394_395_396_NSP_GenomeWideSNP_6_F06_1474090.CEL	0517d191-65d1-4a61-86e1-2932e5cfac1f
open	c849127a-2f15-4fab-8815-db09b017f48c	TCGA-X6-A7W8	Copy Number Variation	TXT	Genotyping Array	056f7a2d-1f5f-4a13-9c9a-1255dd42a68f	TAZZA_p_TCGAb3_62_63_64_65_NSP_GenomeWideSNP_6_C01_1387960.nocnv_grch38.seg.v2.txt	056f7a2d-1f5f-4a13-9c9a-1255dd42a68f
controlled	b61e39f5-f0dd-485e-8e22-d4fdea751f55	TCGA-SI-A71Q	Copy Number Variation	CEL	Genotyping Array	1cf1845d-cd32-4871-9ac8-50468bab20b4	MOWED_p_TCGAb3_39_40_41_42_STY_GenomeWideSNP_6_G02_1377556.CEL	1cf1845d-cd32-4871-9ac8-50468bab20b4
open	e5608743-59c4-4846-96b5-b3d36efbed85	TCGA-MB-A5Y9	Copy Number Variation	TSV	Genotyping Array	cb94d4a3-ad96-49ff-a9e7-860ee90d4657	TCGA-SARC.8e442e14-271d-4290-825c-f6bcd65ef424.ascat3.gene_level_copy_number.v36.tsv	cb94d4a3-ad96-49ff-a9e7-860ee90d4657
open	bfb21f9b-31af-4ecc-a4f4-d7d3f5728e01	TCGA-3B-A9HR	Copy Number Variation	TSV	Genotyping Array	4b80c72e-6c0e-4a2f-b4e2-8ca573d194e6	TCGA-SARC.71811cfc-2ce8-4774-947f-8bb0d312de0b.ascat3.gene_level_copy_number.v36.tsv	4b80c72e-6c0e-4a2f-b4e2-8ca573d194e6
open	e5608743-59c4-4846-96b5-b3d36efbed85	TCGA-MB-A5Y9	Copy Number Variation	TXT	Genotyping Array	a86535b4-a1cd-40ce-8c45-3e6e0e7041db	BURSA_p_TCGA_303_304_305_N_GenomeWideSNP_6_C02_1344686.nocnv_grch38.seg.v2.txt	a86535b4-a1cd-40ce-8c45-3e6e0e7041db
controlled	bfb21f9b-31af-4ecc-a4f4-d7d3f5728e01	TCGA-3B-A9HR	Simple Nucleotide Variation	TSV	Genotyping Array	6ff56591-b85d-43ee-9a4f-34ccff7d8ca3	ENATE_p_TCGAb_394_395_396_NSP_GenomeWideSNP_6_F05_1474122.birdseed.data.txt	6ff56591-b85d-43ee-9a4f-34ccff7d8ca3
open	c9a5b051-0503-4aae-8bc6-270af3033326	TCGA-DX-A6Z0	Copy Number Variation	TXT	Genotyping Array	e1de2cf5-a178-4a6b-acb6-17dd81031a5e	HONGS_p_TCGAb3_75_76_77_NSP_GenomeWideSNP_6_G11_1438168.nocnv_grch38.seg.v2.txt	e1de2cf5-a178-4a6b-acb6-17dd81031a5e
open	d51b9939-aef7-426b-a57f-01c3684e2dc2	TCGA-RN-A68Q	Copy Number Variation	TSV	Genotyping Array	5b162edc-accf-412f-bf89-964e653adfd8	TCGA-SARC.1c42180e-e828-43ad-938a-d93e8d894207.absolute_liftover.gene_level_copy_number.v36.tsv	5b162edc-accf-412f-bf89-964e653adfd8
open	bfb21f9b-31af-4ecc-a4f4-d7d3f5728e01	TCGA-3B-A9HR	Copy Number Variation	TXT	Genotyping Array	c351a796-25c3-40c0-a385-64fbe22af7c7	ENATE_p_TCGAb_394_395_396_NSP_GenomeWideSNP_6_F05_1474122.grch38.seg.v2.txt	c351a796-25c3-40c0-a385-64fbe22af7c7
controlled	dc18ccea-b332-4fac-b49b-1e0217ad025b	TCGA-PC-A5DN	Simple Nucleotide Variation	TSV	Genotyping Array	57c2fcd0-b9c9-4e87-897e-1ccf1efc1423	VIBES_p_TCGA_290_291_292_293_S_GenomeWideSNP_6_F05_1362426.birdseed.data.txt	57c2fcd0-b9c9-4e87-897e-1ccf1efc1423
open	c9a5b051-0503-4aae-8bc6-270af3033326	TCGA-DX-A6Z0	Copy Number Variation	TXT	Genotyping Array	dc04b606-f8b9-4fc8-97a0-8084f5a48c24	TCGA-SARC.d05c9382-f7d9-42db-8a39-84a11713317c.ascat3.allelic_specific.seg.txt	dc04b606-f8b9-4fc8-97a0-8084f5a48c24
open	d51b9939-aef7-426b-a57f-01c3684e2dc2	TCGA-RN-A68Q	Copy Number Variation	TXT	Genotyping Array	68de811a-7bb2-4602-9617-75370cd1319f	RICES_p_TCGA_Batch_310_311_NSP_GenomeWideSNP_6_A10_1361988.nocnv_grch38.seg.v2.txt	68de811a-7bb2-4602-9617-75370cd1319f
open	eea7d707-aeb9-4d00-ab5e-c1ea608517e9	TCGA-DX-A8BT	Copy Number Variation	TSV	Genotyping Array	cbd757b5-b2bd-41ba-a6a5-f8292aa9cb67	TCGA-SARC.d57d10f8-7e23-42fc-b5ab-144f14c87f87.gene_level_copy_number.v36.tsv	cbd757b5-b2bd-41ba-a6a5-f8292aa9cb67
open	d51b9939-aef7-426b-a57f-01c3684e2dc2	TCGA-RN-A68Q	Copy Number Variation	TXT	Genotyping Array	fab0d5be-03cd-4f12-973d-b8e1965db05f	TCGA-SARC.1c42180e-e828-43ad-938a-d93e8d894207.ascat3.allelic_specific.seg.txt	fab0d5be-03cd-4f12-973d-b8e1965db05f
open	cabd63ee-d833-47b0-9a0b-8a046d260af1	TCGA-DX-AB3A	Copy Number Variation	TXT	Genotyping Array	e34c6046-7ca2-4ffe-bb62-a30a11925bf3	TCGA-SARC.3b2424b0-1bc2-4eba-bbba-bbe6d1c1bcec.ascat2.allelic_specific.seg.txt	e34c6046-7ca2-4ffe-bb62-a30a11925bf3
controlled	eea7d707-aeb9-4d00-ab5e-c1ea608517e9	TCGA-DX-A8BT	Simple Nucleotide Variation	TSV	Genotyping Array	165aa6e7-12fd-41d2-9991-6dceb70e2005	VISTA_p_TCGAb_383_384_NSP_GenomeWideSNP_6_A12_1465004.birdseed.data.txt	165aa6e7-12fd-41d2-9991-6dceb70e2005
open	de0cfb5d-0db6-4bf9-8a92-c5de4208bb04	TCGA-Z4-A8JB	Copy Number Variation	TXT	Genotyping Array	f6486860-3c1f-4dfd-b34a-595ac13c4a22	TCGA-SARC.8db18a9d-5512-4077-9de4-0bf796013023.ascat2.allelic_specific.seg.txt	f6486860-3c1f-4dfd-b34a-595ac13c4a22
open	eea7d707-aeb9-4d00-ab5e-c1ea608517e9	TCGA-DX-A8BT	Copy Number Variation	TXT	Genotyping Array	ed1e1b45-f392-4623-85b9-f888f63ef866	VISTA_p_TCGAb_383_384_NSP_GenomeWideSNP_6_B01_1464886.grch38.seg.v2.txt	ed1e1b45-f392-4623-85b9-f888f63ef866
open	cabd63ee-d833-47b0-9a0b-8a046d260af1	TCGA-DX-AB3A	Copy Number Variation	TXT	Genotyping Array	7d9e1dc4-36a0-4ba4-86e4-17d50fd8544f	CUBES_p_TCGAb_425_426_427_NSP_GenomeWideSNP_6_F04_1513916.nocnv_grch38.seg.v2.txt	7d9e1dc4-36a0-4ba4-86e4-17d50fd8544f
open	e786de34-4c21-460f-89ab-008de4347049	TCGA-DX-A3LU	Copy Number Variation	TXT	Genotyping Array	010442cb-cf7c-4890-9d79-1cf3f31fd358	TCGA-SARC.730898d3-cfde-45d2-86db-3133915f4087.ascat2.allelic_specific.seg.txt	010442cb-cf7c-4890-9d79-1cf3f31fd358
controlled	d7d9204b-b85e-4260-8a54-c39e7847e982	TCGA-SG-A849	Copy Number Variation	CEL	Genotyping Array	e34f312a-81d7-4592-a030-6c0029291842	TAZZA_p_TCGAb3_62_63_64_65_NSP_GenomeWideSNP_6_C07_1387838.CEL	e34f312a-81d7-4592-a030-6c0029291842
open	cabd63ee-d833-47b0-9a0b-8a046d260af1	TCGA-DX-AB3A	Copy Number Variation	TXT	Genotyping Array	8843d33e-f18a-40c4-a75f-eadb8d1fab5a	CUBES_p_TCGAb_425_426_427_NSP_GenomeWideSNP_6_F05_1514060.grch38.seg.v2.txt	8843d33e-f18a-40c4-a75f-eadb8d1fab5a
open	de509aa1-6f20-480f-bf9d-d6bc04a7f72c	TCGA-RN-AAAQ	Copy Number Variation	TXT	Genotyping Array	063e5396-3a3b-4a49-8105-9928278e678f	TCGA-SARC.77d2ed4f-892f-465e-a00d-65979ffaffe8.ascat2.allelic_specific.seg.txt	063e5396-3a3b-4a49-8105-9928278e678f
open	de509aa1-6f20-480f-bf9d-d6bc04a7f72c	TCGA-RN-AAAQ	Copy Number Variation	TXT	Genotyping Array	d2322b47-fd91-41af-ab58-f1735d2e91b3	PRION_p_TCGAb_410_11_12_13_NSP_GenomeWideSNP_6_F03_1486590.grch38.seg.v2.txt	d2322b47-fd91-41af-ab58-f1735d2e91b3
open	cabd63ee-d833-47b0-9a0b-8a046d260af1	TCGA-DX-AB3A	Copy Number Variation	TSV	Genotyping Array	6c7d55f2-4f72-4333-acbf-ee93f8de6999	TCGA-SARC.3b2424b0-1bc2-4eba-bbba-bbe6d1c1bcec.gene_level_copy_number.v36.tsv	6c7d55f2-4f72-4333-acbf-ee93f8de6999
open	f693eec9-cd6e-4696-882f-a6dffe481df9	TCGA-DX-A6BF	Copy Number Variation	TXT	Genotyping Array	4ac6a783-5ed3-4077-9ffa-538dc4dc1701	SNOWS_p_TCGA_Batch_309_310_NSP_GenomeWideSNP_6_G02_1361994.grch38.seg.v2.txt	4ac6a783-5ed3-4077-9ffa-538dc4dc1701
open	c05498e7-5b93-4acb-9d91-3a505116558d	TCGA-KD-A5QT	Copy Number Variation	TXT	Genotyping Array	0b3f3c9d-3424-467e-b419-64316f18a564	VIBES_p_TCGA_290_291_292_293_S_GenomeWideSNP_6_G05_1362394.nocnv_grch38.seg.v2.txt	0b3f3c9d-3424-467e-b419-64316f18a564
open	f693eec9-cd6e-4696-882f-a6dffe481df9	TCGA-DX-A6BF	Copy Number Variation	TSV	Genotyping Array	4646f78c-02ec-4501-8fa2-f767a52507c1	TCGA-SARC.ea1edc70-c00e-4c7f-8e59-12f8d4cea0ba.absolute_liftover.gene_level_copy_number.v36.tsv	4646f78c-02ec-4501-8fa2-f767a52507c1
open	de509aa1-6f20-480f-bf9d-d6bc04a7f72c	TCGA-RN-AAAQ	Copy Number Variation	TSV	Genotyping Array	7aeb1e51-a66a-41a2-b3c4-2af4a8263d11	TCGA-SARC.77d2ed4f-892f-465e-a00d-65979ffaffe8.absolute_liftover.gene_level_copy_number.v36.tsv	7aeb1e51-a66a-41a2-b3c4-2af4a8263d11
controlled	c05498e7-5b93-4acb-9d91-3a505116558d	TCGA-KD-A5QT	Copy Number Variation	CEL	Genotyping Array	5c3bf92f-fbc1-48af-8a8c-9080e1aca229	VIBES_p_TCGA_290_291_292_293_S_GenomeWideSNP_6_G05_1362394.CEL	5c3bf92f-fbc1-48af-8a8c-9080e1aca229
open	c05498e7-5b93-4acb-9d91-3a505116558d	TCGA-KD-A5QT	Copy Number Variation	TXT	Genotyping Array	e35e0875-4f72-443a-865d-544a0d0224e1	TCGA-SARC.fc168f3e-34b0-42cd-97f5-5a5bce21ee34.ascat2.allelic_specific.seg.txt	e35e0875-4f72-443a-865d-544a0d0224e1
open	f2fcb8c3-4679-4753-8887-bf4c2781df3a	TCGA-DX-A48U	Copy Number Variation	TXT	Genotyping Array	dce283ac-f304-45db-bb7b-678cf2b79c6a	SNOWS_p_TCGA_Batch_309_310_NSP_GenomeWideSNP_6_F04_1362162.grch38.seg.v2.txt	dce283ac-f304-45db-bb7b-678cf2b79c6a
open	f693eec9-cd6e-4696-882f-a6dffe481df9	TCGA-DX-A6BF	Copy Number Variation	TXT	Genotyping Array	3238a6bd-23e9-4930-9155-a6cb6dd9a650	SNOWS_p_TCGA_Batch_309_310_NSP_GenomeWideSNP_6_G03_1362020.nocnv_grch38.seg.v2.txt	3238a6bd-23e9-4930-9155-a6cb6dd9a650
open	de509aa1-6f20-480f-bf9d-d6bc04a7f72c	TCGA-RN-AAAQ	Copy Number Variation	TSV	Genotyping Array	7b3aaf27-3216-4d04-b08f-8c13256e1e65	TCGA-SARC.77d2ed4f-892f-465e-a00d-65979ffaffe8.ascat3.gene_level_copy_number.v36.tsv	7b3aaf27-3216-4d04-b08f-8c13256e1e65
open	f693eec9-cd6e-4696-882f-a6dffe481df9	TCGA-DX-A6BF	Copy Number Variation	TXT	Genotyping Array	b029d72a-2b04-4918-955a-99e16137b525	TCGA-SARC.ea1edc70-c00e-4c7f-8e59-12f8d4cea0ba.ascat2.allelic_specific.seg.txt	b029d72a-2b04-4918-955a-99e16137b525
controlled	f2fcb8c3-4679-4753-8887-bf4c2781df3a	TCGA-DX-A48U	Copy Number Variation	CEL	Genotyping Array	e3602fc1-e1fc-4de8-ba00-c58b77dd96cc	SNOWS_p_TCGA_Batch_309_310_NSP_GenomeWideSNP_6_F05_1362066.CEL	e3602fc1-e1fc-4de8-ba00-c58b77dd96cc
open	c1bab0e5-4cb2-4d9a-ae92-673fe7967fde	TCGA-PC-A5DK	Copy Number Variation	TXT	Genotyping Array	c871f8e6-a1cf-46e0-b9f7-1750ed23402b	TCGA-SARC.d9153f60-6862-43d5-8ba4-1b2712af9e0e.ascat2.allelic_specific.seg.txt	c871f8e6-a1cf-46e0-b9f7-1750ed23402b
open	df4954d3-8334-4b0b-a781-43c12d03d604	TCGA-X6-A7WD	Copy Number Variation	TXT	Genotyping Array	dbc48e07-ecac-4dd9-8c95-d2278acff7a6	DLP_REDO_FROM_TAZZA_B08.grch38.seg.v2.txt	dbc48e07-ecac-4dd9-8c95-d2278acff7a6
open	df4954d3-8334-4b0b-a781-43c12d03d604	TCGA-X6-A7WD	Copy Number Variation	TXT	Genotyping Array	6016dff9-6591-4dcd-9fdb-cc55b83ae46d	TCGA-SARC.a5352888-9ed9-4264-ae02-a1ad3e3b20f4.ascat2.allelic_specific.seg.txt	6016dff9-6591-4dcd-9fdb-cc55b83ae46d
open	df4954d3-8334-4b0b-a781-43c12d03d604	TCGA-X6-A7WD	Copy Number Variation	TSV	Genotyping Array	eeab0d63-e2e3-44a4-9849-777e79d3bc80	TCGA-SARC.a5352888-9ed9-4264-ae02-a1ad3e3b20f4.gene_level_copy_number.v36.tsv	eeab0d63-e2e3-44a4-9849-777e79d3bc80
open	f693eec9-cd6e-4696-882f-a6dffe481df9	TCGA-DX-A6BF	Copy Number Variation	TXT	Genotyping Array	5e35f1fe-4b20-4cf0-9c0d-f78791a44b53	TCGA-SARC.ea1edc70-c00e-4c7f-8e59-12f8d4cea0ba.ascat3.allelic_specific.seg.txt	5e35f1fe-4b20-4cf0-9c0d-f78791a44b53
controlled	f693eec9-cd6e-4696-882f-a6dffe481df9	TCGA-DX-A6BF	Copy Number Variation	CEL	Genotyping Array	c718e894-78e2-492d-9756-f16d6e35ef0f	SNOWS_p_TCGA_Batch_309_310_NSP_GenomeWideSNP_6_G02_1361994.CEL	c718e894-78e2-492d-9756-f16d6e35ef0f
controlled	f2fcb8c3-4679-4753-8887-bf4c2781df3a	TCGA-DX-A48U	Simple Nucleotide Variation	TSV	Genotyping Array	7ff7acd7-0bd8-4ef7-9936-8bcd3b17d2c6	SNOWS_p_TCGA_Batch_309_310_NSP_GenomeWideSNP_6_F04_1362162.birdseed.data.txt	7ff7acd7-0bd8-4ef7-9936-8bcd3b17d2c6
open	e7a72f7e-77b1-4d95-8f37-39a6cffc35dc	TCGA-DX-A3LT	Copy Number Variation	TSV	Genotyping Array	4bc2fab6-369e-4d57-a80d-7fa13135f84c	TCGA-SARC.8f96eddc-fd74-4bca-9539-fdd866750bf4.gene_level_copy_number.v36.tsv	4bc2fab6-369e-4d57-a80d-7fa13135f84c
controlled	f75d2589-fd7b-49a1-a1c8-0b4726b81f3c	TCGA-DX-A2J4	Copy Number Variation	CEL	Genotyping Array	af46288b-35cb-4e85-81b4-ba59e837945e	MACON_p_TCGASNP_218_AML_PP_N_GenomeWideSNP_6_D07_1040164.CEL	af46288b-35cb-4e85-81b4-ba59e837945e
open	e7a72f7e-77b1-4d95-8f37-39a6cffc35dc	TCGA-DX-A3LT	Copy Number Variation	TSV	Genotyping Array	73005746-2265-461a-ae4a-d2e42c3f9194	TCGA-SARC.8f96eddc-fd74-4bca-9539-fdd866750bf4.absolute_liftover.gene_level_copy_number.v36.tsv	73005746-2265-461a-ae4a-d2e42c3f9194
open	df4954d3-8334-4b0b-a781-43c12d03d604	TCGA-X6-A7WD	Copy Number Variation	TXT	Genotyping Array	4a4474e5-fe3b-4743-90f5-2a2876bcd987	TAZZA_p_TCGAb3_62_63_64_65_NSP_GenomeWideSNP_6_B07_1387850.grch38.seg.v2.txt	4a4474e5-fe3b-4743-90f5-2a2876bcd987
open	e987c47d-6ecb-41bb-a66f-a0489e56449f	TCGA-DX-A8BL	Copy Number Variation	TXT	Genotyping Array	9db24e2d-05ba-4ff1-9cc0-f6a74f37e85a	CUBES_p_TCGAb_425_426_427_NSP_GenomeWideSNP_6_D12_1513918.nocnv_grch38.seg.v2.txt	9db24e2d-05ba-4ff1-9cc0-f6a74f37e85a
open	e987c47d-6ecb-41bb-a66f-a0489e56449f	TCGA-DX-A8BL	Copy Number Variation	TXT	Genotyping Array	7db0cbb4-2ed9-47d7-89a9-dbc098e5d2a4	CUBES_p_TCGAb_425_426_427_NSP_GenomeWideSNP_6_E01_1514052.nocnv_grch38.seg.v2.txt	7db0cbb4-2ed9-47d7-89a9-dbc098e5d2a4
open	f75d2589-fd7b-49a1-a1c8-0b4726b81f3c	TCGA-DX-A2J4	Copy Number Variation	TXT	Genotyping Array	384f8d1c-87fb-4e6c-b542-5ce4ed781d76	MACON_p_TCGASNP_218_AML_PP_N_GenomeWideSNP_6_D07_1040164.nocnv_grch38.seg.v2.txt	384f8d1c-87fb-4e6c-b542-5ce4ed781d76
controlled	f94615ea-551c-4f63-af0d-5e49c87fc66e	TCGA-3B-A9HP	Copy Number Variation	CEL	Genotyping Array	db160e48-a61e-4ca9-8806-9baf87d1235d	ENATE_p_TCGAb_394_395_396_NSP_GenomeWideSNP_6_D11_1474164.CEL	db160e48-a61e-4ca9-8806-9baf87d1235d
controlled	e0b298e0-0d11-4cc8-a9fa-7f2cc9f1d6e9	TCGA-Z4-AAPF	Copy Number Variation	CEL	Genotyping Array	42c90ffd-92c3-45cd-a17d-176656c9e096	PRION_p_TCGAb_410_11_12_13_NSP_GenomeWideSNP_6_C01_1486652.CEL	42c90ffd-92c3-45cd-a17d-176656c9e096
controlled	f4852819-6c2d-45f7-8479-5e79f143c7b5	TCGA-KD-A5QS	Copy Number Variation	CEL	Genotyping Array	8f8871b2-0c3d-459b-8a5c-c06cefb71fb2	VIBES_p_TCGA_290_291_292_293_S_GenomeWideSNP_6_G02_1362498.CEL	8f8871b2-0c3d-459b-8a5c-c06cefb71fb2
controlled	e987c47d-6ecb-41bb-a66f-a0489e56449f	TCGA-DX-A8BL	Simple Nucleotide Variation	TSV	Genotyping Array	99aa2fff-7ea0-45f9-a129-571cfaa0e1d6	CUBES_p_TCGAb_425_426_427_NSP_GenomeWideSNP_6_E01_1514052.birdseed.data.txt	99aa2fff-7ea0-45f9-a129-571cfaa0e1d6
open	f94615ea-551c-4f63-af0d-5e49c87fc66e	TCGA-3B-A9HP	Copy Number Variation	TXT	Genotyping Array	7ca9e0d4-420d-469b-b1d1-9a761c8e11a9	TCGA-SARC.4b0d3f45-7715-46ba-8f03-d531d59e2634.ascat3.allelic_specific.seg.txt	7ca9e0d4-420d-469b-b1d1-9a761c8e11a9
open	f4852819-6c2d-45f7-8479-5e79f143c7b5	TCGA-KD-A5QS	Copy Number Variation	TSV	Genotyping Array	0b2226b1-1919-492c-bfd2-6a60aaa30149	TCGA-SARC.479d61d7-b682-4760-8fea-92b7e52c802a.ascat3.gene_level_copy_number.v36.tsv	0b2226b1-1919-492c-bfd2-6a60aaa30149
open	f4852819-6c2d-45f7-8479-5e79f143c7b5	TCGA-KD-A5QS	Copy Number Variation	TXT	Genotyping Array	d5081483-2d6b-435b-a479-09f8f22e6c19	VIBES_p_TCGA_290_291_292_293_S_GenomeWideSNP_6_G02_1362498.nocnv_grch38.seg.v2.txt	d5081483-2d6b-435b-a479-09f8f22e6c19
open	ea0e5ae7-1f15-4504-aea3-efd1f6733304	TCGA-DX-A1KU	Copy Number Variation	TXT	Genotyping Array	6edbf3ec-c02f-4bbd-b7a9-9081b5a6b88c	TCGA-SARC.48b516b7-49be-422c-952d-078a99276d70.ascat2.allelic_specific.seg.txt	6edbf3ec-c02f-4bbd-b7a9-9081b5a6b88c
controlled	ea0e5ae7-1f15-4504-aea3-efd1f6733304	TCGA-DX-A1KU	Simple Nucleotide Variation	TSV	Genotyping Array	efe8aef4-af34-43e3-a6ca-9810f27c0efe	YOGIN_p_TCGA_4_262_263_N_GenomeWideSNP_6_D09_1306236.birdseed.data.txt	efe8aef4-af34-43e3-a6ca-9810f27c0efe
controlled	f4852819-6c2d-45f7-8479-5e79f143c7b5	TCGA-KD-A5QS	Copy Number Variation	CEL	Genotyping Array	5263cec5-a4ff-47da-8ea4-83427f7974c6	VIBES_p_TCGA_290_291_292_293_S_GenomeWideSNP_6_G03_1362492.CEL	5263cec5-a4ff-47da-8ea4-83427f7974c6
open	ea0e5ae7-1f15-4504-aea3-efd1f6733304	TCGA-DX-A1KU	Copy Number Variation	TXT	Genotyping Array	530197d5-875e-49c0-b858-afa4e55563b1	YOGIN_p_TCGA_4_262_263_N_GenomeWideSNP_6_D09_1306236.nocnv_grch38.seg.v2.txt	530197d5-875e-49c0-b858-afa4e55563b1
open	ea0e5ae7-1f15-4504-aea3-efd1f6733304	TCGA-DX-A1KU	Copy Number Variation	TXT	Genotyping Array	f2e057ae-8df5-4755-8cb5-01d93644478a	YOGIN_p_TCGA_4_262_263_N_GenomeWideSNP_6_D09_1306236.grch38.seg.v2.txt	f2e057ae-8df5-4755-8cb5-01d93644478a
open	f9ceee8b-aa08-4123-ba70-76b3cbfc50e6	TCGA-DX-A6YT	Copy Number Variation	TXT	Genotyping Array	a0cc681d-74ca-4911-a6db-571fde482cec	TCGA-SARC.68c618ba-8d9b-4db9-b2b8-85be5daeda97.ascat3.allelic_specific.seg.txt	a0cc681d-74ca-4911-a6db-571fde482cec
open	e119dc43-9ba7-43ad-add0-1ce8a01e3b06	TCGA-JV-A5VE	Copy Number Variation	TXT	Genotyping Array	55b134d9-c39e-41d5-b1bf-5d9bab86b9b9	BURSA_p_TCGA_303_304_305_N_GenomeWideSNP_6_D01_1344796.nocnv_grch38.seg.v2.txt	55b134d9-c39e-41d5-b1bf-5d9bab86b9b9
controlled	ea0e5ae7-1f15-4504-aea3-efd1f6733304	TCGA-DX-A1KU	Copy Number Variation	CEL	Genotyping Array	72111aaa-47bc-458f-95c1-8366c3eaad92	YOGIN_p_TCGA_4_262_263_N_GenomeWideSNP_6_D09_1306236.CEL	72111aaa-47bc-458f-95c1-8366c3eaad92
controlled	f519be07-434e-4eb2-acf9-318565b83d50	TCGA-K1-A3PN	Copy Number Variation	CEL	Genotyping Array	d8f358a8-c652-437c-8cf4-9e596372193b	FLUES_p_TCGASNP_228_229_230_N_GenomeWideSNP_6_E09_1148868.CEL	d8f358a8-c652-437c-8cf4-9e596372193b
open	f9ceee8b-aa08-4123-ba70-76b3cbfc50e6	TCGA-DX-A6YT	Copy Number Variation	TXT	Genotyping Array	89b0877a-b30b-4a35-9935-2f3776ff4029	TCGA-SARC.68c618ba-8d9b-4db9-b2b8-85be5daeda97.ascat2.allelic_specific.seg.txt	89b0877a-b30b-4a35-9935-2f3776ff4029
controlled	f9ceee8b-aa08-4123-ba70-76b3cbfc50e6	TCGA-DX-A6YT	Simple Nucleotide Variation	TSV	Genotyping Array	b11cf7d7-f49b-4955-a3f7-ac73ead63383	TAZZA_p_TCGAb3_62_63_64_65_NSP_GenomeWideSNP_6_C09_1387824.birdseed.data.txt	b11cf7d7-f49b-4955-a3f7-ac73ead63383
open	f519be07-434e-4eb2-acf9-318565b83d50	TCGA-K1-A3PN	Copy Number Variation	TXT	Genotyping Array	3dbd2672-2af6-4e3e-82c8-3bf9b26b4cd1	TCGA-SARC.1e1caf9c-70f1-4184-8ee2-871bd9ac81dc.ascat2.allelic_specific.seg.txt	3dbd2672-2af6-4e3e-82c8-3bf9b26b4cd1
open	ea3a524b-6ee3-4904-8924-29fcaa20985c	TCGA-DX-A3U7	Copy Number Variation	TSV	Genotyping Array	8955dfe3-ca5b-450b-8cc1-fffbb7f57721	TCGA-SARC.58b86005-dc20-4c52-be98-ee91d159f5c2.gene_level_copy_number.v36.tsv	8955dfe3-ca5b-450b-8cc1-fffbb7f57721
open	fbc32608-52ae-48ca-bb4a-ec29c1d82b8b	TCGA-WK-A8XO	Copy Number Variation	TXT	Genotyping Array	b1bd0828-e467-49e4-9553-e59a042e0092	VISTA_p_TCGAb_383_384_NSP_GenomeWideSNP_6_D05_1464872.grch38.seg.v2.txt	b1bd0828-e467-49e4-9553-e59a042e0092
controlled	fbc32608-52ae-48ca-bb4a-ec29c1d82b8b	TCGA-WK-A8XO	Copy Number Variation	CEL	Genotyping Array	8037ab41-b924-42df-afea-59f1bbcf5467	VISTA_p_TCGAb_383_384_NSP_GenomeWideSNP_6_D04_1464972.CEL	8037ab41-b924-42df-afea-59f1bbcf5467
open	ea3a524b-6ee3-4904-8924-29fcaa20985c	TCGA-DX-A3U7	Copy Number Variation	TXT	Genotyping Array	b37b9a71-9be8-45dc-b7e3-442f577f856b	BURSA_p_TCGA_303_304_305_N_GenomeWideSNP_6_B09_1344792.grch38.seg.v2.txt	b37b9a71-9be8-45dc-b7e3-442f577f856b
open	ea3a524b-6ee3-4904-8924-29fcaa20985c	TCGA-DX-A3U7	Copy Number Variation	TSV	Genotyping Array	3decdd3e-d709-47d4-8a84-b390014d5723	TCGA-SARC.58b86005-dc20-4c52-be98-ee91d159f5c2.absolute_liftover.gene_level_copy_number.v36.tsv	3decdd3e-d709-47d4-8a84-b390014d5723
open	fbc32608-52ae-48ca-bb4a-ec29c1d82b8b	TCGA-WK-A8XO	Copy Number Variation	TSV	Genotyping Array	eac59455-87aa-4624-85d0-f996f72a245f	TCGA-SARC.47e3b38e-8036-4bf9-be8d-955262c40b85.absolute_liftover.gene_level_copy_number.v36.tsv	eac59455-87aa-4624-85d0-f996f72a245f
open	f519be07-434e-4eb2-acf9-318565b83d50	TCGA-K1-A3PN	Copy Number Variation	TSV	Genotyping Array	aca73e9a-0c0d-4539-aaa6-b8b5dbe3a9d8	TCGA-SARC.1e1caf9c-70f1-4184-8ee2-871bd9ac81dc.absolute_liftover.gene_level_copy_number.v36.tsv	aca73e9a-0c0d-4539-aaa6-b8b5dbe3a9d8
open	f519be07-434e-4eb2-acf9-318565b83d50	TCGA-K1-A3PN	Copy Number Variation	TXT	Genotyping Array	2990d061-f0de-4074-aec5-79a9fadd0506	TCGA-SARC.1e058aff-8fe8-44b1-b0b0-57e08610e8c7.ascat3.allelic_specific.seg.txt	2990d061-f0de-4074-aec5-79a9fadd0506
open	ea3a524b-6ee3-4904-8924-29fcaa20985c	TCGA-DX-A3U7	Copy Number Variation	TXT	Genotyping Array	f14e079a-1a55-497e-ad21-cb2f8a2ae808	TCGA-SARC.58b86005-dc20-4c52-be98-ee91d159f5c2.ascat2.allelic_specific.seg.txt	f14e079a-1a55-497e-ad21-cb2f8a2ae808
open	ea3a524b-6ee3-4904-8924-29fcaa20985c	TCGA-DX-A3U7	Copy Number Variation	TXT	Genotyping Array	1d29482d-2f8e-43d6-9a98-c20e318ac407	BURSA_p_TCGA_303_304_305_N_GenomeWideSNP_6_D05_1344818.nocnv_grch38.seg.v2.txt	1d29482d-2f8e-43d6-9a98-c20e318ac407
open	fbc32608-52ae-48ca-bb4a-ec29c1d82b8b	TCGA-WK-A8XO	Copy Number Variation	TSV	Genotyping Array	78d43832-9a7b-4912-8fac-a6000f6888e5	TCGA-SARC.47e3b38e-8036-4bf9-be8d-955262c40b85.ascat3.gene_level_copy_number.v36.tsv	78d43832-9a7b-4912-8fac-a6000f6888e5
open	f519be07-434e-4eb2-acf9-318565b83d50	TCGA-K1-A3PN	Copy Number Variation	TXT	Genotyping Array	d23ae6bd-fe7b-49f6-8625-b90f15880dcd	TCGA-SARC.1e058aff-8fe8-44b1-b0b0-57e08610e8c7.ascat2.allelic_specific.seg.txt	d23ae6bd-fe7b-49f6-8625-b90f15880dcd
controlled	f519be07-434e-4eb2-acf9-318565b83d50	TCGA-K1-A3PN	Copy Number Variation	CEL	Genotyping Array	642c9f13-eac8-442f-b10e-e621d4a00a98	FLUES_p_TCGASNP_228_229_230_N_GenomeWideSNP_6_D06_1148922.CEL	642c9f13-eac8-442f-b10e-e621d4a00a98
controlled	fbc32608-52ae-48ca-bb4a-ec29c1d82b8b	TCGA-WK-A8XO	Simple Nucleotide Variation	TSV	Genotyping Array	54571eb2-d1f5-44bd-b349-5e4df13e3f6f	VISTA_p_TCGAb_383_384_NSP_GenomeWideSNP_6_D04_1464972.birdseed.data.txt	54571eb2-d1f5-44bd-b349-5e4df13e3f6f
open	ecc74d54-d929-4dd0-b9ec-e03163343f9a	TCGA-DX-A6YX	Copy Number Variation	TXT	Genotyping Array	67606519-1daa-47ac-9b8d-a8b1005c13e1	CUBES_p_TCGAb_425_426_427_NSP_GenomeWideSNP_6_E11_1514090.grch38.seg.v2.txt	67606519-1daa-47ac-9b8d-a8b1005c13e1
open	ecc74d54-d929-4dd0-b9ec-e03163343f9a	TCGA-DX-A6YX	Copy Number Variation	TSV	Genotyping Array	0221b09d-3785-4348-83a1-8e162e67d1c6	TCGA-SARC.6d9b69bf-e5fc-4383-a63f-5d193a02d694.absolute_liftover.gene_level_copy_number.v36.tsv	0221b09d-3785-4348-83a1-8e162e67d1c6
open	ecc74d54-d929-4dd0-b9ec-e03163343f9a	TCGA-DX-A6YX	Copy Number Variation	TSV	Genotyping Array	8ad9b8c0-b7f6-4cdf-a626-cf3032d6b2a9	TCGA-SARC.6d9b69bf-e5fc-4383-a63f-5d193a02d694.ascat3.gene_level_copy_number.v36.tsv	8ad9b8c0-b7f6-4cdf-a626-cf3032d6b2a9
open	f6534e53-ea96-4e51-b93f-8aa045f6775d	TCGA-DX-AB2O	Copy Number Variation	TXT	Genotyping Array	486368af-7f1a-4f79-b603-6361c2eebd19	PRION_p_TCGAb_410_11_12_13_NSP_GenomeWideSNP_6_E12_1486606.grch38.seg.v2.txt	486368af-7f1a-4f79-b603-6361c2eebd19
controlled	fd93cabe-fb8d-4a46-97ee-60051110237a	TCGA-DX-A48O	Simple Nucleotide Variation	TSV	Genotyping Array	62f69e23-c7e8-4959-915c-11ce4e13a71b	SNOWS_p_TCGA_Batch_309_310_NSP_GenomeWideSNP_6_E11_1362158.birdseed.data.txt	62f69e23-c7e8-4959-915c-11ce4e13a71b
open	fd93cabe-fb8d-4a46-97ee-60051110237a	TCGA-DX-A48O	Copy Number Variation	TSV	Genotyping Array	79f23749-e3d7-4cb7-9f19-4bc621003b2e	TCGA-SARC.caad6d94-41bc-401e-bc6d-8e80a6a0e25e.gene_level_copy_number.v36.tsv	79f23749-e3d7-4cb7-9f19-4bc621003b2e
controlled	f6534e53-ea96-4e51-b93f-8aa045f6775d	TCGA-DX-AB2O	Simple Nucleotide Variation	TSV	Genotyping Array	a941562f-5a64-45f2-bcd3-c104c67fe61e	PRION_p_TCGAb_410_11_12_13_NSP_GenomeWideSNP_6_E12_1486606.birdseed.data.txt	a941562f-5a64-45f2-bcd3-c104c67fe61e
open	ecc74d54-d929-4dd0-b9ec-e03163343f9a	TCGA-DX-A6YX	Copy Number Variation	TSV	Genotyping Array	54a2e8d8-e0f7-4696-b176-61c31d4ee166	TCGA-SARC.6d9b69bf-e5fc-4383-a63f-5d193a02d694.gene_level_copy_number.v36.tsv	54a2e8d8-e0f7-4696-b176-61c31d4ee166
open	ecc74d54-d929-4dd0-b9ec-e03163343f9a	TCGA-DX-A6YX	Copy Number Variation	TXT	Genotyping Array	4fd0d243-439b-4caf-8518-7554e28fa26e	CUBES_p_TCGAb_425_426_427_NSP_GenomeWideSNP_6_E10_1514070.grch38.seg.v2.txt	4fd0d243-439b-4caf-8518-7554e28fa26e
controlled	ecc74d54-d929-4dd0-b9ec-e03163343f9a	TCGA-DX-A6YX	Copy Number Variation	CEL	Genotyping Array	83e49b39-e9c3-45dc-83a8-65173dad99cd	CUBES_p_TCGAb_425_426_427_NSP_GenomeWideSNP_6_E10_1514070.CEL	83e49b39-e9c3-45dc-83a8-65173dad99cd
open	fd93cabe-fb8d-4a46-97ee-60051110237a	TCGA-DX-A48O	Copy Number Variation	TXT	Genotyping Array	189a4aac-11cc-4fc2-babe-c565dea01cc4	TCGA-SARC.caad6d94-41bc-401e-bc6d-8e80a6a0e25e.ascat3.allelic_specific.seg.txt	189a4aac-11cc-4fc2-babe-c565dea01cc4
open	fd93cabe-fb8d-4a46-97ee-60051110237a	TCGA-DX-A48O	Copy Number Variation	TSV	Genotyping Array	2bb627f0-9ebd-4113-beab-2498a39b1d88	TCGA-SARC.caad6d94-41bc-401e-bc6d-8e80a6a0e25e.absolute_liftover.gene_level_copy_number.v36.tsv	2bb627f0-9ebd-4113-beab-2498a39b1d88
open	ff4b354c-1e9a-4724-91cb-9b33d1b3050e	TCGA-DX-A23T	Copy Number Variation	TXT	Genotyping Array	5c6a1515-179e-45c5-bf7b-63569ff88dd5	TCGA-SARC.08d96eb0-8653-4776-966e-d14e1956d4a7.ascat2.allelic_specific.seg.txt	5c6a1515-179e-45c5-bf7b-63569ff88dd5
open	05d4099f-521a-4df6-abac-f86f84b3af7f	TCGA-WP-A9GB	Copy Number Variation	TXT	Genotyping Array	37032a02-aca4-4495-8d82-794f69246ee4	VISTA_p_TCGAb_383_384_NSP_GenomeWideSNP_6_C05_1464998.grch38.seg.v2.txt	37032a02-aca4-4495-8d82-794f69246ee4
controlled	12bfd446-2ee5-4664-a492-c023d134f60f	TCGA-FX-A48G	Copy Number Variation	CEL	Genotyping Array	40836a00-a844-4d0f-ac94-b605b3b0e37b	YOGIN_p_TCGA_4_262_263_N_GenomeWideSNP_6_B09_1306126.CEL	40836a00-a844-4d0f-ac94-b605b3b0e37b
open	1c89da99-9e89-4726-b196-97eeab46d504	TCGA-X6-A7WC	Copy Number Variation	TXT	Genotyping Array	6489bbba-4b85-4ed8-8550-a23f328f3e78	TAZZA_p_TCGAb3_62_63_64_65_NSP_GenomeWideSNP_6_B05_1387924.grch38.seg.v2.txt	6489bbba-4b85-4ed8-8550-a23f328f3e78
controlled	12bfd446-2ee5-4664-a492-c023d134f60f	TCGA-FX-A48G	Simple Nucleotide Variation	TSV	Genotyping Array	28a238a3-9380-4d91-aac5-4d34a436dd6d	YOGIN_p_TCGA_4_262_263_N_GenomeWideSNP_6_C03_1306214.birdseed.data.txt	28a238a3-9380-4d91-aac5-4d34a436dd6d
open	1c89da99-9e89-4726-b196-97eeab46d504	TCGA-X6-A7WC	Copy Number Variation	TXT	Genotyping Array	a8da394c-1c5b-4222-b4e4-2614ae483c1b	TAZZA_p_TCGAb3_62_63_64_65_NSP_GenomeWideSNP_6_B06_1387810.grch38.seg.v2.txt	a8da394c-1c5b-4222-b4e4-2614ae483c1b
open	0f94362d-368f-4570-b8c1-70fc4b1f5e35	TCGA-QQ-A5VB	Copy Number Variation	TSV	Genotyping Array	d0354155-ee84-45bd-a7c7-9c92f696bf0f	TCGA-SARC.4133ffe3-9263-41d5-958d-6078bab4891e.ascat3.gene_level_copy_number.v36.tsv	d0354155-ee84-45bd-a7c7-9c92f696bf0f
open	12bfd446-2ee5-4664-a492-c023d134f60f	TCGA-FX-A48G	Copy Number Variation	TXT	Genotyping Array	32c7202b-d419-4f74-9152-19e3130b425a	YOGIN_p_TCGA_4_262_263_N_GenomeWideSNP_6_B09_1306126.nocnv_grch38.seg.v2.txt	32c7202b-d419-4f74-9152-19e3130b425a
open	1007195a-7b6a-4575-b6d1-075d76a997ff	TCGA-DX-A6YR	Copy Number Variation	TXT	Genotyping Array	7e3b8149-64ee-4d39-b09f-92c60886b4e4	TAZZA_p_TCGAb3_62_63_64_65_NSP_GenomeWideSNP_6_C04_1387860.grch38.seg.v2.txt	7e3b8149-64ee-4d39-b09f-92c60886b4e4
open	16a4412f-0256-498d-b77b-4aecfed34091	TCGA-FX-A3TO	Copy Number Variation	TXT	Genotyping Array	716d96ec-8e35-4f30-b3fc-77519d285e0f	FLUES_p_TCGASNP_228_229_230_N_GenomeWideSNP_6_C12_1148814.nocnv_grch38.seg.v2.txt	716d96ec-8e35-4f30-b3fc-77519d285e0f
open	4c323272-2e94-4910-a894-7836570852cd	TCGA-QQ-A8VB	Copy Number Variation	TSV	Genotyping Array	b5afccb6-af94-476e-8621-21a5947d7927	TCGA-SARC.c2f287c1-28f7-44f3-b2de-f8f06841430b.absolute_liftover.gene_level_copy_number.v36.tsv	b5afccb6-af94-476e-8621-21a5947d7927
controlled	1007195a-7b6a-4575-b6d1-075d76a997ff	TCGA-DX-A6YR	Simple Nucleotide Variation	TSV	Genotyping Array	10348974-b1f6-4811-a44e-262cf787cf31	TAZZA_p_TCGAb3_62_63_64_65_NSP_GenomeWideSNP_6_C03_1387800.birdseed.data.txt	10348974-b1f6-4811-a44e-262cf787cf31
open	4c323272-2e94-4910-a894-7836570852cd	TCGA-QQ-A8VB	Copy Number Variation	TXT	Genotyping Array	2c40940c-5754-44c4-ad64-28bf4f394c2f	TCGA-SARC.c2f287c1-28f7-44f3-b2de-f8f06841430b.ascat3.allelic_specific.seg.txt	2c40940c-5754-44c4-ad64-28bf4f394c2f
open	4c323272-2e94-4910-a894-7836570852cd	TCGA-QQ-A8VB	Copy Number Variation	TSV	Genotyping Array	13ff6803-b3e6-4dda-ba85-b5cba93cec6d	TCGA-SARC.c2f287c1-28f7-44f3-b2de-f8f06841430b.ascat3.gene_level_copy_number.v36.tsv	13ff6803-b3e6-4dda-ba85-b5cba93cec6d
open	16a4412f-0256-498d-b77b-4aecfed34091	TCGA-FX-A3TO	Copy Number Variation	TXT	Genotyping Array	97c4ec3a-97be-42e6-915c-04440f4b6da4	FLUES_p_TCGASNP_228_229_230_N_GenomeWideSNP_6_D04_1148808.nocnv_grch38.seg.v2.txt	97c4ec3a-97be-42e6-915c-04440f4b6da4
open	16a4412f-0256-498d-b77b-4aecfed34091	TCGA-FX-A3TO	Copy Number Variation	TSV	Genotyping Array	5410d513-adcc-41b3-95eb-28bda3dc4ed9	TCGA-SARC.90e8e5d6-e4fc-4f69-a746-a2305b5964f8.ascat3.gene_level_copy_number.v36.tsv	5410d513-adcc-41b3-95eb-28bda3dc4ed9
controlled	4c323272-2e94-4910-a894-7836570852cd	TCGA-QQ-A8VB	Simple Nucleotide Variation	TSV	Genotyping Array	6124d8e1-87f5-4d1c-95a8-c536ad3e0d10	VISTA_p_TCGAb_383_384_NSP_GenomeWideSNP_6_A10_1464992.birdseed.data.txt	6124d8e1-87f5-4d1c-95a8-c536ad3e0d10
controlled	dcd4d76e-4e41-4a84-b87c-6c94586e73f4	TCGA-IS-A3K8	Simple Nucleotide Variation	TSV	Genotyping Array	7dbfcf49-0846-49e3-9a58-dac0ada3ee9a	MACON_p_TCGASNP_218_AML_PP_N_GenomeWideSNP_6_A03_1039986.birdseed.data.txt	7dbfcf49-0846-49e3-9a58-dac0ada3ee9a
open	16a4412f-0256-498d-b77b-4aecfed34091	TCGA-FX-A3TO	Copy Number Variation	TXT	Genotyping Array	17eefccf-926a-420c-bd82-f5d5afe7e9c4	TCGA-SARC.90e8e5d6-e4fc-4f69-a746-a2305b5964f8.ascat3.allelic_specific.seg.txt	17eefccf-926a-420c-bd82-f5d5afe7e9c4
open	1d03c1e5-8ab1-46b7-a46c-3738d463fd1c	TCGA-DX-AB37	Copy Number Variation	TSV	Genotyping Array	fb6280b3-f032-4360-972e-f998672f0e49	TCGA-SARC.e277fbd0-1c14-40a7-b3b3-aa3b2cd07e01.ascat3.gene_level_copy_number.v36.tsv	fb6280b3-f032-4360-972e-f998672f0e49
open	dcd4d76e-4e41-4a84-b87c-6c94586e73f4	TCGA-IS-A3K8	Copy Number Variation	TXT	Genotyping Array	5489f3d3-9429-4997-8408-c8304f127e7f	MACON_p_TCGASNP_218_AML_PP_N_GenomeWideSNP_6_C05_1040040.grch38.seg.v2.txt	5489f3d3-9429-4997-8408-c8304f127e7f
open	1d03c1e5-8ab1-46b7-a46c-3738d463fd1c	TCGA-DX-AB37	Copy Number Variation	TXT	Genotyping Array	019ad3c0-102d-4024-8952-8e06febdc415	CUBES_p_TCGAb_425_426_427_NSP_GenomeWideSNP_6_E04_1514106.grch38.seg.v2.txt	019ad3c0-102d-4024-8952-8e06febdc415
open	1d03c1e5-8ab1-46b7-a46c-3738d463fd1c	TCGA-DX-AB37	Copy Number Variation	TSV	Genotyping Array	b04775fc-b5fa-4716-901b-40ab35226285	TCGA-SARC.e277fbd0-1c14-40a7-b3b3-aa3b2cd07e01.absolute_liftover.gene_level_copy_number.v36.tsv	b04775fc-b5fa-4716-901b-40ab35226285
open	2560fb5b-5f49-4d38-8f61-1ab911aed3eb	TCGA-SI-A71P	Copy Number Variation	TXT	Genotyping Array	652df6e8-3907-4766-951d-3294aeb3b466	MOWED_p_TCGAb3_39_40_41_42_STY_GenomeWideSNP_6_F09_1377444.grch38.seg.v2.txt	652df6e8-3907-4766-951d-3294aeb3b466
open	17cecba9-37ed-4967-8756-e0f7c20c8209	TCGA-MJ-A850	Copy Number Variation	TXT	Genotyping Array	f323d024-d392-476b-a33d-62b1dd6d74c5	TAZZA_p_TCGAb3_62_63_64_65_NSP_GenomeWideSNP_6_B11_1387880.nocnv_grch38.seg.v2.txt	f323d024-d392-476b-a33d-62b1dd6d74c5
controlled	1db4962a-3cf7-4f36-bd60-46a1b63b6c20	TCGA-SG-A6Z4	Copy Number Variation	CEL	Genotyping Array	0bcae95a-5175-4cca-a187-c5fd6aa862f8	MOWED_p_TCGAb3_39_40_41_42_STY_GenomeWideSNP_6_G08_1377440.CEL	0bcae95a-5175-4cca-a187-c5fd6aa862f8
open	17cecba9-37ed-4967-8756-e0f7c20c8209	TCGA-MJ-A850	Copy Number Variation	TSV	Genotyping Array	bd892d9b-9ba0-42af-9774-1c41fda2ab00	TCGA-SARC.8b9cc077-d704-4164-9a94-dc3dbafad8ca.ascat3.gene_level_copy_number.v36.tsv	bd892d9b-9ba0-42af-9774-1c41fda2ab00
open	dcd4d76e-4e41-4a84-b87c-6c94586e73f4	TCGA-IS-A3K8	Copy Number Variation	TSV	Genotyping Array	859f1d30-bcee-4168-9107-daa95ea4198b	TCGA-SARC.2a38dd75-f4b4-4178-ba47-ebb2ef8551bd.ascat3.gene_level_copy_number.v36.tsv	859f1d30-bcee-4168-9107-daa95ea4198b
controlled	2892ee84-ac7c-4e0e-8311-ce721d6afc32	TCGA-SG-A6Z7	Simple Nucleotide Variation	TSV	Genotyping Array	a7ebe0f8-c17d-4071-b196-d1ca8cfda2c6	THREW_p_TCGAb_329_335_336_NSP_GenomeWideSNP_6_F11_1367200.birdseed.data.txt	a7ebe0f8-c17d-4071-b196-d1ca8cfda2c6
controlled	2d468c02-45f7-4b4b-920a-557ae6c91a43	TCGA-DX-AB2W	Copy Number Variation	CEL	Genotyping Array	91bc52ce-5acd-47e7-ac3b-c2d780114b9b	PRION_p_TCGAb_410_11_12_13_NSP_GenomeWideSNP_6_E09_1486672.CEL	91bc52ce-5acd-47e7-ac3b-c2d780114b9b
open	1a319d92-d5d4-41f7-8a10-2afb52513d83	TCGA-DX-A3U9	Copy Number Variation	TSV	Genotyping Array	04c0a6f2-57cd-4078-9865-66c9bc8d30d2	TCGA-SARC.325289cc-4283-4b48-ae26-83c8cf5c475a.gene_level_copy_number.v36.tsv	04c0a6f2-57cd-4078-9865-66c9bc8d30d2
controlled	1a319d92-d5d4-41f7-8a10-2afb52513d83	TCGA-DX-A3U9	Copy Number Variation	CEL	Genotyping Array	6adf00ea-71ad-4736-8399-87fa569e0083	SNOWS_p_TCGA_Batch_309_310_NSP_GenomeWideSNP_6_D01_1362038.CEL	6adf00ea-71ad-4736-8399-87fa569e0083
open	212c9acc-d5ad-4b31-91bc-7ab72233aec6	TCGA-DX-A23V	Copy Number Variation	TXT	Genotyping Array	1cc68405-0653-4f68-b684-80fd928a148e	BURSA_p_TCGA_303_304_305_N_GenomeWideSNP_6_B05_1344764.grch38.seg.v2.txt	1cc68405-0653-4f68-b684-80fd928a148e
open	212c9acc-d5ad-4b31-91bc-7ab72233aec6	TCGA-DX-A23V	Copy Number Variation	TSV	Genotyping Array	e0e2b00d-9e8b-43a2-a983-0f246cefa05c	TCGA-SARC.bc5eb179-acb9-424a-a37f-19a9a3e52f96.ascat3.gene_level_copy_number.v36.tsv	e0e2b00d-9e8b-43a2-a983-0f246cefa05c
open	a34cfb9c-44dd-4617-bbd1-28edc8d527c4	TCGA-MO-A47P	Copy Number Variation	TSV	Genotyping Array	38fb2887-8430-421f-b44e-ebb4fb30b18b	TCGA-SARC.284d8290-3263-4d8b-bb32-ba0c834cddf9.ascat3.gene_level_copy_number.v36.tsv	38fb2887-8430-421f-b44e-ebb4fb30b18b
open	2892ee84-ac7c-4e0e-8311-ce721d6afc32	TCGA-SG-A6Z7	Copy Number Variation	TXT	Genotyping Array	769a7ab8-1363-4df0-9000-5446bd5c44e9	THREW_p_TCGAb_329_335_336_NSP_GenomeWideSNP_6_F11_1367200.nocnv_grch38.seg.v2.txt	769a7ab8-1363-4df0-9000-5446bd5c44e9
open	2e3665ef-d572-478f-9415-db61c3753613	TCGA-MB-A5YA	Copy Number Variation	TXT	Genotyping Array	1deb3e43-6245-4ef9-9106-0109ec1b0146	BURSA_p_TCGA_303_304_305_N_GenomeWideSNP_6_C10_1344772.nocnv_grch38.seg.v2.txt	1deb3e43-6245-4ef9-9106-0109ec1b0146
controlled	1ad65834-8bac-4b80-8b2e-2588548ea003	TCGA-DX-A6Z2	Copy Number Variation	CEL	Genotyping Array	220115dc-704d-4169-8eb7-aa2de4b42882	HONGS_p_TCGAb3_75_76_77_NSP_GenomeWideSNP_6_F04_1438266.CEL	220115dc-704d-4169-8eb7-aa2de4b42882
controlled	a34cfb9c-44dd-4617-bbd1-28edc8d527c4	TCGA-MO-A47P	Simple Nucleotide Variation	TSV	Genotyping Array	2346b50b-0bd6-4a57-a259-d8061175239d	YOGIN_p_TCGA_4_262_263_N_GenomeWideSNP_6_C12_1306206.birdseed.data.txt	2346b50b-0bd6-4a57-a259-d8061175239d
open	23409c1c-9fc2-4c54-8c94-e1aabe05c301	TCGA-DX-A2J1	Copy Number Variation	TXT	Genotyping Array	06ad62c0-aeac-42bf-a56c-e75bc84b2da5	TCGA-SARC.3619340b-8184-4cca-8c4e-0124058aa019.ascat3.allelic_specific.seg.txt	06ad62c0-aeac-42bf-a56c-e75bc84b2da5
open	2892ee84-ac7c-4e0e-8311-ce721d6afc32	TCGA-SG-A6Z7	Copy Number Variation	TSV	Genotyping Array	76632ea4-7fe2-4767-8982-88ca803cef5c	TCGA-SARC.7f417787-01ec-4cdc-aa67-a833c3fcebcb.absolute_liftover.gene_level_copy_number.v36.tsv	76632ea4-7fe2-4767-8982-88ca803cef5c
controlled	a34cfb9c-44dd-4617-bbd1-28edc8d527c4	TCGA-MO-A47P	Copy Number Variation	CEL	Genotyping Array	b09d1be1-bd4f-4d90-b6bd-0a17bcb03ed6	YOGIN_p_TCGA_4_262_263_N_GenomeWideSNP_6_C08_1306230.CEL	b09d1be1-bd4f-4d90-b6bd-0a17bcb03ed6
open	1ad65834-8bac-4b80-8b2e-2588548ea003	TCGA-DX-A6Z2	Copy Number Variation	TXT	Genotyping Array	ddf44f65-9394-411b-a507-0e8be038ba63	HONGS_p_TCGAb3_75_76_77_NSP_GenomeWideSNP_6_H01_1438202.grch38.seg.v2.txt	ddf44f65-9394-411b-a507-0e8be038ba63
controlled	28c50a5c-e0ea-4f93-b34c-b0a651264539	TCGA-HS-A5N7	Simple Nucleotide Variation	TSV	Genotyping Array	96988227-e752-4b65-b6f9-703825002fdd	WAGER_p_TCGA_282_284_285_286_N_GenomeWideSNP_6_G09_1359058.birdseed.data.txt	96988227-e752-4b65-b6f9-703825002fdd
controlled	23409c1c-9fc2-4c54-8c94-e1aabe05c301	TCGA-DX-A2J1	Simple Nucleotide Variation	TSV	Genotyping Array	79891652-f323-4408-a070-0a19ac4e92a5	MACON_p_TCGASNP_218_AML_PP_N_GenomeWideSNP_6_D01_1040114.birdseed.data.txt	79891652-f323-4408-a070-0a19ac4e92a5
open	1ad65834-8bac-4b80-8b2e-2588548ea003	TCGA-DX-A6Z2	Copy Number Variation	TXT	Genotyping Array	f5eefe08-2c25-49da-8002-66ae2e12fe51	HONGS_p_TCGAb3_75_76_77_NSP_GenomeWideSNP_6_F04_1438266.grch38.seg.v2.txt	f5eefe08-2c25-49da-8002-66ae2e12fe51
open	3ea1cbd8-f74a-4b14-aa49-23d5a47716ba	TCGA-IW-A3M6	Copy Number Variation	TXT	Genotyping Array	c9939dcd-1a60-4306-ac62-544a7fa26236	MACON_p_TCGASNP_218_AML_PP_N_GenomeWideSNP_6_C02_1040010.grch38.seg.v2.txt	c9939dcd-1a60-4306-ac62-544a7fa26236
open	28c50a5c-e0ea-4f93-b34c-b0a651264539	TCGA-HS-A5N7	Copy Number Variation	TXT	Genotyping Array	25789ddd-4b00-44b3-a802-11cae353f153	TCGA-SARC.101124bf-4d90-4f06-8c7d-06181e981d24.ascat2.allelic_specific.seg.txt	25789ddd-4b00-44b3-a802-11cae353f153
open	28c50a5c-e0ea-4f93-b34c-b0a651264539	TCGA-HS-A5N7	Copy Number Variation	TSV	Genotyping Array	04faa9e4-1146-4a3a-a425-aacd0f39b58c	TCGA-SARC.101124bf-4d90-4f06-8c7d-06181e981d24.gene_level_copy_number.v36.tsv	04faa9e4-1146-4a3a-a425-aacd0f39b58c
controlled	3ea1cbd8-f74a-4b14-aa49-23d5a47716ba	TCGA-IW-A3M6	Simple Nucleotide Variation	TSV	Genotyping Array	ae7eb1b1-0309-4356-8d06-953e7fb7b539	MACON_p_TCGASNP_218_AML_PP_N_GenomeWideSNP_6_C02_1040010.birdseed.data.txt	ae7eb1b1-0309-4356-8d06-953e7fb7b539
controlled	1ad65834-8bac-4b80-8b2e-2588548ea003	TCGA-DX-A6Z2	Copy Number Variation	CEL	Genotyping Array	77f8b98e-2c97-4224-8cbd-eef146290c78	HEIGH_p_TCGAb418_19_21_BCR_NSP_GenomeWideSNP_6_G11_1485726.CEL	77f8b98e-2c97-4224-8cbd-eef146290c78
controlled	2e3b8aa0-80db-4cb5-b706-328d1401a65b	TCGA-DX-A48K	Copy Number Variation	CEL	Genotyping Array	08d11664-e613-48a4-b347-00e43cd72950	SNOWS_p_TCGA_Batch_309_310_NSP_GenomeWideSNP_6_E05_1362126.CEL	08d11664-e613-48a4-b347-00e43cd72950
open	1ad65834-8bac-4b80-8b2e-2588548ea003	TCGA-DX-A6Z2	Copy Number Variation	TSV	Genotyping Array	9688650f-c396-40ca-b3b7-80be0fac4d4d	TCGA-SARC.dcd369bb-a83d-4c00-aba5-0ab14a39eec0.ascat3.gene_level_copy_number.v36.tsv	9688650f-c396-40ca-b3b7-80be0fac4d4d
open	23409c1c-9fc2-4c54-8c94-e1aabe05c301	TCGA-DX-A2J1	Copy Number Variation	TXT	Genotyping Array	009e2bf8-5728-4d91-9138-20541d109174	MACON_p_TCGASNP_218_AML_PP_N_GenomeWideSNP_6_C01_1040050.nocnv_grch38.seg.v2.txt	009e2bf8-5728-4d91-9138-20541d109174
open	23409c1c-9fc2-4c54-8c94-e1aabe05c301	TCGA-DX-A2J1	Copy Number Variation	TXT	Genotyping Array	7ad35c25-2779-49df-bf71-ec4def042984	MACON_p_TCGASNP_218_AML_PP_N_GenomeWideSNP_6_D01_1040114.grch38.seg.v2.txt	7ad35c25-2779-49df-bf71-ec4def042984
open	2e3b8aa0-80db-4cb5-b706-328d1401a65b	TCGA-DX-A48K	Copy Number Variation	TXT	Genotyping Array	734d58c8-6e26-4c8d-ad93-057999ba957e	SNOWS_p_TCGA_Batch_309_310_NSP_GenomeWideSNP_6_E05_1362126.grch38.seg.v2.txt	734d58c8-6e26-4c8d-ad93-057999ba957e
controlled	1c89da99-9e89-4726-b196-97eeab46d504	TCGA-X6-A7WC	Simple Nucleotide Variation	TSV	Genotyping Array	b36ba23b-374d-48bb-838a-ed5fce3d2c61	TAZZA_p_TCGAb3_62_63_64_65_NSP_GenomeWideSNP_6_B06_1387810.birdseed.data.txt	b36ba23b-374d-48bb-838a-ed5fce3d2c61
controlled	239505ce-f2f1-477e-8ae2-b7065989ba79	TCGA-K1-A6RT	Simple Nucleotide Variation	TSV	Genotyping Array	4539aa48-63f7-4205-95a8-85cd753bbbfa	MOWED_p_TCGAb3_39_40_41_42_STY_GenomeWideSNP_6_G06_1377390.birdseed.data.txt	4539aa48-63f7-4205-95a8-85cd753bbbfa
open	28c50a5c-e0ea-4f93-b34c-b0a651264539	TCGA-HS-A5N7	Copy Number Variation	TXT	Genotyping Array	56656ed2-b139-4ad9-a1c4-46f7f137ef92	WAGER_p_TCGA_282_284_285_286_N_GenomeWideSNP_6_C08_1359160.nocnv_grch38.seg.v2.txt	56656ed2-b139-4ad9-a1c4-46f7f137ef92
open	3ea1cbd8-f74a-4b14-aa49-23d5a47716ba	TCGA-IW-A3M6	Copy Number Variation	TXT	Genotyping Array	1db5a168-8aa7-408d-9406-ec3f75f611bf	TCGA-SARC.f72d24bd-65f1-4b7e-b2e4-4e93cf4023f2.ascat3.allelic_specific.seg.txt	1db5a168-8aa7-408d-9406-ec3f75f611bf
open	2a2f2663-d813-41ff-a4e2-dfe0f16d236d	TCGA-3B-A9HY	Copy Number Variation	TXT	Genotyping Array	05448529-9952-464c-89c0-cf1dec30cb4d	PRION_p_TCGAb_410_11_12_13_NSP_GenomeWideSNP_6_C05_1486614.nocnv_grch38.seg.v2.txt	05448529-9952-464c-89c0-cf1dec30cb4d
open	32344f23-524b-4182-ae75-6ad6128eeba0	TCGA-IE-A4EH	Copy Number Variation	TSV	Genotyping Array	10740517-f4dc-4026-b977-bb8c4575f174	TCGA-SARC.6d4f7b42-0796-4be3-8eda-0a866e282e1b.gene_level_copy_number.v36.tsv	10740517-f4dc-4026-b977-bb8c4575f174
open	32344f23-524b-4182-ae75-6ad6128eeba0	TCGA-IE-A4EH	Copy Number Variation	TXT	Genotyping Array	762fb011-fa40-4327-982c-b5733510978e	YOGIN_p_TCGA_4_262_263_N_GenomeWideSNP_6_A04_1306274.grch38.seg.v2.txt	762fb011-fa40-4327-982c-b5733510978e
open	32344f23-524b-4182-ae75-6ad6128eeba0	TCGA-IE-A4EH	Copy Number Variation	TSV	Genotyping Array	834159b5-f36e-4a96-a613-d657ff70916c	TCGA-SARC.6d4f7b42-0796-4be3-8eda-0a866e282e1b.absolute_liftover.gene_level_copy_number.v36.tsv	834159b5-f36e-4a96-a613-d657ff70916c
open	239505ce-f2f1-477e-8ae2-b7065989ba79	TCGA-K1-A6RT	Copy Number Variation	TXT	Genotyping Array	052b17ee-a304-48da-8e6d-97722ce589c9	TCGA-SARC.d100649a-baa7-4c9d-b79c-6789b59aa12c.ascat3.allelic_specific.seg.txt	052b17ee-a304-48da-8e6d-97722ce589c9
open	32344f23-524b-4182-ae75-6ad6128eeba0	TCGA-IE-A4EH	Copy Number Variation	TXT	Genotyping Array	0e2f3b24-e3b7-49fd-9d2e-f7f6e730d4fd	TCGA-SARC.6d4f7b42-0796-4be3-8eda-0a866e282e1b.ascat3.allelic_specific.seg.txt	0e2f3b24-e3b7-49fd-9d2e-f7f6e730d4fd
open	24d08a93-d078-407b-8d93-5f7a099821eb	TCGA-IE-A3OV	Copy Number Variation	TXT	Genotyping Array	b24e2d9e-dfc9-4ee8-8a61-c812543c0125	TCGA-SARC.25af3703-371a-4276-bf75-61b84e613ccc.ascat3.allelic_specific.seg.txt	b24e2d9e-dfc9-4ee8-8a61-c812543c0125
open	2a2f2663-d813-41ff-a4e2-dfe0f16d236d	TCGA-3B-A9HY	Copy Number Variation	TSV	Genotyping Array	2261c0a1-3180-403b-9102-d648fbbbe468	TCGA-SARC.e1fa1873-2679-4815-acf6-f74dfe35cc47.gene_level_copy_number.v36.tsv	2261c0a1-3180-403b-9102-d648fbbbe468
open	24d08a93-d078-407b-8d93-5f7a099821eb	TCGA-IE-A3OV	Copy Number Variation	TXT	Genotyping Array	767c1f87-78ef-4212-bdcf-b2745ac21381	FLUES_p_TCGASNP_228_229_230_N_GenomeWideSNP_6_E08_1148954.nocnv_grch38.seg.v2.txt	767c1f87-78ef-4212-bdcf-b2745ac21381
controlled	2a2f2663-d813-41ff-a4e2-dfe0f16d236d	TCGA-3B-A9HY	Copy Number Variation	CEL	Genotyping Array	42c0e711-29fb-463a-b137-b0270827acfd	PRION_p_TCGAb_410_11_12_13_NSP_GenomeWideSNP_6_C05_1486614.CEL	42c0e711-29fb-463a-b137-b0270827acfd
open	2c9f737b-0d37-4931-aff5-4562a0057bae	TCGA-DX-A7EI	Copy Number Variation	TXT	Genotyping Array	5184fcea-2127-453d-8998-0d3789c6081f	MOWED_p_TCGAb3_39_40_41_42_STY_GenomeWideSNP_6_G10_1377506.nocnv_grch38.seg.v2.txt	5184fcea-2127-453d-8998-0d3789c6081f
open	32344f23-524b-4182-ae75-6ad6128eeba0	TCGA-IE-A4EH	Copy Number Variation	TXT	Genotyping Array	11bf2943-2e63-4079-8e62-7db6ba9f267e	YOGIN_p_TCGA_4_262_263_N_GenomeWideSNP_6_A08_1306222.grch38.seg.v2.txt	11bf2943-2e63-4079-8e62-7db6ba9f267e
open	31397970-59d8-4ee8-83cf-901cd8ba17b3	TCGA-DX-A8BG	Copy Number Variation	TXT	Genotyping Array	eed65906-195f-4f9f-b4dc-0d488989e9f6	TCGA-SARC.0354dd0a-3de5-4926-be37-b050495fafc2.ascat3.allelic_specific.seg.txt	eed65906-195f-4f9f-b4dc-0d488989e9f6
controlled	24d08a93-d078-407b-8d93-5f7a099821eb	TCGA-IE-A3OV	Simple Nucleotide Variation	TSV	Genotyping Array	182e4541-df3f-4940-b9dc-a2a2e3766e00	FLUES_p_TCGASNP_228_229_230_N_GenomeWideSNP_6_A01_1148852.birdseed.data.txt	182e4541-df3f-4940-b9dc-a2a2e3766e00
controlled	24d08a93-d078-407b-8d93-5f7a099821eb	TCGA-IE-A3OV	Copy Number Variation	CEL	Genotyping Array	9729f9b9-62d5-4705-842e-fc068e9a616c	FLUES_p_TCGASNP_228_229_230_N_GenomeWideSNP_6_E08_1148954.CEL	9729f9b9-62d5-4705-842e-fc068e9a616c
open	2948d657-e5dd-4d6e-91b5-88c54f73ac31	TCGA-HS-A5N9	Copy Number Variation	TSV	Genotyping Array	69897487-7142-4771-bed5-f7b22b462560	TCGA-SARC.58815c5e-d54a-4e3d-83b5-6e2ae5bf6c56.gene_level_copy_number.v36.tsv	69897487-7142-4771-bed5-f7b22b462560
open	2948d657-e5dd-4d6e-91b5-88c54f73ac31	TCGA-HS-A5N9	Copy Number Variation	TXT	Genotyping Array	fef95a32-7741-4d86-8a4b-fd7c5b71e288	WAGER_p_TCGA_282_284_285_286_N_GenomeWideSNP_6_C09_1359008.grch38.seg.v2.txt	fef95a32-7741-4d86-8a4b-fd7c5b71e288
open	2948d657-e5dd-4d6e-91b5-88c54f73ac31	TCGA-HS-A5N9	Copy Number Variation	TXT	Genotyping Array	2dc47ccc-91be-4c8d-a6d0-50be174a235a	TCGA-SARC.58815c5e-d54a-4e3d-83b5-6e2ae5bf6c56.ascat3.allelic_specific.seg.txt	2dc47ccc-91be-4c8d-a6d0-50be174a235a
controlled	31397970-59d8-4ee8-83cf-901cd8ba17b3	TCGA-DX-A8BG	Simple Nucleotide Variation	TSV	Genotyping Array	a0174bd8-2402-4609-a519-41b1afa32dcd	CUBES_p_TCGAb_425_426_427_NSP_GenomeWideSNP_6_F10_1514058.birdseed.data.txt	a0174bd8-2402-4609-a519-41b1afa32dcd
open	31397970-59d8-4ee8-83cf-901cd8ba17b3	TCGA-DX-A8BG	Copy Number Variation	TSV	Genotyping Array	d97593b1-df09-4fcc-8be3-cac206c797e4	TCGA-SARC.0354dd0a-3de5-4926-be37-b050495fafc2.absolute_liftover.gene_level_copy_number.v36.tsv	d97593b1-df09-4fcc-8be3-cac206c797e4
open	2ff01040-5270-4895-bbfa-5819b46ef444	TCGA-DX-A1KZ	Copy Number Variation	TSV	Genotyping Array	0e581545-1831-4aeb-8bf2-e6dbd6524796	TCGA-SARC.362bf99a-94f3-4f60-9778-41ea7a0ca550.gene_level_copy_number.v36.tsv	0e581545-1831-4aeb-8bf2-e6dbd6524796
open	2ff01040-5270-4895-bbfa-5819b46ef444	TCGA-DX-A1KZ	Copy Number Variation	TSV	Genotyping Array	bd132f15-dc32-4858-8c68-dc52b49a76b6	TCGA-SARC.362bf99a-94f3-4f60-9778-41ea7a0ca550.ascat3.gene_level_copy_number.v36.tsv	bd132f15-dc32-4858-8c68-dc52b49a76b6
controlled	2ff01040-5270-4895-bbfa-5819b46ef444	TCGA-DX-A1KZ	Simple Nucleotide Variation	TSV	Genotyping Array	8ddb16d1-830e-45ff-a497-a6d8377cd37e	YOGIN_p_TCGA_4_262_263_N_GenomeWideSNP_6_A05_1306124.birdseed.data.txt	8ddb16d1-830e-45ff-a497-a6d8377cd37e
open	2560fb5b-5f49-4d38-8f61-1ab911aed3eb	TCGA-SI-A71P	Copy Number Variation	TXT	Genotyping Array	6c35363f-80c5-4e1f-ac7b-3765d6251252	TCGA-SARC.ceb4480a-f13b-40df-a89a-2e7cfa7a4b2d.ascat3.allelic_specific.seg.txt	6c35363f-80c5-4e1f-ac7b-3765d6251252
open	319243bf-d96f-454f-b007-3468d76869df	TCGA-DX-A23Y	Copy Number Variation	TSV	Genotyping Array	84d4e2c4-5d38-4542-9712-c1ce60ca5b9b	TCGA-SARC.11967ba0-a030-4a07-9576-03f774e89959.gene_level_copy_number.v36.tsv	84d4e2c4-5d38-4542-9712-c1ce60ca5b9b
open	2cacd9d0-8414-4f17-8259-c9d838597f39	TCGA-DX-A3LW	Copy Number Variation	TXT	Genotyping Array	a46bd8d4-1117-4fb6-98d0-7af3fb293cea	TCGA-SARC.f9c61f8b-163b-4059-92be-f2be0c1a8913.ascat2.allelic_specific.seg.txt	a46bd8d4-1117-4fb6-98d0-7af3fb293cea
controlled	4482da24-bd16-4826-a9ea-1078bcb12411	TCGA-LI-A67I	Copy Number Variation	CEL	Genotyping Array	fcb38729-4a12-48bf-a619-40a35576eb59	RICES_p_TCGA_Batch_310_311_NSP_GenomeWideSNP_6_A05_1361940.CEL	fcb38729-4a12-48bf-a619-40a35576eb59
open	2ff6aede-7bcd-440b-99ab-7a023faf658e	TCGA-DX-A2J0	Copy Number Variation	TXT	Genotyping Array	7e7c958e-0ce9-48f6-9aeb-aa81a2fccf2d	MACON_p_TCGASNP_218_AML_PP_N_GenomeWideSNP_6_B06_1040020.nocnv_grch38.seg.v2.txt	7e7c958e-0ce9-48f6-9aeb-aa81a2fccf2d
open	4482da24-bd16-4826-a9ea-1078bcb12411	TCGA-LI-A67I	Copy Number Variation	TXT	Genotyping Array	15e4dbb0-858f-438b-8d40-221d6b1fbe17	TCGA-SARC.7198d4ba-e461-4023-a007-e36c95fe4d2b.ascat3.allelic_specific.seg.txt	15e4dbb0-858f-438b-8d40-221d6b1fbe17
controlled	32377dd2-c2a2-44ff-8938-b8cfb35db79c	TCGA-3B-A9HZ	Simple Nucleotide Variation	TSV	Genotyping Array	bb0c636e-764e-4dbb-9aaa-b33bb37d903d	PRION_p_TCGAb_410_11_12_13_NSP_GenomeWideSNP_6_F08_1486742.birdseed.data.txt	bb0c636e-764e-4dbb-9aaa-b33bb37d903d
open	2cacd9d0-8414-4f17-8259-c9d838597f39	TCGA-DX-A3LW	Copy Number Variation	TXT	Genotyping Array	6e0daac1-091e-4f05-a053-f50bea4b3031	DLP_REDO_FROM_MACON_A01.nocnv_grch38.seg.v2.txt	6e0daac1-091e-4f05-a053-f50bea4b3031
controlled	2cacd9d0-8414-4f17-8259-c9d838597f39	TCGA-DX-A3LW	Copy Number Variation	CEL	Genotyping Array	e5db802a-3dae-40fe-ae89-f068a7ba5fc7	MACON_p_TCGASNP_218_AML_PP_N_GenomeWideSNP_6_B04_1039976.CEL	e5db802a-3dae-40fe-ae89-f068a7ba5fc7
open	2ff6aede-7bcd-440b-99ab-7a023faf658e	TCGA-DX-A2J0	Copy Number Variation	TXT	Genotyping Array	7a66e045-d17b-4f35-afc3-a597b8caccfc	DLP_REDO_FROM_MACON_C06.nocnv_grch38.seg.v2.txt	7a66e045-d17b-4f35-afc3-a597b8caccfc
controlled	4482da24-bd16-4826-a9ea-1078bcb12411	TCGA-LI-A67I	Simple Nucleotide Variation	TSV	Genotyping Array	1e63612c-4c04-4545-89c3-846bba393cbc	RICES_p_TCGA_Batch_310_311_NSP_GenomeWideSNP_6_A05_1361940.birdseed.data.txt	1e63612c-4c04-4545-89c3-846bba393cbc
open	30274b4f-13d5-40ac-8929-a986860f38db	TCGA-DX-A8BS	Copy Number Variation	TXT	Genotyping Array	6755061a-518d-422d-bce1-a23a8cddcca3	BREWS_p_TCGAb_382_383_NSP_GenomeWideSNP_6_H05_1465056.grch38.seg.v2.txt	6755061a-518d-422d-bce1-a23a8cddcca3
controlled	4482da24-bd16-4826-a9ea-1078bcb12411	TCGA-LI-A67I	Simple Nucleotide Variation	TSV	Genotyping Array	68248482-5a32-4ffc-bab7-ca2d89ad0085	RICES_p_TCGA_Batch_310_311_NSP_GenomeWideSNP_6_A04_1361806.birdseed.data.txt	68248482-5a32-4ffc-bab7-ca2d89ad0085
controlled	30274b4f-13d5-40ac-8929-a986860f38db	TCGA-DX-A8BS	Simple Nucleotide Variation	TSV	Genotyping Array	434b1d1a-7a4c-472b-aa36-c8fa59ce0e98	BREWS_p_TCGAb_382_383_NSP_GenomeWideSNP_6_H04_1465202.birdseed.data.txt	434b1d1a-7a4c-472b-aa36-c8fa59ce0e98
controlled	3239cd26-98ef-4470-9e2e-c43f03d9ab0d	TCGA-X6-A8C5	Copy Number Variation	CEL	Genotyping Array	7bcf2179-82b1-428c-b861-4ae91b6d0202	HONGS_p_TCGAb3_75_76_77_NSP_GenomeWideSNP_6_F10_1438314.CEL	7bcf2179-82b1-428c-b861-4ae91b6d0202
open	30274b4f-13d5-40ac-8929-a986860f38db	TCGA-DX-A8BS	Copy Number Variation	TXT	Genotyping Array	ec03aae1-786c-4919-bdd8-b7fbae0909f2	BREWS_p_TCGAb_382_383_NSP_GenomeWideSNP_6_H05_1465056.nocnv_grch38.seg.v2.txt	ec03aae1-786c-4919-bdd8-b7fbae0909f2
controlled	39e24241-cb1f-445e-b167-82ee44bfc14e	TCGA-X6-A8C3	Copy Number Variation	CEL	Genotyping Array	baff016b-a0ba-4897-abb0-7790c8940ca6	HONGS_p_TCGAb3_75_76_77_NSP_GenomeWideSNP_6_H03_1438206.CEL	baff016b-a0ba-4897-abb0-7790c8940ca6
open	2d468c02-45f7-4b4b-920a-557ae6c91a43	TCGA-DX-AB2W	Copy Number Variation	TXT	Genotyping Array	affd89ba-c400-46d6-83dd-1537dbf5c4ad	TCGA-SARC.f881ef1d-d495-4bce-975a-f468c2c31e9b.ascat3.allelic_specific.seg.txt	affd89ba-c400-46d6-83dd-1537dbf5c4ad
open	3239cd26-98ef-4470-9e2e-c43f03d9ab0d	TCGA-X6-A8C5	Copy Number Variation	TXT	Genotyping Array	130959ce-a805-4a62-9942-f620ff193d01	TCGA-SARC.2a1af1a0-e321-4d5d-937b-013a4faef870.ascat3.allelic_specific.seg.txt	130959ce-a805-4a62-9942-f620ff193d01
controlled	3239cd26-98ef-4470-9e2e-c43f03d9ab0d	TCGA-X6-A8C5	Simple Nucleotide Variation	TSV	Genotyping Array	3f40bf9c-d541-4609-8c11-6f958258c961	HONGS_p_TCGAb3_75_76_77_NSP_GenomeWideSNP_6_H07_1438210.birdseed.data.txt	3f40bf9c-d541-4609-8c11-6f958258c961
controlled	479d7a5a-63dc-412b-9075-920525334fe7	TCGA-WK-A8XT	Simple Nucleotide Variation	TSV	Genotyping Array	59420cd5-18b5-4b6d-9d0d-06fd7714b319	VISTA_p_TCGAb_383_384_NSP_GenomeWideSNP_6_A09_1464916.birdseed.data.txt	59420cd5-18b5-4b6d-9d0d-06fd7714b319
controlled	306c53fb-640d-42ad-889a-abc5fd3ad778	TCGA-K1-A6RU	Simple Nucleotide Variation	TSV	Genotyping Array	329a2467-386d-4fe1-93d5-fabfe9d04472	THREW_p_TCGAb_329_335_336_NSP_GenomeWideSNP_6_E06_1367146.birdseed.data.txt	329a2467-386d-4fe1-93d5-fabfe9d04472
controlled	47a0e4a8-140f-475c-878d-8e03df3f82de	TCGA-DX-A7ET	Simple Nucleotide Variation	TSV	Genotyping Array	f29cad28-7529-48ea-a86e-916f02504350	HONGS_p_TCGAb3_75_76_77_NSP_GenomeWideSNP_6_G08_1438290.birdseed.data.txt	f29cad28-7529-48ea-a86e-916f02504350
open	4b3c152f-a9ea-48cc-9189-f09078a92c48	TCGA-3B-A9HT	Copy Number Variation	TXT	Genotyping Array	629e2f13-6c73-458e-9f65-edf86c60adb8	TCGA-SARC.eb8961ec-fdd0-471b-8d94-99ef2cf3989e.ascat3.allelic_specific.seg.txt	629e2f13-6c73-458e-9f65-edf86c60adb8
open	4d016bd8-006c-4a90-ace7-28f151624112	TCGA-QQ-A8VF	Copy Number Variation	TSV	Genotyping Array	a5f529c4-bca9-43d7-9bcf-1721fde3457a	TCGA-SARC.f286cc79-b188-4ff9-9a16-d8f100d772f5.ascat3.gene_level_copy_number.v36.tsv	a5f529c4-bca9-43d7-9bcf-1721fde3457a
controlled	34c39a6b-db6a-47e5-b0d4-5fa990ef7eb8	TCGA-3B-A9HI	Copy Number Variation	CEL	Genotyping Array	09dfa501-840c-45bf-8b5c-e6c463b7e40a	ENATE_p_TCGAb_394_395_396_NSP_GenomeWideSNP_6_E09_1474186.CEL	09dfa501-840c-45bf-8b5c-e6c463b7e40a
open	47f18eee-3e56-4388-aac3-9ac141bcb414	TCGA-DX-A8BN	Copy Number Variation	TXT	Genotyping Array	2669e2c8-79dd-46f5-8263-036b95082947	VISTA_p_TCGAb_383_384_NSP_GenomeWideSNP_6_C10_1464964.nocnv_grch38.seg.v2.txt	2669e2c8-79dd-46f5-8263-036b95082947
controlled	4d016bd8-006c-4a90-ace7-28f151624112	TCGA-QQ-A8VF	Copy Number Variation	CEL	Genotyping Array	46ac8b85-c1be-447c-b3b9-539fce6b5dbb	VISTA_p_TCGAb_383_384_NSP_GenomeWideSNP_6_A01_1464948.CEL	46ac8b85-c1be-447c-b3b9-539fce6b5dbb
controlled	47f18eee-3e56-4388-aac3-9ac141bcb414	TCGA-DX-A8BN	Simple Nucleotide Variation	TSV	Genotyping Array	c8537734-a1ac-4e67-983e-f0718372cf53	VISTA_p_TCGAb_383_384_NSP_GenomeWideSNP_6_C11_1464868.birdseed.data.txt	c8537734-a1ac-4e67-983e-f0718372cf53
open	3a473f10-a5e0-4cfa-87dd-f032d74dfa9e	TCGA-DX-A8BX	Copy Number Variation	TXT	Genotyping Array	9c8f7022-1c35-494f-8335-9463f1ecdf13	VISTA_p_TCGAb_383_384_NSP_GenomeWideSNP_6_C08_1464874.grch38.seg.v2.txt	9c8f7022-1c35-494f-8335-9463f1ecdf13
open	47f18eee-3e56-4388-aac3-9ac141bcb414	TCGA-DX-A8BN	Copy Number Variation	TXT	Genotyping Array	d8b59e55-270f-4aa0-a06a-bddae8b7baab	VISTA_p_TCGAb_383_384_NSP_GenomeWideSNP_6_C11_1464868.grch38.seg.v2.txt	d8b59e55-270f-4aa0-a06a-bddae8b7baab
controlled	4d016bd8-006c-4a90-ace7-28f151624112	TCGA-QQ-A8VF	Simple Nucleotide Variation	TSV	Genotyping Array	fbc66c7c-dc2f-4441-a1f5-84b0b769fca1	VISTA_p_TCGAb_383_384_NSP_GenomeWideSNP_6_A02_1465012.birdseed.data.txt	fbc66c7c-dc2f-4441-a1f5-84b0b769fca1
open	3a835214-6fc7-4921-b014-f91decfc25f4	TCGA-DX-A23Z	Copy Number Variation	TXT	Genotyping Array	b8752865-68eb-4837-adfd-0020e0c7da87	VIBES_p_TCGA_290_291_292_293_S_GenomeWideSNP_6_F06_1362442.nocnv_grch38.seg.v2.txt	b8752865-68eb-4837-adfd-0020e0c7da87
open	3a835214-6fc7-4921-b014-f91decfc25f4	TCGA-DX-A23Z	Copy Number Variation	TXT	Genotyping Array	90be7e3c-cd58-439c-a615-d5ddde4d7fb8	VIBES_p_TCGA_290_291_292_293_S_GenomeWideSNP_6_F06_1362442.grch38.seg.v2.txt	90be7e3c-cd58-439c-a615-d5ddde4d7fb8
open	4d67b910-6681-45a4-9dac-6a12d67287a8	TCGA-VT-AB3D	Copy Number Variation	TXT	Genotyping Array	e46fa3df-29e5-4f07-8c73-60ed2acb614e	CUBES_p_TCGAb_425_426_427_NSP_GenomeWideSNP_6_D05_1513942.nocnv_grch38.seg.v2.txt	e46fa3df-29e5-4f07-8c73-60ed2acb614e
controlled	3505f91d-bc66-4732-84b6-18c5b32ca6b8	TCGA-DX-A3LY	Simple Nucleotide Variation	TSV	Genotyping Array	b688ca65-b02c-4c07-9581-046d30939b84	SAVOR_p_TCGA_290_291_292_293_N_GenomeWideSNP_6_F12_1343344.birdseed.data.txt	b688ca65-b02c-4c07-9581-046d30939b84
open	3a835214-6fc7-4921-b014-f91decfc25f4	TCGA-DX-A23Z	Copy Number Variation	TXT	Genotyping Array	c7f3dadb-411b-4b48-9f38-34247a5ef268	TCGA-SARC.2931d244-8f70-4768-9820-9f8667bd6571.ascat3.allelic_specific.seg.txt	c7f3dadb-411b-4b48-9f38-34247a5ef268
open	3505f91d-bc66-4732-84b6-18c5b32ca6b8	TCGA-DX-A3LY	Copy Number Variation	TXT	Genotyping Array	8b983716-3519-432f-9e06-d0ef996b641c	VIBES_p_TCGA_290_291_292_293_S_GenomeWideSNP_6_G01_1362428.nocnv_grch38.seg.v2.txt	8b983716-3519-432f-9e06-d0ef996b641c
open	3505f91d-bc66-4732-84b6-18c5b32ca6b8	TCGA-DX-A3LY	Copy Number Variation	TXT	Genotyping Array	a4be4091-838f-4beb-ad84-bc17c362aa55	SAVOR_p_TCGA_290_291_292_293_N_GenomeWideSNP_6_F12_1343344.grch38.seg.v2.txt	a4be4091-838f-4beb-ad84-bc17c362aa55
open	47fb776c-7839-4590-8f2d-6d149a0f1782	TCGA-3B-A9HV	Copy Number Variation	TSV	Genotyping Array	25e6f68d-f01e-4e7e-8357-c3adc8795a73	TCGA-SARC.6861a568-0744-4802-900b-6b81e3de8a66.absolute_liftover.gene_level_copy_number.v36.tsv	25e6f68d-f01e-4e7e-8357-c3adc8795a73
controlled	3608bfbb-2a92-4ec2-a330-bf4790a8b65c	TCGA-DX-A240	Simple Nucleotide Variation	TSV	Genotyping Array	2536b898-78a3-48e1-a122-3e4fa21030c0	VIBES_p_TCGA_290_291_292_293_S_GenomeWideSNP_6_F10_1362424.birdseed.data.txt	2536b898-78a3-48e1-a122-3e4fa21030c0
open	4996e458-db04-4c6d-9ae6-66316240a8ed	TCGA-DX-A8BU	Copy Number Variation	TSV	Genotyping Array	ea73f3ff-7bfc-4a84-b151-dd5da78759fc	TCGA-SARC.3f50fa02-5bd6-44e2-86db-fec0ea239f53.ascat3.gene_level_copy_number.v36.tsv	ea73f3ff-7bfc-4a84-b151-dd5da78759fc
open	3a96e833-996a-4319-83f1-326b96f4ee80	TCGA-FX-A76Y	Copy Number Variation	TSV	Genotyping Array	f187a7c7-ff78-4a7f-9bac-e8b80269fdf6	TCGA-SARC.7b75decd-ac9b-4cab-bddc-293569eb4ad1.gene_level_copy_number.v36.tsv	f187a7c7-ff78-4a7f-9bac-e8b80269fdf6
open	4996e458-db04-4c6d-9ae6-66316240a8ed	TCGA-DX-A8BU	Copy Number Variation	TXT	Genotyping Array	65a9f213-898d-43fa-8d56-d410a397fc4f	BREWS_p_TCGAb_382_383_NSP_GenomeWideSNP_6_H10_1465102.grch38.seg.v2.txt	65a9f213-898d-43fa-8d56-d410a397fc4f
controlled	4dc28966-d2c4-4661-b71f-d7f85e536cb6	TCGA-DX-A6BA	Copy Number Variation	CEL	Genotyping Array	51d92e6a-0f3d-4b77-b4ff-374cfefdba11	SNOWS_p_TCGA_Batch_309_310_NSP_GenomeWideSNP_6_F12_1362072.CEL	51d92e6a-0f3d-4b77-b4ff-374cfefdba11
open	3608bfbb-2a92-4ec2-a330-bf4790a8b65c	TCGA-DX-A240	Copy Number Variation	TXT	Genotyping Array	372809f1-7e74-4755-bc70-4bb918894a2b	VIBES_p_TCGA_290_291_292_293_S_GenomeWideSNP_6_F10_1362424.grch38.seg.v2.txt	372809f1-7e74-4755-bc70-4bb918894a2b
open	4996e458-db04-4c6d-9ae6-66316240a8ed	TCGA-DX-A8BU	Copy Number Variation	TXT	Genotyping Array	4d5e3782-bca2-4eb9-abc3-bd984eb20518	BREWS_p_TCGAb_382_383_NSP_GenomeWideSNP_6_H11_1465182.nocnv_grch38.seg.v2.txt	4d5e3782-bca2-4eb9-abc3-bd984eb20518
controlled	4996e458-db04-4c6d-9ae6-66316240a8ed	TCGA-DX-A8BU	Copy Number Variation	CEL	Genotyping Array	ebff5aee-8da7-4b2c-8e06-658733175480	BREWS_p_TCGAb_382_383_NSP_GenomeWideSNP_6_H10_1465102.CEL	ebff5aee-8da7-4b2c-8e06-658733175480
open	520088b0-ffc0-4ecd-b1ed-2339811d7ad2	TCGA-HB-A3L4	Copy Number Variation	TXT	Genotyping Array	39e9c1e0-6c25-4eda-a09e-fbeaf23f270b	MACON_p_TCGASNP_218_AML_PP_N_GenomeWideSNP_6_A05_1040136.nocnv_grch38.seg.v2.txt	39e9c1e0-6c25-4eda-a09e-fbeaf23f270b
controlled	3a96e833-996a-4319-83f1-326b96f4ee80	TCGA-FX-A76Y	Simple Nucleotide Variation	TSV	Genotyping Array	b2907f7f-f5f1-488e-839b-7da1be092338	TAZZA_p_TCGAb3_62_63_64_65_NSP_GenomeWideSNP_6_C06_1387856.birdseed.data.txt	b2907f7f-f5f1-488e-839b-7da1be092338
controlled	3b1666cf-879d-4910-a0af-e5c9acbcc109	TCGA-DX-A6BB	Simple Nucleotide Variation	TSV	Genotyping Array	d3b34098-9f5e-40ea-b2b2-652b94de8865	THREW_p_TCGAb_329_335_336_NSP_GenomeWideSNP_6_D12_1367054.birdseed.data.txt	d3b34098-9f5e-40ea-b2b2-652b94de8865
open	520088b0-ffc0-4ecd-b1ed-2339811d7ad2	TCGA-HB-A3L4	Copy Number Variation	TXT	Genotyping Array	d74852e6-1b1b-417f-ac93-30f83ddb0acf	MACON_p_TCGASNP_218_AML_PP_N_GenomeWideSNP_6_C12_1040018.nocnv_grch38.seg.v2.txt	d74852e6-1b1b-417f-ac93-30f83ddb0acf
controlled	4dc28966-d2c4-4661-b71f-d7f85e536cb6	TCGA-DX-A6BA	Simple Nucleotide Variation	TSV	Genotyping Array	2791a7f1-603d-442c-b618-4ddbef721546	SNOWS_p_TCGA_Batch_309_310_NSP_GenomeWideSNP_6_G01_1362176.birdseed.data.txt	2791a7f1-603d-442c-b618-4ddbef721546
open	4dc28966-d2c4-4661-b71f-d7f85e536cb6	TCGA-DX-A6BA	Copy Number Variation	TXT	Genotyping Array	8b4b9ae0-4410-4ea0-b1df-3ec6c136775f	TCGA-SARC.1557ec60-bb88-4941-8c61-a00bc1bec7c6.ascat2.allelic_specific.seg.txt	8b4b9ae0-4410-4ea0-b1df-3ec6c136775f
open	49fd3506-eb64-4ecd-a367-303b1d7a7fc9	TCGA-MB-A5Y8	Copy Number Variation	TXT	Genotyping Array	4f8da145-21e0-44b5-ab6a-15d19d47fd5f	TCGA-SARC.e71d8a09-2cda-423c-884e-aea5275cf68e.ascat2.allelic_specific.seg.txt	4f8da145-21e0-44b5-ab6a-15d19d47fd5f
controlled	3b1666cf-879d-4910-a0af-e5c9acbcc109	TCGA-DX-A6BB	Simple Nucleotide Variation	TSV	Genotyping Array	9ad2f0ef-dd5a-47b0-bd97-d779fec7a1fd	THREW_p_TCGAb_329_335_336_NSP_GenomeWideSNP_6_D11_1367068.birdseed.data.txt	9ad2f0ef-dd5a-47b0-bd97-d779fec7a1fd
controlled	49fd3506-eb64-4ecd-a367-303b1d7a7fc9	TCGA-MB-A5Y8	Copy Number Variation	CEL	Genotyping Array	13aef130-744e-4af1-a470-519e8a075f43	BURSA_p_TCGA_303_304_305_N_GenomeWideSNP_6_B02_1344866.CEL	13aef130-744e-4af1-a470-519e8a075f43
open	3b1666cf-879d-4910-a0af-e5c9acbcc109	TCGA-DX-A6BB	Copy Number Variation	TXT	Genotyping Array	9efa2d5e-14e3-4d33-abb9-a856e5c94c9c	THREW_p_TCGAb_329_335_336_NSP_GenomeWideSNP_6_D11_1367068.nocnv_grch38.seg.v2.txt	9efa2d5e-14e3-4d33-abb9-a856e5c94c9c
open	520088b0-ffc0-4ecd-b1ed-2339811d7ad2	TCGA-HB-A3L4	Copy Number Variation	TXT	Genotyping Array	d41e8419-2aa3-46cf-a9c6-eb47857042d3	TCGA-SARC.309737bf-aeeb-4f88-9042-e62cc52df00f.ascat2.allelic_specific.seg.txt	d41e8419-2aa3-46cf-a9c6-eb47857042d3
open	520088b0-ffc0-4ecd-b1ed-2339811d7ad2	TCGA-HB-A3L4	Copy Number Variation	TXT	Genotyping Array	bf7768b5-e249-4a28-b7f0-cf9207031da1	MACON_p_TCGASNP_218_AML_PP_N_GenomeWideSNP_6_A05_1040136.grch38.seg.v2.txt	bf7768b5-e249-4a28-b7f0-cf9207031da1
open	4e8c570c-3cbe-4878-8b2c-b966868dd60d	TCGA-IF-A4AJ	Copy Number Variation	TXT	Genotyping Array	90bf2dc3-54de-4187-a14f-f0416a983b6b	TCGA-SARC.60f924df-f5b8-4b65-ac22-3c1289e8f6f9.ascat3.allelic_specific.seg.txt	90bf2dc3-54de-4187-a14f-f0416a983b6b
controlled	49fd3506-eb64-4ecd-a367-303b1d7a7fc9	TCGA-MB-A5Y8	Simple Nucleotide Variation	TSV	Genotyping Array	b3c51f28-8750-4678-8a25-ea84ff270f8b	BURSA_p_TCGA_303_304_305_N_GenomeWideSNP_6_B06_1344730.birdseed.data.txt	b3c51f28-8750-4678-8a25-ea84ff270f8b
controlled	3ed1862b-c6ef-4744-9123-bb1ee557f068	TCGA-DX-A7EN	Simple Nucleotide Variation	TSV	Genotyping Array	d4461b6a-73de-4c1a-9141-af9afffdad18	PRION_p_TCGAb_410_11_12_13_NSP_GenomeWideSNP_6_C12_1486748.birdseed.data.txt	d4461b6a-73de-4c1a-9141-af9afffdad18
controlled	520088b0-ffc0-4ecd-b1ed-2339811d7ad2	TCGA-HB-A3L4	Simple Nucleotide Variation	TSV	Genotyping Array	d9e53da2-937c-4c3a-837c-81a6fecfbf08	MACON_p_TCGASNP_218_AML_PP_N_GenomeWideSNP_6_C12_1040018.birdseed.data.txt	d9e53da2-937c-4c3a-837c-81a6fecfbf08
open	49fd3506-eb64-4ecd-a367-303b1d7a7fc9	TCGA-MB-A5Y8	Copy Number Variation	TXT	Genotyping Array	e60c66ba-4665-4073-ae17-8c6bfce3a754	BURSA_p_TCGA_303_304_305_N_GenomeWideSNP_6_B02_1344866.nocnv_grch38.seg.v2.txt	e60c66ba-4665-4073-ae17-8c6bfce3a754
controlled	4b3c152f-a9ea-48cc-9189-f09078a92c48	TCGA-3B-A9HT	Copy Number Variation	CEL	Genotyping Array	546f06eb-1f1d-4ed9-87ec-fb9bd80c2e08	PRION_p_TCGAb_410_11_12_13_NSP_GenomeWideSNP_6_F05_1486638.CEL	546f06eb-1f1d-4ed9-87ec-fb9bd80c2e08
controlled	52c1d341-94cb-4cb8-948f-bf802fef8bd0	TCGA-DX-AATS	Simple Nucleotide Variation	TSV	Genotyping Array	a97710d6-bdee-464e-b13e-d78a485b2860	CUBES_p_TCGAb_425_426_427_NSP_GenomeWideSNP_6_F09_1513932.birdseed.data.txt	a97710d6-bdee-464e-b13e-d78a485b2860
controlled	4e8c570c-3cbe-4878-8b2c-b966868dd60d	TCGA-IF-A4AJ	Simple Nucleotide Variation	TSV	Genotyping Array	388347e2-9bc0-4cee-9078-e89ab36ee489	YOGIN_p_TCGA_4_262_263_N_GenomeWideSNP_6_A02_1306086.birdseed.data.txt	388347e2-9bc0-4cee-9078-e89ab36ee489
controlled	52c1d341-94cb-4cb8-948f-bf802fef8bd0	TCGA-DX-AATS	Copy Number Variation	CEL	Genotyping Array	ca7553f8-a981-41f1-82ab-45469f2c8322	CUBES_p_TCGAb_425_426_427_NSP_GenomeWideSNP_6_F09_1513932.CEL	ca7553f8-a981-41f1-82ab-45469f2c8322
open	4b3c152f-a9ea-48cc-9189-f09078a92c48	TCGA-3B-A9HT	Copy Number Variation	TXT	Genotyping Array	8ae4cc0c-5c7a-4cf5-9699-e01d5b39650c	TCGA-SARC.eb8961ec-fdd0-471b-8d94-99ef2cf3989e.ascat2.allelic_specific.seg.txt	8ae4cc0c-5c7a-4cf5-9699-e01d5b39650c
open	685be6b4-1d9c-4539-ae4b-ca658fc83fbc	TCGA-DX-A48J	Copy Number Variation	TXT	Genotyping Array	b5d65aba-449b-4f53-8f34-5cf0ba23ec36	TCGA-SARC.680e0a8b-7b01-4327-8daa-0cd32c425e4c.ascat2.allelic_specific.seg.txt	b5d65aba-449b-4f53-8f34-5cf0ba23ec36
controlled	506c7c3d-c414-4fc7-963d-e77106b501fb	TCGA-IE-A4EJ	Copy Number Variation	CEL	Genotyping Array	e34b5052-3624-4b40-8f6a-0ad452dfc416	YOGIN_p_TCGA_4_262_263_N_GenomeWideSNP_6_D02_1306242.CEL	e34b5052-3624-4b40-8f6a-0ad452dfc416
controlled	5a2b2e1b-b631-40ae-ba41-d8022cddb550	TCGA-QQ-A8VH	Simple Nucleotide Variation	TSV	Genotyping Array	83244783-3162-48c3-ad7c-34cd35fb2d96	VISTA_p_TCGAb_383_384_NSP_GenomeWideSNP_6_C06_1464882.birdseed.data.txt	83244783-3162-48c3-ad7c-34cd35fb2d96
open	506c7c3d-c414-4fc7-963d-e77106b501fb	TCGA-IE-A4EJ	Copy Number Variation	TXT	Genotyping Array	c519321f-e103-4c66-8faa-6c89768beb9b	YOGIN_p_TCGA_4_262_263_N_GenomeWideSNP_6_D05_1306110.grch38.seg.v2.txt	c519321f-e103-4c66-8faa-6c89768beb9b
open	5a64f7e9-3833-4a3c-962b-13eb3e305c69	TCGA-IS-A3K7	Copy Number Variation	TXT	Genotyping Array	4d9c175d-88e0-4379-bc7c-7b6c528af77e	MACON_p_TCGASNP_218_AML_PP_N_GenomeWideSNP_6_C09_1039994.nocnv_grch38.seg.v2.txt	4d9c175d-88e0-4379-bc7c-7b6c528af77e
open	5190d965-0d48-4058-83e6-ec5879266be1	TCGA-Z4-A9VC	Copy Number Variation	TSV	Genotyping Array	80e73a4a-b327-49ce-9557-6b1ed905a752	TCGA-SARC.e1c27d9f-6f7b-41bf-bac2-c7ec78680af7.gene_level_copy_number.v36.tsv	80e73a4a-b327-49ce-9557-6b1ed905a752
controlled	5a64f7e9-3833-4a3c-962b-13eb3e305c69	TCGA-IS-A3K7	Simple Nucleotide Variation	TSV	Genotyping Array	d90a1f6f-c6ae-4983-97a8-92730a4e3176	MACON_p_TCGASNP_218_AML_PP_N_GenomeWideSNP_6_A04_1040156.birdseed.data.txt	d90a1f6f-c6ae-4983-97a8-92730a4e3176
controlled	5a64f7e9-3833-4a3c-962b-13eb3e305c69	TCGA-IS-A3K7	Copy Number Variation	CEL	Genotyping Array	55277e5a-f8b1-4992-80e0-83fae4aa4bec	MACON_p_TCGASNP_218_AML_PP_N_GenomeWideSNP_6_A04_1040156.CEL	55277e5a-f8b1-4992-80e0-83fae4aa4bec
controlled	5190d965-0d48-4058-83e6-ec5879266be1	TCGA-Z4-A9VC	Simple Nucleotide Variation	TSV	Genotyping Array	9fe01b8f-b3be-42f0-a7eb-cf415782b70a	VISTA_p_TCGAb_383_384_NSP_GenomeWideSNP_6_B11_1464944.birdseed.data.txt	9fe01b8f-b3be-42f0-a7eb-cf415782b70a
open	5a64f7e9-3833-4a3c-962b-13eb3e305c69	TCGA-IS-A3K7	Copy Number Variation	TXT	Genotyping Array	124e8989-8124-48de-84ef-0c36a7991e1f	MACON_p_TCGASNP_218_AML_PP_N_GenomeWideSNP_6_A04_1040156.nocnv_grch38.seg.v2.txt	124e8989-8124-48de-84ef-0c36a7991e1f
open	5452ffd8-0408-4a78-b2fd-f1e0b0d05276	TCGA-DX-A8BR	Copy Number Variation	TXT	Genotyping Array	f6e33a81-38ef-42df-8563-fd68ea53a4eb	TCGA-SARC.413cb162-556c-45d3-a6b5-a8c2462d18be.ascat2.allelic_specific.seg.txt	f6e33a81-38ef-42df-8563-fd68ea53a4eb
open	68c229a9-4c98-495a-b75a-f6f2172b075b	TCGA-QQ-A5VA	Copy Number Variation	TSV	Genotyping Array	01108392-b5ff-4d7a-89bf-8a7613efddc1	TCGA-SARC.980b26cd-21a6-4517-826c-71f21874bfb1.absolute_liftover.gene_level_copy_number.v36.tsv	01108392-b5ff-4d7a-89bf-8a7613efddc1
controlled	5452ffd8-0408-4a78-b2fd-f1e0b0d05276	TCGA-DX-A8BR	Copy Number Variation	CEL	Genotyping Array	c7bc1b64-9ddd-4ffa-8cc2-e03c9c1ecfe3	CUBES_p_TCGAb_425_426_427_NSP_GenomeWideSNP_6_F03_1514080.CEL	c7bc1b64-9ddd-4ffa-8cc2-e03c9c1ecfe3
open	5452ffd8-0408-4a78-b2fd-f1e0b0d05276	TCGA-DX-A8BR	Copy Number Variation	TSV	Genotyping Array	3359f8a2-04ec-42e6-87ae-c174ace62505	TCGA-SARC.413cb162-556c-45d3-a6b5-a8c2462d18be.gene_level_copy_number.v36.tsv	3359f8a2-04ec-42e6-87ae-c174ace62505
open	5452ffd8-0408-4a78-b2fd-f1e0b0d05276	TCGA-DX-A8BR	Copy Number Variation	TXT	Genotyping Array	bc4c550e-91ec-4f38-8f05-5e5d64e6e784	CUBES_p_TCGAb_425_426_427_NSP_GenomeWideSNP_6_F03_1514080.nocnv_grch38.seg.v2.txt	bc4c550e-91ec-4f38-8f05-5e5d64e6e784
controlled	5467fb35-7cb4-4d13-a0bb-fe727d5b7bb1	TCGA-DX-A1L1	Copy Number Variation	CEL	Genotyping Array	21d778f9-eb4f-4060-b529-96090594f6dc	YOGIN_p_TCGA_4_262_263_N_GenomeWideSNP_6_B01_1306084.CEL	21d778f9-eb4f-4060-b529-96090594f6dc
open	68c229a9-4c98-495a-b75a-f6f2172b075b	TCGA-QQ-A5VA	Copy Number Variation	TXT	Genotyping Array	036a6ceb-53f5-4f93-89a4-45d5a4a1bae1	THREW_p_TCGAb_329_335_336_NSP_GenomeWideSNP_6_F06_1367208.grch38.seg.v2.txt	036a6ceb-53f5-4f93-89a4-45d5a4a1bae1
open	5467fb35-7cb4-4d13-a0bb-fe727d5b7bb1	TCGA-DX-A1L1	Copy Number Variation	TXT	Genotyping Array	9c8830f8-b26c-4c59-b1ac-66d9d8706752	TCGA-SARC.a3c62602-7557-4194-b43f-5a3b91877d08.ascat3.allelic_specific.seg.txt	9c8830f8-b26c-4c59-b1ac-66d9d8706752
open	5467fb35-7cb4-4d13-a0bb-fe727d5b7bb1	TCGA-DX-A1L1	Copy Number Variation	TXT	Genotyping Array	5bcb87a6-0864-4dc7-bdf3-4016fa5114a6	YOGIN_p_TCGA_4_262_263_N_GenomeWideSNP_6_A09_1306116.grch38.seg.v2.txt	5bcb87a6-0864-4dc7-bdf3-4016fa5114a6
open	5b9d27a3-7483-4118-a719-a164800ba957	TCGA-DX-A3UF	Copy Number Variation	TXT	Genotyping Array	b2267770-9b57-4a69-80e5-23074bae9caa	SNOWS_p_TCGA_Batch_309_310_NSP_GenomeWideSNP_6_E01_1362136.grch38.seg.v2.txt	b2267770-9b57-4a69-80e5-23074bae9caa
controlled	5b9d27a3-7483-4118-a719-a164800ba957	TCGA-DX-A3UF	Simple Nucleotide Variation	TSV	Genotyping Array	135de19e-1b96-4e10-92b3-5176a7a99ea1	SNOWS_p_TCGA_Batch_309_310_NSP_GenomeWideSNP_6_E01_1362136.birdseed.data.txt	135de19e-1b96-4e10-92b3-5176a7a99ea1
open	5467fb35-7cb4-4d13-a0bb-fe727d5b7bb1	TCGA-DX-A1L1	Copy Number Variation	TSV	Genotyping Array	78a85a32-4df6-4b38-bc65-83cd673dc488	TCGA-SARC.a3c62602-7557-4194-b43f-5a3b91877d08.gene_level_copy_number.v36.tsv	78a85a32-4df6-4b38-bc65-83cd673dc488
controlled	5467fb35-7cb4-4d13-a0bb-fe727d5b7bb1	TCGA-DX-A1L1	Simple Nucleotide Variation	TSV	Genotyping Array	a61ad518-519c-4fbb-bc90-adc1e46a416a	YOGIN_p_TCGA_4_262_263_N_GenomeWideSNP_6_A09_1306116.birdseed.data.txt	a61ad518-519c-4fbb-bc90-adc1e46a416a
open	5b9d27a3-7483-4118-a719-a164800ba957	TCGA-DX-A3UF	Copy Number Variation	TXT	Genotyping Array	41f4ee57-9032-4b0d-bbc5-cd9bfe11c862	SNOWS_p_TCGA_Batch_309_310_NSP_GenomeWideSNP_6_D12_1362134.grch38.seg.v2.txt	41f4ee57-9032-4b0d-bbc5-cd9bfe11c862
open	5b9d27a3-7483-4118-a719-a164800ba957	TCGA-DX-A3UF	Copy Number Variation	TXT	Genotyping Array	6005eabc-896e-45e6-beac-45543a1fbbf7	SNOWS_p_TCGA_Batch_309_310_NSP_GenomeWideSNP_6_E01_1362136.nocnv_grch38.seg.v2.txt	6005eabc-896e-45e6-beac-45543a1fbbf7
open	5b9d27a3-7483-4118-a719-a164800ba957	TCGA-DX-A3UF	Copy Number Variation	TXT	Genotyping Array	95b876d8-4ce6-4df2-8e93-71bf05b09986	TCGA-SARC.ae0fe7b8-3e13-4418-8e42-1d1572e6936b.ascat2.allelic_specific.seg.txt	95b876d8-4ce6-4df2-8e93-71bf05b09986
controlled	5b9d27a3-7483-4118-a719-a164800ba957	TCGA-DX-A3UF	Copy Number Variation	CEL	Genotyping Array	4e7ca60d-c94d-4227-b6cf-765bcf5b81c3	SNOWS_p_TCGA_Batch_309_310_NSP_GenomeWideSNP_6_D12_1362134.CEL	4e7ca60d-c94d-4227-b6cf-765bcf5b81c3
open	6a25aeca-126b-408b-ae13-e7df29f552b4	TCGA-DX-AB36	Copy Number Variation	TXT	Genotyping Array	df71e208-a445-4aa0-a373-d97585db8c5e	CUBES_p_TCGAb_425_426_427_NSP_GenomeWideSNP_6_E12_1514020.nocnv_grch38.seg.v2.txt	df71e208-a445-4aa0-a373-d97585db8c5e
open	5dbd1eed-523e-48cc-b69b-ac905a1116eb	TCGA-PT-A8TR	Copy Number Variation	TXT	Genotyping Array	70ed4838-12a3-40f3-999d-85639b5f3bca	BREWS_p_TCGAb_382_383_NSP_GenomeWideSNP_6_H03_1465136.grch38.seg.v2.txt	70ed4838-12a3-40f3-999d-85639b5f3bca
controlled	56fdf145-26c2-44d2-bf0e-67d8c8999a6e	TCGA-DX-A6YZ	Simple Nucleotide Variation	TSV	Genotyping Array	a3ab7d7d-2f10-43fe-b9fd-e5fa28a9338a	TAZZA_p_TCGAb3_62_63_64_65_NSP_GenomeWideSNP_6_B09_1387872.birdseed.data.txt	a3ab7d7d-2f10-43fe-b9fd-e5fa28a9338a
controlled	6a25aeca-126b-408b-ae13-e7df29f552b4	TCGA-DX-AB36	Simple Nucleotide Variation	TSV	Genotyping Array	a9be8f97-4b94-4af7-9435-0889e56768a2	CUBES_p_TCGAb_425_426_427_NSP_GenomeWideSNP_6_E12_1514020.birdseed.data.txt	a9be8f97-4b94-4af7-9435-0889e56768a2
open	6a25aeca-126b-408b-ae13-e7df29f552b4	TCGA-DX-AB36	Copy Number Variation	TSV	Genotyping Array	4b84c34c-6c76-4c17-bd03-6dd1f1eb681f	TCGA-SARC.d764ec7c-bfd0-4cd4-8058-5b083f30dd76.ascat3.gene_level_copy_number.v36.tsv	4b84c34c-6c76-4c17-bd03-6dd1f1eb681f
open	56fdf145-26c2-44d2-bf0e-67d8c8999a6e	TCGA-DX-A6YZ	Copy Number Variation	TXT	Genotyping Array	3f05565a-90d0-4c2e-84aa-dca83b3068fe	TCGA-SARC.686e8989-223c-4fb4-9e48-8d5dc94b9e60.ascat3.allelic_specific.seg.txt	3f05565a-90d0-4c2e-84aa-dca83b3068fe
open	56fdf145-26c2-44d2-bf0e-67d8c8999a6e	TCGA-DX-A6YZ	Copy Number Variation	TSV	Genotyping Array	1680c86e-b53f-41df-93c9-b06666662016	TCGA-SARC.686e8989-223c-4fb4-9e48-8d5dc94b9e60.absolute_liftover.gene_level_copy_number.v36.tsv	1680c86e-b53f-41df-93c9-b06666662016
controlled	5dbd1eed-523e-48cc-b69b-ac905a1116eb	TCGA-PT-A8TR	Copy Number Variation	CEL	Genotyping Array	e1344510-eb61-4c3b-a699-515332b9322f	BREWS_p_TCGAb_382_383_NSP_GenomeWideSNP_6_H03_1465136.CEL	e1344510-eb61-4c3b-a699-515332b9322f
open	5dbd1eed-523e-48cc-b69b-ac905a1116eb	TCGA-PT-A8TR	Copy Number Variation	TXT	Genotyping Array	5ad28b6d-4b09-4459-a782-e7162ecdcc97	BREWS_p_TCGAb_382_383_NSP_GenomeWideSNP_6_H03_1465136.nocnv_grch38.seg.v2.txt	5ad28b6d-4b09-4459-a782-e7162ecdcc97
controlled	5dbd1eed-523e-48cc-b69b-ac905a1116eb	TCGA-PT-A8TR	Copy Number Variation	CEL	Genotyping Array	2e913453-b1a5-4ace-8568-cf831fe4e2c4	BREWS_p_TCGAb_382_383_NSP_GenomeWideSNP_6_H02_1465046.CEL	2e913453-b1a5-4ace-8568-cf831fe4e2c4
controlled	6a25aeca-126b-408b-ae13-e7df29f552b4	TCGA-DX-AB36	Simple Nucleotide Variation	TSV	Genotyping Array	3484ad5b-1fbb-4233-9c01-b72e23e7d797	CUBES_p_TCGAb_425_426_427_NSP_GenomeWideSNP_6_F01_1514034.birdseed.data.txt	3484ad5b-1fbb-4233-9c01-b72e23e7d797
open	5dbd1eed-523e-48cc-b69b-ac905a1116eb	TCGA-PT-A8TR	Copy Number Variation	TXT	Genotyping Array	fc56ec25-a8cb-415b-86b1-193ba4879738	BREWS_p_TCGAb_382_383_NSP_GenomeWideSNP_6_H02_1465046.nocnv_grch38.seg.v2.txt	fc56ec25-a8cb-415b-86b1-193ba4879738
controlled	6a25aeca-126b-408b-ae13-e7df29f552b4	TCGA-DX-AB36	Copy Number Variation	CEL	Genotyping Array	53698939-a2a6-4c4f-9269-18bdc93774a5	CUBES_p_TCGAb_425_426_427_NSP_GenomeWideSNP_6_E12_1514020.CEL	53698939-a2a6-4c4f-9269-18bdc93774a5
open	56fdf145-26c2-44d2-bf0e-67d8c8999a6e	TCGA-DX-A6YZ	Copy Number Variation	TXT	Genotyping Array	e0674941-79a1-4703-8830-23edade73c61	TAZZA_p_TCGAb3_62_63_64_65_NSP_GenomeWideSNP_6_B10_1387892.nocnv_grch38.seg.v2.txt	e0674941-79a1-4703-8830-23edade73c61
controlled	6a25aeca-126b-408b-ae13-e7df29f552b4	TCGA-DX-AB36	Copy Number Variation	CEL	Genotyping Array	24dad2eb-5102-45cb-8860-0c98cd3f62d0	CUBES_p_TCGAb_425_426_427_NSP_GenomeWideSNP_6_F01_1514034.CEL	24dad2eb-5102-45cb-8860-0c98cd3f62d0
open	6037a772-38a4-4f44-95a5-681f90b81684	TCGA-DX-A6YQ	Copy Number Variation	TXT	Genotyping Array	a5b458ce-14e2-4a7b-9976-3d41ac7e28ca	TCGA-SARC.506360b4-12fc-46b3-9694-50388841a64a.ascat3.allelic_specific.seg.txt	a5b458ce-14e2-4a7b-9976-3d41ac7e28ca
open	6ac81dec-4802-440b-a5f0-e6eb81a0b22b	TCGA-Z4-AAPG	Copy Number Variation	TSV	Genotyping Array	3497349e-3c70-4b85-a87d-77d41fd0fe9a	TCGA-SARC.c741954e-5f29-4345-829d-c00ff3b5480a.gene_level_copy_number.v36.tsv	3497349e-3c70-4b85-a87d-77d41fd0fe9a
controlled	6037a772-38a4-4f44-95a5-681f90b81684	TCGA-DX-A6YQ	Simple Nucleotide Variation	TSV	Genotyping Array	1423970c-9528-4a39-8849-7f30485a1e4d	MOWED_p_TCGAb3_39_40_41_42_STY_GenomeWideSNP_6_G11_1377480.birdseed.data.txt	1423970c-9528-4a39-8849-7f30485a1e4d
controlled	6ac81dec-4802-440b-a5f0-e6eb81a0b22b	TCGA-Z4-AAPG	Copy Number Variation	CEL	Genotyping Array	8db955c7-9c89-43dd-883a-7846f25f0bfa	PRION_p_TCGAb_410_11_12_13_NSP_GenomeWideSNP_6_C06_1486666.CEL	8db955c7-9c89-43dd-883a-7846f25f0bfa
open	719fa3f6-0194-423d-8a96-3709e8180565	TCGA-X6-A8C6	Copy Number Variation	TXT	Genotyping Array	00ceee1b-de79-4115-a9c6-c79a9284bde4	HONGS_p_TCGAb3_75_76_77_NSP_GenomeWideSNP_6_H08_1438204.nocnv_grch38.seg.v2.txt	00ceee1b-de79-4115-a9c6-c79a9284bde4
controlled	6ac81dec-4802-440b-a5f0-e6eb81a0b22b	TCGA-Z4-AAPG	Simple Nucleotide Variation	TSV	Genotyping Array	953f1747-d7e2-4b5c-b909-ad538d0998e4	PRION_p_TCGAb_410_11_12_13_NSP_GenomeWideSNP_6_C06_1486666.birdseed.data.txt	953f1747-d7e2-4b5c-b909-ad538d0998e4
controlled	719fa3f6-0194-423d-8a96-3709e8180565	TCGA-X6-A8C6	Simple Nucleotide Variation	TSV	Genotyping Array	00fd81d6-d607-4a9b-9581-584aa496c15d	HONGS_p_TCGAb3_75_76_77_NSP_GenomeWideSNP_6_F11_1438224.birdseed.data.txt	00fd81d6-d607-4a9b-9581-584aa496c15d
open	719fa3f6-0194-423d-8a96-3709e8180565	TCGA-X6-A8C6	Copy Number Variation	TXT	Genotyping Array	5d9581a6-a2b9-442e-a9dd-d2ab5ce90dca	HONGS_p_TCGAb3_75_76_77_NSP_GenomeWideSNP_6_F11_1438224.nocnv_grch38.seg.v2.txt	5d9581a6-a2b9-442e-a9dd-d2ab5ce90dca
controlled	6ac81dec-4802-440b-a5f0-e6eb81a0b22b	TCGA-Z4-AAPG	Copy Number Variation	CEL	Genotyping Array	2f728971-851b-44a7-a3df-22835168b761	PRION_p_TCGAb_410_11_12_13_NSP_GenomeWideSNP_6_C07_1486668.CEL	2f728971-851b-44a7-a3df-22835168b761
controlled	7b5a66c5-17d2-487e-8ea3-81a00c836738	TCGA-DX-A8BP	Copy Number Variation	CEL	Genotyping Array	b94ac7d5-92bb-4c29-9f4a-2e6fbe905eab	VISTA_p_TCGAb_383_384_NSP_GenomeWideSNP_6_C12_1464950.CEL	b94ac7d5-92bb-4c29-9f4a-2e6fbe905eab
open	60d8a41f-46ae-4ebb-9fac-ab73f1411e55	TCGA-DX-AB2H	Copy Number Variation	TXT	Genotyping Array	0626dcc3-86bc-4850-a821-c648b14e76f3	TCGA-SARC.9efff8a5-949d-4ad2-8d08-dfce8d3239f3.ascat3.allelic_specific.seg.txt	0626dcc3-86bc-4850-a821-c648b14e76f3
open	7b5a66c5-17d2-487e-8ea3-81a00c836738	TCGA-DX-A8BP	Copy Number Variation	TSV	Genotyping Array	ecafe2bb-8e24-4abb-ac65-2f981b0c7365	TCGA-SARC.18813cf6-aec9-47b8-8864-447f32f66a42.absolute_liftover.gene_level_copy_number.v36.tsv	ecafe2bb-8e24-4abb-ac65-2f981b0c7365
open	6b189eff-b919-49d6-8775-dbf32c9ccbba	TCGA-DX-A2IZ	Copy Number Variation	TXT	Genotyping Array	7ba27c22-1b52-46e5-91d6-5e5acb804e85	TCGA-SARC.28e4b286-ea1d-4f20-84ee-d8672d4127cf.ascat2.allelic_specific.seg.txt	7ba27c22-1b52-46e5-91d6-5e5acb804e85
open	60d8a41f-46ae-4ebb-9fac-ab73f1411e55	TCGA-DX-AB2H	Copy Number Variation	TXT	Genotyping Array	cde391bf-f237-464b-ad5f-13c17deefac5	PRION_p_TCGAb_410_11_12_13_NSP_GenomeWideSNP_6_D10_1486642.grch38.seg.v2.txt	cde391bf-f237-464b-ad5f-13c17deefac5
controlled	6b189eff-b919-49d6-8775-dbf32c9ccbba	TCGA-DX-A2IZ	Copy Number Variation	CEL	Genotyping Array	f2d29bdd-4357-4819-8b9a-1aedd2ab6350	MACON_p_TCGASNP_218_AML_PP_N_GenomeWideSNP_6_B02_1040106.CEL	f2d29bdd-4357-4819-8b9a-1aedd2ab6350
open	6b189eff-b919-49d6-8775-dbf32c9ccbba	TCGA-DX-A2IZ	Copy Number Variation	TXT	Genotyping Array	0a5a0fad-b629-41c4-9559-e6b75bbc8a54	MACON_p_TCGASNP_218_AML_PP_N_GenomeWideSNP_6_D11_1040016.nocnv_grch38.seg.v2.txt	0a5a0fad-b629-41c4-9559-e6b75bbc8a54
open	6b189eff-b919-49d6-8775-dbf32c9ccbba	TCGA-DX-A2IZ	Copy Number Variation	TXT	Genotyping Array	626296e5-923c-424a-8672-6d0bb68d3863	MACON_p_TCGASNP_218_AML_PP_N_GenomeWideSNP_6_B02_1040106.grch38.seg.v2.txt	626296e5-923c-424a-8672-6d0bb68d3863
controlled	6b189eff-b919-49d6-8775-dbf32c9ccbba	TCGA-DX-A2IZ	Simple Nucleotide Variation	TSV	Genotyping Array	3497b112-4a4f-4f47-8912-43f1fce9c015	MACON_p_TCGASNP_218_AML_PP_N_GenomeWideSNP_6_D11_1040016.birdseed.data.txt	3497b112-4a4f-4f47-8912-43f1fce9c015
open	6201394f-b70e-4f14-9519-ff9d5f06eb09	TCGA-DX-A3U6	Copy Number Variation	TSV	Genotyping Array	bc6be076-7146-457d-a5d6-8683b834a5da	TCGA-SARC.377047a2-2510-4c52-b73d-6766bcf14a18.gene_level_copy_number.v36.tsv	bc6be076-7146-457d-a5d6-8683b834a5da
open	6b189eff-b919-49d6-8775-dbf32c9ccbba	TCGA-DX-A2IZ	Copy Number Variation	TXT	Genotyping Array	ad0f23c9-a4e8-4572-a498-9bab0616b76d	TCGA-SARC.28e4b286-ea1d-4f20-84ee-d8672d4127cf.ascat3.allelic_specific.seg.txt	ad0f23c9-a4e8-4572-a498-9bab0616b76d
open	6b189eff-b919-49d6-8775-dbf32c9ccbba	TCGA-DX-A2IZ	Copy Number Variation	TSV	Genotyping Array	ef17f14b-9250-416b-8d00-bf21d86da6e3	TCGA-SARC.28e4b286-ea1d-4f20-84ee-d8672d4127cf.ascat3.gene_level_copy_number.v36.tsv	ef17f14b-9250-416b-8d00-bf21d86da6e3
open	7bab6742-4e3d-4fcf-9b90-d3e0218b4d79	TCGA-FX-A3NJ	Copy Number Variation	TSV	Genotyping Array	07b15d25-4ac2-4852-831e-2ee03f575e81	TCGA-SARC.d7dc84b6-c480-4da0-82eb-e49112c6f4e6.ascat3.gene_level_copy_number.v36.tsv	07b15d25-4ac2-4852-831e-2ee03f575e81
open	6201394f-b70e-4f14-9519-ff9d5f06eb09	TCGA-DX-A3U6	Copy Number Variation	TXT	Genotyping Array	b232db51-17f8-44d3-83e4-3eeba0fe0638	BURSA_p_TCGA_303_304_305_N_GenomeWideSNP_6_C05_1344758.nocnv_grch38.seg.v2.txt	b232db51-17f8-44d3-83e4-3eeba0fe0638
open	6be3885c-219b-44f4-92bc-c055dc843a87	TCGA-DX-A6YV	Copy Number Variation	TXT	Genotyping Array	83cedfe0-3c91-4c9b-9aa9-4e2828fcf110	TCGA-SARC.26e12bdc-5d33-40f6-ae06-34c4e8adc5d6.ascat2.allelic_specific.seg.txt	83cedfe0-3c91-4c9b-9aa9-4e2828fcf110
controlled	6be3885c-219b-44f4-92bc-c055dc843a87	TCGA-DX-A6YV	Copy Number Variation	CEL	Genotyping Array	91018361-1532-4cfa-b6f8-6b960ca3479c	TAZZA_p_TCGAb3_62_63_64_65_NSP_GenomeWideSNP_6_B04_1387802.CEL	91018361-1532-4cfa-b6f8-6b960ca3479c
open	7bab6742-4e3d-4fcf-9b90-d3e0218b4d79	TCGA-FX-A3NJ	Copy Number Variation	TXT	Genotyping Array	34aef5a7-9571-4ad5-bef7-0d9d868a6267	TCGA-SARC.d7dc84b6-c480-4da0-82eb-e49112c6f4e6.ascat2.allelic_specific.seg.txt	34aef5a7-9571-4ad5-bef7-0d9d868a6267
open	724edf28-c9b2-4b11-ae30-70a137f821b8	TCGA-HS-A5N8	Copy Number Variation	TXT	Genotyping Array	118d57b6-986d-481f-b85f-166144fed415	TCGA-SARC.5ee66c48-47f1-4733-8a41-a57aeadc6d07.ascat3.allelic_specific.seg.txt	118d57b6-986d-481f-b85f-166144fed415
controlled	7bab6742-4e3d-4fcf-9b90-d3e0218b4d79	TCGA-FX-A3NJ	Simple Nucleotide Variation	TSV	Genotyping Array	b60c653a-92bd-4a00-aaf3-20fedcfec2d6	MACON_p_TCGASNP_218_AML_PP_N_GenomeWideSNP_6_D10_1040144.birdseed.data.txt	b60c653a-92bd-4a00-aaf3-20fedcfec2d6
open	724edf28-c9b2-4b11-ae30-70a137f821b8	TCGA-HS-A5N8	Copy Number Variation	TXT	Genotyping Array	733cecc6-c9a8-42bb-b016-c32ae6d417f7	WAGER_p_TCGA_282_284_285_286_N_GenomeWideSNP_6_D12_1359054.grch38.seg.v2.txt	733cecc6-c9a8-42bb-b016-c32ae6d417f7
open	6be3885c-219b-44f4-92bc-c055dc843a87	TCGA-DX-A6YV	Copy Number Variation	TXT	Genotyping Array	57da9472-f369-4c57-a87f-9b4f0bb76e7c	TCGA-SARC.26e12bdc-5d33-40f6-ae06-34c4e8adc5d6.ascat3.allelic_specific.seg.txt	57da9472-f369-4c57-a87f-9b4f0bb76e7c
controlled	724edf28-c9b2-4b11-ae30-70a137f821b8	TCGA-HS-A5N8	Copy Number Variation	CEL	Genotyping Array	b5db65a6-2bd8-48af-b088-7b93bea7eea4	WAGER_p_TCGA_282_284_285_286_N_GenomeWideSNP_6_D12_1359054.CEL	b5db65a6-2bd8-48af-b088-7b93bea7eea4
controlled	6be3885c-219b-44f4-92bc-c055dc843a87	TCGA-DX-A6YV	Simple Nucleotide Variation	TSV	Genotyping Array	186ef776-6596-4b05-8b14-eb9e4c82ee4a	TAZZA_p_TCGAb3_62_63_64_65_NSP_GenomeWideSNP_6_B04_1387802.birdseed.data.txt	186ef776-6596-4b05-8b14-eb9e4c82ee4a
open	7bab6742-4e3d-4fcf-9b90-d3e0218b4d79	TCGA-FX-A3NJ	Copy Number Variation	TXT	Genotyping Array	e250b913-075e-417b-bb6a-91710913551a	MACON_p_TCGASNP_218_AML_PP_N_GenomeWideSNP_6_D10_1040144.nocnv_grch38.seg.v2.txt	e250b913-075e-417b-bb6a-91710913551a
open	73d2e8ef-4e10-416a-845b-f48374e48ecb	TCGA-DX-A1L2	Copy Number Variation	TSV	Genotyping Array	e3d97f4a-9b46-48fe-a135-7730ac86977f	TCGA-SARC.06c30ed9-2bdd-4ea5-8afd-2be787152641.gene_level_copy_number.v36.tsv	e3d97f4a-9b46-48fe-a135-7730ac86977f
controlled	7c82e2d6-a768-4078-9084-4b47e8a2ce95	TCGA-DX-A3UB	Simple Nucleotide Variation	TSV	Genotyping Array	622b90d2-616b-416d-9c87-d7d07d419cbe	SNOWS_p_TCGA_Batch_309_310_NSP_GenomeWideSNP_6_D05_1362028.birdseed.data.txt	622b90d2-616b-416d-9c87-d7d07d419cbe
open	73d2e8ef-4e10-416a-845b-f48374e48ecb	TCGA-DX-A1L2	Copy Number Variation	TXT	Genotyping Array	32aa7f3c-9d72-4664-ad85-76c3e7a93cf1	TCGA-SARC.06c30ed9-2bdd-4ea5-8afd-2be787152641.ascat3.allelic_specific.seg.txt	32aa7f3c-9d72-4664-ad85-76c3e7a93cf1
open	7c82e2d6-a768-4078-9084-4b47e8a2ce95	TCGA-DX-A3UB	Copy Number Variation	TXT	Genotyping Array	767426b4-b73f-44ac-b1d2-6d6680a471aa	SNOWS_p_TCGA_Batch_309_310_NSP_GenomeWideSNP_6_D05_1362028.grch38.seg.v2.txt	767426b4-b73f-44ac-b1d2-6d6680a471aa
controlled	685be6b4-1d9c-4539-ae4b-ca658fc83fbc	TCGA-DX-A48J	Simple Nucleotide Variation	TSV	Genotyping Array	2ceee251-29d9-4c1b-8d41-cad2db22d655	SNOWS_p_TCGA_Batch_309_310_NSP_GenomeWideSNP_6_E03_1362006.birdseed.data.txt	2ceee251-29d9-4c1b-8d41-cad2db22d655
open	7c82e2d6-a768-4078-9084-4b47e8a2ce95	TCGA-DX-A3UB	Copy Number Variation	TXT	Genotyping Array	a213a313-5b10-4a79-a2a9-a2fc462d777b	SNOWS_p_TCGA_Batch_309_310_NSP_GenomeWideSNP_6_D04_1362016.grch38.seg.v2.txt	a213a313-5b10-4a79-a2a9-a2fc462d777b
controlled	7c82e2d6-a768-4078-9084-4b47e8a2ce95	TCGA-DX-A3UB	Copy Number Variation	CEL	Genotyping Array	f2cc8fca-f984-4129-8e2f-c9206897a0b0	SNOWS_p_TCGA_Batch_309_310_NSP_GenomeWideSNP_6_D04_1362016.CEL	f2cc8fca-f984-4129-8e2f-c9206897a0b0
open	73d2e8ef-4e10-416a-845b-f48374e48ecb	TCGA-DX-A1L2	Copy Number Variation	TSV	Genotyping Array	dd4566ff-a309-4ccb-b6ef-4cc42d28122c	TCGA-SARC.06c30ed9-2bdd-4ea5-8afd-2be787152641.ascat3.gene_level_copy_number.v36.tsv	dd4566ff-a309-4ccb-b6ef-4cc42d28122c
open	7c82e2d6-a768-4078-9084-4b47e8a2ce95	TCGA-DX-A3UB	Copy Number Variation	TXT	Genotyping Array	d1f82a7d-f1af-4f49-8315-cb64f5cf86a4	TCGA-SARC.12f54b8e-1d86-49b7-a93f-b44aabf782a3.ascat2.allelic_specific.seg.txt	d1f82a7d-f1af-4f49-8315-cb64f5cf86a4
controlled	73d2e8ef-4e10-416a-845b-f48374e48ecb	TCGA-DX-A1L2	Copy Number Variation	CEL	Genotyping Array	612eaa14-e40f-48f2-afde-7290e3acc22e	YOGIN_p_TCGA_4_262_263_N_GenomeWideSNP_6_D01_1306196.CEL	612eaa14-e40f-48f2-afde-7290e3acc22e
controlled	73d2e8ef-4e10-416a-845b-f48374e48ecb	TCGA-DX-A1L2	Simple Nucleotide Variation	TSV	Genotyping Array	e395b832-5951-4c7f-b561-deab331007d3	YOGIN_p_TCGA_4_262_263_N_GenomeWideSNP_6_D01_1306196.birdseed.data.txt	e395b832-5951-4c7f-b561-deab331007d3
open	73d2e8ef-4e10-416a-845b-f48374e48ecb	TCGA-DX-A1L2	Copy Number Variation	TXT	Genotyping Array	5d72fe18-39f3-457c-a70f-584591e1999b	TCGA-SARC.06c30ed9-2bdd-4ea5-8afd-2be787152641.ascat2.allelic_specific.seg.txt	5d72fe18-39f3-457c-a70f-584591e1999b
open	6e82bcfc-a61d-441b-a1ed-cb46dc88a860	TCGA-DX-A7EO	Copy Number Variation	TXT	Genotyping Array	3d968353-a862-41c5-8607-e2f8acb37ac2	HONGS_p_TCGAb3_75_76_77_NSP_GenomeWideSNP_6_G01_1438132.nocnv_grch38.seg.v2.txt	3d968353-a862-41c5-8607-e2f8acb37ac2
open	76e3ec27-2c64-4e38-96f1-30307893b825	TCGA-HB-A2OT	Copy Number Variation	TXT	Genotyping Array	93487ae5-189a-4478-a043-e66e472233d2	MACON_p_TCGASNP_218_AML_PP_N_GenomeWideSNP_6_B12_1040058.grch38.seg.v2.txt	93487ae5-189a-4478-a043-e66e472233d2
controlled	76e3ec27-2c64-4e38-96f1-30307893b825	TCGA-HB-A2OT	Copy Number Variation	CEL	Genotyping Array	01d49bc1-d8e9-4c20-a64a-4e8fd42d23f6	MACON_p_TCGASNP_218_AML_PP_N_GenomeWideSNP_6_B11_1040166.CEL	01d49bc1-d8e9-4c20-a64a-4e8fd42d23f6
open	7c82e2d6-a768-4078-9084-4b47e8a2ce95	TCGA-DX-A3UB	Copy Number Variation	TXT	Genotyping Array	596e765d-1b81-4f5e-945b-33c8df3c49a0	TCGA-SARC.12f54b8e-1d86-49b7-a93f-b44aabf782a3.ascat3.allelic_specific.seg.txt	596e765d-1b81-4f5e-945b-33c8df3c49a0
open	6e9f74a4-2f41-4b2f-b0e1-39c4d779bd40	TCGA-QQ-A8VD	Copy Number Variation	TSV	Genotyping Array	88b32847-b5a8-40d8-b9d0-497ac5e1c02e	TCGA-SARC.ef10e964-4667-4d5a-82b2-2844b2ece1a9.absolute_liftover.gene_level_copy_number.v36.tsv	88b32847-b5a8-40d8-b9d0-497ac5e1c02e
controlled	83a93378-0978-4102-9e4b-09b547b75687	TCGA-K1-A42W	Simple Nucleotide Variation	TSV	Genotyping Array	a2f0f332-162c-4217-a572-e17704c8540c	YOGIN_p_TCGA_4_262_263_N_GenomeWideSNP_6_B02_1306144.birdseed.data.txt	a2f0f332-162c-4217-a572-e17704c8540c
open	83a93378-0978-4102-9e4b-09b547b75687	TCGA-K1-A42W	Copy Number Variation	TXT	Genotyping Array	80c67445-517c-4932-8f80-a07d57398349	TCGA-SARC.db9a3940-19be-4c9e-bc2f-1daf319b024d.ascat2.allelic_specific.seg.txt	80c67445-517c-4932-8f80-a07d57398349
controlled	76e3ec27-2c64-4e38-96f1-30307893b825	TCGA-HB-A2OT	Copy Number Variation	CEL	Genotyping Array	30ad6fc4-fef8-44e2-a6fa-335e81e627a9	MACON_p_TCGASNP_218_AML_PP_N_GenomeWideSNP_6_B12_1040058.CEL	30ad6fc4-fef8-44e2-a6fa-335e81e627a9
controlled	6e9f74a4-2f41-4b2f-b0e1-39c4d779bd40	TCGA-QQ-A8VD	Copy Number Variation	CEL	Genotyping Array	288be788-0608-4391-87ad-3d3904e9da62	PRION_p_TCGAb_410_11_12_13_NSP_GenomeWideSNP_6_D09_1486754.CEL	288be788-0608-4391-87ad-3d3904e9da62
open	7cbfe175-9329-496e-adc7-6b8ed2bdd113	TCGA-DX-A3UD	Copy Number Variation	TSV	Genotyping Array	bb7f4d87-cc95-43ad-b85f-de877e97c749	TCGA-SARC.3903a036-c105-4a8b-a571-ae0bdec6b69b.gene_level_copy_number.v36.tsv	bb7f4d87-cc95-43ad-b85f-de877e97c749
open	6e9f74a4-2f41-4b2f-b0e1-39c4d779bd40	TCGA-QQ-A8VD	Copy Number Variation	TSV	Genotyping Array	6e57c58f-dc8c-44f5-88cc-a7003321c1a0	TCGA-SARC.ef10e964-4667-4d5a-82b2-2844b2ece1a9.ascat3.gene_level_copy_number.v36.tsv	6e57c58f-dc8c-44f5-88cc-a7003321c1a0
open	771b35b6-e0a9-427e-8c67-e934f5e0d9bd	TCGA-DX-A1KX	Copy Number Variation	TSV	Genotyping Array	5ca35085-97e3-4f2e-801e-7f47d933b946	TCGA-SARC.d10089cb-3b30-4e1f-a08d-b6a4b4134d18.ascat3.gene_level_copy_number.v36.tsv	5ca35085-97e3-4f2e-801e-7f47d933b946
open	771b35b6-e0a9-427e-8c67-e934f5e0d9bd	TCGA-DX-A1KX	Copy Number Variation	TXT	Genotyping Array	cec41018-58d0-4189-bef8-57e652ce06a6	YOGIN_p_TCGA_4_262_263_N_GenomeWideSNP_6_B03_1306264.nocnv_grch38.seg.v2.txt	cec41018-58d0-4189-bef8-57e652ce06a6
open	771b35b6-e0a9-427e-8c67-e934f5e0d9bd	TCGA-DX-A1KX	Copy Number Variation	TXT	Genotyping Array	76434a98-b890-4995-a765-b5b2a259cca8	YOGIN_p_TCGA_4_262_263_N_GenomeWideSNP_6_A11_1306252.grch38.seg.v2.txt	76434a98-b890-4995-a765-b5b2a259cca8
open	7cbfe175-9329-496e-adc7-6b8ed2bdd113	TCGA-DX-A3UD	Copy Number Variation	TSV	Genotyping Array	90c63b59-6552-4eaf-8825-46a12d7a71bb	TCGA-SARC.3903a036-c105-4a8b-a571-ae0bdec6b69b.absolute_liftover.gene_level_copy_number.v36.tsv	90c63b59-6552-4eaf-8825-46a12d7a71bb
controlled	851f8905-778c-4016-85e5-bc22817a6a28	TCGA-3B-A9HQ	Copy Number Variation	CEL	Genotyping Array	7bb2e680-d567-428d-86c0-5065380fad7e	ENATE_p_TCGAb_394_395_396_NSP_GenomeWideSNP_6_E06_1474240.CEL	7bb2e680-d567-428d-86c0-5065380fad7e
open	771b35b6-e0a9-427e-8c67-e934f5e0d9bd	TCGA-DX-A1KX	Copy Number Variation	TXT	Genotyping Array	96ad4d68-69ed-4d80-8c7b-91cf0963cd3c	TCGA-SARC.d10089cb-3b30-4e1f-a08d-b6a4b4134d18.ascat2.allelic_specific.seg.txt	96ad4d68-69ed-4d80-8c7b-91cf0963cd3c
open	851f8905-778c-4016-85e5-bc22817a6a28	TCGA-3B-A9HQ	Copy Number Variation	TXT	Genotyping Array	300a910c-f023-423d-82d0-98ee8303a7ad	ENATE_p_TCGAb_394_395_396_NSP_GenomeWideSNP_6_E05_1474242.grch38.seg.v2.txt	300a910c-f023-423d-82d0-98ee8303a7ad
open	778dc00a-0b94-45a8-ae13-9c80f0c1dfd6	TCGA-DX-A3UC	Copy Number Variation	TXT	Genotyping Array	565c52c4-63b3-4e35-a396-668231fed57a	SNOWS_p_TCGA_Batch_309_310_NSP_GenomeWideSNP_6_D06_1362152.grch38.seg.v2.txt	565c52c4-63b3-4e35-a396-668231fed57a
open	854e42bc-95b2-4b77-a4b2-ffbd6c28b281	TCGA-DX-A1L0	Copy Number Variation	TXT	Genotyping Array	56accc82-539a-46f6-8308-6a4b08d718ae	YOGIN_p_TCGA_4_262_263_N_GenomeWideSNP_6_C02_1306118.nocnv_grch38.seg.v2.txt	56accc82-539a-46f6-8308-6a4b08d718ae
controlled	778dc00a-0b94-45a8-ae13-9c80f0c1dfd6	TCGA-DX-A3UC	Copy Number Variation	CEL	Genotyping Array	8ed80b33-ce92-42b2-a6c1-0d752c134414	SNOWS_p_TCGA_Batch_309_310_NSP_GenomeWideSNP_6_D06_1362152.CEL	8ed80b33-ce92-42b2-a6c1-0d752c134414
open	778dc00a-0b94-45a8-ae13-9c80f0c1dfd6	TCGA-DX-A3UC	Copy Number Variation	TXT	Genotyping Array	8cb2f083-c18e-4c2d-8178-e903b0fb6b6a	TCGA-SARC.1f165549-2cff-46de-a072-18778b543919.ascat2.allelic_specific.seg.txt	8cb2f083-c18e-4c2d-8178-e903b0fb6b6a
open	854e42bc-95b2-4b77-a4b2-ffbd6c28b281	TCGA-DX-A1L0	Copy Number Variation	TXT	Genotyping Array	e0445d83-5c01-4b78-8713-47200c49991e	TCGA-SARC.9ee1c4e2-3601-4d1f-8fa3-f671c016c4d7.ascat2.allelic_specific.seg.txt	e0445d83-5c01-4b78-8713-47200c49991e
open	7f9031da-124a-4a38-83e6-878a50e58c24	TCGA-FX-A3RE	Copy Number Variation	TSV	Genotyping Array	ba52b1d1-f75f-4960-b2e2-5c51ed7288cd	TCGA-SARC.c472c3bf-5fb6-4790-9c62-eea1e1914696.gene_level_copy_number.v36.tsv	ba52b1d1-f75f-4960-b2e2-5c51ed7288cd
open	7f9031da-124a-4a38-83e6-878a50e58c24	TCGA-FX-A3RE	Copy Number Variation	TXT	Genotyping Array	820e282c-26da-4874-a242-29ae9509e950	FLUES_p_TCGASNP_228_229_230_N_GenomeWideSNP_6_D07_1148880.nocnv_grch38.seg.v2.txt	820e282c-26da-4874-a242-29ae9509e950
open	854e42bc-95b2-4b77-a4b2-ffbd6c28b281	TCGA-DX-A1L0	Copy Number Variation	TXT	Genotyping Array	54dfefad-5beb-4c07-89b2-3707a0e4a881	TCGA-SARC.9ee1c4e2-3601-4d1f-8fa3-f671c016c4d7.ascat3.allelic_specific.seg.txt	54dfefad-5beb-4c07-89b2-3707a0e4a881
open	778dc00a-0b94-45a8-ae13-9c80f0c1dfd6	TCGA-DX-A3UC	Copy Number Variation	TXT	Genotyping Array	76ee9101-a306-43a0-b9ee-8d76bc10130e	SNOWS_p_TCGA_Batch_309_310_NSP_GenomeWideSNP_6_D07_1362048.grch38.seg.v2.txt	76ee9101-a306-43a0-b9ee-8d76bc10130e
controlled	854e42bc-95b2-4b77-a4b2-ffbd6c28b281	TCGA-DX-A1L0	Copy Number Variation	CEL	Genotyping Array	d3225714-ab4c-40dc-86d0-3253b5645650	YOGIN_p_TCGA_4_262_263_N_GenomeWideSNP_6_C02_1306118.CEL	d3225714-ab4c-40dc-86d0-3253b5645650
open	854e42bc-95b2-4b77-a4b2-ffbd6c28b281	TCGA-DX-A1L0	Copy Number Variation	TSV	Genotyping Array	a4eaca12-3d44-406c-a706-ca24628aae57	TCGA-SARC.9ee1c4e2-3601-4d1f-8fa3-f671c016c4d7.absolute_liftover.gene_level_copy_number.v36.tsv	a4eaca12-3d44-406c-a706-ca24628aae57
open	7f9031da-124a-4a38-83e6-878a50e58c24	TCGA-FX-A3RE	Copy Number Variation	TXT	Genotyping Array	96269758-1b8c-4ec6-8814-feaed28d7f19	FLUES_p_TCGASNP_228_229_230_N_GenomeWideSNP_6_E12_1148806.nocnv_grch38.seg.v2.txt	96269758-1b8c-4ec6-8814-feaed28d7f19
open	854e42bc-95b2-4b77-a4b2-ffbd6c28b281	TCGA-DX-A1L0	Copy Number Variation	TSV	Genotyping Array	289537b4-e67f-4e01-ad70-8e51c7eeb1d6	TCGA-SARC.9ee1c4e2-3601-4d1f-8fa3-f671c016c4d7.gene_level_copy_number.v36.tsv	289537b4-e67f-4e01-ad70-8e51c7eeb1d6
open	854e42bc-95b2-4b77-a4b2-ffbd6c28b281	TCGA-DX-A1L0	Copy Number Variation	TXT	Genotyping Array	499b89d7-e910-4089-8f97-cbe9831e5fa9	YOGIN_p_TCGA_4_262_263_N_GenomeWideSNP_6_C06_1306092.grch38.seg.v2.txt	499b89d7-e910-4089-8f97-cbe9831e5fa9
open	89ea0e21-c5af-42b4-9f64-5ba4874ab76e	TCGA-DX-A7EF	Copy Number Variation	TXT	Genotyping Array	91d3522c-8511-47f7-9cba-d1c7c1c51adf	MOWED_p_TCGAb3_39_40_41_42_STY_GenomeWideSNP_6_G04_1377520.nocnv_grch38.seg.v2.txt	91d3522c-8511-47f7-9cba-d1c7c1c51adf
controlled	89ea0e21-c5af-42b4-9f64-5ba4874ab76e	TCGA-DX-A7EF	Copy Number Variation	CEL	Genotyping Array	b9fe1799-b39f-48a6-9dd1-e766d1272813	MOWED_p_TCGAb3_39_40_41_42_STY_GenomeWideSNP_6_G04_1377520.CEL	b9fe1799-b39f-48a6-9dd1-e766d1272813
controlled	89ea0e21-c5af-42b4-9f64-5ba4874ab76e	TCGA-DX-A7EF	Simple Nucleotide Variation	TSV	Genotyping Array	5475a72d-e8f7-45f3-9622-03a96d18100f	MOWED_p_TCGAb3_39_40_41_42_STY_GenomeWideSNP_6_G04_1377520.birdseed.data.txt	5475a72d-e8f7-45f3-9622-03a96d18100f
open	7fb69277-2aff-45e0-8f44-d2794f831a2a	TCGA-MJ-A68H	Copy Number Variation	TXT	Genotyping Array	a8bccb7f-ae3d-405b-af61-44137cb25778	RICES_p_TCGA_Batch_310_311_NSP_GenomeWideSNP_6_A07_1361864.nocnv_grch38.seg.v2.txt	a8bccb7f-ae3d-405b-af61-44137cb25778
open	89ea0e21-c5af-42b4-9f64-5ba4874ab76e	TCGA-DX-A7EF	Copy Number Variation	TXT	Genotyping Array	1dee0d90-659d-42df-810c-338a39ef5d95	TCGA-SARC.50c5baaa-298c-4340-82d9-714a27b2c093.ascat2.allelic_specific.seg.txt	1dee0d90-659d-42df-810c-338a39ef5d95
open	7fb69277-2aff-45e0-8f44-d2794f831a2a	TCGA-MJ-A68H	Copy Number Variation	TXT	Genotyping Array	2ff809d7-f481-4a31-9290-b1bb472a0cf4	RICES_p_TCGA_Batch_310_311_NSP_GenomeWideSNP_6_A06_1361968.nocnv_grch38.seg.v2.txt	2ff809d7-f481-4a31-9290-b1bb472a0cf4
open	85a7da1e-a8d0-4366-890a-79c0461967c6	TCGA-X6-A7WA	Copy Number Variation	TXT	Genotyping Array	4703c75a-498e-4cd9-943d-9fef9460acdd	TAZZA_p_TCGAb3_62_63_64_65_NSP_GenomeWideSNP_6_D02_1387848.grch38.seg.v2.txt	4703c75a-498e-4cd9-943d-9fef9460acdd
open	89ea0e21-c5af-42b4-9f64-5ba4874ab76e	TCGA-DX-A7EF	Copy Number Variation	TSV	Genotyping Array	8856efdf-04e1-404e-b60f-89ed73077b2e	TCGA-SARC.50c5baaa-298c-4340-82d9-714a27b2c093.ascat3.gene_level_copy_number.v36.tsv	8856efdf-04e1-404e-b60f-89ed73077b2e
controlled	85a7da1e-a8d0-4366-890a-79c0461967c6	TCGA-X6-A7WA	Simple Nucleotide Variation	TSV	Genotyping Array	e029418b-c04d-4324-a200-631453c7bf13	TAZZA_p_TCGAb3_62_63_64_65_NSP_GenomeWideSNP_6_D02_1387848.birdseed.data.txt	e029418b-c04d-4324-a200-631453c7bf13
controlled	788dbebb-3d1b-4f6d-8a40-869157d25025	TCGA-WK-A8XQ	Simple Nucleotide Variation	TSV	Genotyping Array	52f84bbb-9d24-483d-9222-f8c9f3b63d55	BREWS_p_TCGAb_382_383_NSP_GenomeWideSNP_6_H07_1465208.birdseed.data.txt	52f84bbb-9d24-483d-9222-f8c9f3b63d55
open	8b20dd03-46da-4d6b-95b4-f329fdc486cf	TCGA-VT-A80G	Copy Number Variation	TXT	Genotyping Array	2c3669a7-4295-4de7-8b6f-5cf5454b7641	HONGS_p_TCGAb3_75_76_77_NSP_GenomeWideSNP_6_G04_1438188.grch38.seg.v2.txt	2c3669a7-4295-4de7-8b6f-5cf5454b7641
open	788dbebb-3d1b-4f6d-8a40-869157d25025	TCGA-WK-A8XQ	Copy Number Variation	TXT	Genotyping Array	4867e5ce-afc6-4b5b-90a9-0cf7156a71e4	BREWS_p_TCGAb_382_383_NSP_GenomeWideSNP_6_H06_1465020.grch38.seg.v2.txt	4867e5ce-afc6-4b5b-90a9-0cf7156a71e4
open	788dbebb-3d1b-4f6d-8a40-869157d25025	TCGA-WK-A8XQ	Copy Number Variation	TSV	Genotyping Array	019df5a8-08cf-4eb1-8d9d-f199aa2f0c4c	TCGA-SARC.b61111a6-36f7-4947-9b71-3d8ffbf8dbbe.ascat3.gene_level_copy_number.v36.tsv	019df5a8-08cf-4eb1-8d9d-f199aa2f0c4c
open	85a7da1e-a8d0-4366-890a-79c0461967c6	TCGA-X6-A7WA	Copy Number Variation	TSV	Genotyping Array	a73784f2-7411-42d0-963a-781982824f18	TCGA-SARC.11d773f1-8bf0-4752-8a04-015cda55fce3.absolute_liftover.gene_level_copy_number.v36.tsv	a73784f2-7411-42d0-963a-781982824f18
open	788dbebb-3d1b-4f6d-8a40-869157d25025	TCGA-WK-A8XQ	Copy Number Variation	TXT	Genotyping Array	fb1f7cf5-42fb-48e2-984a-0b5770d12875	BREWS_p_TCGAb_382_383_NSP_GenomeWideSNP_6_H07_1465208.nocnv_grch38.seg.v2.txt	fb1f7cf5-42fb-48e2-984a-0b5770d12875
open	85a7da1e-a8d0-4366-890a-79c0461967c6	TCGA-X6-A7WA	Copy Number Variation	TSV	Genotyping Array	5a740ab5-0754-4103-a420-316093d39c6e	TCGA-SARC.11d773f1-8bf0-4752-8a04-015cda55fce3.ascat3.gene_level_copy_number.v36.tsv	5a740ab5-0754-4103-a420-316093d39c6e
open	8b20dd03-46da-4d6b-95b4-f329fdc486cf	TCGA-VT-A80G	Copy Number Variation	TSV	Genotyping Array	a216fa12-8cd4-438a-9716-13a44bd9cde4	TCGA-SARC.ec841cbe-4820-4d18-87e7-e64416d0d3fb.absolute_liftover.gene_level_copy_number.v36.tsv	a216fa12-8cd4-438a-9716-13a44bd9cde4
controlled	78c0d30c-0905-49de-be7f-afc1337f59b7	TCGA-K1-A6RV	Copy Number Variation	CEL	Genotyping Array	4f2c0b1d-84fd-4e79-aa73-9003034b941a	THREW_p_TCGAb_329_335_336_NSP_GenomeWideSNP_6_E07_1367072.CEL	4f2c0b1d-84fd-4e79-aa73-9003034b941a
open	8b20dd03-46da-4d6b-95b4-f329fdc486cf	TCGA-VT-A80G	Copy Number Variation	TXT	Genotyping Array	c8422558-121a-4b57-a7d3-b211a2b94d40	HONGS_p_TCGAb3_75_76_77_NSP_GenomeWideSNP_6_E09_1438126.nocnv_grch38.seg.v2.txt	c8422558-121a-4b57-a7d3-b211a2b94d40
controlled	8194aa20-bdb7-4928-8992-438d9f2631d4	TCGA-DX-A48V	Copy Number Variation	CEL	Genotyping Array	7ddaa989-c3ac-4858-b009-540f1753787e	SNOWS_p_TCGA_Batch_309_310_NSP_GenomeWideSNP_6_F06_1362142.CEL	7ddaa989-c3ac-4858-b009-540f1753787e
controlled	8194aa20-bdb7-4928-8992-438d9f2631d4	TCGA-DX-A48V	Simple Nucleotide Variation	TSV	Genotyping Array	484c03ba-4461-4cb6-85bf-3f827129a83a	SNOWS_p_TCGA_Batch_309_310_NSP_GenomeWideSNP_6_F06_1362142.birdseed.data.txt	484c03ba-4461-4cb6-85bf-3f827129a83a
open	78c0d30c-0905-49de-be7f-afc1337f59b7	TCGA-K1-A6RV	Copy Number Variation	TXT	Genotyping Array	3e2465a0-2d59-4bb0-b61d-88ebc6ae1e15	THREW_p_TCGAb_329_335_336_NSP_GenomeWideSNP_6_E07_1367072.nocnv_grch38.seg.v2.txt	3e2465a0-2d59-4bb0-b61d-88ebc6ae1e15
open	8654c2b5-27d7-43c5-9a39-7fdefd7a0324	TCGA-MO-A47R	Copy Number Variation	TSV	Genotyping Array	c20d1956-e989-40fb-ab43-7bb2b359443a	TCGA-SARC.387fc536-d68b-4130-a53b-dcfa7329356a.gene_level_copy_number.v36.tsv	c20d1956-e989-40fb-ab43-7bb2b359443a
open	8194aa20-bdb7-4928-8992-438d9f2631d4	TCGA-DX-A48V	Copy Number Variation	TXT	Genotyping Array	fcbbe988-7bd4-4541-a942-56ac769cd9ec	TCGA-SARC.901e8323-4007-4035-8737-49bdb8c3b4fc.ascat3.allelic_specific.seg.txt	fcbbe988-7bd4-4541-a942-56ac769cd9ec
open	8654c2b5-27d7-43c5-9a39-7fdefd7a0324	TCGA-MO-A47R	Copy Number Variation	TSV	Genotyping Array	9f99ce2b-7127-4652-97fb-ab301b535b24	TCGA-SARC.387fc536-d68b-4130-a53b-dcfa7329356a.ascat3.gene_level_copy_number.v36.tsv	9f99ce2b-7127-4652-97fb-ab301b535b24
open	78c0d30c-0905-49de-be7f-afc1337f59b7	TCGA-K1-A6RV	Copy Number Variation	TSV	Genotyping Array	f01fa28e-b41d-4d0e-8785-433bf7763e3b	TCGA-SARC.779663ab-8330-4600-bebe-5477b5ce5fa7.ascat3.gene_level_copy_number.v36.tsv	f01fa28e-b41d-4d0e-8785-433bf7763e3b
open	8c279bc5-117e-440b-b118-af01fc6c11a2	TCGA-MB-A8JK	Copy Number Variation	TSV	Genotyping Array	0835736f-cd6c-44d7-a7c4-71bb76a304c3	TCGA-SARC.df99a19a-c11f-4969-a654-74edb515893d.ascat3.gene_level_copy_number.v36.tsv	0835736f-cd6c-44d7-a7c4-71bb76a304c3
open	8c279bc5-117e-440b-b118-af01fc6c11a2	TCGA-MB-A8JK	Copy Number Variation	TXT	Genotyping Array	9ce95aa6-a0c1-4693-9066-6b3a59bb10d8	HONGS_p_TCGAb3_75_76_77_NSP_GenomeWideSNP_6_F08_1438142.grch38.seg.v2.txt	9ce95aa6-a0c1-4693-9066-6b3a59bb10d8
controlled	872244e2-d1ed-4a1d-9162-365f45e7f1a0	TCGA-DX-AB30	Copy Number Variation	CEL	Genotyping Array	70513795-37b9-4c0c-9f6f-b82aea8c704c	PRION_p_TCGAb_410_11_12_13_NSP_GenomeWideSNP_6_D06_1486760.CEL	70513795-37b9-4c0c-9f6f-b82aea8c704c
controlled	90bc0f31-0ec2-4ceb-ad99-6be8f8b19180	TCGA-X6-A8C2	Simple Nucleotide Variation	TSV	Genotyping Array	04a5ccba-e92f-4fbe-871d-28fd98bcfc6c	HONGS_p_TCGAb3_75_76_77_NSP_GenomeWideSNP_6_F03_1438160.birdseed.data.txt	04a5ccba-e92f-4fbe-871d-28fd98bcfc6c
open	90bc0f31-0ec2-4ceb-ad99-6be8f8b19180	TCGA-X6-A8C2	Copy Number Variation	TXT	Genotyping Array	84ab3d15-2fd2-4562-a72f-457afd051453	TCGA-SARC.b5be3f1c-5112-4e41-8535-00a200df319f.ascat3.allelic_specific.seg.txt	84ab3d15-2fd2-4562-a72f-457afd051453
open	926176c2-0a8f-414a-a7b1-91734bdce6ae	TCGA-DX-A8BJ	Copy Number Variation	TSV	Genotyping Array	a9837bdb-0801-4b18-9091-fe078bfecc2f	TCGA-SARC.140914c0-8754-4a22-8852-7818697a5d4d.gene_level_copy_number.v36.tsv	a9837bdb-0801-4b18-9091-fe078bfecc2f
open	8c66f5f5-3e37-4353-b0f8-64b92a733da8	TCGA-DX-A1L4	Copy Number Variation	TXT	Genotyping Array	107d6f05-0ba8-4e11-8968-49efde66b238	TCGA-SARC.d325e6b7-88c8-4b66-9bc6-9bed0d7c0b92.ascat3.allelic_specific.seg.txt	107d6f05-0ba8-4e11-8968-49efde66b238
open	926176c2-0a8f-414a-a7b1-91734bdce6ae	TCGA-DX-A8BJ	Copy Number Variation	TXT	Genotyping Array	134e3985-4279-4c79-b368-ad59a665f3f7	TCGA-SARC.140914c0-8754-4a22-8852-7818697a5d4d.ascat2.allelic_specific.seg.txt	134e3985-4279-4c79-b368-ad59a665f3f7
open	90bc0f31-0ec2-4ceb-ad99-6be8f8b19180	TCGA-X6-A8C2	Copy Number Variation	TXT	Genotyping Array	517fa769-74a2-473b-8272-e28241e7a373	TCGA-SARC.b5be3f1c-5112-4e41-8535-00a200df319f.ascat2.allelic_specific.seg.txt	517fa769-74a2-473b-8272-e28241e7a373
open	885b1b65-4280-4aab-a7f0-434b0317d86f	TCGA-IE-A6BZ	Copy Number Variation	TSV	Genotyping Array	06a31514-66e3-4c9a-8fae-fadce917f8d3	TCGA-SARC.07440254-c4ae-43ec-8f9d-fdebdfc41021.absolute_liftover.gene_level_copy_number.v36.tsv	06a31514-66e3-4c9a-8fae-fadce917f8d3
open	90bc0f31-0ec2-4ceb-ad99-6be8f8b19180	TCGA-X6-A8C2	Copy Number Variation	TSV	Genotyping Array	9253d03f-115e-4d3e-a062-3d7eaba55a85	TCGA-SARC.b5be3f1c-5112-4e41-8535-00a200df319f.absolute_liftover.gene_level_copy_number.v36.tsv	9253d03f-115e-4d3e-a062-3d7eaba55a85
open	90bc0f31-0ec2-4ceb-ad99-6be8f8b19180	TCGA-X6-A8C2	Copy Number Variation	TXT	Genotyping Array	fd4cd1f3-2b57-4b6f-b353-e7d4c0bda917	HONGS_p_TCGAb3_75_76_77_NSP_GenomeWideSNP_6_F03_1438160.grch38.seg.v2.txt	fd4cd1f3-2b57-4b6f-b353-e7d4c0bda917
open	8c66f5f5-3e37-4353-b0f8-64b92a733da8	TCGA-DX-A1L4	Copy Number Variation	TSV	Genotyping Array	f95ddaa3-40b2-4b81-8a87-68a3fb0e6082	TCGA-SARC.d325e6b7-88c8-4b66-9bc6-9bed0d7c0b92.absolute_liftover.gene_level_copy_number.v36.tsv	f95ddaa3-40b2-4b81-8a87-68a3fb0e6082
open	92da1d84-03a1-4fe9-bc0d-7fe61dfbe904	TCGA-PC-A5DL	Copy Number Variation	TXT	Genotyping Array	81e68632-f515-46f5-a61a-5c63147bee41	TCGA-SARC.a25f21a5-c22a-429e-b0d1-a7c35339c5f7.ascat3.allelic_specific.seg.txt	81e68632-f515-46f5-a61a-5c63147bee41
open	92da1d84-03a1-4fe9-bc0d-7fe61dfbe904	TCGA-PC-A5DL	Copy Number Variation	TXT	Genotyping Array	e3c90b57-97bc-4ae6-80d5-940572bb5d7f	TCGA-SARC.a25f21a5-c22a-429e-b0d1-a7c35339c5f7.ascat2.allelic_specific.seg.txt	e3c90b57-97bc-4ae6-80d5-940572bb5d7f
open	885b1b65-4280-4aab-a7f0-434b0317d86f	TCGA-IE-A6BZ	Copy Number Variation	TXT	Genotyping Array	53dbdea4-be00-473d-a245-64921c8bf437	RICES_p_TCGA_Batch_310_311_NSP_GenomeWideSNP_6_A03_1361876.nocnv_grch38.seg.v2.txt	53dbdea4-be00-473d-a245-64921c8bf437
open	90bc0f31-0ec2-4ceb-ad99-6be8f8b19180	TCGA-X6-A8C2	Copy Number Variation	TSV	Genotyping Array	20edd5a5-3fe0-48e1-bf96-3ccc33b154a3	TCGA-SARC.b5be3f1c-5112-4e41-8535-00a200df319f.gene_level_copy_number.v36.tsv	20edd5a5-3fe0-48e1-bf96-3ccc33b154a3
controlled	92da1d84-03a1-4fe9-bc0d-7fe61dfbe904	TCGA-PC-A5DL	Copy Number Variation	CEL	Genotyping Array	0baae344-9808-4133-b6f3-0e40a451f871	WAGER_p_TCGA_282_284_285_286_N_GenomeWideSNP_6_A10_1359106.CEL	0baae344-9808-4133-b6f3-0e40a451f871
open	885b1b65-4280-4aab-a7f0-434b0317d86f	TCGA-IE-A6BZ	Copy Number Variation	TXT	Genotyping Array	16c20d70-e692-4d76-b24d-fed025ecd1f1	TCGA-SARC.07440254-c4ae-43ec-8f9d-fdebdfc41021.ascat2.allelic_specific.seg.txt	16c20d70-e692-4d76-b24d-fed025ecd1f1
open	885b1b65-4280-4aab-a7f0-434b0317d86f	TCGA-IE-A6BZ	Copy Number Variation	TSV	Genotyping Array	5a99e6bc-dbc9-4c4a-855e-4dacf856cc63	TCGA-SARC.07440254-c4ae-43ec-8f9d-fdebdfc41021.gene_level_copy_number.v36.tsv	5a99e6bc-dbc9-4c4a-855e-4dacf856cc63
controlled	9bdc3867-2115-4351-af5f-a52a2c20ae5d	TCGA-K1-A42X	Copy Number Variation	CEL	Genotyping Array	1931e720-b538-4774-8f48-603b6e782385	YOGIN_p_TCGA_4_262_263_N_GenomeWideSNP_6_B10_1306266.CEL	1931e720-b538-4774-8f48-603b6e782385
open	89a3ccb1-252a-46f9-97c7-3e44b34d7967	TCGA-X6-A7WB	Copy Number Variation	TSV	Genotyping Array	b97c4da7-e18f-408f-9ed4-7f1e7b319bbd	TCGA-SARC.eb118aaa-c623-40fb-b489-bb0b846b082f.ascat3.gene_level_copy_number.v36.tsv	b97c4da7-e18f-408f-9ed4-7f1e7b319bbd
controlled	90db503c-f9c8-4d31-bed4-e3383b69c89b	TCGA-X9-A973	Copy Number Variation	CEL	Genotyping Array	f4b11ede-9ca5-4493-a14f-21dbb6fed5ef	ENATE_p_TCGAb_394_395_396_NSP_GenomeWideSNP_6_G01_1474132.CEL	f4b11ede-9ca5-4493-a14f-21dbb6fed5ef
controlled	89a3ccb1-252a-46f9-97c7-3e44b34d7967	TCGA-X6-A7WB	Simple Nucleotide Variation	TSV	Genotyping Array	ab3024a7-4e41-479d-a222-ae8f4f090905	TAZZA_p_TCGAb3_62_63_64_65_NSP_GenomeWideSNP_6_C12_1387836.birdseed.data.txt	ab3024a7-4e41-479d-a222-ae8f4f090905
open	89a3ccb1-252a-46f9-97c7-3e44b34d7967	TCGA-X6-A7WB	Copy Number Variation	TXT	Genotyping Array	b47ef649-d763-4f0b-a8ac-251434466e17	TCGA-SARC.eb118aaa-c623-40fb-b489-bb0b846b082f.ascat3.allelic_specific.seg.txt	b47ef649-d763-4f0b-a8ac-251434466e17
controlled	93dfe3c6-445d-4976-93c0-9a826730fd58	TCGA-QQ-A5V9	Copy Number Variation	CEL	Genotyping Array	d5c76945-56da-4c5d-a7a3-471e6148e8cb	THREW_p_TCGAb_329_335_336_NSP_GenomeWideSNP_6_F04_1367218.CEL	d5c76945-56da-4c5d-a7a3-471e6148e8cb
open	8d8921ac-ca12-4e17-bd5e-982ff0d699a1	TCGA-DX-A23U	Copy Number Variation	TXT	Genotyping Array	b4aa0124-f0ba-4b45-bbf3-59b977379de7	WAGER_p_TCGA_282_284_285_286_N_GenomeWideSNP_6_D11_1359112.grch38.seg.v2.txt	b4aa0124-f0ba-4b45-bbf3-59b977379de7
controlled	89ea0e21-c5af-42b4-9f64-5ba4874ab76e	TCGA-DX-A7EF	Copy Number Variation	CEL	Genotyping Array	20d5223d-5053-4cff-a713-bfee769eed1d	MOWED_p_TCGAb3_39_40_41_42_STY_GenomeWideSNP_6_G03_1377562.CEL	20d5223d-5053-4cff-a713-bfee769eed1d
open	8f3f6f7c-4b50-467e-a6e8-d836735913f6	TCGA-DX-A3U5	Copy Number Variation	TSV	Genotyping Array	6d71521c-bade-45c9-9233-dbef34918d89	TCGA-SARC.92b66271-a319-4c66-87e1-f2d354b95eb5.ascat3.gene_level_copy_number.v36.tsv	6d71521c-bade-45c9-9233-dbef34918d89
open	9bdc3867-2115-4351-af5f-a52a2c20ae5d	TCGA-K1-A42X	Copy Number Variation	TXT	Genotyping Array	fddadc44-b200-4374-a1f2-601227dee7e4	TCGA-SARC.ca032186-cf0a-47c8-a29d-ea5fd60eae92.ascat2.allelic_specific.seg.txt	fddadc44-b200-4374-a1f2-601227dee7e4
controlled	a4f68239-5b9f-40d7-9e52-b68efa170c1c	TCGA-3B-A9I1	Simple Nucleotide Variation	TSV	Genotyping Array	a9a85f03-e29d-4cd0-92e2-4e20c107ead4	PRION_p_TCGAb_410_11_12_13_NSP_GenomeWideSNP_6_E11_1486636.birdseed.data.txt	a9a85f03-e29d-4cd0-92e2-4e20c107ead4
controlled	94359edf-7208-4b4c-ad7c-4064974de818	TCGA-DX-AB3C	Copy Number Variation	CEL	Genotyping Array	7cd183b8-2105-42fa-accf-d6de13112435	CUBES_p_TCGAb_425_426_427_NSP_GenomeWideSNP_6_G02_1513930.CEL	7cd183b8-2105-42fa-accf-d6de13112435
open	a4f68239-5b9f-40d7-9e52-b68efa170c1c	TCGA-3B-A9I1	Copy Number Variation	TXT	Genotyping Array	f9229131-7ac7-431c-abfd-a355f5c7c9ca	PRION_p_TCGAb_410_11_12_13_NSP_GenomeWideSNP_6_E11_1486636.grch38.seg.v2.txt	f9229131-7ac7-431c-abfd-a355f5c7c9ca
open	9111759f-a0b7-452d-a0de-838fe010245e	TCGA-LI-A9QH	Copy Number Variation	TSV	Genotyping Array	e30cbefa-fbb7-430c-af39-92d8133e1ae2	TCGA-SARC.d018b579-f3b9-4f35-819e-5506f2b1e849.ascat3.gene_level_copy_number.v36.tsv	e30cbefa-fbb7-430c-af39-92d8133e1ae2
open	9111759f-a0b7-452d-a0de-838fe010245e	TCGA-LI-A9QH	Copy Number Variation	TSV	Genotyping Array	13433080-34c5-4a84-b904-c92a931a2f1b	TCGA-SARC.d018b579-f3b9-4f35-819e-5506f2b1e849.absolute_liftover.gene_level_copy_number.v36.tsv	13433080-34c5-4a84-b904-c92a931a2f1b
controlled	9111759f-a0b7-452d-a0de-838fe010245e	TCGA-LI-A9QH	Simple Nucleotide Variation	TSV	Genotyping Array	6c23a250-f236-401c-a3f9-e4ad939a475c	BREWS_p_TCGAb_382_383_NSP_GenomeWideSNP_6_G10_1465138.birdseed.data.txt	6c23a250-f236-401c-a3f9-e4ad939a475c
open	94359edf-7208-4b4c-ad7c-4064974de818	TCGA-DX-AB3C	Copy Number Variation	TXT	Genotyping Array	e0d4b81f-741a-4e2b-8330-fb6b2c6d78a8	CUBES_p_TCGAb_425_426_427_NSP_GenomeWideSNP_6_G03_1514004.grch38.seg.v2.txt	e0d4b81f-741a-4e2b-8330-fb6b2c6d78a8
open	94359edf-7208-4b4c-ad7c-4064974de818	TCGA-DX-AB3C	Copy Number Variation	TXT	Genotyping Array	908bb9ff-4e1d-4fb3-aa28-e64e4818ef4c	CUBES_p_TCGAb_425_426_427_NSP_GenomeWideSNP_6_G02_1513930.grch38.seg.v2.txt	908bb9ff-4e1d-4fb3-aa28-e64e4818ef4c
open	94359edf-7208-4b4c-ad7c-4064974de818	TCGA-DX-AB3C	Copy Number Variation	TXT	Genotyping Array	165437dc-00d3-4f04-a5db-05d8901aa9c0	TCGA-SARC.9273d715-6ef2-4151-a9c4-dc536c3640fd.ascat2.allelic_specific.seg.txt	165437dc-00d3-4f04-a5db-05d8901aa9c0
open	914df75d-25f5-4b2f-96c7-95861d7dfa30	TCGA-DX-A8BM	Copy Number Variation	TSV	Genotyping Array	e9da6e6b-25ce-4547-9ff6-4ba09e4994de	TCGA-SARC.fe565711-ae28-4680-95ec-cd0b2c0bb754.ascat3.gene_level_copy_number.v36.tsv	e9da6e6b-25ce-4547-9ff6-4ba09e4994de
open	9bdc3867-2115-4351-af5f-a52a2c20ae5d	TCGA-K1-A42X	Copy Number Variation	TXT	Genotyping Array	60d9fff9-779f-4a94-82fe-da35207aee00	TCGA-SARC.29235268-4f4d-478c-8af3-1d908be031e9.ascat2.allelic_specific.seg.txt	60d9fff9-779f-4a94-82fe-da35207aee00
controlled	94359edf-7208-4b4c-ad7c-4064974de818	TCGA-DX-AB3C	Simple Nucleotide Variation	TSV	Genotyping Array	37388113-5e77-4bc9-9f58-0e965a8339fa	CUBES_p_TCGAb_425_426_427_NSP_GenomeWideSNP_6_G02_1513930.birdseed.data.txt	37388113-5e77-4bc9-9f58-0e965a8339fa
controlled	8f3f6f7c-4b50-467e-a6e8-d836735913f6	TCGA-DX-A3U5	Copy Number Variation	CEL	Genotyping Array	96ef12f8-d3d6-4784-8998-028c6c3b1a28	FLUES_p_TCGASNP_228_229_230_N_GenomeWideSNP_6_F07_1148966.CEL	96ef12f8-d3d6-4784-8998-028c6c3b1a28
open	914df75d-25f5-4b2f-96c7-95861d7dfa30	TCGA-DX-A8BM	Copy Number Variation	TXT	Genotyping Array	a85e16ce-f3d2-4869-b110-96edcbcbe386	CUBES_p_TCGAb_425_426_427_NSP_GenomeWideSNP_6_E09_1513976.nocnv_grch38.seg.v2.txt	a85e16ce-f3d2-4869-b110-96edcbcbe386
open	9bf78d02-f5e5-4cee-8d4d-57cc567cb510	TCGA-MB-A8JL	Copy Number Variation	TXT	Genotyping Array	ee6be948-2a4d-4e6b-b06b-970e0ec07f94	TCGA-SARC.5c587667-20f8-4f13-90e3-03cdfcda3ab1.ascat3.allelic_specific.seg.txt	ee6be948-2a4d-4e6b-b06b-970e0ec07f94
controlled	9bf78d02-f5e5-4cee-8d4d-57cc567cb510	TCGA-MB-A8JL	Simple Nucleotide Variation	TSV	Genotyping Array	8b2645fe-664d-4c3b-b596-66aa0e875e40	HONGS_p_TCGAb3_75_76_77_NSP_GenomeWideSNP_6_G07_1438148.birdseed.data.txt	8b2645fe-664d-4c3b-b596-66aa0e875e40
open	914df75d-25f5-4b2f-96c7-95861d7dfa30	TCGA-DX-A8BM	Copy Number Variation	TXT	Genotyping Array	78ac039b-87b4-426d-af74-54612f2ce308	TCGA-SARC.fe565711-ae28-4680-95ec-cd0b2c0bb754.ascat3.allelic_specific.seg.txt	78ac039b-87b4-426d-af74-54612f2ce308
open	9bf78d02-f5e5-4cee-8d4d-57cc567cb510	TCGA-MB-A8JL	Copy Number Variation	TXT	Genotyping Array	0fa2047f-43f6-4d62-8295-eddfb7a47bf2	HONGS_p_TCGAb3_75_76_77_NSP_GenomeWideSNP_6_E07_1438268.nocnv_grch38.seg.v2.txt	0fa2047f-43f6-4d62-8295-eddfb7a47bf2
controlled	91d9a1b9-ae23-4eae-9354-8b3a29e3d1e6	TCGA-DX-AB2Z	Simple Nucleotide Variation	TSV	Genotyping Array	609235be-c1f3-43b2-9562-ace9ff5f8109	ENATE_p_TCGAb_394_395_396_NSP_GenomeWideSNP_6_F04_1474124.birdseed.data.txt	609235be-c1f3-43b2-9562-ace9ff5f8109
open	8f4293b0-bafc-4348-a203-9516d6f2dc48	TCGA-UE-A6QT	Copy Number Variation	TSV	Genotyping Array	8e8f93ee-b855-41af-bdc8-a440fc2c0a9d	TCGA-SARC.04e8ef7d-5d0b-452c-b27d-891fcbf6608b.absolute_liftover.gene_level_copy_number.v36.tsv	8e8f93ee-b855-41af-bdc8-a440fc2c0a9d
open	a7613c60-93a1-4a4c-9b12-dfd2103b0168	TCGA-QC-AA9N	Copy Number Variation	TSV	Genotyping Array	37818e50-1b58-4895-a841-fdabe29da19d	TCGA-SARC.ab0ceefd-4c0f-46a2-9f51-9dbf0aec6a2f.ascat3.gene_level_copy_number.v36.tsv	37818e50-1b58-4895-a841-fdabe29da19d
controlled	9c58e3b2-1dee-4375-8239-ce69a725e3de	TCGA-DX-A6B8	Simple Nucleotide Variation	TSV	Genotyping Array	f6a2dbcc-c924-4846-96b3-45c955dd4784	SNOWS_p_TCGA_Batch_309_310_NSP_GenomeWideSNP_6_F10_1362122.birdseed.data.txt	f6a2dbcc-c924-4846-96b3-45c955dd4784
open	9517413b-b5b8-4130-8ba1-d86d44abe2ec	TCGA-DX-A1L3	Copy Number Variation	TXT	Genotyping Array	da23eeba-5264-4e56-9609-665ee29bc06a	YOGIN_p_TCGA_4_262_263_N_GenomeWideSNP_6_D07_1306108.grch38.seg.v2.txt	da23eeba-5264-4e56-9609-665ee29bc06a
controlled	91d9a1b9-ae23-4eae-9354-8b3a29e3d1e6	TCGA-DX-AB2Z	Copy Number Variation	CEL	Genotyping Array	85e1aa00-f790-4915-bca5-a7f3fb82f272	ENATE_p_TCGAb_394_395_396_NSP_GenomeWideSNP_6_F03_1474158.CEL	85e1aa00-f790-4915-bca5-a7f3fb82f272
open	9517413b-b5b8-4130-8ba1-d86d44abe2ec	TCGA-DX-A1L3	Copy Number Variation	TXT	Genotyping Array	6be5c0eb-b3fd-43fd-91ef-cad6e6bd1f19	TCGA-SARC.4c87e44d-f539-4efc-b6fb-bdd0561b7219.ascat3.allelic_specific.seg.txt	6be5c0eb-b3fd-43fd-91ef-cad6e6bd1f19
controlled	a7613c60-93a1-4a4c-9b12-dfd2103b0168	TCGA-QC-AA9N	Simple Nucleotide Variation	TSV	Genotyping Array	92d09eac-636e-426d-a91e-19146e5aaa08	PRION_p_TCGAb_410_11_12_13_NSP_GenomeWideSNP_6_F10_1486772.birdseed.data.txt	92d09eac-636e-426d-a91e-19146e5aaa08
open	a7613c60-93a1-4a4c-9b12-dfd2103b0168	TCGA-QC-AA9N	Copy Number Variation	TXT	Genotyping Array	b6bc123e-3502-4d20-a76a-9b8f0bcf64f0	PRION_p_TCGAb_410_11_12_13_NSP_GenomeWideSNP_6_F10_1486772.grch38.seg.v2.txt	b6bc123e-3502-4d20-a76a-9b8f0bcf64f0
open	969954a8-7f15-4052-9e6a-c5956115f3ad	TCGA-DX-A6BG	Copy Number Variation	TXT	Genotyping Array	a31c07b4-8753-43b1-9d4e-4734bb8b9871	TCGA-SARC.096b01ce-bd04-4d2e-aa9d-155e2ca1e24d.ascat3.allelic_specific.seg.txt	a31c07b4-8753-43b1-9d4e-4734bb8b9871
controlled	a7613c60-93a1-4a4c-9b12-dfd2103b0168	TCGA-QC-AA9N	Copy Number Variation	CEL	Genotyping Array	6a346e21-4258-46d8-b130-c2a7220c3d39	PRION_p_TCGAb_410_11_12_13_NSP_GenomeWideSNP_6_F11_1486736.CEL	6a346e21-4258-46d8-b130-c2a7220c3d39
open	91d9a1b9-ae23-4eae-9354-8b3a29e3d1e6	TCGA-DX-AB2Z	Copy Number Variation	TXT	Genotyping Array	47d992de-4efd-49bd-a9ba-447348e88f74	TCGA-SARC.50efa72d-44c3-4921-a289-9664df662f8e.ascat2.allelic_specific.seg.txt	47d992de-4efd-49bd-a9ba-447348e88f74
open	ab706ea0-d642-4f58-ba8d-f5d930b91286	TCGA-WK-A8Y0	Copy Number Variation	TSV	Genotyping Array	6f45fc6f-efb0-48d7-9874-a87228a4f943	TCGA-SARC.70109c42-bf20-49a5-b26d-e989cbcc5a8d.absolute_liftover.gene_level_copy_number.v36.tsv	6f45fc6f-efb0-48d7-9874-a87228a4f943
open	91d9a1b9-ae23-4eae-9354-8b3a29e3d1e6	TCGA-DX-AB2Z	Copy Number Variation	TSV	Genotyping Array	08e78b9c-eb72-45cf-872f-3e4a95551900	TCGA-SARC.50efa72d-44c3-4921-a289-9664df662f8e.absolute_liftover.gene_level_copy_number.v36.tsv	08e78b9c-eb72-45cf-872f-3e4a95551900
open	969954a8-7f15-4052-9e6a-c5956115f3ad	TCGA-DX-A6BG	Copy Number Variation	TSV	Genotyping Array	333a1417-864f-4e1f-8891-5a3f8d38dcf0	TCGA-SARC.096b01ce-bd04-4d2e-aa9d-155e2ca1e24d.ascat3.gene_level_copy_number.v36.tsv	333a1417-864f-4e1f-8891-5a3f8d38dcf0
controlled	969954a8-7f15-4052-9e6a-c5956115f3ad	TCGA-DX-A6BG	Copy Number Variation	CEL	Genotyping Array	42224e28-b55e-45ff-94ec-3d255eed965e	SNOWS_p_TCGA_Batch_309_310_NSP_GenomeWideSNP_6_G05_1362100.CEL	42224e28-b55e-45ff-94ec-3d255eed965e
open	a7c45269-b693-45c4-81fd-6dd3379877e8	TCGA-DX-A7ER	Copy Number Variation	TSV	Genotyping Array	69b8e305-8c42-4821-9cfa-2b5cf903797f	TCGA-SARC.2ebdcb6a-a3bf-41c0-9217-d95e17969fbf.absolute_liftover.gene_level_copy_number.v36.tsv	69b8e305-8c42-4821-9cfa-2b5cf903797f
controlled	969954a8-7f15-4052-9e6a-c5956115f3ad	TCGA-DX-A6BG	Simple Nucleotide Variation	TSV	Genotyping Array	420eb845-760e-4e51-bc39-79b2908493cf	SNOWS_p_TCGA_Batch_309_310_NSP_GenomeWideSNP_6_G05_1362100.birdseed.data.txt	420eb845-760e-4e51-bc39-79b2908493cf
controlled	8f4c042c-fbe3-4d0c-b2bd-695bc37483f5	TCGA-N1-A6IA	Simple Nucleotide Variation	TSV	Genotyping Array	8c9b6d47-b50b-4bfa-b918-82a4b1273226	THREW_p_TCGAb_329_335_336_NSP_GenomeWideSNP_6_E09_1367148.birdseed.data.txt	8c9b6d47-b50b-4bfa-b918-82a4b1273226
open	91d9a1b9-ae23-4eae-9354-8b3a29e3d1e6	TCGA-DX-AB2Z	Copy Number Variation	TSV	Genotyping Array	21c2fe57-0790-4e1e-933d-61d254ebe2d2	TCGA-SARC.50efa72d-44c3-4921-a289-9664df662f8e.ascat3.gene_level_copy_number.v36.tsv	21c2fe57-0790-4e1e-933d-61d254ebe2d2
open	969954a8-7f15-4052-9e6a-c5956115f3ad	TCGA-DX-A6BG	Copy Number Variation	TXT	Genotyping Array	49ae1a71-056d-46f7-b669-a32866327ca7	SNOWS_p_TCGA_Batch_309_310_NSP_GenomeWideSNP_6_G04_1362014.nocnv_grch38.seg.v2.txt	49ae1a71-056d-46f7-b669-a32866327ca7
controlled	ac1eb376-ff96-4ed9-929a-03975f72ac15	TCGA-DX-A3UA	Simple Nucleotide Variation	TSV	Genotyping Array	ee5f7414-57b8-40d1-84c0-006cb1d3b6b3	SNOWS_p_TCGA_Batch_309_310_NSP_GenomeWideSNP_6_D03_1362146.birdseed.data.txt	ee5f7414-57b8-40d1-84c0-006cb1d3b6b3
open	91f6eb4c-0143-47b9-bcbd-5332d913a039	TCGA-DX-AB3B	Copy Number Variation	TSV	Genotyping Array	b08d74ca-278e-4536-a2e8-312d462cf4af	TCGA-SARC.c56ae4dc-8bfd-4557-b91c-5ba5139847ca.gene_level_copy_number.v36.tsv	b08d74ca-278e-4536-a2e8-312d462cf4af
controlled	ac2eeb9d-b5eb-465c-8271-c89bdb1ba136	TCGA-DX-A8BQ	Copy Number Variation	CEL	Genotyping Array	c8cfb8a5-75e6-4ba5-9e33-e707a43a5748	BREWS_p_TCGAb_382_383_NSP_GenomeWideSNP_6_G08_1465114.CEL	c8cfb8a5-75e6-4ba5-9e33-e707a43a5748
open	ac2eeb9d-b5eb-465c-8271-c89bdb1ba136	TCGA-DX-A8BQ	Copy Number Variation	TXT	Genotyping Array	544aa71e-1627-417f-9ca5-5381ef318070	BREWS_p_TCGAb_382_383_NSP_GenomeWideSNP_6_G09_1465130.nocnv_grch38.seg.v2.txt	544aa71e-1627-417f-9ca5-5381ef318070
controlled	a857d684-7195-44f9-ba21-b88020bd9633	TCGA-SI-A71O	Simple Nucleotide Variation	TSV	Genotyping Array	ff906d1d-b08c-4c81-ad67-6dc818892fb9	CACTI_p_TCGAb_392_393_394_NSP_GenomeWideSNP_6_A01_1473974.birdseed.data.txt	ff906d1d-b08c-4c81-ad67-6dc818892fb9
open	9dcdbd1b-2e03-4314-aef2-1f6b6fe18523	TCGA-DX-AB2X	Copy Number Variation	TXT	Genotyping Array	cb5cffd7-afe2-499c-91f7-bf59e62209ba	ENATE_p_TCGAb_394_395_396_NSP_GenomeWideSNP_6_E04_1474128.grch38.seg.v2.txt	cb5cffd7-afe2-499c-91f7-bf59e62209ba
open	a857d684-7195-44f9-ba21-b88020bd9633	TCGA-SI-A71O	Copy Number Variation	TXT	Genotyping Array	c37e489b-a7f9-41f3-a643-9946ace7fb33	MOWED_p_TCGAb3_39_40_41_42_STY_GenomeWideSNP_6_H01_1377398.grch38.seg.v2.txt	c37e489b-a7f9-41f3-a643-9946ace7fb33
controlled	98b4dd76-e6c4-4125-ba9e-9dc318ffb61c	TCGA-DX-AB2F	Simple Nucleotide Variation	TSV	Genotyping Array	e2507823-2dbe-410a-93c4-8a6acbcff683	ENATE_p_TCGAb_394_395_396_NSP_GenomeWideSNP_6_G09_1474194.birdseed.data.txt	e2507823-2dbe-410a-93c4-8a6acbcff683
open	b61e39f5-f0dd-485e-8e22-d4fdea751f55	TCGA-SI-A71Q	Copy Number Variation	TXT	Genotyping Array	41ec4b93-8f94-45d5-b15f-895ed5aa358e	MOWED_p_TCGAb3_39_40_41_42_STY_GenomeWideSNP_6_G02_1377556.grch38.seg.v2.txt	41ec4b93-8f94-45d5-b15f-895ed5aa358e
open	9dcdbd1b-2e03-4314-aef2-1f6b6fe18523	TCGA-DX-AB2X	Copy Number Variation	TXT	Genotyping Array	73b38cb1-b9ef-46b8-840c-6b67a122b0d4	TCGA-SARC.64eb6928-a008-4cf1-9dc9-b5b7825cbf6f.ascat2.allelic_specific.seg.txt	73b38cb1-b9ef-46b8-840c-6b67a122b0d4
open	b61e39f5-f0dd-485e-8e22-d4fdea751f55	TCGA-SI-A71Q	Copy Number Variation	TXT	Genotyping Array	9d115b94-0ee4-44b9-8f6b-e7ae37558bb5	MOWED_p_TCGAb3_39_40_41_42_STY_GenomeWideSNP_6_G01_1377464.nocnv_grch38.seg.v2.txt	9d115b94-0ee4-44b9-8f6b-e7ae37558bb5
open	ac9c3d6a-2df7-472a-b9d7-0a5583463750	TCGA-X6-A8C7	Copy Number Variation	TXT	Genotyping Array	bad0ad79-cb76-4d4c-9181-245989ea13fb	HONGS_p_TCGAb3_75_76_77_NSP_GenomeWideSNP_6_G05_1438270.grch38.seg.v2.txt	bad0ad79-cb76-4d4c-9181-245989ea13fb
controlled	9dcdbd1b-2e03-4314-aef2-1f6b6fe18523	TCGA-DX-AB2X	Copy Number Variation	CEL	Genotyping Array	ea0b6554-58bd-4536-98c1-c424bbceab4d	ENATE_p_TCGAb_394_395_396_NSP_GenomeWideSNP_6_E03_1474216.CEL	ea0b6554-58bd-4536-98c1-c424bbceab4d
controlled	a857d684-7195-44f9-ba21-b88020bd9633	TCGA-SI-A71O	Copy Number Variation	CEL	Genotyping Array	aec867f8-fc45-4a5a-9669-4bf0b233deec	SODDY_p_TCGAb3_39_40_41_42_NSP_GenomeWideSNP_6_H02_1373982.CEL	aec867f8-fc45-4a5a-9669-4bf0b233deec
controlled	ac9c3d6a-2df7-472a-b9d7-0a5583463750	TCGA-X6-A8C7	Copy Number Variation	CEL	Genotyping Array	6d25ddc3-b57b-4433-940e-39f3ac5ffe5f	HONGS_p_TCGAb3_75_76_77_NSP_GenomeWideSNP_6_E10_1438140.CEL	6d25ddc3-b57b-4433-940e-39f3ac5ffe5f
controlled	9b781072-66d8-49f2-80f7-7b020746b6e9	TCGA-SI-AA8C	Simple Nucleotide Variation	TSV	Genotyping Array	325c4e6b-599e-4105-8919-f2c1d1811d8e	ENATE_p_TCGAb_394_395_396_NSP_GenomeWideSNP_6_G08_1474070.birdseed.data.txt	325c4e6b-599e-4105-8919-f2c1d1811d8e
controlled	b85e2156-d5ac-486c-93e1-86525ea41a64	TCGA-DX-A3M1	Copy Number Variation	CEL	Genotyping Array	f2a21223-e102-4d61-a804-761c7bccafdf	FLUES_p_TCGASNP_228_229_230_N_GenomeWideSNP_6_F05_1148890.CEL	f2a21223-e102-4d61-a804-761c7bccafdf
open	926176c2-0a8f-414a-a7b1-91734bdce6ae	TCGA-DX-A8BJ	Copy Number Variation	TSV	Genotyping Array	f61299c4-60b0-46a8-aae0-ecdb0490e5e0	TCGA-SARC.140914c0-8754-4a22-8852-7818697a5d4d.ascat3.gene_level_copy_number.v36.tsv	f61299c4-60b0-46a8-aae0-ecdb0490e5e0
controlled	9dcdbd1b-2e03-4314-aef2-1f6b6fe18523	TCGA-DX-AB2X	Copy Number Variation	CEL	Genotyping Array	45a66658-93b4-4f16-b122-df3c5e91db4b	ENATE_p_TCGAb_394_395_396_NSP_GenomeWideSNP_6_E04_1474128.CEL	45a66658-93b4-4f16-b122-df3c5e91db4b
open	9dcdbd1b-2e03-4314-aef2-1f6b6fe18523	TCGA-DX-AB2X	Copy Number Variation	TXT	Genotyping Array	2521abfb-30e3-4e6c-b7ab-7e34227efdda	ENATE_p_TCGAb_394_395_396_NSP_GenomeWideSNP_6_E04_1474128.nocnv_grch38.seg.v2.txt	2521abfb-30e3-4e6c-b7ab-7e34227efdda
open	9b781072-66d8-49f2-80f7-7b020746b6e9	TCGA-SI-AA8C	Copy Number Variation	TXT	Genotyping Array	45adc039-5628-4b26-997b-ce383dea6a01	ENATE_p_TCGAb_394_395_396_NSP_GenomeWideSNP_6_G08_1474070.nocnv_grch38.seg.v2.txt	45adc039-5628-4b26-997b-ce383dea6a01
open	9dcdbd1b-2e03-4314-aef2-1f6b6fe18523	TCGA-DX-AB2X	Copy Number Variation	TSV	Genotyping Array	6eca68d6-dae4-431a-ae3b-615a6d462e25	TCGA-SARC.64eb6928-a008-4cf1-9dc9-b5b7825cbf6f.absolute_liftover.gene_level_copy_number.v36.tsv	6eca68d6-dae4-431a-ae3b-615a6d462e25
controlled	9ebda267-a475-408a-a512-cd3761de83b4	TCGA-QC-A6FX	Copy Number Variation	CEL	Genotyping Array	68cbe98a-5f00-433b-9bdf-e8e247e48a42	THREW_p_TCGAb_329_335_336_NSP_GenomeWideSNP_6_E12_1367078.CEL	68cbe98a-5f00-433b-9bdf-e8e247e48a42
open	9ebda267-a475-408a-a512-cd3761de83b4	TCGA-QC-A6FX	Copy Number Variation	TSV	Genotyping Array	5cf68121-7723-4aa4-9253-eea52c4d97e5	TCGA-SARC.32a4cbb3-c1d7-408a-8768-9e07a8274020.ascat3.gene_level_copy_number.v36.tsv	5cf68121-7723-4aa4-9253-eea52c4d97e5
open	9ebda267-a475-408a-a512-cd3761de83b4	TCGA-QC-A6FX	Copy Number Variation	TXT	Genotyping Array	27f6e627-4328-45da-a27f-bb705b13c204	THREW_p_TCGAb_329_335_336_NSP_GenomeWideSNP_6_E11_1367064.grch38.seg.v2.txt	27f6e627-4328-45da-a27f-bb705b13c204
open	a857d684-7195-44f9-ba21-b88020bd9633	TCGA-SI-A71O	Copy Number Variation	TSV	Genotyping Array	add989e0-402e-4f7f-a559-57408cead6bb	TCGA-SARC.f688fae7-a29c-4e17-9f9f-57c6bb09b305.ascat3.gene_level_copy_number.v36.tsv	add989e0-402e-4f7f-a559-57408cead6bb
open	b85e2156-d5ac-486c-93e1-86525ea41a64	TCGA-DX-A3M1	Copy Number Variation	TXT	Genotyping Array	822fce12-2994-49cb-bc45-5f8ab02ea022	FLUES_p_TCGASNP_228_229_230_N_GenomeWideSNP_6_G08_1148900.grch38.seg.v2.txt	822fce12-2994-49cb-bc45-5f8ab02ea022
controlled	c20682a1-f340-430d-99f9-077fe093ed19	TCGA-IW-A3M5	Copy Number Variation	CEL	Genotyping Array	e251ca57-f649-42fb-97c8-38cb782a0016	MACON_p_TCGASNP_218_AML_PP_N_GenomeWideSNP_6_C04_1040148.CEL	e251ca57-f649-42fb-97c8-38cb782a0016
open	9bdc3867-2115-4351-af5f-a52a2c20ae5d	TCGA-K1-A42X	Copy Number Variation	TXT	Genotyping Array	86308f16-b0c2-4a0b-aa16-53e976655270	YOGIN_p_TCGA_4_262_263_N_GenomeWideSNP_6_B10_1306266.grch38.seg.v2.txt	86308f16-b0c2-4a0b-aa16-53e976655270
open	b85e2156-d5ac-486c-93e1-86525ea41a64	TCGA-DX-A3M1	Copy Number Variation	TSV	Genotyping Array	0962513f-4b0c-4830-a93b-4375b859d541	TCGA-SARC.ce61b491-98f1-497f-9c25-4c453e98c6ca.gene_level_copy_number.v36.tsv	0962513f-4b0c-4830-a93b-4375b859d541
controlled	9bdc3867-2115-4351-af5f-a52a2c20ae5d	TCGA-K1-A42X	Simple Nucleotide Variation	TSV	Genotyping Array	da484361-1e41-4dd5-85f2-e69fffd2c24f	YOGIN_p_TCGA_4_262_263_N_GenomeWideSNP_6_B10_1306266.birdseed.data.txt	da484361-1e41-4dd5-85f2-e69fffd2c24f
controlled	c20682a1-f340-430d-99f9-077fe093ed19	TCGA-IW-A3M5	Simple Nucleotide Variation	TSV	Genotyping Array	6c13f6c4-e35b-40a7-91bd-4ab31399001c	MACON_p_TCGASNP_218_AML_PP_N_GenomeWideSNP_6_D02_1040022.birdseed.data.txt	6c13f6c4-e35b-40a7-91bd-4ab31399001c
open	a8ce2be1-1f15-4e02-9161-5f161447a541	TCGA-3B-A9I0	Copy Number Variation	TSV	Genotyping Array	ec10db02-1990-4539-9697-69ab328a0184	TCGA-SARC.5b0a431b-f8ac-4e83-ba2d-d88e8a437bbf.absolute_liftover.gene_level_copy_number.v36.tsv	ec10db02-1990-4539-9697-69ab328a0184
open	c20682a1-f340-430d-99f9-077fe093ed19	TCGA-IW-A3M5	Copy Number Variation	TXT	Genotyping Array	51abc89e-1802-4b56-a0c0-e4fa824dee7f	TCGA-SARC.8e3731a9-16af-446f-9657-2390839f3986.ascat2.allelic_specific.seg.txt	51abc89e-1802-4b56-a0c0-e4fa824dee7f
open	a8ce2be1-1f15-4e02-9161-5f161447a541	TCGA-3B-A9I0	Copy Number Variation	TXT	Genotyping Array	ad0a1b1d-4a36-4a35-bc0e-3e6a32985430	PRION_p_TCGAb_410_11_12_13_NSP_GenomeWideSNP_6_E05_1486674.grch38.seg.v2.txt	ad0a1b1d-4a36-4a35-bc0e-3e6a32985430
open	c20682a1-f340-430d-99f9-077fe093ed19	TCGA-IW-A3M5	Copy Number Variation	TSV	Genotyping Array	d4d982f9-3940-447c-80c2-1c16473f0478	TCGA-SARC.8e3731a9-16af-446f-9657-2390839f3986.absolute_liftover.gene_level_copy_number.v36.tsv	d4d982f9-3940-447c-80c2-1c16473f0478
open	cc891960-42a2-4d76-b93b-c2914c929154	TCGA-DX-A6B9	Copy Number Variation	TXT	Genotyping Array	5cea9d1b-3efd-450a-b4f4-369cc8810bb1	THREW_p_TCGAb_329_335_336_NSP_GenomeWideSNP_6_D10_1367066.nocnv_grch38.seg.v2.txt	5cea9d1b-3efd-450a-b4f4-369cc8810bb1
controlled	cc891960-42a2-4d76-b93b-c2914c929154	TCGA-DX-A6B9	Copy Number Variation	CEL	Genotyping Array	dddebb9a-bc82-4e9d-bb83-c36b0df392dc	THREW_p_TCGAb_329_335_336_NSP_GenomeWideSNP_6_D10_1367066.CEL	dddebb9a-bc82-4e9d-bb83-c36b0df392dc
controlled	b8dd67ae-5808-45fc-9a1f-47f18a2f827d	TCGA-DX-A6YS	Copy Number Variation	CEL	Genotyping Array	98a490bf-afb1-4d00-847d-71b0bb8960a3	TAZZA_p_TCGAb3_62_63_64_65_NSP_GenomeWideSNP_6_D03_1387900.CEL	98a490bf-afb1-4d00-847d-71b0bb8960a3
open	b8dd67ae-5808-45fc-9a1f-47f18a2f827d	TCGA-DX-A6YS	Copy Number Variation	TXT	Genotyping Array	863c6377-3386-4d0b-9893-6daf775e651b	TCGA-SARC.ffae65f7-973f-462e-8dd6-165b8d6e21a6.ascat2.allelic_specific.seg.txt	863c6377-3386-4d0b-9893-6daf775e651b
controlled	b8dd67ae-5808-45fc-9a1f-47f18a2f827d	TCGA-DX-A6YS	Simple Nucleotide Variation	TSV	Genotyping Array	8cbe4210-cc52-4213-9f80-1df4cec074f4	TAZZA_p_TCGAb3_62_63_64_65_NSP_GenomeWideSNP_6_D04_1387926.birdseed.data.txt	8cbe4210-cc52-4213-9f80-1df4cec074f4
controlled	b8dd67ae-5808-45fc-9a1f-47f18a2f827d	TCGA-DX-A6YS	Simple Nucleotide Variation	TSV	Genotyping Array	fb7f72ff-e1a9-4bad-a643-de4bc385249c	TAZZA_p_TCGAb3_62_63_64_65_NSP_GenomeWideSNP_6_D03_1387900.birdseed.data.txt	fb7f72ff-e1a9-4bad-a643-de4bc385249c
open	c25a0746-d2cf-47cc-82fc-8547cd9f89b0	TCGA-WK-A8XS	Copy Number Variation	TXT	Genotyping Array	5b46c72c-4c52-4ce4-95d3-ca77630739b8	BREWS_p_TCGAb_382_383_NSP_GenomeWideSNP_6_H01_1465142.grch38.seg.v2.txt	5b46c72c-4c52-4ce4-95d3-ca77630739b8
open	cc9eb46b-47a6-44b2-97c1-3ee866bbfc3d	TCGA-DX-AB2E	Copy Number Variation	TSV	Genotyping Array	cbfd19cb-dc18-4878-8243-9abf17b82556	TCGA-SARC.36591489-6cde-447d-acfe-18fa30b2b005.absolute_liftover.gene_level_copy_number.v36.tsv	cbfd19cb-dc18-4878-8243-9abf17b82556
open	9ef5cdda-8aba-4027-8cf0-e53b2f54704a	TCGA-3B-A9HU	Copy Number Variation	TXT	Genotyping Array	ea8c231e-6297-4879-86d7-0677aad51ae5	TCGA-SARC.496e1a3a-94ab-4917-ae24-ce4ab4eabbdd.ascat2.allelic_specific.seg.txt	ea8c231e-6297-4879-86d7-0677aad51ae5
controlled	b9a01a64-3c9d-44b3-8ee1-a880b7816fee	TCGA-DX-A7EM	Copy Number Variation	CEL	Genotyping Array	9adeded5-6258-427b-8941-1e21dab43fba	HONGS_p_TCGAb3_75_76_77_NSP_GenomeWideSNP_6_H11_1438234.CEL	9adeded5-6258-427b-8941-1e21dab43fba
open	9ef5cdda-8aba-4027-8cf0-e53b2f54704a	TCGA-3B-A9HU	Copy Number Variation	TXT	Genotyping Array	c7bc9c58-0512-43a5-99b7-79ff2c38e8cc	PRION_p_TCGAb_410_11_12_13_NSP_GenomeWideSNP_6_C03_1486692.nocnv_grch38.seg.v2.txt	c7bc9c58-0512-43a5-99b7-79ff2c38e8cc
open	b0c194ce-8f60-423f-afca-7f577813421c	TCGA-X9-A971	Copy Number Variation	TXT	Genotyping Array	e106d739-94c9-4882-8977-7632b758eb58	ENATE_p_TCGAb_394_395_396_NSP_GenomeWideSNP_6_F01_1474258.grch38.seg.v2.txt	e106d739-94c9-4882-8977-7632b758eb58
open	b9a01a64-3c9d-44b3-8ee1-a880b7816fee	TCGA-DX-A7EM	Copy Number Variation	TSV	Genotyping Array	1f6b63e7-1d87-4730-9ae8-26fd9d19790d	TCGA-SARC.612f382b-1543-47a2-bce4-3f006f0516e0.absolute_liftover.gene_level_copy_number.v36.tsv	1f6b63e7-1d87-4730-9ae8-26fd9d19790d
controlled	b1a92728-e119-4f5f-a303-2ebb8ea3db88	TCGA-PC-A5DO	Copy Number Variation	CEL	Genotyping Array	e2cf6492-7833-4d47-8786-bfb43830a995	WAGER_p_TCGA_282_284_285_286_N_GenomeWideSNP_6_F08_1359018.CEL	e2cf6492-7833-4d47-8786-bfb43830a995
controlled	b1a92728-e119-4f5f-a303-2ebb8ea3db88	TCGA-PC-A5DO	Simple Nucleotide Variation	TSV	Genotyping Array	8b002f10-14aa-49be-b2da-02e9dcb20d11	WAGER_p_TCGA_282_284_285_286_N_GenomeWideSNP_6_F08_1359018.birdseed.data.txt	8b002f10-14aa-49be-b2da-02e9dcb20d11
open	bc282a61-9e8b-4330-9177-fc515293f051	TCGA-DX-AB2S	Copy Number Variation	TXT	Genotyping Array	96b8a327-25b2-4310-86d2-ad277955816d	TCGA-SARC.a139efd7-21fd-44dc-8355-023e36b2914a.ascat3.allelic_specific.seg.txt	96b8a327-25b2-4310-86d2-ad277955816d
open	cd8637c0-1651-4e8a-9a88-7fb06dc36ff8	TCGA-JV-A75J	Copy Number Variation	TSV	Genotyping Array	f8c0947d-0dbe-46e7-a907-37b671efe208	TCGA-SARC.2dc3c665-007d-46c5-86ff-9ac939f7eb9b.absolute_liftover.gene_level_copy_number.v36.tsv	f8c0947d-0dbe-46e7-a907-37b671efe208
open	bc282a61-9e8b-4330-9177-fc515293f051	TCGA-DX-AB2S	Copy Number Variation	TSV	Genotyping Array	a2340c4a-c782-480f-aaf4-ae776e939f98	TCGA-SARC.a139efd7-21fd-44dc-8355-023e36b2914a.gene_level_copy_number.v36.tsv	a2340c4a-c782-480f-aaf4-ae776e939f98
open	a1f0e5db-5c73-4b83-8cc4-6208941806de	TCGA-DX-A7ES	Copy Number Variation	TXT	Genotyping Array	a2a40822-ab26-47c7-9bbd-d4cdf223cf87	PRION_p_TCGAb_410_11_12_13_NSP_GenomeWideSNP_6_D12_1486604.nocnv_grch38.seg.v2.txt	a2a40822-ab26-47c7-9bbd-d4cdf223cf87
open	c5b0e6be-48b5-40e5-9d90-f9112050aa88	TCGA-HB-A5W3	Copy Number Variation	TXT	Genotyping Array	ef6c0526-cb76-41f5-8d95-95cff2f41cb8	BURSA_p_TCGA_303_304_305_N_GenomeWideSNP_6_E08_1344802.nocnv_grch38.seg.v2.txt	ef6c0526-cb76-41f5-8d95-95cff2f41cb8
open	aaf93a92-2f93-477d-9ea4-d18ab7d4f258	TCGA-3B-A9HL	Copy Number Variation	TSV	Genotyping Array	5a6ae4c7-7572-4b4b-9d27-835452605cb0	TCGA-SARC.98c4be6d-efc5-4386-a19e-1967f146d688.ascat3.gene_level_copy_number.v36.tsv	5a6ae4c7-7572-4b4b-9d27-835452605cb0
open	a1f0e5db-5c73-4b83-8cc4-6208941806de	TCGA-DX-A7ES	Copy Number Variation	TXT	Genotyping Array	c7081e62-df89-4466-a2ab-9b1a4af10873	TCGA-SARC.47e74b95-d554-4a7a-90a8-742f96d53fa1.ascat2.allelic_specific.seg.txt	c7081e62-df89-4466-a2ab-9b1a4af10873
open	a1f0e5db-5c73-4b83-8cc4-6208941806de	TCGA-DX-A7ES	Copy Number Variation	TSV	Genotyping Array	b7b3d4e2-812b-4a73-951e-d4f4ecf23863	TCGA-SARC.47e74b95-d554-4a7a-90a8-742f96d53fa1.gene_level_copy_number.v36.tsv	b7b3d4e2-812b-4a73-951e-d4f4ecf23863
open	bc282a61-9e8b-4330-9177-fc515293f051	TCGA-DX-AB2S	Copy Number Variation	TSV	Genotyping Array	01242a73-a0e4-4a62-9669-c28de68d58a0	TCGA-SARC.a139efd7-21fd-44dc-8355-023e36b2914a.ascat3.gene_level_copy_number.v36.tsv	01242a73-a0e4-4a62-9669-c28de68d58a0
open	cd8637c0-1651-4e8a-9a88-7fb06dc36ff8	TCGA-JV-A75J	Copy Number Variation	TSV	Genotyping Array	a5ad7e48-eaf8-4f4e-8b70-de45a9138d31	TCGA-SARC.2dc3c665-007d-46c5-86ff-9ac939f7eb9b.ascat3.gene_level_copy_number.v36.tsv	a5ad7e48-eaf8-4f4e-8b70-de45a9138d31
open	c5b0e6be-48b5-40e5-9d90-f9112050aa88	TCGA-HB-A5W3	Copy Number Variation	TXT	Genotyping Array	f16da157-fbf7-4d38-bcc0-79cc72d7e2db	BURSA_p_TCGA_303_304_305_N_GenomeWideSNP_6_E08_1344802.grch38.seg.v2.txt	f16da157-fbf7-4d38-bcc0-79cc72d7e2db
controlled	aaf93a92-2f93-477d-9ea4-d18ab7d4f258	TCGA-3B-A9HL	Simple Nucleotide Variation	TSV	Genotyping Array	c3afbe33-0ae1-43ce-80f4-8f7b573d7c95	ENATE_p_TCGAb_394_395_396_NSP_GenomeWideSNP_6_F09_1474238.birdseed.data.txt	c3afbe33-0ae1-43ce-80f4-8f7b573d7c95
open	a37238f3-55b5-43df-a0c5-3d22ee5156f3	TCGA-DX-A48R	Copy Number Variation	TXT	Genotyping Array	ad299688-473e-4853-89bd-25ea7b50fa66	SNOWS_p_TCGA_Batch_309_310_NSP_GenomeWideSNP_6_F03_1362106.grch38.seg.v2.txt	ad299688-473e-4853-89bd-25ea7b50fa66
open	b2ee912a-0a57-4d46-bc25-3594028fe387	TCGA-X6-A8C4	Copy Number Variation	TSV	Genotyping Array	09d20621-ffb6-48ac-89de-087d0d918cff	TCGA-SARC.5c1df810-e043-40e8-88c3-8444210d3339.absolute_liftover.gene_level_copy_number.v36.tsv	09d20621-ffb6-48ac-89de-087d0d918cff
open	aaf93a92-2f93-477d-9ea4-d18ab7d4f258	TCGA-3B-A9HL	Copy Number Variation	TXT	Genotyping Array	d38dd9f9-c4de-4a4b-9e23-432965cb7aca	TCGA-SARC.98c4be6d-efc5-4386-a19e-1967f146d688.ascat3.allelic_specific.seg.txt	d38dd9f9-c4de-4a4b-9e23-432965cb7aca
controlled	ab706ea0-d642-4f58-ba8d-f5d930b91286	TCGA-WK-A8Y0	Simple Nucleotide Variation	TSV	Genotyping Array	bb1f3f2c-5a39-4851-afef-46659aab146e	CUBES_p_TCGAb_425_426_427_NSP_GenomeWideSNP_6_D08_1514040.birdseed.data.txt	bb1f3f2c-5a39-4851-afef-46659aab146e
open	c5e23947-253b-40d2-916a-277b2a580be2	TCGA-IE-A4EI	Copy Number Variation	TXT	Genotyping Array	c97b8479-f075-4392-86fe-2454bc392ec9	TCGA-SARC.791f8c5d-91d1-471a-8bf2-8f954935f3f3.ascat3.allelic_specific.seg.txt	c97b8479-f075-4392-86fe-2454bc392ec9
open	c5e23947-253b-40d2-916a-277b2a580be2	TCGA-IE-A4EI	Copy Number Variation	TXT	Genotyping Array	31ba6d80-71a1-42ba-b7aa-afeda6eb5505	YOGIN_p_TCGA_4_262_263_N_GenomeWideSNP_6_C07_1306238.grch38.seg.v2.txt	31ba6d80-71a1-42ba-b7aa-afeda6eb5505
open	cedf4099-076d-4ea7-9a86-76fe9530b88c	TCGA-JV-A5VF	Copy Number Variation	TXT	Genotyping Array	4eb7850a-851f-4961-84c2-ac1fe416c9bf	BURSA_p_TCGA_303_304_305_N_GenomeWideSNP_6_D07_1344806.nocnv_grch38.seg.v2.txt	4eb7850a-851f-4961-84c2-ac1fe416c9bf
controlled	cedf4099-076d-4ea7-9a86-76fe9530b88c	TCGA-JV-A5VF	Copy Number Variation	CEL	Genotyping Array	1d68a4d7-fb53-4c2a-9089-484ef59d4f71	BURSA_p_TCGA_303_304_305_N_GenomeWideSNP_6_E01_1344762.CEL	1d68a4d7-fb53-4c2a-9089-484ef59d4f71
controlled	a37238f3-55b5-43df-a0c5-3d22ee5156f3	TCGA-DX-A48R	Copy Number Variation	CEL	Genotyping Array	02f5b817-7ee5-4626-ad10-5a51e786245c	SNOWS_p_TCGA_Batch_309_310_NSP_GenomeWideSNP_6_F03_1362106.CEL	02f5b817-7ee5-4626-ad10-5a51e786245c
controlled	bfaafe2d-0e83-43aa-9f81-b34b62a46d38	TCGA-DX-A1KY	Simple Nucleotide Variation	TSV	Genotyping Array	c5037478-3852-42bd-a003-8dc767d5a824	YOGIN_p_TCGA_4_262_263_N_GenomeWideSNP_6_B11_1306150.birdseed.data.txt	c5037478-3852-42bd-a003-8dc767d5a824
open	bfaafe2d-0e83-43aa-9f81-b34b62a46d38	TCGA-DX-A1KY	Copy Number Variation	TSV	Genotyping Array	33600102-e998-4674-abf9-bb8f11fec689	TCGA-SARC.a0fb417a-a4c6-45c0-bcfa-b31b3e7acf31.absolute_liftover.gene_level_copy_number.v36.tsv	33600102-e998-4674-abf9-bb8f11fec689
controlled	d0d989cb-a50f-4ed9-8478-ae300ebc0970	TCGA-DX-AB32	Copy Number Variation	CEL	Genotyping Array	a47bc2dd-3093-4e24-aa2a-3c14bcf41b28	CUBES_p_TCGAb_425_426_427_NSP_GenomeWideSNP_6_D02_1513950.CEL	a47bc2dd-3093-4e24-aa2a-3c14bcf41b28
controlled	e119dc43-9ba7-43ad-add0-1ce8a01e3b06	TCGA-JV-A5VE	Simple Nucleotide Variation	TSV	Genotyping Array	cc94e348-e8cc-46cd-aa59-c0e3fa88b638	BURSA_p_TCGA_303_304_305_N_GenomeWideSNP_6_D08_1344700.birdseed.data.txt	cc94e348-e8cc-46cd-aa59-c0e3fa88b638
open	b5f27002-4277-418d-90b0-cc5a2742692e	TCGA-DX-A23R	Copy Number Variation	TXT	Genotyping Array	9bf497b5-87ea-4729-9e06-129865f88acb	WAGER_p_TCGA_282_284_285_286_N_GenomeWideSNP_6_E09_1359090.grch38.seg.v2.txt	9bf497b5-87ea-4729-9e06-129865f88acb
controlled	c5e23947-253b-40d2-916a-277b2a580be2	TCGA-IE-A4EI	Simple Nucleotide Variation	TSV	Genotyping Array	7070a157-ae59-4278-a40b-3890a6c641d5	YOGIN_p_TCGA_4_262_263_N_GenomeWideSNP_6_C11_1306106.birdseed.data.txt	7070a157-ae59-4278-a40b-3890a6c641d5
open	e119dc43-9ba7-43ad-add0-1ce8a01e3b06	TCGA-JV-A5VE	Copy Number Variation	TSV	Genotyping Array	0fe4beeb-c69d-4e25-8652-a38fe81beea5	TCGA-SARC.17009a70-61f1-4363-ab21-9b6efd972d97.absolute_liftover.gene_level_copy_number.v36.tsv	0fe4beeb-c69d-4e25-8652-a38fe81beea5
open	d0d989cb-a50f-4ed9-8478-ae300ebc0970	TCGA-DX-AB32	Copy Number Variation	TSV	Genotyping Array	a0576328-f690-401d-b74a-a3140ecfba40	TCGA-SARC.f31af923-2fe0-48c9-b19b-7720edc23f72.absolute_liftover.gene_level_copy_number.v36.tsv	a0576328-f690-401d-b74a-a3140ecfba40
open	c5e23947-253b-40d2-916a-277b2a580be2	TCGA-IE-A4EI	Copy Number Variation	TSV	Genotyping Array	f4aab096-817c-410a-b103-6b8574a9545d	TCGA-SARC.791f8c5d-91d1-471a-8bf2-8f954935f3f3.ascat3.gene_level_copy_number.v36.tsv	f4aab096-817c-410a-b103-6b8574a9545d
open	c5e23947-253b-40d2-916a-277b2a580be2	TCGA-IE-A4EI	Copy Number Variation	TXT	Genotyping Array	f31215c5-ef5f-4678-b59b-818bbde405db	YOGIN_p_TCGA_4_262_263_N_GenomeWideSNP_6_C11_1306106.grch38.seg.v2.txt	f31215c5-ef5f-4678-b59b-818bbde405db
controlled	e4fb6a08-9d3f-4e62-85ce-7ba0dc03c8e2	TCGA-QQ-A5VD	Copy Number Variation	CEL	Genotyping Array	76480a4e-e677-4e3f-8c62-78db63652c1e	THREW_p_TCGAb_329_335_336_NSP_GenomeWideSNP_6_F10_1367044.CEL	76480a4e-e677-4e3f-8c62-78db63652c1e
open	e4fb6a08-9d3f-4e62-85ce-7ba0dc03c8e2	TCGA-QQ-A5VD	Copy Number Variation	TSV	Genotyping Array	594f73ab-fa43-44aa-b6c7-ed951ec61d77	TCGA-SARC.1d4a6c85-0b83-4b48-be42-7e78ada2c3a4.absolute_liftover.gene_level_copy_number.v36.tsv	594f73ab-fa43-44aa-b6c7-ed951ec61d77
open	b61e39f5-f0dd-485e-8e22-d4fdea751f55	TCGA-SI-A71Q	Copy Number Variation	TSV	Genotyping Array	1fef0896-5de7-42ea-9330-d2c9a5a8f16c	TCGA-SARC.89c146f4-b242-4a27-aec9-6807ce85e494.absolute_liftover.gene_level_copy_number.v36.tsv	1fef0896-5de7-42ea-9330-d2c9a5a8f16c
controlled	e4fb6a08-9d3f-4e62-85ce-7ba0dc03c8e2	TCGA-QQ-A5VD	Copy Number Variation	CEL	Genotyping Array	b608214e-1e67-4790-b385-fbd7b5b4a264	THREW_p_TCGAb_329_335_336_NSP_GenomeWideSNP_6_F09_1367178.CEL	b608214e-1e67-4790-b385-fbd7b5b4a264
open	d7dc8efc-30d9-4d86-84a2-f39f4e1ea50e	TCGA-DX-A48L	Copy Number Variation	TXT	Genotyping Array	e2bb001f-8dd4-4797-8649-f40b2f10fb93	SNOWS_p_TCGA_Batch_309_310_NSP_GenomeWideSNP_6_E06_1362060.grch38.seg.v2.txt	e2bb001f-8dd4-4797-8649-f40b2f10fb93
open	e4fb6a08-9d3f-4e62-85ce-7ba0dc03c8e2	TCGA-QQ-A5VD	Copy Number Variation	TXT	Genotyping Array	f74246d8-9d86-4803-8f64-013d6d46ca25	THREW_p_TCGAb_329_335_336_NSP_GenomeWideSNP_6_F09_1367178.grch38.seg.v2.txt	f74246d8-9d86-4803-8f64-013d6d46ca25
open	d40c99d0-79f6-499d-b7f1-5fc4237cfc57	TCGA-DX-A3U8	Copy Number Variation	TXT	Genotyping Array	ba00159a-8083-4b06-bc35-f077380e3448	BURSA_p_TCGA_303_304_305_N_GenomeWideSNP_6_E05_1344696.nocnv_grch38.seg.v2.txt	ba00159a-8083-4b06-bc35-f077380e3448
open	c849127a-2f15-4fab-8815-db09b017f48c	TCGA-X6-A7W8	Copy Number Variation	TXT	Genotyping Array	c67fbd44-2f5c-4be1-b68e-75b161c3349f	TAZZA_p_TCGAb3_62_63_64_65_NSP_GenomeWideSNP_6_C01_1387960.grch38.seg.v2.txt	c67fbd44-2f5c-4be1-b68e-75b161c3349f
controlled	d40c99d0-79f6-499d-b7f1-5fc4237cfc57	TCGA-DX-A3U8	Simple Nucleotide Variation	TSV	Genotyping Array	0b6b7edc-7c61-4fec-b36d-b1f7a68775b7	BURSA_p_TCGA_303_304_305_N_GenomeWideSNP_6_C09_1344804.birdseed.data.txt	0b6b7edc-7c61-4fec-b36d-b1f7a68775b7
controlled	d40c99d0-79f6-499d-b7f1-5fc4237cfc57	TCGA-DX-A3U8	Simple Nucleotide Variation	TSV	Genotyping Array	1e4ac602-5620-4f05-a2d2-e67f9911f9bf	BURSA_p_TCGA_303_304_305_N_GenomeWideSNP_6_E05_1344696.birdseed.data.txt	1e4ac602-5620-4f05-a2d2-e67f9911f9bf
controlled	bfb21f9b-31af-4ecc-a4f4-d7d3f5728e01	TCGA-3B-A9HR	Simple Nucleotide Variation	TSV	Genotyping Array	3ac9fdfd-ff9e-466f-abed-cbfb0382f994	ENATE_p_TCGAb_394_395_396_NSP_GenomeWideSNP_6_F06_1474090.birdseed.data.txt	3ac9fdfd-ff9e-466f-abed-cbfb0382f994
open	d51b9939-aef7-426b-a57f-01c3684e2dc2	TCGA-RN-A68Q	Copy Number Variation	TXT	Genotyping Array	c4c02d27-710f-44b6-9dbb-9676dabe2c4d	RICES_p_TCGA_Batch_310_311_NSP_GenomeWideSNP_6_A10_1361988.grch38.seg.v2.txt	c4c02d27-710f-44b6-9dbb-9676dabe2c4d
controlled	dc18ccea-b332-4fac-b49b-1e0217ad025b	TCGA-PC-A5DN	Copy Number Variation	CEL	Genotyping Array	55c4f662-7b69-4976-bfe9-408ac07667ea	VIBES_p_TCGA_290_291_292_293_S_GenomeWideSNP_6_F05_1362426.CEL	55c4f662-7b69-4976-bfe9-408ac07667ea
open	e5608743-59c4-4846-96b5-b3d36efbed85	TCGA-MB-A5Y9	Copy Number Variation	TXT	Genotyping Array	78c4c4db-9e28-481a-84db-2ecca82f2793	TCGA-SARC.8e442e14-271d-4290-825c-f6bcd65ef424.ascat2.allelic_specific.seg.txt	78c4c4db-9e28-481a-84db-2ecca82f2793
controlled	e5608743-59c4-4846-96b5-b3d36efbed85	TCGA-MB-A5Y9	Simple Nucleotide Variation	TSV	Genotyping Array	cadd48e7-d0c0-4351-9fc6-b65aae6a07f5	BURSA_p_TCGA_303_304_305_N_GenomeWideSNP_6_C06_1344704.birdseed.data.txt	cadd48e7-d0c0-4351-9fc6-b65aae6a07f5
open	d51b9939-aef7-426b-a57f-01c3684e2dc2	TCGA-RN-A68Q	Copy Number Variation	TXT	Genotyping Array	240600cb-03c6-4913-921d-25973403b2c6	RICES_p_TCGA_Batch_310_311_NSP_GenomeWideSNP_6_A11_1361986.nocnv_grch38.seg.v2.txt	240600cb-03c6-4913-921d-25973403b2c6
open	eea7d707-aeb9-4d00-ab5e-c1ea608517e9	TCGA-DX-A8BT	Copy Number Variation	TSV	Genotyping Array	cd3d68b5-6f06-4d58-93af-2773542cabd8	TCGA-SARC.d57d10f8-7e23-42fc-b5ab-144f14c87f87.ascat3.gene_level_copy_number.v36.tsv	cd3d68b5-6f06-4d58-93af-2773542cabd8
open	c9a5b051-0503-4aae-8bc6-270af3033326	TCGA-DX-A6Z0	Copy Number Variation	TXT	Genotyping Array	4ec042d3-44e1-46d8-ae84-f3ceef5fd0c7	TCGA-SARC.d05c9382-f7d9-42db-8a39-84a11713317c.ascat2.allelic_specific.seg.txt	4ec042d3-44e1-46d8-ae84-f3ceef5fd0c7
open	eea7d707-aeb9-4d00-ab5e-c1ea608517e9	TCGA-DX-A8BT	Copy Number Variation	TXT	Genotyping Array	1046e06d-a5d4-481f-a930-664c87b5fd28	VISTA_p_TCGAb_383_384_NSP_GenomeWideSNP_6_B01_1464886.nocnv_grch38.seg.v2.txt	1046e06d-a5d4-481f-a930-664c87b5fd28
open	c9a5b051-0503-4aae-8bc6-270af3033326	TCGA-DX-A6Z0	Copy Number Variation	TSV	Genotyping Array	9bba7848-4505-45c3-be54-5d8235917740	TCGA-SARC.d05c9382-f7d9-42db-8a39-84a11713317c.gene_level_copy_number.v36.tsv	9bba7848-4505-45c3-be54-5d8235917740
open	c030f196-9591-4b0e-ad72-2320f277773b	TCGA-QQ-A5V2	Copy Number Variation	TXT	Genotyping Array	6e1f6aa6-8dc2-4c0e-94fc-ed1d31d41cd3	TCGA-SARC.6cccc9d3-a19e-4456-ae8a-a6d82fca8902.ascat2.allelic_specific.seg.txt	6e1f6aa6-8dc2-4c0e-94fc-ed1d31d41cd3
open	c030f196-9591-4b0e-ad72-2320f277773b	TCGA-QQ-A5V2	Copy Number Variation	TXT	Genotyping Array	37df4876-acb6-4510-8292-39d069335eab	THREW_p_TCGAb_329_335_336_NSP_GenomeWideSNP_6_F01_1367228.nocnv_grch38.seg.v2.txt	37df4876-acb6-4510-8292-39d069335eab
open	de0cfb5d-0db6-4bf9-8a92-c5de4208bb04	TCGA-Z4-A8JB	Copy Number Variation	TSV	Genotyping Array	66fdb38b-2e88-4794-9706-1fa992fa285e	TCGA-SARC.8db18a9d-5512-4077-9de4-0bf796013023.gene_level_copy_number.v36.tsv	66fdb38b-2e88-4794-9706-1fa992fa285e
open	de0cfb5d-0db6-4bf9-8a92-c5de4208bb04	TCGA-Z4-A8JB	Copy Number Variation	TSV	Genotyping Array	a1c7bd72-791b-437b-98f4-0fec7b5ddf93	TCGA-SARC.8db18a9d-5512-4077-9de4-0bf796013023.absolute_liftover.gene_level_copy_number.v36.tsv	a1c7bd72-791b-437b-98f4-0fec7b5ddf93
open	cabd63ee-d833-47b0-9a0b-8a046d260af1	TCGA-DX-AB3A	Copy Number Variation	TXT	Genotyping Array	711b3f06-0d88-4843-ae4e-e1faa96b7c14	CUBES_p_TCGAb_425_426_427_NSP_GenomeWideSNP_6_F05_1514060.nocnv_grch38.seg.v2.txt	711b3f06-0d88-4843-ae4e-e1faa96b7c14
controlled	c030f196-9591-4b0e-ad72-2320f277773b	TCGA-QQ-A5V2	Copy Number Variation	CEL	Genotyping Array	4d1dfe6f-ab74-4cd1-9858-56a7a913b2cb	THREW_p_TCGAb_329_335_336_NSP_GenomeWideSNP_6_F01_1367228.CEL	4d1dfe6f-ab74-4cd1-9858-56a7a913b2cb
open	eea7d707-aeb9-4d00-ab5e-c1ea608517e9	TCGA-DX-A8BT	Copy Number Variation	TXT	Genotyping Array	ddd0d0d4-4185-409e-95ce-5f0652e1958a	VISTA_p_TCGAb_383_384_NSP_GenomeWideSNP_6_A12_1465004.grch38.seg.v2.txt	ddd0d0d4-4185-409e-95ce-5f0652e1958a
controlled	cabd63ee-d833-47b0-9a0b-8a046d260af1	TCGA-DX-AB3A	Copy Number Variation	CEL	Genotyping Array	bc8e4520-14a7-4a4b-97e3-6fff5adb5bab	CUBES_p_TCGAb_425_426_427_NSP_GenomeWideSNP_6_F04_1513916.CEL	bc8e4520-14a7-4a4b-97e3-6fff5adb5bab
controlled	eea7d707-aeb9-4d00-ab5e-c1ea608517e9	TCGA-DX-A8BT	Simple Nucleotide Variation	TSV	Genotyping Array	3b424d58-51a2-4a26-8d29-9af416ab497a	VISTA_p_TCGAb_383_384_NSP_GenomeWideSNP_6_B01_1464886.birdseed.data.txt	3b424d58-51a2-4a26-8d29-9af416ab497a
controlled	e786de34-4c21-460f-89ab-008de4347049	TCGA-DX-A3LU	Simple Nucleotide Variation	TSV	Genotyping Array	8b76c53b-7d66-4dde-a225-731f87e73416	MACON_p_TCGASNP_218_AML_PP_N_GenomeWideSNP_6_A02_1040150.birdseed.data.txt	8b76c53b-7d66-4dde-a225-731f87e73416
controlled	de277edb-4543-4bd7-8f86-206c18b54d8d	TCGA-DX-A48P	Copy Number Variation	CEL	Genotyping Array	c8948d85-046c-4542-b79c-6c613018a28d	SNOWS_p_TCGA_Batch_309_310_NSP_GenomeWideSNP_6_E12_1362174.CEL	c8948d85-046c-4542-b79c-6c613018a28d
controlled	ef273fe6-aab0-41eb-94f7-cca980bf789e	TCGA-DX-A7EL	Simple Nucleotide Variation	TSV	Genotyping Array	4135ff69-5fec-4225-92a9-4d9c16ae75aa	HEIGH_p_TCGAb418_19_21_BCR_NSP_GenomeWideSNP_6_G12_1485758.birdseed.data.txt	4135ff69-5fec-4225-92a9-4d9c16ae75aa
open	de277edb-4543-4bd7-8f86-206c18b54d8d	TCGA-DX-A48P	Copy Number Variation	TXT	Genotyping Array	dd668056-23c5-4859-aeca-148ef02f8cb0	SNOWS_p_TCGA_Batch_309_310_NSP_GenomeWideSNP_6_F01_1362172.grch38.seg.v2.txt	dd668056-23c5-4859-aeca-148ef02f8cb0
open	ef273fe6-aab0-41eb-94f7-cca980bf789e	TCGA-DX-A7EL	Copy Number Variation	TXT	Genotyping Array	284c4646-4dca-42ad-9ddc-72c47e18d030	HONGS_p_TCGAb3_75_76_77_NSP_GenomeWideSNP_6_H04_1438274.grch38.seg.v2.txt	284c4646-4dca-42ad-9ddc-72c47e18d030
controlled	de277edb-4543-4bd7-8f86-206c18b54d8d	TCGA-DX-A48P	Simple Nucleotide Variation	TSV	Genotyping Array	44d6b804-e656-4267-bf4d-9361e99f3355	SNOWS_p_TCGA_Batch_309_310_NSP_GenomeWideSNP_6_E12_1362174.birdseed.data.txt	44d6b804-e656-4267-bf4d-9361e99f3355
controlled	ef273fe6-aab0-41eb-94f7-cca980bf789e	TCGA-DX-A7EL	Simple Nucleotide Variation	TSV	Genotyping Array	2a424840-97d2-4b40-a1a3-64b7ae8f10ae	HONGS_p_TCGAb3_75_76_77_NSP_GenomeWideSNP_6_H04_1438274.birdseed.data.txt	2a424840-97d2-4b40-a1a3-64b7ae8f10ae
open	d7d9204b-b85e-4260-8a54-c39e7847e982	TCGA-SG-A849	Copy Number Variation	TXT	Genotyping Array	d3c5c073-1ef7-4506-be60-427ff32b30e2	TCGA-SARC.00e80dbf-ab3c-4920-a3bc-9d8225a4030c.ascat2.allelic_specific.seg.txt	d3c5c073-1ef7-4506-be60-427ff32b30e2
open	e786de34-4c21-460f-89ab-008de4347049	TCGA-DX-A3LU	Copy Number Variation	TSV	Genotyping Array	4d376f52-f563-47d9-8b6e-f8d724c806d6	TCGA-SARC.730898d3-cfde-45d2-86db-3133915f4087.absolute_liftover.gene_level_copy_number.v36.tsv	4d376f52-f563-47d9-8b6e-f8d724c806d6
controlled	c05498e7-5b93-4acb-9d91-3a505116558d	TCGA-KD-A5QT	Simple Nucleotide Variation	TSV	Genotyping Array	5f0e32e7-ec5e-4c71-896c-a743df057fae	VIBES_p_TCGA_290_291_292_293_S_GenomeWideSNP_6_G04_1362466.birdseed.data.txt	5f0e32e7-ec5e-4c71-896c-a743df057fae
controlled	de277edb-4543-4bd7-8f86-206c18b54d8d	TCGA-DX-A48P	Simple Nucleotide Variation	TSV	Genotyping Array	882bcd49-8a94-47e7-8ff8-95a7db5963e8	SNOWS_p_TCGA_Batch_309_310_NSP_GenomeWideSNP_6_F01_1362172.birdseed.data.txt	882bcd49-8a94-47e7-8ff8-95a7db5963e8
open	de277edb-4543-4bd7-8f86-206c18b54d8d	TCGA-DX-A48P	Copy Number Variation	TSV	Genotyping Array	f83795e5-f131-43af-b71f-d0c53c8cb839	TCGA-SARC.9770e332-3bd1-4585-b5eb-b4a137e50cf5.gene_level_copy_number.v36.tsv	f83795e5-f131-43af-b71f-d0c53c8cb839
open	cc891960-42a2-4d76-b93b-c2914c929154	TCGA-DX-A6B9	Copy Number Variation	TSV	Genotyping Array	19bce006-9cd1-4f4a-b2ec-d96c1450bae6	TCGA-SARC.083315bd-fac2-4fb6-ad91-1271b00bb737.gene_level_copy_number.v36.tsv	19bce006-9cd1-4f4a-b2ec-d96c1450bae6
open	e7a72f7e-77b1-4d95-8f37-39a6cffc35dc	TCGA-DX-A3LT	Copy Number Variation	TSV	Genotyping Array	5c0bd832-ef9f-40a8-abbc-34941bcfe091	TCGA-SARC.8f96eddc-fd74-4bca-9539-fdd866750bf4.ascat3.gene_level_copy_number.v36.tsv	5c0bd832-ef9f-40a8-abbc-34941bcfe091
open	ef273fe6-aab0-41eb-94f7-cca980bf789e	TCGA-DX-A7EL	Copy Number Variation	TSV	Genotyping Array	a8b8e5a5-e955-4bdb-b1b9-191ce4c6a1cb	TCGA-SARC.6d5b50b8-fff5-4fff-8b4f-33eec15e5ad0.gene_level_copy_number.v36.tsv	a8b8e5a5-e955-4bdb-b1b9-191ce4c6a1cb
open	ef273fe6-aab0-41eb-94f7-cca980bf789e	TCGA-DX-A7EL	Copy Number Variation	TXT	Genotyping Array	e8766cf1-7241-44f4-816b-6a59fb992298	TCGA-SARC.b97dd03b-40e3-4a98-a56d-bbc8f7f03a4b.ascat3.allelic_specific.seg.txt	e8766cf1-7241-44f4-816b-6a59fb992298
open	e7a72f7e-77b1-4d95-8f37-39a6cffc35dc	TCGA-DX-A3LT	Copy Number Variation	TXT	Genotyping Array	341fbf2d-9ba1-441b-b6c8-4d12546b3f27	MACON_p_TCGASNP_218_AML_PP_N_GenomeWideSNP_6_A07_1040028.grch38.seg.v2.txt	341fbf2d-9ba1-441b-b6c8-4d12546b3f27
controlled	f693eec9-cd6e-4696-882f-a6dffe481df9	TCGA-DX-A6BF	Copy Number Variation	CEL	Genotyping Array	4d3cc9da-1763-43bc-b7c0-96f546bf4f53	SNOWS_p_TCGA_Batch_309_310_NSP_GenomeWideSNP_6_G03_1362020.CEL	4d3cc9da-1763-43bc-b7c0-96f546bf4f53
open	de509aa1-6f20-480f-bf9d-d6bc04a7f72c	TCGA-RN-AAAQ	Copy Number Variation	TXT	Genotyping Array	d6ca0823-4e78-48e6-8ba5-9f5f64d2dd0c	PRION_p_TCGAb_410_11_12_13_NSP_GenomeWideSNP_6_F02_1486764.nocnv_grch38.seg.v2.txt	d6ca0823-4e78-48e6-8ba5-9f5f64d2dd0c
open	c05498e7-5b93-4acb-9d91-3a505116558d	TCGA-KD-A5QT	Copy Number Variation	TSV	Genotyping Array	bac92d5f-61df-4c06-9ef6-b1b55441ab87	TCGA-SARC.fc168f3e-34b0-42cd-97f5-5a5bce21ee34.absolute_liftover.gene_level_copy_number.v36.tsv	bac92d5f-61df-4c06-9ef6-b1b55441ab87
controlled	de509aa1-6f20-480f-bf9d-d6bc04a7f72c	TCGA-RN-AAAQ	Copy Number Variation	CEL	Genotyping Array	2922186c-b652-4575-8fc1-b4f859e35c1f	PRION_p_TCGAb_410_11_12_13_NSP_GenomeWideSNP_6_F02_1486764.CEL	2922186c-b652-4575-8fc1-b4f859e35c1f
controlled	f693eec9-cd6e-4696-882f-a6dffe481df9	TCGA-DX-A6BF	Simple Nucleotide Variation	TSV	Genotyping Array	02a54c1c-a9ad-429b-a04e-9faa916e7983	SNOWS_p_TCGA_Batch_309_310_NSP_GenomeWideSNP_6_G03_1362020.birdseed.data.txt	02a54c1c-a9ad-429b-a04e-9faa916e7983
