access	cases.0.case_id	cases.0.submitter_id	data_category	data_format	experimental_strategy	file_id	file_name	id
open	a4f68239-5b9f-40d7-9e52-b68efa170c1c	TCGA-3B-A9I1	Transcriptome Profiling	TSV	RNA-Seq	188f70e9-09d2-4c61-9279-e233027eb7b9	62a39969-0f5d-48f2-9ecd-b6c199f0723e.rna_seq.augmented_star_gene_counts.tsv	188f70e9-09d2-4c61-9279-e233027eb7b9
open	90db503c-f9c8-4d31-bed4-e3383b69c89b	TCGA-X9-A973	Transcriptome Profiling	TSV	RNA-Seq	e38618a9-0d3a-4668-a290-46af4960a329	4d95d113-14eb-45f3-9a97-3c6c301fe2a2.rna_seq.augmented_star_gene_counts.tsv	e38618a9-0d3a-4668-a290-46af4960a329
controlled	89a3ccb1-252a-46f9-97c7-3e44b34d7967	TCGA-X6-A7WB	Transcriptome Profiling	TSV	RNA-Seq	20e5e5db-8004-44f3-823e-897a2643bd46	d0e06eac-e98c-4b6c-af28-900882579f2a.rna_seq.star_splice_junctions.tsv.gz	20e5e5db-8004-44f3-823e-897a2643bd46
controlled	a4f68239-5b9f-40d7-9e52-b68efa170c1c	TCGA-3B-A9I1	Sequencing Reads	BAM	RNA-Seq	02b38642-4dc9-4dac-8193-e3a6ae93facb	62a39969-0f5d-48f2-9ecd-b6c199f0723e.rna_seq.transcriptome.gdc_realn.bam	02b38642-4dc9-4dac-8193-e3a6ae93facb
controlled	9111759f-a0b7-452d-a0de-838fe010245e	TCGA-LI-A9QH	Transcriptome Profiling	TSV	RNA-Seq	54c933c2-c4b2-4aec-9d0e-8068e494736f	e265b64c-39c9-41e7-a5fc-08cf0bf3fae7.rna_seq.star_splice_junctions.tsv.gz	54c933c2-c4b2-4aec-9d0e-8068e494736f
controlled	9bdc3867-2115-4351-af5f-a52a2c20ae5d	TCGA-K1-A42X	Structural Variation	BEDPE	RNA-Seq	163f5d23-d371-4a35-a8d8-5f5979c0ff55	TCGA-SARC.8c60086c-466c-4b70-98d8-16447d93bc93.star_fusion.rna_fusion.bedpe	163f5d23-d371-4a35-a8d8-5f5979c0ff55
controlled	94359edf-7208-4b4c-ad7c-4064974de818	TCGA-DX-AB3C	Structural Variation	BEDPE	RNA-Seq	dc938a87-5670-4a4e-b203-c46a738cd389	TCGA-SARC.e4218b98-f7a0-44f3-9e92-18157d20b2df.arriba.rna_fusion.bedpe	dc938a87-5670-4a4e-b203-c46a738cd389
open	94359edf-7208-4b4c-ad7c-4064974de818	TCGA-DX-AB3C	Transcriptome Profiling	TSV	RNA-Seq	9dbb401b-b292-4b40-b707-78fd802679ba	14ca95e3-ac3e-4bb4-b304-cd43f109553f.rna_seq.augmented_star_gene_counts.tsv	9dbb401b-b292-4b40-b707-78fd802679ba
controlled	914df75d-25f5-4b2f-96c7-95861d7dfa30	TCGA-DX-A8BM	Structural Variation	TSV	RNA-Seq	c764d0ae-877a-4a4e-ad24-7d2a08d0cfdf	TCGA-SARC.0101816a-e188-4af1-8732-9990cf8b16f1.arriba.rna_fusion.tsv	c764d0ae-877a-4a4e-ad24-7d2a08d0cfdf
controlled	8f3f6f7c-4b50-467e-a6e8-d836735913f6	TCGA-DX-A3U5	Structural Variation	BEDPE	RNA-Seq	e7751107-fc26-42f5-90d9-2dd148438384	TCGA-SARC.eba93460-0248-4375-83e8-eedeb5b0ad98.star_fusion.rna_fusion.bedpe	e7751107-fc26-42f5-90d9-2dd148438384
controlled	ab706ea0-d642-4f58-ba8d-f5d930b91286	TCGA-WK-A8Y0	Structural Variation	BEDPE	RNA-Seq	d7b23e31-24a7-43f4-97df-8150b5233146	TCGA-SARC.59324911-b272-477a-a820-129bd11b9425.star_fusion.rna_fusion.bedpe	d7b23e31-24a7-43f4-97df-8150b5233146
controlled	8f4293b0-bafc-4348-a203-9516d6f2dc48	TCGA-UE-A6QT	Structural Variation	TSV	RNA-Seq	5d08ac1a-90ef-4e26-aad9-1019a6f9e740	TCGA-SARC.678fcf85-a1ec-48bc-a1e5-55ec6895139f.arriba.rna_fusion.tsv	5d08ac1a-90ef-4e26-aad9-1019a6f9e740
controlled	8f4293b0-bafc-4348-a203-9516d6f2dc48	TCGA-UE-A6QT	Sequencing Reads	BAM	RNA-Seq	de3fc293-a23d-495e-8743-7e6e279435c0	07a8cc94-707a-453f-a34d-97cbb79e6523.rna_seq.chimeric.gdc_realn.bam	de3fc293-a23d-495e-8743-7e6e279435c0
controlled	91d9a1b9-ae23-4eae-9354-8b3a29e3d1e6	TCGA-DX-AB2Z	Transcriptome Profiling	TSV	RNA-Seq	f41e0b72-22ea-4cb0-91f6-d950bdc4b970	5ae92201-6967-4b74-bb81-8319fac72b1e.rna_seq.star_splice_junctions.tsv.gz	f41e0b72-22ea-4cb0-91f6-d950bdc4b970
controlled	9517413b-b5b8-4130-8ba1-d86d44abe2ec	TCGA-DX-A1L3	Structural Variation	TSV	RNA-Seq	bb4355e6-d37b-4b6a-968a-1a0352dbe911	TCGA-SARC.1e365ced-fc48-47fa-8245-d255e2a175c5.arriba.rna_fusion.tsv	bb4355e6-d37b-4b6a-968a-1a0352dbe911
controlled	9bf78d02-f5e5-4cee-8d4d-57cc567cb510	TCGA-MB-A8JL	Sequencing Reads	BAM	RNA-Seq	1b62dfb9-e159-4865-b19b-da628a3c7781	725add0b-85a3-4a47-ba37-7b8e58064c58.rna_seq.chimeric.gdc_realn.bam	1b62dfb9-e159-4865-b19b-da628a3c7781
controlled	91d9a1b9-ae23-4eae-9354-8b3a29e3d1e6	TCGA-DX-AB2Z	Structural Variation	BEDPE	RNA-Seq	ec9fe58e-f44b-4dad-be9a-695568e06e96	TCGA-SARC.584d93eb-57b5-41e6-a745-bb46a05f1bc5.star_fusion.rna_fusion.bedpe	ec9fe58e-f44b-4dad-be9a-695568e06e96
open	9c58e3b2-1dee-4375-8239-ce69a725e3de	TCGA-DX-A6B8	Transcriptome Profiling	TSV	RNA-Seq	4cfe76b6-ad70-4f6b-b410-b4806d9bd989	0bde5803-0776-4ccc-b846-e6764f24adaa.rna_seq.augmented_star_gene_counts.tsv	4cfe76b6-ad70-4f6b-b410-b4806d9bd989
controlled	ab706ea0-d642-4f58-ba8d-f5d930b91286	TCGA-WK-A8Y0	Structural Variation	TSV	RNA-Seq	c0d00803-f115-4e67-b827-008d175f2037	TCGA-SARC.59324911-b272-477a-a820-129bd11b9425.star_fusion.rna_fusion.tsv	c0d00803-f115-4e67-b827-008d175f2037
controlled	8f4c042c-fbe3-4d0c-b2bd-695bc37483f5	TCGA-N1-A6IA	Sequencing Reads	BAM	RNA-Seq	66b33fa2-486c-4cb7-ae15-c5941ce079d6	d6d922a1-f6ae-4190-be36-0ac1e03f85fa.rna_seq.chimeric.gdc_realn.bam	66b33fa2-486c-4cb7-ae15-c5941ce079d6
controlled	969954a8-7f15-4052-9e6a-c5956115f3ad	TCGA-DX-A6BG	Sequencing Reads	BAM	RNA-Seq	ff0c22c1-e182-4320-b9c0-34441d32e663	db2e38f2-f8fd-4149-abc1-ca8a5a1f44ba.rna_seq.genomic.gdc_realn.bam	ff0c22c1-e182-4320-b9c0-34441d32e663
controlled	969954a8-7f15-4052-9e6a-c5956115f3ad	TCGA-DX-A6BG	Sequencing Reads	BAM	RNA-Seq	72727779-5fb0-4e18-8ce3-65f5db455552	db2e38f2-f8fd-4149-abc1-ca8a5a1f44ba.rna_seq.transcriptome.gdc_realn.bam	72727779-5fb0-4e18-8ce3-65f5db455552
controlled	969954a8-7f15-4052-9e6a-c5956115f3ad	TCGA-DX-A6BG	Sequencing Reads	BAM	RNA-Seq	3b2ee107-fdf8-4916-b5cd-f67135b915f6	db2e38f2-f8fd-4149-abc1-ca8a5a1f44ba.rna_seq.chimeric.gdc_realn.bam	3b2ee107-fdf8-4916-b5cd-f67135b915f6
controlled	ac1eb376-ff96-4ed9-929a-03975f72ac15	TCGA-DX-A3UA	Sequencing Reads	BAM	RNA-Seq	c82a6f89-d4f7-4176-b0d8-22ffbb077c82	2242b925-b7c5-4420-9cc1-af562a0bafe0.rna_seq.chimeric.gdc_realn.bam	c82a6f89-d4f7-4176-b0d8-22ffbb077c82
open	a7c45269-b693-45c4-81fd-6dd3379877e8	TCGA-DX-A7ER	Transcriptome Profiling	TSV	RNA-Seq	36fc5af5-d389-4c2b-afcf-741746972888	9365db5a-762a-4e2b-b8a7-7a1e10cc62d2.rna_seq.augmented_star_gene_counts.tsv	36fc5af5-d389-4c2b-afcf-741746972888
controlled	9c58e3b2-1dee-4375-8239-ce69a725e3de	TCGA-DX-A6B8	Structural Variation	BEDPE	RNA-Seq	2183139b-abb1-46df-a116-366733edcd0c	TCGA-SARC.5d8b0755-cbb4-4f18-a790-b5f4d884381e.arriba.rna_fusion.bedpe	2183139b-abb1-46df-a116-366733edcd0c
controlled	9c58e3b2-1dee-4375-8239-ce69a725e3de	TCGA-DX-A6B8	Sequencing Reads	BAM	RNA-Seq	fb98bd03-bb42-4d5e-a10d-d3baa8316a70	0bde5803-0776-4ccc-b846-e6764f24adaa.rna_seq.chimeric.gdc_realn.bam	fb98bd03-bb42-4d5e-a10d-d3baa8316a70
controlled	ac2eeb9d-b5eb-465c-8271-c89bdb1ba136	TCGA-DX-A8BQ	Transcriptome Profiling	TSV	RNA-Seq	43a5390f-64de-4e01-800a-bedb92a1e2ef	27b1c0c5-931d-410f-964f-8f0dcbec785d.rna_seq.star_splice_junctions.tsv.gz	43a5390f-64de-4e01-800a-bedb92a1e2ef
controlled	98b4dd76-e6c4-4125-ba9e-9dc318ffb61c	TCGA-DX-AB2F	Structural Variation	TSV	RNA-Seq	5ab89982-8602-4c45-8306-f3cda7d0d454	TCGA-SARC.234129a5-18f6-4d9e-a5f9-152098465b0a.star_fusion.rna_fusion.tsv	5ab89982-8602-4c45-8306-f3cda7d0d454
controlled	98b4dd76-e6c4-4125-ba9e-9dc318ffb61c	TCGA-DX-AB2F	Sequencing Reads	BAM	RNA-Seq	a9d4700c-ae4f-4b13-a15b-8a0350a5e0fa	1ca97535-07b9-4c33-9bbc-1c0734aa2824.rna_seq.chimeric.gdc_realn.bam	a9d4700c-ae4f-4b13-a15b-8a0350a5e0fa
controlled	ac2eeb9d-b5eb-465c-8271-c89bdb1ba136	TCGA-DX-A8BQ	Structural Variation	TSV	RNA-Seq	33e38164-891d-46b9-b6af-680fca576a49	TCGA-SARC.e2d0c0d0-a81d-45f0-86cd-e1c454ad1762.arriba.rna_fusion.tsv	33e38164-891d-46b9-b6af-680fca576a49
controlled	ac9c3d6a-2df7-472a-b9d7-0a5583463750	TCGA-X6-A8C7	Sequencing Reads	BAM	RNA-Seq	799e3bdf-5743-46c8-be6d-f9163dde8a30	3cf2abb0-ed8a-4fd3-97d5-6d7899832bc1.rna_seq.genomic.gdc_realn.bam	799e3bdf-5743-46c8-be6d-f9163dde8a30
controlled	ac9c3d6a-2df7-472a-b9d7-0a5583463750	TCGA-X6-A8C7	Structural Variation	TSV	RNA-Seq	252bbb4c-0a68-474d-bbcd-e58874222ee2	TCGA-SARC.10644476-17b7-49c3-a387-445a7b3630ad.arriba.rna_fusion.tsv	252bbb4c-0a68-474d-bbcd-e58874222ee2
open	a857d684-7195-44f9-ba21-b88020bd9633	TCGA-SI-A71O	Transcriptome Profiling	TSV	RNA-Seq	92849bda-e29d-41d2-8c40-c44dd0337cee	009f8ecb-dda6-461b-961c-a7c4ef3172a3.rna_seq.augmented_star_gene_counts.tsv	92849bda-e29d-41d2-8c40-c44dd0337cee
controlled	91f6eb4c-0143-47b9-bcbd-5332d913a039	TCGA-DX-AB3B	Sequencing Reads	BAM	RNA-Seq	f0c66cbd-a14e-47a1-ae2d-7756396760ab	7099f710-e5d8-422e-a7c3-4dd513941552.rna_seq.transcriptome.gdc_realn.bam	f0c66cbd-a14e-47a1-ae2d-7756396760ab
controlled	9dcdbd1b-2e03-4314-aef2-1f6b6fe18523	TCGA-DX-AB2X	Structural Variation	BEDPE	RNA-Seq	f4e6b9a0-213e-45d1-bb8c-b02d56236924	TCGA-SARC.6c4a0cdd-36bd-4edb-a5e3-6e21340f89f7.star_fusion.rna_fusion.bedpe	f4e6b9a0-213e-45d1-bb8c-b02d56236924
open	ac9c3d6a-2df7-472a-b9d7-0a5583463750	TCGA-X6-A8C7	Transcriptome Profiling	TSV	RNA-Seq	67109262-6c34-4099-9cb0-2871e4f21420	3cf2abb0-ed8a-4fd3-97d5-6d7899832bc1.rna_seq.augmented_star_gene_counts.tsv	67109262-6c34-4099-9cb0-2871e4f21420
controlled	a857d684-7195-44f9-ba21-b88020bd9633	TCGA-SI-A71O	Transcriptome Profiling	TSV	RNA-Seq	2016d97c-0af4-4f08-81e0-33882969f0ef	009f8ecb-dda6-461b-961c-a7c4ef3172a3.rna_seq.star_splice_junctions.tsv.gz	2016d97c-0af4-4f08-81e0-33882969f0ef
controlled	b85e2156-d5ac-486c-93e1-86525ea41a64	TCGA-DX-A3M1	Transcriptome Profiling	TSV	RNA-Seq	4d2cda6b-7c24-4160-ae31-dbb051673e99	09289641-20ec-4f7c-ba72-3c02b9e6b285.rna_seq.star_splice_junctions.tsv.gz	4d2cda6b-7c24-4160-ae31-dbb051673e99
open	9b781072-66d8-49f2-80f7-7b020746b6e9	TCGA-SI-AA8C	Transcriptome Profiling	TSV	RNA-Seq	d17b1df0-acc3-4d69-a308-16d7f1b3f0be	1e0b2cd0-4e31-4f12-bd5c-9161a58281cd.rna_seq.augmented_star_gene_counts.tsv	d17b1df0-acc3-4d69-a308-16d7f1b3f0be
controlled	a857d684-7195-44f9-ba21-b88020bd9633	TCGA-SI-A71O	Sequencing Reads	BAM	RNA-Seq	f36a3d74-2d16-4e5c-abfc-1852e97ddbf2	009f8ecb-dda6-461b-961c-a7c4ef3172a3.rna_seq.genomic.gdc_realn.bam	f36a3d74-2d16-4e5c-abfc-1852e97ddbf2
controlled	9dcdbd1b-2e03-4314-aef2-1f6b6fe18523	TCGA-DX-AB2X	Sequencing Reads	BAM	RNA-Seq	1de65f13-b0ca-41eb-b975-03ea3fcfe322	f0e41d6c-d029-4593-9e9f-175fc440ac72.rna_seq.chimeric.gdc_realn.bam	1de65f13-b0ca-41eb-b975-03ea3fcfe322
controlled	ac9c3d6a-2df7-472a-b9d7-0a5583463750	TCGA-X6-A8C7	Transcriptome Profiling	TSV	RNA-Seq	a5478d69-461d-48b1-bb87-1fb5d811c46f	3cf2abb0-ed8a-4fd3-97d5-6d7899832bc1.rna_seq.star_splice_junctions.tsv.gz	a5478d69-461d-48b1-bb87-1fb5d811c46f
controlled	c1bab0e5-4cb2-4d9a-ae92-673fe7967fde	TCGA-PC-A5DK	Sequencing Reads	BAM	RNA-Seq	45817186-d7ba-496e-884f-263d16cc6428	03d51e0c-2f6f-4c5a-a755-c37f52f2cafd.rna_seq.genomic.gdc_realn.bam	45817186-d7ba-496e-884f-263d16cc6428
controlled	9b781072-66d8-49f2-80f7-7b020746b6e9	TCGA-SI-AA8C	Structural Variation	BEDPE	RNA-Seq	3a241cfd-e79d-425e-bac7-0607a62df934	TCGA-SARC.0e869883-9b24-4b6d-9d2b-14bdd03d4a04.arriba.rna_fusion.bedpe	3a241cfd-e79d-425e-bac7-0607a62df934
controlled	c1bab0e5-4cb2-4d9a-ae92-673fe7967fde	TCGA-PC-A5DK	Transcriptome Profiling	TSV	RNA-Seq	395bd779-9aad-44dd-93b5-5bc8f949cd6b	03d51e0c-2f6f-4c5a-a755-c37f52f2cafd.rna_seq.star_splice_junctions.tsv.gz	395bd779-9aad-44dd-93b5-5bc8f949cd6b
controlled	b85e2156-d5ac-486c-93e1-86525ea41a64	TCGA-DX-A3M1	Structural Variation	BEDPE	RNA-Seq	0dc159f7-f98f-4f7b-9f2f-024494f34da2	TCGA-SARC.9870d323-3afe-4027-be3a-e7a4f9ea762f.star_fusion.rna_fusion.bedpe	0dc159f7-f98f-4f7b-9f2f-024494f34da2
controlled	9bdc3867-2115-4351-af5f-a52a2c20ae5d	TCGA-K1-A42X	Sequencing Reads	BAM	RNA-Seq	2513a61d-deb7-444c-b324-85025dbc03d8	dc69718f-e389-406d-b59b-089057fa6679.rna_seq.chimeric.gdc_realn.bam	2513a61d-deb7-444c-b324-85025dbc03d8
controlled	9ebda267-a475-408a-a512-cd3761de83b4	TCGA-QC-A6FX	Structural Variation	TSV	RNA-Seq	77afa22b-d2ae-4365-aa1f-4cc4dc0e0861	TCGA-SARC.3c9ad998-33ac-4593-a1de-0411293aac5b.arriba.rna_fusion.tsv	77afa22b-d2ae-4365-aa1f-4cc4dc0e0861
controlled	b85e2156-d5ac-486c-93e1-86525ea41a64	TCGA-DX-A3M1	Structural Variation	TSV	RNA-Seq	03f4ace7-f853-4c22-b6b7-5b7ed53f909e	TCGA-SARC.ebcd9757-0867-422a-9082-c296521b9113.arriba.rna_fusion.tsv	03f4ace7-f853-4c22-b6b7-5b7ed53f909e
open	c20682a1-f340-430d-99f9-077fe093ed19	TCGA-IW-A3M5	Transcriptome Profiling	TSV	RNA-Seq	d002e15a-8f1d-4198-ad5b-cb2de993e41d	5088af66-9478-445a-b884-e8c14a11b83f.rna_seq.augmented_star_gene_counts.tsv	d002e15a-8f1d-4198-ad5b-cb2de993e41d
controlled	b8dd67ae-5808-45fc-9a1f-47f18a2f827d	TCGA-DX-A6YS	Structural Variation	BEDPE	RNA-Seq	cacaa61c-53df-4a82-99c3-97800650bbf5	TCGA-SARC.a991cac5-5aee-4576-b048-ed8290420517.star_fusion.rna_fusion.bedpe	cacaa61c-53df-4a82-99c3-97800650bbf5
controlled	a8ce2be1-1f15-4e02-9161-5f161447a541	TCGA-3B-A9I0	Structural Variation	BEDPE	RNA-Seq	636d7cd3-a25a-49b0-9ad1-5570e4c5fe2f	TCGA-SARC.5ed11dcf-d34c-4cbf-a814-0cd60ffc2758.arriba.rna_fusion.bedpe	636d7cd3-a25a-49b0-9ad1-5570e4c5fe2f
controlled	a8ce2be1-1f15-4e02-9161-5f161447a541	TCGA-3B-A9I0	Sequencing Reads	BAM	RNA-Seq	eda8c9be-a960-45b2-bd5f-fbf6a4667265	94dcead6-4b21-4551-8131-056255764af2.rna_seq.transcriptome.gdc_realn.bam	eda8c9be-a960-45b2-bd5f-fbf6a4667265
open	a8ce2be1-1f15-4e02-9161-5f161447a541	TCGA-3B-A9I0	Transcriptome Profiling	TSV	RNA-Seq	288ec90e-06fd-4a7d-8909-597fd952278e	94dcead6-4b21-4551-8131-056255764af2.rna_seq.augmented_star_gene_counts.tsv	288ec90e-06fd-4a7d-8909-597fd952278e
controlled	b9a01a64-3c9d-44b3-8ee1-a880b7816fee	TCGA-DX-A7EM	Structural Variation	BEDPE	RNA-Seq	fcd76911-caa8-4c83-9c16-4930034df82d	TCGA-SARC.177def1d-42da-4cac-9fdb-8fb80d10f7fa.star_fusion.rna_fusion.bedpe	fcd76911-caa8-4c83-9c16-4930034df82d
controlled	cc9eb46b-47a6-44b2-97c1-3ee866bbfc3d	TCGA-DX-AB2E	Sequencing Reads	BAM	RNA-Seq	65170777-9208-4ce2-834a-d34011a13c55	3dcc3841-21f9-4434-84ef-6d12f60967af.rna_seq.genomic.gdc_realn.bam	65170777-9208-4ce2-834a-d34011a13c55
controlled	a93fd240-59c1-4527-854e-dfd042222fcf	TCGA-3B-A9I3	Sequencing Reads	BAM	RNA-Seq	65353b67-b3cd-4bb6-bd74-4e021403083a	d243020d-c8eb-49fe-bd92-e1c622a5382e.rna_seq.transcriptome.gdc_realn.bam	65353b67-b3cd-4bb6-bd74-4e021403083a
controlled	c25a0746-d2cf-47cc-82fc-8547cd9f89b0	TCGA-WK-A8XS	Sequencing Reads	BAM	RNA-Seq	431eb9c1-bd0f-4ccd-b61f-6ccb08f30150	706db449-7dce-48ba-85cf-786add750631.rna_seq.chimeric.gdc_realn.bam	431eb9c1-bd0f-4ccd-b61f-6ccb08f30150
controlled	a93fd240-59c1-4527-854e-dfd042222fcf	TCGA-3B-A9I3	Sequencing Reads	BAM	RNA-Seq	c60b901e-f46f-4378-976a-e8952755a829	d243020d-c8eb-49fe-bd92-e1c622a5382e.rna_seq.genomic.gdc_realn.bam	c60b901e-f46f-4378-976a-e8952755a829
controlled	a93fd240-59c1-4527-854e-dfd042222fcf	TCGA-3B-A9I3	Transcriptome Profiling	TSV	RNA-Seq	f0f4b44b-6d67-4880-ad12-c25d18e5c420	d243020d-c8eb-49fe-bd92-e1c622a5382e.rna_seq.star_splice_junctions.tsv.gz	f0f4b44b-6d67-4880-ad12-c25d18e5c420
controlled	cc9eb46b-47a6-44b2-97c1-3ee866bbfc3d	TCGA-DX-AB2E	Structural Variation	TSV	RNA-Seq	81990fc5-cd9e-4e96-9ddb-a1f4b0bef703	TCGA-SARC.290b5285-bdc7-4423-8438-995a038fe554.arriba.rna_fusion.tsv	81990fc5-cd9e-4e96-9ddb-a1f4b0bef703
controlled	a93fd240-59c1-4527-854e-dfd042222fcf	TCGA-3B-A9I3	Structural Variation	TSV	RNA-Seq	ddbb22cd-3ae8-4d88-9684-f911e65dea7f	TCGA-SARC.2c10d782-d943-4999-b5f8-2339912cdca4.arriba.rna_fusion.tsv	ddbb22cd-3ae8-4d88-9684-f911e65dea7f
open	c25a0746-d2cf-47cc-82fc-8547cd9f89b0	TCGA-WK-A8XS	Transcriptome Profiling	TSV	RNA-Seq	a6d1300c-aa96-43bb-be7a-341e2f63592f	706db449-7dce-48ba-85cf-786add750631.rna_seq.augmented_star_gene_counts.tsv	a6d1300c-aa96-43bb-be7a-341e2f63592f
controlled	cd8637c0-1651-4e8a-9a88-7fb06dc36ff8	TCGA-JV-A75J	Structural Variation	TSV	RNA-Seq	e9d2049e-2f34-4543-8297-7462f7d73fce	TCGA-SARC.58c7a820-6c24-4a6e-bd4e-ca4e9c23dbda.star_fusion.rna_fusion.tsv	e9d2049e-2f34-4543-8297-7462f7d73fce
controlled	c25a0746-d2cf-47cc-82fc-8547cd9f89b0	TCGA-WK-A8XS	Structural Variation	TSV	RNA-Seq	7ae77a2a-3f2e-4269-9940-bf18122186da	TCGA-SARC.dbee78aa-5ca2-4852-a61a-68c152686b71.star_fusion.rna_fusion.tsv	7ae77a2a-3f2e-4269-9940-bf18122186da
controlled	b1a92728-e119-4f5f-a303-2ebb8ea3db88	TCGA-PC-A5DO	Structural Variation	TSV	RNA-Seq	e3d34507-d527-4f9e-a9b0-b0455e53c54d	TCGA-SARC.60f8416e-f214-41ac-8f1e-595df29d1945.arriba.rna_fusion.tsv	e3d34507-d527-4f9e-a9b0-b0455e53c54d
controlled	aaf93a92-2f93-477d-9ea4-d18ab7d4f258	TCGA-3B-A9HL	Structural Variation	TSV	RNA-Seq	c1d1b978-1239-4dd9-a3be-b2288436f162	TCGA-SARC.66e01420-8fa1-4249-9896-19dfe334c506.arriba.rna_fusion.tsv	c1d1b978-1239-4dd9-a3be-b2288436f162
controlled	b1a92728-e119-4f5f-a303-2ebb8ea3db88	TCGA-PC-A5DO	Sequencing Reads	BAM	RNA-Seq	a3d42ff8-c851-4532-afe3-0bb44efebd77	ed43dc49-ca57-4c57-a06d-8a1dbf3993c5.rna_seq.transcriptome.gdc_realn.bam	a3d42ff8-c851-4532-afe3-0bb44efebd77
controlled	b1a92728-e119-4f5f-a303-2ebb8ea3db88	TCGA-PC-A5DO	Structural Variation	TSV	RNA-Seq	eb4e9791-47c4-4b5d-a97c-6ccbe37cb39f	TCGA-SARC.cc9cc46c-32b5-4caf-86ca-645197cdf252.star_fusion.rna_fusion.tsv	eb4e9791-47c4-4b5d-a97c-6ccbe37cb39f
controlled	c5b0e6be-48b5-40e5-9d90-f9112050aa88	TCGA-HB-A5W3	Sequencing Reads	BAM	RNA-Seq	5df26a18-4edb-43b3-b5a1-47eaa48308d0	458c8c03-d9d2-4b8a-8d3c-39ae59b813bd.rna_seq.chimeric.gdc_realn.bam	5df26a18-4edb-43b3-b5a1-47eaa48308d0
controlled	a1f0e5db-5c73-4b83-8cc4-6208941806de	TCGA-DX-A7ES	Sequencing Reads	BAM	RNA-Seq	b85fb58d-5036-4d92-94c6-38ba2a3fe1f3	b9d9b25f-f6c3-433a-8b3b-1bcc395b2412.rna_seq.chimeric.gdc_realn.bam	b85fb58d-5036-4d92-94c6-38ba2a3fe1f3
controlled	c5b0e6be-48b5-40e5-9d90-f9112050aa88	TCGA-HB-A5W3	Structural Variation	BEDPE	RNA-Seq	f5b054ae-601b-4ed6-8d02-d380e331ca46	TCGA-SARC.91a88358-7089-4d33-9f73-5d568e8b5657.arriba.rna_fusion.bedpe	f5b054ae-601b-4ed6-8d02-d380e331ca46
controlled	b2ee912a-0a57-4d46-bc25-3594028fe387	TCGA-X6-A8C4	Sequencing Reads	BAM	RNA-Seq	dff68fcb-aedb-4111-8424-afc7c56eeeae	bf6981c0-7cb3-4370-9ca4-97b939533c8b.rna_seq.transcriptome.gdc_realn.bam	dff68fcb-aedb-4111-8424-afc7c56eeeae
controlled	aaf93a92-2f93-477d-9ea4-d18ab7d4f258	TCGA-3B-A9HL	Sequencing Reads	BAM	RNA-Seq	1837b66c-c839-495a-b73a-b9da230c7a73	8cd6627b-d32b-41b7-9fd5-a931020b3213.rna_seq.transcriptome.gdc_realn.bam	1837b66c-c839-495a-b73a-b9da230c7a73
controlled	aaf93a92-2f93-477d-9ea4-d18ab7d4f258	TCGA-3B-A9HL	Structural Variation	BEDPE	RNA-Seq	cd0b42cb-2607-4652-8377-3b7233a03b57	TCGA-SARC.66e01420-8fa1-4249-9896-19dfe334c506.arriba.rna_fusion.bedpe	cd0b42cb-2607-4652-8377-3b7233a03b57
controlled	bfaafe2d-0e83-43aa-9f81-b34b62a46d38	TCGA-DX-A1KY	Structural Variation	TSV	RNA-Seq	7fb379b0-4d80-4f22-941e-b2f56bd84c66	TCGA-SARC.4d5f1a4f-5a62-43b3-9ce5-2ca42b9a23e4.arriba.rna_fusion.tsv	7fb379b0-4d80-4f22-941e-b2f56bd84c66
controlled	bfaafe2d-0e83-43aa-9f81-b34b62a46d38	TCGA-DX-A1KY	Structural Variation	TSV	RNA-Seq	3b45edde-11d9-45d2-911a-7aa3610c97e6	TCGA-SARC.6faf6fa5-3dd9-40bd-91cf-bde8fca453c8.star_fusion.rna_fusion.tsv	3b45edde-11d9-45d2-911a-7aa3610c97e6
controlled	b2ee912a-0a57-4d46-bc25-3594028fe387	TCGA-X6-A8C4	Structural Variation	TSV	RNA-Seq	1813a64c-5d51-418b-8276-94429007332b	TCGA-SARC.eae5e924-7949-40d7-8118-e7c6c470263d.arriba.rna_fusion.tsv	1813a64c-5d51-418b-8276-94429007332b
open	bfaafe2d-0e83-43aa-9f81-b34b62a46d38	TCGA-DX-A1KY	Transcriptome Profiling	TSV	RNA-Seq	ffcce8fa-7f4e-4776-b6e5-3d30ea2d4045	6ad95fa5-b60a-48ba-b1c5-8907326ce53c.rna_seq.augmented_star_gene_counts.tsv	ffcce8fa-7f4e-4776-b6e5-3d30ea2d4045
controlled	b2ee912a-0a57-4d46-bc25-3594028fe387	TCGA-X6-A8C4	Structural Variation	TSV	RNA-Seq	0e3cf9ae-c943-4734-a8be-f049ec46fe4a	TCGA-SARC.44384c72-12a7-4190-9da1-add970df7ee2.star_fusion.rna_fusion.tsv	0e3cf9ae-c943-4734-a8be-f049ec46fe4a
controlled	c5e23947-253b-40d2-916a-277b2a580be2	TCGA-IE-A4EI	Transcriptome Profiling	TSV	RNA-Seq	5518aa37-0e18-4a92-90d4-a8c5cd357dd2	29d4d9cd-285f-46d7-a659-1eb2cdc5ee86.rna_seq.star_splice_junctions.tsv.gz	5518aa37-0e18-4a92-90d4-a8c5cd357dd2
open	cedf4099-076d-4ea7-9a86-76fe9530b88c	TCGA-JV-A5VF	Transcriptome Profiling	TSV	RNA-Seq	5aec33e3-95f7-47d7-a621-f9b9acb5cc22	02e2efbf-cd56-48de-8106-dee44354b184.rna_seq.augmented_star_gene_counts.tsv	5aec33e3-95f7-47d7-a621-f9b9acb5cc22
open	b2ee912a-0a57-4d46-bc25-3594028fe387	TCGA-X6-A8C4	Transcriptome Profiling	TSV	RNA-Seq	f8a35d91-ac3c-411f-a3f3-53ab88fa73c0	bf6981c0-7cb3-4370-9ca4-97b939533c8b.rna_seq.augmented_star_gene_counts.tsv	f8a35d91-ac3c-411f-a3f3-53ab88fa73c0
controlled	d7d9204b-b85e-4260-8a54-c39e7847e982	TCGA-SG-A849	Structural Variation	TSV	RNA-Seq	33c53029-3fe0-450d-a875-6c3139ebf78e	TCGA-SARC.fb499a3f-c2b3-41f0-8fe3-e008ad257b15.star_fusion.rna_fusion.tsv	33c53029-3fe0-450d-a875-6c3139ebf78e
controlled	d0d989cb-a50f-4ed9-8478-ae300ebc0970	TCGA-DX-AB32	Sequencing Reads	BAM	RNA-Seq	ec8e9efd-d197-4e23-9d61-1840c1283cfb	423d5c76-ef6b-4922-bb96-27bc9b9a6146.rna_seq.chimeric.gdc_realn.bam	ec8e9efd-d197-4e23-9d61-1840c1283cfb
controlled	d7d9204b-b85e-4260-8a54-c39e7847e982	TCGA-SG-A849	Sequencing Reads	BAM	RNA-Seq	bb8ce47d-a7ba-4272-892b-249da1e770a8	151226ac-c70a-4932-a9a5-9a1c6d06ec1c.rna_seq.chimeric.gdc_realn.bam	bb8ce47d-a7ba-4272-892b-249da1e770a8
open	d0d989cb-a50f-4ed9-8478-ae300ebc0970	TCGA-DX-AB32	Transcriptome Profiling	TSV	RNA-Seq	dde136e1-4895-4733-89ec-6d7a495e6d41	423d5c76-ef6b-4922-bb96-27bc9b9a6146.rna_seq.augmented_star_gene_counts.tsv	dde136e1-4895-4733-89ec-6d7a495e6d41
controlled	c5e23947-253b-40d2-916a-277b2a580be2	TCGA-IE-A4EI	Structural Variation	TSV	RNA-Seq	51015b05-5599-439f-93c1-0cbaff19906d	TCGA-SARC.86430211-30e2-4388-85fd-8b0b5de5664b.arriba.rna_fusion.tsv	51015b05-5599-439f-93c1-0cbaff19906d
controlled	b5f27002-4277-418d-90b0-cc5a2742692e	TCGA-DX-A23R	Structural Variation	BEDPE	RNA-Seq	31429fbe-7c92-492a-b0fe-c30d9f00fced	TCGA-SARC.df6a0b02-5f2a-4264-92fa-73cb35a827dc.star_fusion.rna_fusion.bedpe	31429fbe-7c92-492a-b0fe-c30d9f00fced
controlled	c5e23947-253b-40d2-916a-277b2a580be2	TCGA-IE-A4EI	Structural Variation	BEDPE	RNA-Seq	08fe80b7-219e-4bb6-987c-f9f2c3251076	TCGA-SARC.86430211-30e2-4388-85fd-8b0b5de5664b.arriba.rna_fusion.bedpe	08fe80b7-219e-4bb6-987c-f9f2c3251076
controlled	b5f27002-4277-418d-90b0-cc5a2742692e	TCGA-DX-A23R	Structural Variation	TSV	RNA-Seq	fafa296f-ba6d-438c-9a3c-868305302ec9	TCGA-SARC.d51031f6-8ee9-47ed-9d62-83df892a845f.arriba.rna_fusion.tsv	fafa296f-ba6d-438c-9a3c-868305302ec9
controlled	e119dc43-9ba7-43ad-add0-1ce8a01e3b06	TCGA-JV-A5VE	Sequencing Reads	BAM	RNA-Seq	37391d4c-0db7-4ff0-ad33-1cbb77328c1b	a00ca4f8-2855-4653-8cee-81738f40ef4c.rna_seq.genomic.gdc_realn.bam	37391d4c-0db7-4ff0-ad33-1cbb77328c1b
controlled	b5f27002-4277-418d-90b0-cc5a2742692e	TCGA-DX-A23R	Sequencing Reads	BAM	RNA-Seq	4963a97c-1e5b-4386-9c3b-b82c03484e46	52860698-dc9e-41bd-adbd-d427a72d81c7.rna_seq.transcriptome.gdc_realn.bam	4963a97c-1e5b-4386-9c3b-b82c03484e46
controlled	e4fb6a08-9d3f-4e62-85ce-7ba0dc03c8e2	TCGA-QQ-A5VD	Structural Variation	BEDPE	RNA-Seq	af9cb12b-ca66-4aea-9349-0ab5c3501774	TCGA-SARC.2679358f-5acb-49f3-b713-310a0dbc8376.arriba.rna_fusion.bedpe	af9cb12b-ca66-4aea-9349-0ab5c3501774
controlled	bfb21f9b-31af-4ecc-a4f4-d7d3f5728e01	TCGA-3B-A9HR	Transcriptome Profiling	TSV	RNA-Seq	47b77ac9-f454-45ea-a90c-c19dcc64712b	40f39dd0-1c43-4ecc-a4d9-da32d47f9fcc.rna_seq.star_splice_junctions.tsv.gz	47b77ac9-f454-45ea-a90c-c19dcc64712b
open	d7dc8efc-30d9-4d86-84a2-f39f4e1ea50e	TCGA-DX-A48L	Transcriptome Profiling	TSV	RNA-Seq	4d1a431e-a32c-45ae-a970-d8dfb60f479b	4d2236a8-cde8-4fe1-80ca-24c051407da0.rna_seq.augmented_star_gene_counts.tsv	4d1a431e-a32c-45ae-a970-d8dfb60f479b
controlled	c849127a-2f15-4fab-8815-db09b017f48c	TCGA-X6-A7W8	Structural Variation	BEDPE	RNA-Seq	302bebfb-d3a1-4449-bd23-b2dad3ea2e89	TCGA-SARC.57f45e1d-b2f0-447b-95af-7dbc3c9f3cbe.star_fusion.rna_fusion.bedpe	302bebfb-d3a1-4449-bd23-b2dad3ea2e89
controlled	dc18ccea-b332-4fac-b49b-1e0217ad025b	TCGA-PC-A5DN	Structural Variation	TSV	RNA-Seq	2f97bddd-cf73-4e1a-a620-8a19e6c82665	TCGA-SARC.501b5486-3dfb-43e3-bef9-46dd420d05d3.arriba.rna_fusion.tsv	2f97bddd-cf73-4e1a-a620-8a19e6c82665
controlled	c849127a-2f15-4fab-8815-db09b017f48c	TCGA-X6-A7W8	Sequencing Reads	BAM	RNA-Seq	d3b77724-6a7c-451b-b309-89f08eeee197	5fdbbbb1-3a95-44b6-ba85-0a2f86114fc0.rna_seq.genomic.gdc_realn.bam	d3b77724-6a7c-451b-b309-89f08eeee197
controlled	d51b9939-aef7-426b-a57f-01c3684e2dc2	TCGA-RN-A68Q	Structural Variation	BEDPE	RNA-Seq	c71e14e7-87fe-4434-8ea8-ce7d8d12365c	TCGA-SARC.3219bdfb-c1db-411e-964b-3dfe5279933d.arriba.rna_fusion.bedpe	c71e14e7-87fe-4434-8ea8-ce7d8d12365c
controlled	bfb21f9b-31af-4ecc-a4f4-d7d3f5728e01	TCGA-3B-A9HR	Structural Variation	BEDPE	RNA-Seq	6fd7d5f7-ad8a-4d85-9c35-3db8e1eef0fe	TCGA-SARC.77927d57-b554-40fc-b17c-5389346c4de5.star_fusion.rna_fusion.bedpe	6fd7d5f7-ad8a-4d85-9c35-3db8e1eef0fe
controlled	bfb21f9b-31af-4ecc-a4f4-d7d3f5728e01	TCGA-3B-A9HR	Structural Variation	BEDPE	RNA-Seq	1c300919-6fd7-4d84-9428-56b7ee8f9e21	TCGA-SARC.73c2d75b-dffb-4d70-9eba-5683583a6b56.arriba.rna_fusion.bedpe	1c300919-6fd7-4d84-9428-56b7ee8f9e21
controlled	de0cfb5d-0db6-4bf9-8a92-c5de4208bb04	TCGA-Z4-A8JB	Structural Variation	BEDPE	RNA-Seq	8b53a6f1-c287-4b8e-a0ad-743c4235a0cb	TCGA-SARC.57746e26-ee15-4b13-8adb-bcb5cb02188e.arriba.rna_fusion.bedpe	8b53a6f1-c287-4b8e-a0ad-743c4235a0cb
controlled	c030f196-9591-4b0e-ad72-2320f277773b	TCGA-QQ-A5V2	Sequencing Reads	BAM	RNA-Seq	9f166281-670c-4a9a-a627-f1d3dbe5e74a	829cbc0d-7898-48b6-b6ba-48a47d0f4ccf.rna_seq.chimeric.gdc_realn.bam	9f166281-670c-4a9a-a627-f1d3dbe5e74a
controlled	c030f196-9591-4b0e-ad72-2320f277773b	TCGA-QQ-A5V2	Sequencing Reads	BAM	RNA-Seq	fc25c55c-aa45-4912-ae1b-fd83bccbf840	829cbc0d-7898-48b6-b6ba-48a47d0f4ccf.rna_seq.genomic.gdc_realn.bam	fc25c55c-aa45-4912-ae1b-fd83bccbf840
controlled	de0cfb5d-0db6-4bf9-8a92-c5de4208bb04	TCGA-Z4-A8JB	Transcriptome Profiling	TSV	RNA-Seq	b3e5c1b1-c553-4ca5-bc9e-02eb7332ec32	9efdcc72-5ab6-4696-922e-7b5c260c76a1.rna_seq.star_splice_junctions.tsv.gz	b3e5c1b1-c553-4ca5-bc9e-02eb7332ec32
open	cabd63ee-d833-47b0-9a0b-8a046d260af1	TCGA-DX-AB3A	Transcriptome Profiling	TSV	RNA-Seq	a785e3ad-659d-4962-b61c-17fbe25b1667	2715cda3-22d3-4088-9354-63b7bea6011f.rna_seq.augmented_star_gene_counts.tsv	a785e3ad-659d-4962-b61c-17fbe25b1667
controlled	de0cfb5d-0db6-4bf9-8a92-c5de4208bb04	TCGA-Z4-A8JB	Sequencing Reads	BAM	RNA-Seq	b02397df-3736-4eae-bb56-dfbb7c812a24	9efdcc72-5ab6-4696-922e-7b5c260c76a1.rna_seq.chimeric.gdc_realn.bam	b02397df-3736-4eae-bb56-dfbb7c812a24
controlled	c030f196-9591-4b0e-ad72-2320f277773b	TCGA-QQ-A5V2	Transcriptome Profiling	TSV	RNA-Seq	d56148f8-8cc5-4402-a8db-9062a7e7661d	829cbc0d-7898-48b6-b6ba-48a47d0f4ccf.rna_seq.star_splice_junctions.tsv.gz	d56148f8-8cc5-4402-a8db-9062a7e7661d
controlled	c030f196-9591-4b0e-ad72-2320f277773b	TCGA-QQ-A5V2	Structural Variation	BEDPE	RNA-Seq	e307f017-c3f1-479d-92cf-df6fd90f39ff	TCGA-SARC.6e1974bb-77f6-4f0b-8444-e71d361bc4e5.star_fusion.rna_fusion.bedpe	e307f017-c3f1-479d-92cf-df6fd90f39ff
controlled	de0cfb5d-0db6-4bf9-8a92-c5de4208bb04	TCGA-Z4-A8JB	Structural Variation	TSV	RNA-Seq	ecf3aa83-6baf-49ee-970f-2020cd961ced	TCGA-SARC.57746e26-ee15-4b13-8adb-bcb5cb02188e.arriba.rna_fusion.tsv	ecf3aa83-6baf-49ee-970f-2020cd961ced
controlled	e786de34-4c21-460f-89ab-008de4347049	TCGA-DX-A3LU	Sequencing Reads	BAM	RNA-Seq	ca314298-9ae2-47d7-aacd-4155a2733efb	303b3d44-f71a-4c7a-bae9-1e2b5e875619.rna_seq.transcriptome.gdc_realn.bam	ca314298-9ae2-47d7-aacd-4155a2733efb
open	eea7d707-aeb9-4d00-ab5e-c1ea608517e9	TCGA-DX-A8BT	Transcriptome Profiling	TSV	RNA-Seq	58e531ee-122a-491b-9884-3a4831e9217e	759a476c-94db-4be9-be54-267e733d7136.rna_seq.augmented_star_gene_counts.tsv	58e531ee-122a-491b-9884-3a4831e9217e
controlled	ef273fe6-aab0-41eb-94f7-cca980bf789e	TCGA-DX-A7EL	Sequencing Reads	BAM	RNA-Seq	1246029e-feec-4143-a621-1900da46889f	0c389e19-e3fb-4345-a754-6267912ea70d.rna_seq.chimeric.gdc_realn.bam	1246029e-feec-4143-a621-1900da46889f
controlled	de277edb-4543-4bd7-8f86-206c18b54d8d	TCGA-DX-A48P	Structural Variation	BEDPE	RNA-Seq	0d8571bc-4eda-4380-9121-bc63e8db506f	TCGA-SARC.4ad9b364-855c-488c-96ac-f88878bf56b8.arriba.rna_fusion.bedpe	0d8571bc-4eda-4380-9121-bc63e8db506f
controlled	de277edb-4543-4bd7-8f86-206c18b54d8d	TCGA-DX-A48P	Structural Variation	BEDPE	RNA-Seq	9a603296-a6d2-4706-b234-db3c793dbb06	TCGA-SARC.79babf71-2d1a-498f-b036-7b7d2c88d27c.star_fusion.rna_fusion.bedpe	9a603296-a6d2-4706-b234-db3c793dbb06
controlled	cabd63ee-d833-47b0-9a0b-8a046d260af1	TCGA-DX-AB3A	Structural Variation	TSV	RNA-Seq	b3e3544a-7e79-441e-a0ff-7a171ce0b7b8	TCGA-SARC.ce6c5be2-2554-4dca-bb27-fc83ed752cee.arriba.rna_fusion.tsv	b3e3544a-7e79-441e-a0ff-7a171ce0b7b8
controlled	ef273fe6-aab0-41eb-94f7-cca980bf789e	TCGA-DX-A7EL	Structural Variation	BEDPE	RNA-Seq	0281f133-0056-47ac-a9ed-10fe61535dcc	TCGA-SARC.31084861-f3e3-417f-ace0-706eb4843bcb.star_fusion.rna_fusion.bedpe	0281f133-0056-47ac-a9ed-10fe61535dcc
controlled	de509aa1-6f20-480f-bf9d-d6bc04a7f72c	TCGA-RN-AAAQ	Structural Variation	TSV	RNA-Seq	e218056b-565a-46fc-8247-41afb7024845	TCGA-SARC.96bd7bf7-56f9-4535-84a2-cffda1588597.arriba.rna_fusion.tsv	e218056b-565a-46fc-8247-41afb7024845
controlled	de509aa1-6f20-480f-bf9d-d6bc04a7f72c	TCGA-RN-AAAQ	Sequencing Reads	BAM	RNA-Seq	257c5027-f124-4b3d-8927-103a1b515ff7	3a0617d7-2391-44ff-b407-520b16dd57c2.rna_seq.chimeric.gdc_realn.bam	257c5027-f124-4b3d-8927-103a1b515ff7
controlled	f693eec9-cd6e-4696-882f-a6dffe481df9	TCGA-DX-A6BF	Sequencing Reads	BAM	RNA-Seq	2b331dc3-0cda-40f3-819e-5cb5157050a7	6a4d63d9-8a15-473e-80f4-d11242530d96.rna_seq.transcriptome.gdc_realn.bam	2b331dc3-0cda-40f3-819e-5cb5157050a7
controlled	e7a72f7e-77b1-4d95-8f37-39a6cffc35dc	TCGA-DX-A3LT	Structural Variation	BEDPE	RNA-Seq	31f238ed-c8e1-4d0f-b0fa-3c6ccf6c0936	TCGA-SARC.182cbfe5-5c7c-4787-b988-2697ba82a66d.arriba.rna_fusion.bedpe	31f238ed-c8e1-4d0f-b0fa-3c6ccf6c0936
controlled	c05498e7-5b93-4acb-9d91-3a505116558d	TCGA-KD-A5QT	Sequencing Reads	BAM	RNA-Seq	eddeb0df-9bda-4fdc-b874-3f15d1d347d8	b6a1af60-1aff-47cf-a983-d3146dc293fd.rna_seq.transcriptome.gdc_realn.bam	eddeb0df-9bda-4fdc-b874-3f15d1d347d8
controlled	c05498e7-5b93-4acb-9d91-3a505116558d	TCGA-KD-A5QT	Structural Variation	BEDPE	RNA-Seq	e2990763-0094-467e-b063-51ff2be8bf52	TCGA-SARC.8ae35d00-f401-45d7-8b69-c484e376299e.arriba.rna_fusion.bedpe	e2990763-0094-467e-b063-51ff2be8bf52
controlled	f2fcb8c3-4679-4753-8887-bf4c2781df3a	TCGA-DX-A48U	Structural Variation	TSV	RNA-Seq	92180814-8684-4593-9b49-3f850cfd3cc0	TCGA-SARC.b84e809e-dbaa-44ba-b9fd-febed48de0d0.arriba.rna_fusion.tsv	92180814-8684-4593-9b49-3f850cfd3cc0
controlled	df4954d3-8334-4b0b-a781-43c12d03d604	TCGA-X6-A7WD	Sequencing Reads	BAM	RNA-Seq	6c702a3d-2edb-47ea-8385-dba4e1b042a2	45efdc43-0925-4980-aa5f-94d30bf73208.rna_seq.transcriptome.gdc_realn.bam	6c702a3d-2edb-47ea-8385-dba4e1b042a2
open	f693eec9-cd6e-4696-882f-a6dffe481df9	TCGA-DX-A6BF	Transcriptome Profiling	TSV	RNA-Seq	d40c629f-0c29-4f51-9258-a16a4c12afad	6a4d63d9-8a15-473e-80f4-d11242530d96.rna_seq.augmented_star_gene_counts.tsv	d40c629f-0c29-4f51-9258-a16a4c12afad
controlled	f75d2589-fd7b-49a1-a1c8-0b4726b81f3c	TCGA-DX-A2J4	Structural Variation	BEDPE	RNA-Seq	77bc1e2e-cafe-48b8-b27d-301f895aa50b	TCGA-SARC.8dd3bf26-c0f8-44a2-ba9f-121dd1b91a6e.arriba.rna_fusion.bedpe	77bc1e2e-cafe-48b8-b27d-301f895aa50b
controlled	f75d2589-fd7b-49a1-a1c8-0b4726b81f3c	TCGA-DX-A2J4	Sequencing Reads	BAM	RNA-Seq	6a6c3fb5-7015-4745-a46a-47df2b825b61	4a04654e-f230-478f-9523-c8ba4d7b6091.rna_seq.genomic.gdc_realn.bam	6a6c3fb5-7015-4745-a46a-47df2b825b61
controlled	e987c47d-6ecb-41bb-a66f-a0489e56449f	TCGA-DX-A8BL	Structural Variation	TSV	RNA-Seq	dee9fe41-0955-459f-9646-5207a97ae7bc	TCGA-SARC.c1facc27-6f61-4492-871b-07313f065d8f.arriba.rna_fusion.tsv	dee9fe41-0955-459f-9646-5207a97ae7bc
controlled	df4954d3-8334-4b0b-a781-43c12d03d604	TCGA-X6-A7WD	Structural Variation	TSV	RNA-Seq	a210c41a-95a9-4209-9f47-08f1b9cbbb6c	TCGA-SARC.87a7a5d5-b9e1-4c47-b1af-b78379c882e9.arriba.rna_fusion.tsv	a210c41a-95a9-4209-9f47-08f1b9cbbb6c
controlled	e987c47d-6ecb-41bb-a66f-a0489e56449f	TCGA-DX-A8BL	Transcriptome Profiling	TSV	RNA-Seq	3ff5f2f2-2ce4-4f71-8d03-b1fc76809445	490700e9-fc4f-4548-8ea5-8e2b9dd22010.rna_seq.star_splice_junctions.tsv.gz	3ff5f2f2-2ce4-4f71-8d03-b1fc76809445
controlled	e0b298e0-0d11-4cc8-a9fa-7f2cc9f1d6e9	TCGA-Z4-AAPF	Structural Variation	TSV	RNA-Seq	566d1f37-b1c8-4ca5-bd39-a4ab911ec025	TCGA-SARC.92533d2b-6d5a-4ac8-9761-0e214b9e287d.arriba.rna_fusion.tsv	566d1f37-b1c8-4ca5-bd39-a4ab911ec025
controlled	e0b298e0-0d11-4cc8-a9fa-7f2cc9f1d6e9	TCGA-Z4-AAPF	Sequencing Reads	BAM	RNA-Seq	dd313843-0e93-43d2-97f1-efcc9cbbb388	f1105d35-2d57-43bb-998a-538ac0718233.rna_seq.chimeric.gdc_realn.bam	dd313843-0e93-43d2-97f1-efcc9cbbb388
controlled	f4852819-6c2d-45f7-8479-5e79f143c7b5	TCGA-KD-A5QS	Structural Variation	BEDPE	RNA-Seq	5da82f6b-c1a1-4a7c-9ed8-ccc1e9e13403	TCGA-SARC.a7b79996-6b4c-4c38-907d-0ea154147372.arriba.rna_fusion.bedpe	5da82f6b-c1a1-4a7c-9ed8-ccc1e9e13403
controlled	f94615ea-551c-4f63-af0d-5e49c87fc66e	TCGA-3B-A9HP	Structural Variation	BEDPE	RNA-Seq	e6b70f15-94b6-45df-893d-5008294cbb10	TCGA-SARC.387bb127-ab05-442c-8fc4-e40fe11344ea.star_fusion.rna_fusion.bedpe	e6b70f15-94b6-45df-893d-5008294cbb10
controlled	f4852819-6c2d-45f7-8479-5e79f143c7b5	TCGA-KD-A5QS	Sequencing Reads	BAM	RNA-Seq	a3262502-845b-4a97-8459-48c0833f8f5b	eebd8d7d-4797-4fa2-a0f5-c479ba8c2104.rna_seq.genomic.gdc_realn.bam	a3262502-845b-4a97-8459-48c0833f8f5b
controlled	f4852819-6c2d-45f7-8479-5e79f143c7b5	TCGA-KD-A5QS	Structural Variation	BEDPE	RNA-Seq	037bb190-806e-42d8-a244-0d6ecfb7631c	TCGA-SARC.856e5719-a486-43a8-92b7-428b6c75efd7.star_fusion.rna_fusion.bedpe	037bb190-806e-42d8-a244-0d6ecfb7631c
controlled	f4852819-6c2d-45f7-8479-5e79f143c7b5	TCGA-KD-A5QS	Transcriptome Profiling	TSV	RNA-Seq	d0d18ea1-1bd8-47e2-866e-9c67682c9826	eebd8d7d-4797-4fa2-a0f5-c479ba8c2104.rna_seq.star_splice_junctions.tsv.gz	d0d18ea1-1bd8-47e2-866e-9c67682c9826
controlled	f4852819-6c2d-45f7-8479-5e79f143c7b5	TCGA-KD-A5QS	Structural Variation	TSV	RNA-Seq	dd237950-ba4a-4071-ae74-cbbdca23a8e3	TCGA-SARC.a7b79996-6b4c-4c38-907d-0ea154147372.arriba.rna_fusion.tsv	dd237950-ba4a-4071-ae74-cbbdca23a8e3
open	f9ceee8b-aa08-4123-ba70-76b3cbfc50e6	TCGA-DX-A6YT	Transcriptome Profiling	TSV	RNA-Seq	2967e155-2aac-4975-a799-263b760d44e9	a7bec419-7c8d-495d-9cb3-f810ff08c8b4.rna_seq.augmented_star_gene_counts.tsv	2967e155-2aac-4975-a799-263b760d44e9
controlled	ea0e5ae7-1f15-4504-aea3-efd1f6733304	TCGA-DX-A1KU	Structural Variation	TSV	RNA-Seq	1ad4888f-1e23-4516-b6e1-5fbbf8c6bea5	TCGA-SARC.4663edcb-f5cb-4d66-a987-97c67f05787b.arriba.rna_fusion.tsv	1ad4888f-1e23-4516-b6e1-5fbbf8c6bea5
open	2948d657-e5dd-4d6e-91b5-88c54f73ac31	TCGA-HS-A5N9	Transcriptome Profiling	TSV	RNA-Seq	00efbb37-cb7e-4411-b857-eee5a36a3cce	8e3ba195-d539-4876-a300-4f5855b145c6.rna_seq.augmented_star_gene_counts.tsv	00efbb37-cb7e-4411-b857-eee5a36a3cce
controlled	f6509c51-3bdc-45cc-81fe-5e775236305a	TCGA-3B-A9HO	Structural Variation	BEDPE	RNA-Seq	3520380a-ed39-4ab4-a7b6-77c8ea58d8d0	TCGA-SARC.1deab279-467f-4854-a9fb-5b009e642809.arriba.rna_fusion.bedpe	3520380a-ed39-4ab4-a7b6-77c8ea58d8d0
controlled	f6509c51-3bdc-45cc-81fe-5e775236305a	TCGA-3B-A9HO	Sequencing Reads	BAM	RNA-Seq	9abb94cf-0bdf-4443-b236-06b642eecf6a	5c0a368d-18a5-427a-9e6c-ea7afff3cbdd.rna_seq.chimeric.gdc_realn.bam	9abb94cf-0bdf-4443-b236-06b642eecf6a
open	f6509c51-3bdc-45cc-81fe-5e775236305a	TCGA-3B-A9HO	Transcriptome Profiling	TSV	RNA-Seq	023c4fe4-9cf4-45b0-a037-3dccd7c1a8c7	5c0a368d-18a5-427a-9e6c-ea7afff3cbdd.rna_seq.augmented_star_gene_counts.tsv	023c4fe4-9cf4-45b0-a037-3dccd7c1a8c7
controlled	f6509c51-3bdc-45cc-81fe-5e775236305a	TCGA-3B-A9HO	Transcriptome Profiling	TSV	RNA-Seq	ab73d3af-4b54-4a79-9625-c3cd7b4ec164	5c0a368d-18a5-427a-9e6c-ea7afff3cbdd.rna_seq.star_splice_junctions.tsv.gz	ab73d3af-4b54-4a79-9625-c3cd7b4ec164
controlled	f6509c51-3bdc-45cc-81fe-5e775236305a	TCGA-3B-A9HO	Structural Variation	TSV	RNA-Seq	f2e44d78-e55c-4bb5-96eb-5acbda99d623	TCGA-SARC.9af845d8-b8c7-41c9-a497-33c554db5f8a.star_fusion.rna_fusion.tsv	f2e44d78-e55c-4bb5-96eb-5acbda99d623
controlled	f6509c51-3bdc-45cc-81fe-5e775236305a	TCGA-3B-A9HO	Sequencing Reads	BAM	RNA-Seq	8ec6da64-2136-4087-86d2-04d29e02872c	5c0a368d-18a5-427a-9e6c-ea7afff3cbdd.rna_seq.transcriptome.gdc_realn.bam	8ec6da64-2136-4087-86d2-04d29e02872c
controlled	f6509c51-3bdc-45cc-81fe-5e775236305a	TCGA-3B-A9HO	Structural Variation	BEDPE	RNA-Seq	98c3f766-742c-440a-99f5-9b62e4f98210	TCGA-SARC.9af845d8-b8c7-41c9-a497-33c554db5f8a.star_fusion.rna_fusion.bedpe	98c3f766-742c-440a-99f5-9b62e4f98210
controlled	f6509c51-3bdc-45cc-81fe-5e775236305a	TCGA-3B-A9HO	Sequencing Reads	BAM	RNA-Seq	77e96251-86fc-4500-a226-5fa6c8716dbd	5c0a368d-18a5-427a-9e6c-ea7afff3cbdd.rna_seq.genomic.gdc_realn.bam	77e96251-86fc-4500-a226-5fa6c8716dbd
controlled	a692aa06-e081-4b62-bc01-a5b0a296290d	TCGA-PC-A5DM	Sequencing Reads	BAM	RNA-Seq	4b8bc007-f295-4651-a13a-e0de51562dd7	04800473-f727-4923-a231-e0b20f0558f6.rna_seq.chimeric.gdc_realn.bam	4b8bc007-f295-4651-a13a-e0de51562dd7
controlled	a692aa06-e081-4b62-bc01-a5b0a296290d	TCGA-PC-A5DM	Sequencing Reads	BAM	RNA-Seq	0d8e0a55-f3ae-48a4-9e8d-0a9500cd4250	04800473-f727-4923-a231-e0b20f0558f6.rna_seq.genomic.gdc_realn.bam	0d8e0a55-f3ae-48a4-9e8d-0a9500cd4250
open	a692aa06-e081-4b62-bc01-a5b0a296290d	TCGA-PC-A5DM	Transcriptome Profiling	TSV	RNA-Seq	d24e5b94-72b9-491e-a50e-077e0314cb4f	04800473-f727-4923-a231-e0b20f0558f6.rna_seq.augmented_star_gene_counts.tsv	d24e5b94-72b9-491e-a50e-077e0314cb4f
controlled	a692aa06-e081-4b62-bc01-a5b0a296290d	TCGA-PC-A5DM	Transcriptome Profiling	TSV	RNA-Seq	72d0ff32-b40a-452c-acd7-f1ffe74e37fa	04800473-f727-4923-a231-e0b20f0558f6.rna_seq.star_splice_junctions.tsv.gz	72d0ff32-b40a-452c-acd7-f1ffe74e37fa
controlled	2905cbd1-719b-46d9-b8af-8fe4927bc473	TCGA-FX-A2QS	Sequencing Reads	BAM	RNA-Seq	3e87790a-ec62-47c5-b0bd-df9c0ff0f531	98fc3c8c-ec11-4b78-89d0-dfcd5f9093b3.rna_seq.chimeric.gdc_realn.bam	3e87790a-ec62-47c5-b0bd-df9c0ff0f531
controlled	2905cbd1-719b-46d9-b8af-8fe4927bc473	TCGA-FX-A2QS	Sequencing Reads	BAM	RNA-Seq	4e86e3c5-42fa-4763-b422-26d912a05848	eac71dee-8ad1-43d1-9207-fc1060c67ff4.rna_seq.transcriptome.gdc_realn.bam	4e86e3c5-42fa-4763-b422-26d912a05848
controlled	9c9b53e5-cdbe-4510-a839-4a3b5039681b	TCGA-HB-A43Z	Structural Variation	BEDPE	RNA-Seq	2d446186-4f1a-47ae-b5c3-c1f732c2f297	TCGA-SARC.c4c4e4f0-78d5-48c1-8ebe-ebd73c73b6a9.star_fusion.rna_fusion.bedpe	2d446186-4f1a-47ae-b5c3-c1f732c2f297
controlled	9c9b53e5-cdbe-4510-a839-4a3b5039681b	TCGA-HB-A43Z	Structural Variation	BEDPE	RNA-Seq	64aabcec-d4e6-47ac-bd70-6e8af568133f	TCGA-SARC.b35fbe6d-f97b-4e29-bd12-c87d12d5cd21.arriba.rna_fusion.bedpe	64aabcec-d4e6-47ac-bd70-6e8af568133f
controlled	9c9b53e5-cdbe-4510-a839-4a3b5039681b	TCGA-HB-A43Z	Sequencing Reads	BAM	RNA-Seq	080ecda7-f5a3-418f-91bd-2477e0915f5f	1418c12d-e57a-4ace-bd8a-32b1f15c56e2.rna_seq.genomic.gdc_realn.bam	080ecda7-f5a3-418f-91bd-2477e0915f5f
controlled	2905cbd1-719b-46d9-b8af-8fe4927bc473	TCGA-FX-A2QS	Transcriptome Profiling	TSV	RNA-Seq	eba8fad8-0529-4e4e-a0da-1445646b1a2c	98fc3c8c-ec11-4b78-89d0-dfcd5f9093b3.rna_seq.star_splice_junctions.tsv.gz	eba8fad8-0529-4e4e-a0da-1445646b1a2c
controlled	2905cbd1-719b-46d9-b8af-8fe4927bc473	TCGA-FX-A2QS	Sequencing Reads	BAM	RNA-Seq	bf7d7de6-e797-4ea0-861e-74e77d6a8f5b	98fc3c8c-ec11-4b78-89d0-dfcd5f9093b3.rna_seq.transcriptome.gdc_realn.bam	bf7d7de6-e797-4ea0-861e-74e77d6a8f5b
controlled	eaadfe2a-23fb-400b-86b3-4fba6d968aa3	TCGA-IS-A3K6	Structural Variation	BEDPE	RNA-Seq	d6b8a504-5d4f-4699-a65c-1225173dd225	TCGA-SARC.d57455d2-4059-48dd-84ff-49d13b0b037a.arriba.rna_fusion.bedpe	d6b8a504-5d4f-4699-a65c-1225173dd225
controlled	8488bb97-bf11-45cc-b1bd-52969598448d	TCGA-IF-A3RQ	Sequencing Reads	BAM	RNA-Seq	fbb314ea-fdb5-42cd-9184-c2fffa139a80	c20abb77-a696-4df4-b673-c2d99e765963.rna_seq.genomic.gdc_realn.bam	fbb314ea-fdb5-42cd-9184-c2fffa139a80
controlled	27818e2c-aa23-4be3-a1d6-d6a7aa88795d	TCGA-K1-A3PO	Sequencing Reads	BAM	RNA-Seq	71f11df4-c5da-4693-b319-988ddfb69677	bd93c721-5b29-4ff8-97e1-4032c626970d.rna_seq.transcriptome.gdc_realn.bam	71f11df4-c5da-4693-b319-988ddfb69677
controlled	8488bb97-bf11-45cc-b1bd-52969598448d	TCGA-IF-A3RQ	Transcriptome Profiling	TSV	RNA-Seq	1ef7e454-6dbc-457e-bb15-5f803bc39fd1	c20abb77-a696-4df4-b673-c2d99e765963.rna_seq.star_splice_junctions.tsv.gz	1ef7e454-6dbc-457e-bb15-5f803bc39fd1
controlled	8488bb97-bf11-45cc-b1bd-52969598448d	TCGA-IF-A3RQ	Structural Variation	BEDPE	RNA-Seq	f3809692-5268-4b67-8617-1bfd86791da5	TCGA-SARC.f59311fa-83d7-4084-8b3f-4e5874abeec7.star_fusion.rna_fusion.bedpe	f3809692-5268-4b67-8617-1bfd86791da5
controlled	9393e4f1-6a1b-4181-b928-72b6f335bec2	TCGA-IF-A4AK	Sequencing Reads	BAM	RNA-Seq	b2f73eb6-4b46-4c71-a9ce-2e736d34cdf2	c9b1259e-841d-4971-a8d9-5e287bebe2e4.rna_seq.transcriptome.gdc_realn.bam	b2f73eb6-4b46-4c71-a9ce-2e736d34cdf2
controlled	e9e4731a-a7ca-455c-868c-a6d53d0aa749	TCGA-DX-AB35	Structural Variation	TSV	RNA-Seq	7853e23a-aa99-4934-a582-221b1536c467	TCGA-SARC.462f7cdd-a7f2-46e6-b50b-c09e7e9a351b.star_fusion.rna_fusion.tsv	7853e23a-aa99-4934-a582-221b1536c467
controlled	e9e4731a-a7ca-455c-868c-a6d53d0aa749	TCGA-DX-AB35	Sequencing Reads	BAM	RNA-Seq	9b5930d4-f2db-4d12-ae67-26acc03847cb	d159e5c3-7517-4510-a948-054f8b4a88ef.rna_seq.chimeric.gdc_realn.bam	9b5930d4-f2db-4d12-ae67-26acc03847cb
open	1c851f7b-a206-45db-ad52-338aa57c2ac1	TCGA-DX-AB2T	Transcriptome Profiling	TSV	RNA-Seq	24291838-d377-49ad-b33e-29272c9be236	571a99f5-56e3-42f7-99b9-f0a80def7570.rna_seq.augmented_star_gene_counts.tsv	24291838-d377-49ad-b33e-29272c9be236
controlled	a46c2122-9eb3-429c-aaf7-24fcb1f7a6a1	TCGA-FX-A3NK	Transcriptome Profiling	TSV	RNA-Seq	3d4706b7-cfa2-4e89-8f43-f8b9e05c470a	d81ad264-0c65-45bc-8394-fd24832737bb.rna_seq.star_splice_junctions.tsv.gz	3d4706b7-cfa2-4e89-8f43-f8b9e05c470a
controlled	1c851f7b-a206-45db-ad52-338aa57c2ac1	TCGA-DX-AB2T	Sequencing Reads	BAM	RNA-Seq	379d5afc-ed8c-42f3-a0e1-1debb2591419	571a99f5-56e3-42f7-99b9-f0a80def7570.rna_seq.transcriptome.gdc_realn.bam	379d5afc-ed8c-42f3-a0e1-1debb2591419
controlled	a46c2122-9eb3-429c-aaf7-24fcb1f7a6a1	TCGA-FX-A3NK	Structural Variation	TSV	RNA-Seq	c8de1f4e-7e87-4bf7-a37e-485d25142086	TCGA-SARC.96ca02dc-72aa-46ee-bc93-eb6fd7d0493e.star_fusion.rna_fusion.tsv	c8de1f4e-7e87-4bf7-a37e-485d25142086
controlled	1c851f7b-a206-45db-ad52-338aa57c2ac1	TCGA-DX-AB2T	Sequencing Reads	BAM	RNA-Seq	ceda8e08-c5e6-4f08-b77e-896a0aeba966	571a99f5-56e3-42f7-99b9-f0a80def7570.rna_seq.chimeric.gdc_realn.bam	ceda8e08-c5e6-4f08-b77e-896a0aeba966
controlled	e9e4731a-a7ca-455c-868c-a6d53d0aa749	TCGA-DX-AB35	Transcriptome Profiling	TSV	RNA-Seq	e9bd5c80-1f91-4222-abe1-2c9e1d9ad054	d159e5c3-7517-4510-a948-054f8b4a88ef.rna_seq.star_splice_junctions.tsv.gz	e9bd5c80-1f91-4222-abe1-2c9e1d9ad054
controlled	37a3b7c7-971a-4c96-8c77-14bb0b7741a3	TCGA-QQ-A8VG	Sequencing Reads	BAM	RNA-Seq	f7747530-b4ff-420b-80a6-4fb327fea184	d019b4cf-75c8-4eb7-b344-8e44aaea29c0.rna_seq.chimeric.gdc_realn.bam	f7747530-b4ff-420b-80a6-4fb327fea184
controlled	37a3b7c7-971a-4c96-8c77-14bb0b7741a3	TCGA-QQ-A8VG	Sequencing Reads	BAM	RNA-Seq	4b315e67-8aac-46e9-a6af-087f212645b4	d019b4cf-75c8-4eb7-b344-8e44aaea29c0.rna_seq.genomic.gdc_realn.bam	4b315e67-8aac-46e9-a6af-087f212645b4
controlled	27a6bd26-4b57-4eee-be02-6b20f5b69e1e	TCGA-DX-AB2L	Structural Variation	BEDPE	RNA-Seq	42246e20-5e86-4e16-947a-fb1caa4e0402	TCGA-SARC.de3eb095-ee3e-49e6-99ad-7f72823b44a6.star_fusion.rna_fusion.bedpe	42246e20-5e86-4e16-947a-fb1caa4e0402
controlled	27a6bd26-4b57-4eee-be02-6b20f5b69e1e	TCGA-DX-AB2L	Sequencing Reads	BAM	RNA-Seq	5aeed1c9-3e6c-4eb6-9c30-97707e8da2d0	71ecb38f-c270-4b64-a13f-dac55838844f.rna_seq.chimeric.gdc_realn.bam	5aeed1c9-3e6c-4eb6-9c30-97707e8da2d0
controlled	37a3b7c7-971a-4c96-8c77-14bb0b7741a3	TCGA-QQ-A8VG	Sequencing Reads	BAM	RNA-Seq	38f1367c-50ad-4fc2-9399-590e82e3e63b	d019b4cf-75c8-4eb7-b344-8e44aaea29c0.rna_seq.transcriptome.gdc_realn.bam	38f1367c-50ad-4fc2-9399-590e82e3e63b
controlled	0020317d-d10e-4e75-8fa6-7c1bdcdee471	TCGA-HS-A5NA	Structural Variation	TSV	RNA-Seq	7a163550-29aa-4c75-a733-473353f1b661	TCGA-SARC.4f390014-fe94-4dd2-8014-48f694d988fd.arriba.rna_fusion.tsv	7a163550-29aa-4c75-a733-473353f1b661
controlled	37a3b7c7-971a-4c96-8c77-14bb0b7741a3	TCGA-QQ-A8VG	Structural Variation	TSV	RNA-Seq	7c780133-bade-4ec5-b138-bd211ab82b82	TCGA-SARC.979f60c7-b4c9-4581-8d79-89aa670b1d1a.arriba.rna_fusion.tsv	7c780133-bade-4ec5-b138-bd211ab82b82
controlled	0020317d-d10e-4e75-8fa6-7c1bdcdee471	TCGA-HS-A5NA	Transcriptome Profiling	TSV	RNA-Seq	9c4021a2-a14f-4ee2-b6ed-2a3728ec0b81	f7d7d34c-4694-4662-b7fd-be887bdc9697.rna_seq.star_splice_junctions.tsv.gz	9c4021a2-a14f-4ee2-b6ed-2a3728ec0b81
open	0020317d-d10e-4e75-8fa6-7c1bdcdee471	TCGA-HS-A5NA	Transcriptome Profiling	TSV	RNA-Seq	ef5ace19-c76b-4b0b-bbb1-825c13f93e2d	f7d7d34c-4694-4662-b7fd-be887bdc9697.rna_seq.augmented_star_gene_counts.tsv	ef5ace19-c76b-4b0b-bbb1-825c13f93e2d
controlled	1610d467-e83f-490f-a971-7b099f3b46f8	TCGA-DX-A8BO	Structural Variation	TSV	RNA-Seq	604cf259-3bf8-4d70-abb3-2c27732b2e7e	TCGA-SARC.96469085-ae46-4d8e-a011-005c282ed389.arriba.rna_fusion.tsv	604cf259-3bf8-4d70-abb3-2c27732b2e7e
controlled	1610d467-e83f-490f-a971-7b099f3b46f8	TCGA-DX-A8BO	Structural Variation	BEDPE	RNA-Seq	4dd2ffb3-0600-421a-9117-947946bf882a	TCGA-SARC.3d75f432-fa5e-4f97-aac9-9eb83507aacb.star_fusion.rna_fusion.bedpe	4dd2ffb3-0600-421a-9117-947946bf882a
controlled	1610d467-e83f-490f-a971-7b099f3b46f8	TCGA-DX-A8BO	Sequencing Reads	BAM	RNA-Seq	17a56833-346d-48d3-a6b0-14dc6bbcc42c	0b6f9291-f415-4115-b79f-1b1312794341.rna_seq.transcriptome.gdc_realn.bam	17a56833-346d-48d3-a6b0-14dc6bbcc42c
controlled	0020317d-d10e-4e75-8fa6-7c1bdcdee471	TCGA-HS-A5NA	Structural Variation	BEDPE	RNA-Seq	c2e28c6e-ed1b-46b6-8dd4-8ff3b2966834	TCGA-SARC.99cccc60-e955-4e3f-b0b6-1183de60ac88.star_fusion.rna_fusion.bedpe	c2e28c6e-ed1b-46b6-8dd4-8ff3b2966834
controlled	1610d467-e83f-490f-a971-7b099f3b46f8	TCGA-DX-A8BO	Structural Variation	TSV	RNA-Seq	b7b9375a-627d-4729-9bc1-8e997216368c	TCGA-SARC.3d75f432-fa5e-4f97-aac9-9eb83507aacb.star_fusion.rna_fusion.tsv	b7b9375a-627d-4729-9bc1-8e997216368c
controlled	5d9608fd-e3eb-4bf9-911f-7656d6814b98	TCGA-DX-AB2J	Structural Variation	BEDPE	RNA-Seq	d3dc10b3-71f9-4f7f-a59b-bd193c4ecbae	TCGA-SARC.3592c2b9-b5c1-4aee-a05d-00a06069bf51.star_fusion.rna_fusion.bedpe	d3dc10b3-71f9-4f7f-a59b-bd193c4ecbae
controlled	5d9608fd-e3eb-4bf9-911f-7656d6814b98	TCGA-DX-AB2J	Structural Variation	TSV	RNA-Seq	1845952d-373e-4427-9692-1d7ee624254a	TCGA-SARC.3b63fa4e-a15a-4c94-bc06-9e48c020d6b2.arriba.rna_fusion.tsv	1845952d-373e-4427-9692-1d7ee624254a
controlled	00eaaf62-c43e-4555-9134-1e5593386fdb	TCGA-3B-A9HS	Structural Variation	TSV	RNA-Seq	4150666f-5e3d-48eb-b572-51a460708b77	TCGA-SARC.db35bf42-5066-4a32-b6ae-1b0af24c64ce.star_fusion.rna_fusion.tsv	4150666f-5e3d-48eb-b572-51a460708b77
controlled	5d9608fd-e3eb-4bf9-911f-7656d6814b98	TCGA-DX-AB2J	Structural Variation	TSV	RNA-Seq	f64540f0-5732-45aa-9f11-2d923d931927	TCGA-SARC.3592c2b9-b5c1-4aee-a05d-00a06069bf51.star_fusion.rna_fusion.tsv	f64540f0-5732-45aa-9f11-2d923d931927
controlled	1610d467-e83f-490f-a971-7b099f3b46f8	TCGA-DX-A8BO	Transcriptome Profiling	TSV	RNA-Seq	8f2502ff-ebb4-4949-bb59-439bf12938b4	0b6f9291-f415-4115-b79f-1b1312794341.rna_seq.star_splice_junctions.tsv.gz	8f2502ff-ebb4-4949-bb59-439bf12938b4
controlled	00eaaf62-c43e-4555-9134-1e5593386fdb	TCGA-3B-A9HS	Sequencing Reads	BAM	RNA-Seq	a6367746-3dae-4042-b96d-3fc7e45991ac	ba674556-bd06-4ad1-b873-74f3f4491c1e.rna_seq.genomic.gdc_realn.bam	a6367746-3dae-4042-b96d-3fc7e45991ac
controlled	0a4af73d-3c12-4740-bf92-c0eedd3dd135	TCGA-WK-A8XZ	Structural Variation	BEDPE	RNA-Seq	3596abcd-15c3-45e1-8fd0-7e65494f811d	TCGA-SARC.ced40ba5-7ee2-40fe-b449-2919830ff2eb.star_fusion.rna_fusion.bedpe	3596abcd-15c3-45e1-8fd0-7e65494f811d
controlled	00eaaf62-c43e-4555-9134-1e5593386fdb	TCGA-3B-A9HS	Structural Variation	TSV	RNA-Seq	85430368-f927-486f-889e-52ab44ee91ed	TCGA-SARC.7c533bfe-449c-4f1e-bbd4-649e4eaacebe.arriba.rna_fusion.tsv	85430368-f927-486f-889e-52ab44ee91ed
controlled	00eaaf62-c43e-4555-9134-1e5593386fdb	TCGA-3B-A9HS	Structural Variation	BEDPE	RNA-Seq	bb69f464-2ea0-4bbb-8e45-c6600b8ef3d8	TCGA-SARC.7c533bfe-449c-4f1e-bbd4-649e4eaacebe.arriba.rna_fusion.bedpe	bb69f464-2ea0-4bbb-8e45-c6600b8ef3d8
controlled	9f7b8012-3dee-44b2-8159-f96a6eb5036a	TCGA-DX-A6BE	Sequencing Reads	BAM	RNA-Seq	21f13faf-3e55-4ca2-a1ab-e560610eb4f5	d82d2860-588c-4ad9-b3c0-867fc61ab152.rna_seq.genomic.gdc_realn.bam	21f13faf-3e55-4ca2-a1ab-e560610eb4f5
controlled	01c5f902-ec3c-4eb7-9e38-1d29ae6ab959	TCGA-WK-A8XY	Structural Variation	TSV	RNA-Seq	dd456dd4-ab28-430d-85ff-5209cd8dce46	TCGA-SARC.d2af138d-3f9c-4897-942e-e1e37c868491.star_fusion.rna_fusion.tsv	dd456dd4-ab28-430d-85ff-5209cd8dce46
controlled	01c5f902-ec3c-4eb7-9e38-1d29ae6ab959	TCGA-WK-A8XY	Structural Variation	BEDPE	RNA-Seq	fc111cd8-e8c4-46e1-9173-0c5b7dbd6cdd	TCGA-SARC.c0bd2586-0ef6-4b50-8301-8c7d3ae01f00.arriba.rna_fusion.bedpe	fc111cd8-e8c4-46e1-9173-0c5b7dbd6cdd
controlled	01c5f902-ec3c-4eb7-9e38-1d29ae6ab959	TCGA-WK-A8XY	Sequencing Reads	BAM	RNA-Seq	777adabb-d40b-45f4-af36-10a64f4b168c	f8a47640-9b0f-4d1b-94fd-dacc75fb2e96.rna_seq.genomic.gdc_realn.bam	777adabb-d40b-45f4-af36-10a64f4b168c
controlled	01c5f902-ec3c-4eb7-9e38-1d29ae6ab959	TCGA-WK-A8XY	Structural Variation	BEDPE	RNA-Seq	196bf05c-7946-4c33-83fe-e47571384eab	TCGA-SARC.d2af138d-3f9c-4897-942e-e1e37c868491.star_fusion.rna_fusion.bedpe	196bf05c-7946-4c33-83fe-e47571384eab
controlled	c054c61b-0783-46f9-9c5c-8589ea47f43d	TCGA-3B-A9HJ	Sequencing Reads	BAM	RNA-Seq	b332e41e-5770-4276-8212-3d915a13a32a	fd380503-86ec-40f2-973b-e8ca18e22e19.rna_seq.transcriptome.gdc_realn.bam	b332e41e-5770-4276-8212-3d915a13a32a
controlled	01c5f902-ec3c-4eb7-9e38-1d29ae6ab959	TCGA-WK-A8XY	Structural Variation	TSV	RNA-Seq	21f96cd1-fe70-4afb-9cbb-ca910e6ffaf1	TCGA-SARC.c0bd2586-0ef6-4b50-8301-8c7d3ae01f00.arriba.rna_fusion.tsv	21f96cd1-fe70-4afb-9cbb-ca910e6ffaf1
controlled	02b7b0c5-dad6-4270-b56b-3d04285e8147	TCGA-KD-A5QU	Transcriptome Profiling	TSV	RNA-Seq	86aea60b-eb5e-4942-8006-352c7e786476	7383c625-5ca5-487a-a4df-cf025ee14d32.rna_seq.star_splice_junctions.tsv.gz	86aea60b-eb5e-4942-8006-352c7e786476
controlled	02b7b0c5-dad6-4270-b56b-3d04285e8147	TCGA-KD-A5QU	Structural Variation	TSV	RNA-Seq	36b1b790-048f-4207-9301-397f2e3d37e1	TCGA-SARC.582ca51c-e28b-4cdb-ab59-3687eed5ea94.star_fusion.rna_fusion.tsv	36b1b790-048f-4207-9301-397f2e3d37e1
controlled	f0cbc2a4-c1f7-4b32-bce1-57eb59d351cc	TCGA-PC-A5DP	Transcriptome Profiling	TSV	RNA-Seq	6cf96500-d35a-4792-a365-d4f146f6b3cb	de4338e5-2dc7-469a-a8fc-460fe85df933.rna_seq.star_splice_junctions.tsv.gz	6cf96500-d35a-4792-a365-d4f146f6b3cb
controlled	04d45a95-4282-42e7-8e2f-2b7a5082e1b5	TCGA-WK-A8XX	Transcriptome Profiling	TSV	RNA-Seq	aab7defb-5f2e-44bc-b0f3-ae3f05c05cfe	56a42dfb-1b30-41df-9fcf-19bd3266687a.rna_seq.star_splice_junctions.tsv.gz	aab7defb-5f2e-44bc-b0f3-ae3f05c05cfe
controlled	07a6bbce-012b-48fe-8c62-e79a1b200eb6	TCGA-DX-A8BV	Transcriptome Profiling	TSV	RNA-Seq	078d264c-134d-49ec-8b8f-5ebf14796577	c3a3d352-1555-4ca3-bbb9-282830219d17.rna_seq.star_splice_junctions.tsv.gz	078d264c-134d-49ec-8b8f-5ebf14796577
open	04d45a95-4282-42e7-8e2f-2b7a5082e1b5	TCGA-WK-A8XX	Transcriptome Profiling	TSV	RNA-Seq	28429f79-092d-441e-8c2c-d45543f0aa0b	56a42dfb-1b30-41df-9fcf-19bd3266687a.rna_seq.augmented_star_gene_counts.tsv	28429f79-092d-441e-8c2c-d45543f0aa0b
open	e2272de4-02b8-4a94-b8ee-c7454996a2da	TCGA-DX-AB2Q	Transcriptome Profiling	TSV	RNA-Seq	4ec6de4a-adbb-4ca1-a7db-bf1d716b4dc8	1ef19de4-2416-4852-ba66-76854ed9d748.rna_seq.augmented_star_gene_counts.tsv	4ec6de4a-adbb-4ca1-a7db-bf1d716b4dc8
controlled	04d45a95-4282-42e7-8e2f-2b7a5082e1b5	TCGA-WK-A8XX	Structural Variation	TSV	RNA-Seq	437566c6-f4e6-4919-baca-81ecef86d71c	TCGA-SARC.6d682acc-94f4-4d37-8202-9ff78c9886da.arriba.rna_fusion.tsv	437566c6-f4e6-4919-baca-81ecef86d71c
controlled	04d45a95-4282-42e7-8e2f-2b7a5082e1b5	TCGA-WK-A8XX	Sequencing Reads	BAM	RNA-Seq	c99e3efe-1af3-4e60-a568-6de9a6e8bc42	56a42dfb-1b30-41df-9fcf-19bd3266687a.rna_seq.chimeric.gdc_realn.bam	c99e3efe-1af3-4e60-a568-6de9a6e8bc42
controlled	0ac700f3-c9cf-4ed7-a8bd-975527750024	TCGA-DX-A6B7	Transcriptome Profiling	TSV	RNA-Seq	2b1811fb-5e4f-498f-a4a9-afdcd0ac1201	7f4d714a-728a-4c11-b77c-d524df0281fe.rna_seq.star_splice_junctions.tsv.gz	2b1811fb-5e4f-498f-a4a9-afdcd0ac1201
controlled	0ac700f3-c9cf-4ed7-a8bd-975527750024	TCGA-DX-A6B7	Sequencing Reads	BAM	RNA-Seq	0e2b9472-55ec-41e8-89b2-77b7c4c96f19	7f4d714a-728a-4c11-b77c-d524df0281fe.rna_seq.chimeric.gdc_realn.bam	0e2b9472-55ec-41e8-89b2-77b7c4c96f19
controlled	04d45a95-4282-42e7-8e2f-2b7a5082e1b5	TCGA-WK-A8XX	Structural Variation	TSV	RNA-Seq	d3d32dca-792a-4cdc-9ece-3490a6c63706	TCGA-SARC.f0d08926-b564-4291-b36b-30b8af8891d3.star_fusion.rna_fusion.tsv	d3d32dca-792a-4cdc-9ece-3490a6c63706
controlled	0b6418fc-c775-4baa-8776-74ffcc492e9a	TCGA-DX-A7EQ	Structural Variation	BEDPE	RNA-Seq	e1f1c430-a65f-4112-931e-97e84a4db05b	TCGA-SARC.eba9c9eb-bacb-422d-950d-f73f16619931.star_fusion.rna_fusion.bedpe	e1f1c430-a65f-4112-931e-97e84a4db05b
controlled	051a8605-e674-4b66-a142-11ec36a96454	TCGA-DX-AB2P	Structural Variation	BEDPE	RNA-Seq	f1108c50-d8f4-4ad5-a29f-e476ed06c7ab	TCGA-SARC.fb429e32-bc9e-4804-9aee-bbe5e0434244.arriba.rna_fusion.bedpe	f1108c50-d8f4-4ad5-a29f-e476ed06c7ab
controlled	051a8605-e674-4b66-a142-11ec36a96454	TCGA-DX-AB2P	Sequencing Reads	BAM	RNA-Seq	af2fbfea-43b2-44e8-bfd7-99bff7c84824	8085d691-eaee-4327-83ca-bd6f5a98fa99.rna_seq.transcriptome.gdc_realn.bam	af2fbfea-43b2-44e8-bfd7-99bff7c84824
controlled	0b6418fc-c775-4baa-8776-74ffcc492e9a	TCGA-DX-A7EQ	Structural Variation	TSV	RNA-Seq	915a2ff5-acda-46c4-8c7a-d6b250021013	TCGA-SARC.eba9c9eb-bacb-422d-950d-f73f16619931.star_fusion.rna_fusion.tsv	915a2ff5-acda-46c4-8c7a-d6b250021013
controlled	10a6de43-a681-4cbc-821d-08335ed65320	TCGA-MJ-A68J	Sequencing Reads	BAM	RNA-Seq	ff1ccd6e-1676-4d23-9352-a2f19a1e4e14	33450ab2-7748-4ef7-b83b-2ed3de7104d3.rna_seq.transcriptome.gdc_realn.bam	ff1ccd6e-1676-4d23-9352-a2f19a1e4e14
controlled	10a6de43-a681-4cbc-821d-08335ed65320	TCGA-MJ-A68J	Structural Variation	TSV	RNA-Seq	e15d3824-399f-4121-8a76-f80991e76444	TCGA-SARC.6d0f480f-24b5-4e8a-ade7-6ce6dbef6bb9.star_fusion.rna_fusion.tsv	e15d3824-399f-4121-8a76-f80991e76444
open	051a8605-e674-4b66-a142-11ec36a96454	TCGA-DX-AB2P	Transcriptome Profiling	TSV	RNA-Seq	b20a9d7a-cd38-48eb-957d-d3aedf922756	8085d691-eaee-4327-83ca-bd6f5a98fa99.rna_seq.augmented_star_gene_counts.tsv	b20a9d7a-cd38-48eb-957d-d3aedf922756
controlled	051a8605-e674-4b66-a142-11ec36a96454	TCGA-DX-AB2P	Transcriptome Profiling	TSV	RNA-Seq	72f219a0-aa67-43fd-8a24-91e7426a5387	8085d691-eaee-4327-83ca-bd6f5a98fa99.rna_seq.star_splice_junctions.tsv.gz	72f219a0-aa67-43fd-8a24-91e7426a5387
controlled	0da5ee6c-d012-4a57-9992-9d74937aaa5f	TCGA-IW-A3M4	Transcriptome Profiling	TSV	RNA-Seq	a7d5d69a-cbf3-4589-a573-99e56b30e1fa	910dda73-362c-43e2-b3db-1a970c316000.rna_seq.star_splice_junctions.tsv.gz	a7d5d69a-cbf3-4589-a573-99e56b30e1fa
controlled	0da5ee6c-d012-4a57-9992-9d74937aaa5f	TCGA-IW-A3M4	Structural Variation	TSV	RNA-Seq	1a36d3cd-a129-4d05-a394-72c63c987caa	TCGA-SARC.25981ee0-a79c-4c7c-a3c8-0f8558c3381d.arriba.rna_fusion.tsv	1a36d3cd-a129-4d05-a394-72c63c987caa
controlled	059f7eb8-6e42-4f57-8248-ff82896aab54	TCGA-DX-A3UE	Sequencing Reads	BAM	RNA-Seq	8ddb255a-9d07-4fb3-a08a-986962a7a6fa	a7eafd67-8ecd-4b4c-92c5-e308554d7d88.rna_seq.chimeric.gdc_realn.bam	8ddb255a-9d07-4fb3-a08a-986962a7a6fa
controlled	059f7eb8-6e42-4f57-8248-ff82896aab54	TCGA-DX-A3UE	Sequencing Reads	BAM	RNA-Seq	c6179014-942b-47f9-b457-35b1e0f66f1d	a7eafd67-8ecd-4b4c-92c5-e308554d7d88.rna_seq.genomic.gdc_realn.bam	c6179014-942b-47f9-b457-35b1e0f66f1d
controlled	12b45061-9ed6-46cd-971a-b81d79bc88ec	TCGA-DX-A6YU	Structural Variation	BEDPE	RNA-Seq	df3c3b02-f3c5-4962-a9bc-c3891d9433d7	TCGA-SARC.491334bf-4965-4986-a4f3-d0890d703757.arriba.rna_fusion.bedpe	df3c3b02-f3c5-4962-a9bc-c3891d9433d7
open	05d4099f-521a-4df6-abac-f86f84b3af7f	TCGA-WP-A9GB	Transcriptome Profiling	TSV	RNA-Seq	40ac8d05-101a-439b-a849-07ab86bd0083	204b4c83-bba2-48bd-9c13-61a346f26b01.rna_seq.augmented_star_gene_counts.tsv	40ac8d05-101a-439b-a849-07ab86bd0083
controlled	12b45061-9ed6-46cd-971a-b81d79bc88ec	TCGA-DX-A6YU	Structural Variation	TSV	RNA-Seq	773562c2-14e4-420f-b8aa-751a3845bba3	TCGA-SARC.491334bf-4965-4986-a4f3-d0890d703757.arriba.rna_fusion.tsv	773562c2-14e4-420f-b8aa-751a3845bba3
controlled	05d4099f-521a-4df6-abac-f86f84b3af7f	TCGA-WP-A9GB	Transcriptome Profiling	TSV	RNA-Seq	de5559ec-0828-4a2f-900a-fca36bb6be88	204b4c83-bba2-48bd-9c13-61a346f26b01.rna_seq.star_splice_junctions.tsv.gz	de5559ec-0828-4a2f-900a-fca36bb6be88
controlled	12b45061-9ed6-46cd-971a-b81d79bc88ec	TCGA-DX-A6YU	Structural Variation	BEDPE	RNA-Seq	feb8f738-67d1-48b7-88e4-7ba04164547a	TCGA-SARC.64197685-4115-4ff8-a1d6-4a556997d118.star_fusion.rna_fusion.bedpe	feb8f738-67d1-48b7-88e4-7ba04164547a
controlled	05d4099f-521a-4df6-abac-f86f84b3af7f	TCGA-WP-A9GB	Sequencing Reads	BAM	RNA-Seq	6e48e176-3bce-401f-84e4-4a527ae2d7aa	204b4c83-bba2-48bd-9c13-61a346f26b01.rna_seq.genomic.gdc_realn.bam	6e48e176-3bce-401f-84e4-4a527ae2d7aa
controlled	12b45061-9ed6-46cd-971a-b81d79bc88ec	TCGA-DX-A6YU	Transcriptome Profiling	TSV	RNA-Seq	cee245b7-b5f1-48cd-86bb-a2f6a161b4a5	ab324d27-f3fd-4f35-99b9-76099c8a7d0b.rna_seq.star_splice_junctions.tsv.gz	cee245b7-b5f1-48cd-86bb-a2f6a161b4a5
controlled	05d4099f-521a-4df6-abac-f86f84b3af7f	TCGA-WP-A9GB	Structural Variation	TSV	RNA-Seq	d799b459-e02c-45c4-b43c-ebfac24687f1	TCGA-SARC.9d4bbeba-67ea-46bc-af19-46ce1f6dff83.star_fusion.rna_fusion.tsv	d799b459-e02c-45c4-b43c-ebfac24687f1
controlled	0f94362d-368f-4570-b8c1-70fc4b1f5e35	TCGA-QQ-A5VB	Structural Variation	TSV	RNA-Seq	a41ee67d-a2b3-4680-befd-ab06e360e8d9	TCGA-SARC.e8c23a44-c2e2-4489-af20-ccea5809e852.star_fusion.rna_fusion.tsv	a41ee67d-a2b3-4680-befd-ab06e360e8d9
controlled	1c89da99-9e89-4726-b196-97eeab46d504	TCGA-X6-A7WC	Transcriptome Profiling	TSV	RNA-Seq	85d45c91-f6f7-40ad-ac95-aa709522ee82	3111638f-e826-40aa-8f07-484ba9bf9998.rna_seq.star_splice_junctions.tsv.gz	85d45c91-f6f7-40ad-ac95-aa709522ee82
controlled	1c89da99-9e89-4726-b196-97eeab46d504	TCGA-X6-A7WC	Sequencing Reads	BAM	RNA-Seq	fa670eb6-7820-48ac-86d5-a55fa24478e5	3111638f-e826-40aa-8f07-484ba9bf9998.rna_seq.chimeric.gdc_realn.bam	fa670eb6-7820-48ac-86d5-a55fa24478e5
open	17cecba9-37ed-4967-8756-e0f7c20c8209	TCGA-MJ-A850	Transcriptome Profiling	TSV	RNA-Seq	f23bb0d2-6d98-4554-b0a6-e842329b522c	aad84d92-e1da-4de9-a35c-1c99585341b6.rna_seq.augmented_star_gene_counts.tsv	f23bb0d2-6d98-4554-b0a6-e842329b522c
controlled	2560fb5b-5f49-4d38-8f61-1ab911aed3eb	TCGA-SI-A71P	Sequencing Reads	BAM	RNA-Seq	5890aa79-9721-4dee-80c7-fe8a192be094	f7fe6797-9e1a-4b0d-a7bd-e18c28383850.rna_seq.transcriptome.gdc_realn.bam	5890aa79-9721-4dee-80c7-fe8a192be094
open	109df703-2865-4b4c-8e4b-badff8eb3f22	TCGA-HB-A3YV	Transcriptome Profiling	TSV	RNA-Seq	be16c777-3f5c-434c-9276-a44ba1f21790	219bfbd2-097b-481f-94f4-b45e2b5922eb.rna_seq.augmented_star_gene_counts.tsv	be16c777-3f5c-434c-9276-a44ba1f21790
controlled	109df703-2865-4b4c-8e4b-badff8eb3f22	TCGA-HB-A3YV	Sequencing Reads	BAM	RNA-Seq	a275b96f-ab1f-407e-99ce-d4aa619a781f	219bfbd2-097b-481f-94f4-b45e2b5922eb.rna_seq.chimeric.gdc_realn.bam	a275b96f-ab1f-407e-99ce-d4aa619a781f
controlled	1d03c1e5-8ab1-46b7-a46c-3738d463fd1c	TCGA-DX-AB37	Transcriptome Profiling	TSV	RNA-Seq	750560dd-fa4d-4b3a-a805-31db1bf76bb6	380689c7-524b-4d73-80a9-3f07e8459ac1.rna_seq.star_splice_junctions.tsv.gz	750560dd-fa4d-4b3a-a805-31db1bf76bb6
open	dcd4d76e-4e41-4a84-b87c-6c94586e73f4	TCGA-IS-A3K8	Transcriptome Profiling	TSV	RNA-Seq	34650fd7-d5ea-4f03-a721-5b1e3d4e0fe2	dbc0c8b7-12a4-4887-9ae6-d3fd76c6338e.rna_seq.augmented_star_gene_counts.tsv	34650fd7-d5ea-4f03-a721-5b1e3d4e0fe2
controlled	dcd4d76e-4e41-4a84-b87c-6c94586e73f4	TCGA-IS-A3K8	Structural Variation	TSV	RNA-Seq	d8439490-992a-48be-bf2f-7a9f54d26e43	TCGA-SARC.abd4e798-b17f-450b-b347-d0eec8f57562.star_fusion.rna_fusion.tsv	d8439490-992a-48be-bf2f-7a9f54d26e43
controlled	dcd4d76e-4e41-4a84-b87c-6c94586e73f4	TCGA-IS-A3K8	Sequencing Reads	BAM	RNA-Seq	858f474e-5e58-4efa-9b05-a50b4fd1ad30	dbc0c8b7-12a4-4887-9ae6-d3fd76c6338e.rna_seq.transcriptome.gdc_realn.bam	858f474e-5e58-4efa-9b05-a50b4fd1ad30
controlled	2560fb5b-5f49-4d38-8f61-1ab911aed3eb	TCGA-SI-A71P	Sequencing Reads	BAM	RNA-Seq	4514505f-9bc8-46ed-8088-a66afd8ee8a1	f7fe6797-9e1a-4b0d-a7bd-e18c28383850.rna_seq.genomic.gdc_realn.bam	4514505f-9bc8-46ed-8088-a66afd8ee8a1
controlled	1d03c1e5-8ab1-46b7-a46c-3738d463fd1c	TCGA-DX-AB37	Structural Variation	TSV	RNA-Seq	5e991091-5244-49ea-bf88-2769d617ae5b	TCGA-SARC.88b31caf-41fa-4fab-8522-15d5f4c4f65a.star_fusion.rna_fusion.tsv	5e991091-5244-49ea-bf88-2769d617ae5b
controlled	dcd4d76e-4e41-4a84-b87c-6c94586e73f4	TCGA-IS-A3K8	Sequencing Reads	BAM	RNA-Seq	05639b0d-1706-4371-9c41-5e061e91f598	dbc0c8b7-12a4-4887-9ae6-d3fd76c6338e.rna_seq.genomic.gdc_realn.bam	05639b0d-1706-4371-9c41-5e061e91f598
controlled	2560fb5b-5f49-4d38-8f61-1ab911aed3eb	TCGA-SI-A71P	Structural Variation	BEDPE	RNA-Seq	568e1177-aeb8-484c-8513-613dee2d0fd3	TCGA-SARC.b5caabae-dd9b-4734-8ed5-abb5164d4b10.arriba.rna_fusion.bedpe	568e1177-aeb8-484c-8513-613dee2d0fd3
controlled	109df703-2865-4b4c-8e4b-badff8eb3f22	TCGA-HB-A3YV	Sequencing Reads	BAM	RNA-Seq	a911c221-37d8-4be7-8e9d-88d75442c815	219bfbd2-097b-481f-94f4-b45e2b5922eb.rna_seq.genomic.gdc_realn.bam	a911c221-37d8-4be7-8e9d-88d75442c815
controlled	17cecba9-37ed-4967-8756-e0f7c20c8209	TCGA-MJ-A850	Transcriptome Profiling	TSV	RNA-Seq	0cd7ce94-008c-4872-b1e5-148d75c58858	aad84d92-e1da-4de9-a35c-1c99585341b6.rna_seq.star_splice_junctions.tsv.gz	0cd7ce94-008c-4872-b1e5-148d75c58858
controlled	dcd4d76e-4e41-4a84-b87c-6c94586e73f4	TCGA-IS-A3K8	Transcriptome Profiling	TSV	RNA-Seq	9e6d8f32-5ff0-48ac-96dc-0ed5dbe1ec3a	dbc0c8b7-12a4-4887-9ae6-d3fd76c6338e.rna_seq.star_splice_junctions.tsv.gz	9e6d8f32-5ff0-48ac-96dc-0ed5dbe1ec3a
controlled	1db4962a-3cf7-4f36-bd60-46a1b63b6c20	TCGA-SG-A6Z4	Structural Variation	TSV	RNA-Seq	4c736979-1399-474a-bcfe-1743c8db34f2	TCGA-SARC.ae0a74a6-5850-4909-b523-6ae077d71d70.arriba.rna_fusion.tsv	4c736979-1399-474a-bcfe-1743c8db34f2
controlled	ca0f032b-a34c-4a92-a403-bc7dc6eca8e9	TCGA-KF-A41W	Structural Variation	TSV	RNA-Seq	c2c4e22a-3fca-4879-86ae-a31f9a09979b	TCGA-SARC.af917d2e-94a4-4fc1-918f-41d620ab08f5.arriba.rna_fusion.tsv	c2c4e22a-3fca-4879-86ae-a31f9a09979b
controlled	17cecba9-37ed-4967-8756-e0f7c20c8209	TCGA-MJ-A850	Sequencing Reads	BAM	RNA-Seq	79a5c74f-8de0-431e-93e2-8138b09238b3	aad84d92-e1da-4de9-a35c-1c99585341b6.rna_seq.transcriptome.gdc_realn.bam	79a5c74f-8de0-431e-93e2-8138b09238b3
controlled	ca0f032b-a34c-4a92-a403-bc7dc6eca8e9	TCGA-KF-A41W	Sequencing Reads	BAM	RNA-Seq	4630b166-fc07-4576-8086-77779f1cf0df	6d1989dc-922b-4b6e-bf2a-662ee16a3725.rna_seq.chimeric.gdc_realn.bam	4630b166-fc07-4576-8086-77779f1cf0df
controlled	ca0f032b-a34c-4a92-a403-bc7dc6eca8e9	TCGA-KF-A41W	Structural Variation	TSV	RNA-Seq	39abfe7f-f88a-4bd4-aa48-6016a6b93d46	TCGA-SARC.3b24e684-9b40-4965-913c-a7e679bc3946.star_fusion.rna_fusion.tsv	39abfe7f-f88a-4bd4-aa48-6016a6b93d46
controlled	212c9acc-d5ad-4b31-91bc-7ab72233aec6	TCGA-DX-A23V	Sequencing Reads	BAM	RNA-Seq	b61b880a-e54f-4495-9d08-59781240c3a1	e1acdc3b-522d-48b1-985f-3ab7292bbe4e.rna_seq.genomic.gdc_realn.bam	b61b880a-e54f-4495-9d08-59781240c3a1
controlled	2892ee84-ac7c-4e0e-8311-ce721d6afc32	TCGA-SG-A6Z7	Sequencing Reads	BAM	RNA-Seq	7ed6b93d-2749-4db8-9fc4-36aef029aa78	35af0e07-3397-4843-9a78-23b33535b8a3.rna_seq.genomic.gdc_realn.bam	7ed6b93d-2749-4db8-9fc4-36aef029aa78
controlled	2e3665ef-d572-478f-9415-db61c3753613	TCGA-MB-A5YA	Structural Variation	BEDPE	RNA-Seq	85c0e12a-16c1-49cb-aca5-92da751cabd2	TCGA-SARC.a3e94469-0e53-4c34-bc48-85abd2efe40d.star_fusion.rna_fusion.bedpe	85c0e12a-16c1-49cb-aca5-92da751cabd2
controlled	2e3665ef-d572-478f-9415-db61c3753613	TCGA-MB-A5YA	Sequencing Reads	BAM	RNA-Seq	80f39f99-9a41-48b8-8103-e41760765273	a8c98035-15f9-4ca8-9fd1-6918c978fb76.rna_seq.transcriptome.gdc_realn.bam	80f39f99-9a41-48b8-8103-e41760765273
controlled	3ea1cbd8-f74a-4b14-aa49-23d5a47716ba	TCGA-IW-A3M6	Sequencing Reads	BAM	RNA-Seq	776fd998-39c6-4c0b-aa77-93ada01dffde	d1a8858e-45aa-4af5-a864-47d7a8771502.rna_seq.chimeric.gdc_realn.bam	776fd998-39c6-4c0b-aa77-93ada01dffde
controlled	2e3b8aa0-80db-4cb5-b706-328d1401a65b	TCGA-DX-A48K	Sequencing Reads	BAM	RNA-Seq	ce947e6c-1955-4462-8f6c-fd44bbfebbf7	6090ecaa-6910-4740-8582-c6438581097c.rna_seq.chimeric.gdc_realn.bam	ce947e6c-1955-4462-8f6c-fd44bbfebbf7
controlled	3ea1cbd8-f74a-4b14-aa49-23d5a47716ba	TCGA-IW-A3M6	Structural Variation	TSV	RNA-Seq	060fee45-8a7d-40f7-ab2a-bd06f52ec50c	TCGA-SARC.06473d3b-629c-4089-9764-f32fb77d711f.arriba.rna_fusion.tsv	060fee45-8a7d-40f7-ab2a-bd06f52ec50c
controlled	32344f23-524b-4182-ae75-6ad6128eeba0	TCGA-IE-A4EH	Structural Variation	BEDPE	RNA-Seq	31933f36-d520-4bf5-8468-942318ece83c	TCGA-SARC.4a6a9fee-4530-43cf-9ce8-02ea9b5b8469.star_fusion.rna_fusion.bedpe	31933f36-d520-4bf5-8468-942318ece83c
controlled	32344f23-524b-4182-ae75-6ad6128eeba0	TCGA-IE-A4EH	Sequencing Reads	BAM	RNA-Seq	2612146e-36e2-4ee5-b290-ad5d4cf72cb6	0c548b67-ee0e-415b-9abe-3adfa907aa5b.rna_seq.transcriptome.gdc_realn.bam	2612146e-36e2-4ee5-b290-ad5d4cf72cb6
controlled	31397970-59d8-4ee8-83cf-901cd8ba17b3	TCGA-DX-A8BG	Structural Variation	TSV	RNA-Seq	541de7a6-6205-45b2-8bfa-36136d034df4	TCGA-SARC.a2d97aab-fafb-4ef9-b11e-8c7f15f285da.star_fusion.rna_fusion.tsv	541de7a6-6205-45b2-8bfa-36136d034df4
controlled	2ebfbd8e-7db2-4cd7-bf1c-a0c27fcf07e7	TCGA-QC-A7B5	Sequencing Reads	BAM	RNA-Seq	186414d6-b3c4-4a9f-baf1-86a82a6e17e8	50c3598b-ad7c-403c-bf29-24bffb83651f.rna_seq.chimeric.gdc_realn.bam	186414d6-b3c4-4a9f-baf1-86a82a6e17e8
controlled	31397970-59d8-4ee8-83cf-901cd8ba17b3	TCGA-DX-A8BG	Transcriptome Profiling	TSV	RNA-Seq	416d26b1-c558-42b1-9e2d-3957027245f4	95807a50-5164-4675-bc16-8adf1d07fc8c.rna_seq.star_splice_junctions.tsv.gz	416d26b1-c558-42b1-9e2d-3957027245f4
controlled	2948d657-e5dd-4d6e-91b5-88c54f73ac31	TCGA-HS-A5N9	Structural Variation	TSV	RNA-Seq	105b1344-8429-446c-b1b9-f9e4bfd26473	TCGA-SARC.ff16638b-f309-417a-93c5-b4366ca10cb4.arriba.rna_fusion.tsv	105b1344-8429-446c-b1b9-f9e4bfd26473
controlled	24d08a93-d078-407b-8d93-5f7a099821eb	TCGA-IE-A3OV	Structural Variation	TSV	RNA-Seq	3122a014-3d1d-417a-a240-95845e23b691	TCGA-SARC.190973f0-823b-4179-9590-51fa3d010569.arriba.rna_fusion.tsv	3122a014-3d1d-417a-a240-95845e23b691
open	31397970-59d8-4ee8-83cf-901cd8ba17b3	TCGA-DX-A8BG	Transcriptome Profiling	TSV	RNA-Seq	8e66e382-0962-4881-8bee-52ac26209798	95807a50-5164-4675-bc16-8adf1d07fc8c.rna_seq.augmented_star_gene_counts.tsv	8e66e382-0962-4881-8bee-52ac26209798
controlled	2948d657-e5dd-4d6e-91b5-88c54f73ac31	TCGA-HS-A5N9	Structural Variation	TSV	RNA-Seq	c8ac6bea-0128-4836-870d-aa9c47c56a7a	TCGA-SARC.bb58a8c9-bc5f-41fc-877b-17fd8d7aba20.star_fusion.rna_fusion.tsv	c8ac6bea-0128-4836-870d-aa9c47c56a7a
controlled	2ff01040-5270-4895-bbfa-5819b46ef444	TCGA-DX-A1KZ	Sequencing Reads	BAM	RNA-Seq	f553ed71-644a-43d6-b8e9-c9bdebe735f8	0cc696ce-2d72-437a-80ba-7be1b7aba09c.rna_seq.transcriptome.gdc_realn.bam	f553ed71-644a-43d6-b8e9-c9bdebe735f8
controlled	2c9f737b-0d37-4931-aff5-4562a0057bae	TCGA-DX-A7EI	Sequencing Reads	BAM	RNA-Seq	032769eb-9626-4921-85ae-20e3183bbafc	a9ca32c0-ef12-4916-b83a-ba64c80f2ba6.rna_seq.transcriptome.gdc_realn.bam	032769eb-9626-4921-85ae-20e3183bbafc
controlled	2ff01040-5270-4895-bbfa-5819b46ef444	TCGA-DX-A1KZ	Structural Variation	TSV	RNA-Seq	c3f1564d-38dd-4a85-96d9-406aa9152333	TCGA-SARC.5d0e1beb-4814-4e4b-b321-9dc6a1147652.star_fusion.rna_fusion.tsv	c3f1564d-38dd-4a85-96d9-406aa9152333
open	319243bf-d96f-454f-b007-3468d76869df	TCGA-DX-A23Y	Transcriptome Profiling	TSV	RNA-Seq	6ad04852-cf8d-47c1-841a-bd520d48dd32	9072ce75-a6e8-424c-9633-68880fb5d441.rna_seq.augmented_star_gene_counts.tsv	6ad04852-cf8d-47c1-841a-bd520d48dd32
controlled	2560fb5b-5f49-4d38-8f61-1ab911aed3eb	TCGA-SI-A71P	Structural Variation	TSV	RNA-Seq	62ea7c92-2d85-476c-803d-0a211479c666	TCGA-SARC.b5caabae-dd9b-4734-8ed5-abb5164d4b10.arriba.rna_fusion.tsv	62ea7c92-2d85-476c-803d-0a211479c666
controlled	319243bf-d96f-454f-b007-3468d76869df	TCGA-DX-A23Y	Structural Variation	BEDPE	RNA-Seq	86417f16-4583-4047-9647-f8424c1504c7	TCGA-SARC.125e79f6-b1ed-4d5d-a888-bfe155b5ca3d.star_fusion.rna_fusion.bedpe	86417f16-4583-4047-9647-f8424c1504c7
controlled	2cacd9d0-8414-4f17-8259-c9d838597f39	TCGA-DX-A3LW	Sequencing Reads	BAM	RNA-Seq	45b0dd5f-e92c-42b4-94a5-1dc80ebf1e7e	e7ed5392-da94-468a-8565-917189e12f2e.rna_seq.genomic.gdc_realn.bam	45b0dd5f-e92c-42b4-94a5-1dc80ebf1e7e
controlled	319243bf-d96f-454f-b007-3468d76869df	TCGA-DX-A23Y	Sequencing Reads	BAM	RNA-Seq	cbf0b4b9-cda0-4c65-a8cb-b543a37e5d05	9072ce75-a6e8-424c-9633-68880fb5d441.rna_seq.transcriptome.gdc_realn.bam	cbf0b4b9-cda0-4c65-a8cb-b543a37e5d05
controlled	37ecc5e1-2b04-498e-af2d-6cf54e33ba49	TCGA-DX-A6BH	Structural Variation	BEDPE	RNA-Seq	bc526719-37a5-4394-9357-7b99f00ff051	TCGA-SARC.54dde910-6853-4128-9ceb-be15e669a4f2.arriba.rna_fusion.bedpe	bc526719-37a5-4394-9357-7b99f00ff051
controlled	32377dd2-c2a2-44ff-8938-b8cfb35db79c	TCGA-3B-A9HZ	Structural Variation	BEDPE	RNA-Seq	21825d80-8476-47d5-b4d8-54e5e4b88ddb	TCGA-SARC.a79aabeb-ebb4-475f-8be0-b0bca8beba0b.arriba.rna_fusion.bedpe	21825d80-8476-47d5-b4d8-54e5e4b88ddb
controlled	4482da24-bd16-4826-a9ea-1078bcb12411	TCGA-LI-A67I	Structural Variation	TSV	RNA-Seq	3f544384-12ed-4922-9b4f-f0f6aaa944c1	TCGA-SARC.1b2b887a-5dbd-4ba5-a310-eb6bab674de4.arriba.rna_fusion.tsv	3f544384-12ed-4922-9b4f-f0f6aaa944c1
controlled	4482da24-bd16-4826-a9ea-1078bcb12411	TCGA-LI-A67I	Sequencing Reads	BAM	RNA-Seq	ae002112-2a2f-4fe3-82b5-fed65e94dbc6	658b63fd-0a0d-448b-9ff1-5013b0d61ef8.rna_seq.chimeric.gdc_realn.bam	ae002112-2a2f-4fe3-82b5-fed65e94dbc6
controlled	37ecc5e1-2b04-498e-af2d-6cf54e33ba49	TCGA-DX-A6BH	Transcriptome Profiling	TSV	RNA-Seq	2ab75255-408a-4379-9362-6b0ab2079cc8	12ffecbe-d932-4f6e-a903-8bb6b021cf54.rna_seq.star_splice_junctions.tsv.gz	2ab75255-408a-4379-9362-6b0ab2079cc8
controlled	37ecc5e1-2b04-498e-af2d-6cf54e33ba49	TCGA-DX-A6BH	Sequencing Reads	BAM	RNA-Seq	a2992252-966e-476f-ace1-ee14ee09a30f	12ffecbe-d932-4f6e-a903-8bb6b021cf54.rna_seq.genomic.gdc_realn.bam	a2992252-966e-476f-ace1-ee14ee09a30f
controlled	4482da24-bd16-4826-a9ea-1078bcb12411	TCGA-LI-A67I	Structural Variation	BEDPE	RNA-Seq	8e5188df-78c3-48a7-a2d3-e066c93e8eb6	TCGA-SARC.1b2b887a-5dbd-4ba5-a310-eb6bab674de4.arriba.rna_fusion.bedpe	8e5188df-78c3-48a7-a2d3-e066c93e8eb6
controlled	37ecc5e1-2b04-498e-af2d-6cf54e33ba49	TCGA-DX-A6BH	Structural Variation	TSV	RNA-Seq	841994cd-8510-4455-89c8-88fbb263a406	TCGA-SARC.54dde910-6853-4128-9ceb-be15e669a4f2.arriba.rna_fusion.tsv	841994cd-8510-4455-89c8-88fbb263a406
controlled	4482da24-bd16-4826-a9ea-1078bcb12411	TCGA-LI-A67I	Transcriptome Profiling	TSV	RNA-Seq	f96c2cde-0490-478d-9c62-12ac8e49b861	658b63fd-0a0d-448b-9ff1-5013b0d61ef8.rna_seq.star_splice_junctions.tsv.gz	f96c2cde-0490-478d-9c62-12ac8e49b861
controlled	39e24241-cb1f-445e-b167-82ee44bfc14e	TCGA-X6-A8C3	Structural Variation	BEDPE	RNA-Seq	6710af3b-b2ac-4246-a9e8-6aa857042cc3	TCGA-SARC.fe522376-2c06-4768-9626-b65b9e69d3c7.star_fusion.rna_fusion.bedpe	6710af3b-b2ac-4246-a9e8-6aa857042cc3
controlled	32377dd2-c2a2-44ff-8938-b8cfb35db79c	TCGA-3B-A9HZ	Transcriptome Profiling	TSV	RNA-Seq	169241b5-8ebe-4eba-8f95-7828b22f0de1	b46cefa9-8c2b-401b-845b-d58101807cbd.rna_seq.star_splice_junctions.tsv.gz	169241b5-8ebe-4eba-8f95-7828b22f0de1
controlled	4482da24-bd16-4826-a9ea-1078bcb12411	TCGA-LI-A67I	Sequencing Reads	BAM	RNA-Seq	3aa6c057-5c11-4c1f-83ae-1bb0dc2ba1c6	658b63fd-0a0d-448b-9ff1-5013b0d61ef8.rna_seq.genomic.gdc_realn.bam	3aa6c057-5c11-4c1f-83ae-1bb0dc2ba1c6
controlled	39e24241-cb1f-445e-b167-82ee44bfc14e	TCGA-X6-A8C3	Structural Variation	BEDPE	RNA-Seq	ab3f2f21-7071-4764-abe9-cfdba26b08ce	TCGA-SARC.6440b1e2-fb4e-40cd-b787-7365a1c95b7d.arriba.rna_fusion.bedpe	ab3f2f21-7071-4764-abe9-cfdba26b08ce
controlled	4482da24-bd16-4826-a9ea-1078bcb12411	TCGA-LI-A67I	Structural Variation	BEDPE	RNA-Seq	0bc5f928-7155-4c4a-816e-ee3f8ea341cc	TCGA-SARC.5b374e83-018b-4d5c-95b1-e6fc2694f0b6.star_fusion.rna_fusion.bedpe	0bc5f928-7155-4c4a-816e-ee3f8ea341cc
controlled	39e24241-cb1f-445e-b167-82ee44bfc14e	TCGA-X6-A8C3	Structural Variation	TSV	RNA-Seq	84605632-2ec3-4ce1-b0ce-0c91f21bb346	TCGA-SARC.6440b1e2-fb4e-40cd-b787-7365a1c95b7d.arriba.rna_fusion.tsv	84605632-2ec3-4ce1-b0ce-0c91f21bb346
controlled	3239cd26-98ef-4470-9e2e-c43f03d9ab0d	TCGA-X6-A8C5	Sequencing Reads	BAM	RNA-Seq	9eea4189-61fc-4db3-8790-3f2b0690da3a	30cbb48b-d8c4-4846-b4d2-c3f5764a12fa.rna_seq.transcriptome.gdc_realn.bam	9eea4189-61fc-4db3-8790-3f2b0690da3a
open	39e24241-cb1f-445e-b167-82ee44bfc14e	TCGA-X6-A8C3	Transcriptome Profiling	TSV	RNA-Seq	a81e6d6d-2d31-452e-b045-3006d065a4cf	fd7280bf-b8d7-436a-a5f7-e3ae29d0e4a1.rna_seq.augmented_star_gene_counts.tsv	a81e6d6d-2d31-452e-b045-3006d065a4cf
controlled	30274b4f-13d5-40ac-8929-a986860f38db	TCGA-DX-A8BS	Structural Variation	BEDPE	RNA-Seq	d0b003d0-13c0-43df-9121-929b3c605df8	TCGA-SARC.26b3fb24-6406-4fa6-a636-035e55fcda11.star_fusion.rna_fusion.bedpe	d0b003d0-13c0-43df-9121-929b3c605df8
controlled	3239cd26-98ef-4470-9e2e-c43f03d9ab0d	TCGA-X6-A8C5	Structural Variation	TSV	RNA-Seq	515cff1d-734a-4d1c-92de-25fb05ae0343	TCGA-SARC.bb8df6f0-6771-4603-b19d-39c270f5be5a.star_fusion.rna_fusion.tsv	515cff1d-734a-4d1c-92de-25fb05ae0343
controlled	3239cd26-98ef-4470-9e2e-c43f03d9ab0d	TCGA-X6-A8C5	Sequencing Reads	BAM	RNA-Seq	03d9b122-c2f9-49f8-8006-9ebe3fc866d9	30cbb48b-d8c4-4846-b4d2-c3f5764a12fa.rna_seq.chimeric.gdc_realn.bam	03d9b122-c2f9-49f8-8006-9ebe3fc866d9
controlled	39f68467-3d37-4b19-aa43-ed7b120c619d	TCGA-DX-A3LS	Structural Variation	TSV	RNA-Seq	82928285-2bd5-42d2-8054-c3398fe50ca6	TCGA-SARC.47a98d3c-373f-4353-9120-a6d6a557d455.arriba.rna_fusion.tsv	82928285-2bd5-42d2-8054-c3398fe50ca6
controlled	479d7a5a-63dc-412b-9075-920525334fe7	TCGA-WK-A8XT	Structural Variation	TSV	RNA-Seq	f23ed912-6dfd-4746-b384-28c40b5c225a	TCGA-SARC.6a9b4d31-99e4-4f62-9c8e-e5f719c21048.arriba.rna_fusion.tsv	f23ed912-6dfd-4746-b384-28c40b5c225a
open	34a1c0a8-3af7-48a7-b9dd-91c551ac5ce7	TCGA-DX-AB2G	Transcriptome Profiling	TSV	RNA-Seq	8e8e9c7e-e381-4db0-a348-b6da10076924	7814e43b-53ac-4485-bbda-a00b8cdb7734.rna_seq.augmented_star_gene_counts.tsv	8e8e9c7e-e381-4db0-a348-b6da10076924
controlled	306c53fb-640d-42ad-889a-abc5fd3ad778	TCGA-K1-A6RU	Structural Variation	BEDPE	RNA-Seq	1e64aa96-b7be-460f-95aa-fc4b977f9987	TCGA-SARC.63673f5a-b778-467e-ae5e-76f4d8f626f5.star_fusion.rna_fusion.bedpe	1e64aa96-b7be-460f-95aa-fc4b977f9987
controlled	34a1c0a8-3af7-48a7-b9dd-91c551ac5ce7	TCGA-DX-AB2G	Transcriptome Profiling	TSV	RNA-Seq	de20f59b-a9f6-454c-8988-0c26d0bf8163	7814e43b-53ac-4485-bbda-a00b8cdb7734.rna_seq.star_splice_junctions.tsv.gz	de20f59b-a9f6-454c-8988-0c26d0bf8163
controlled	47a0e4a8-140f-475c-878d-8e03df3f82de	TCGA-DX-A7ET	Structural Variation	BEDPE	RNA-Seq	b7530ff3-d2a9-4137-a8c7-f9adc6dd5f3a	TCGA-SARC.42766e09-0252-49cb-a9d5-dcbe48b39979.star_fusion.rna_fusion.bedpe	b7530ff3-d2a9-4137-a8c7-f9adc6dd5f3a
controlled	34c39a6b-db6a-47e5-b0d4-5fa990ef7eb8	TCGA-3B-A9HI	Structural Variation	TSV	RNA-Seq	48f76d5a-c3e3-4a44-8105-a3e6fc396a4a	TCGA-SARC.b38d275e-a2da-44bd-98fb-fb1ed57335c1.star_fusion.rna_fusion.tsv	48f76d5a-c3e3-4a44-8105-a3e6fc396a4a
controlled	30cade9c-a0e0-4be6-9dab-1c495630fd1a	TCGA-FX-A8OO	Sequencing Reads	BAM	RNA-Seq	466297d8-49bb-447a-b28e-67561cb52a80	5d22a34b-7ee2-4d75-baf5-09ec2d99c5a9.rna_seq.chimeric.gdc_realn.bam	466297d8-49bb-447a-b28e-67561cb52a80
controlled	34c39a6b-db6a-47e5-b0d4-5fa990ef7eb8	TCGA-3B-A9HI	Sequencing Reads	BAM	RNA-Seq	1a43c0e6-4cbc-46f5-86c1-1cee79612b88	48b1935e-751d-45b1-a3a7-721716c44066.rna_seq.chimeric.gdc_realn.bam	1a43c0e6-4cbc-46f5-86c1-1cee79612b88
controlled	3a473f10-a5e0-4cfa-87dd-f032d74dfa9e	TCGA-DX-A8BX	Sequencing Reads	BAM	RNA-Seq	16b00f22-15c3-4b56-b51b-84ef64f286de	a4317c1e-b564-46ab-8a90-d45cbd77a2d3.rna_seq.transcriptome.gdc_realn.bam	16b00f22-15c3-4b56-b51b-84ef64f286de
controlled	3a473f10-a5e0-4cfa-87dd-f032d74dfa9e	TCGA-DX-A8BX	Structural Variation	BEDPE	RNA-Seq	aee8a13f-b5ef-457d-9120-5291ec8a08cb	TCGA-SARC.73e6a4dd-dabd-4668-bf78-e3764cf13eba.star_fusion.rna_fusion.bedpe	aee8a13f-b5ef-457d-9120-5291ec8a08cb
controlled	3a473f10-a5e0-4cfa-87dd-f032d74dfa9e	TCGA-DX-A8BX	Sequencing Reads	BAM	RNA-Seq	bcbb84ac-1c29-4748-9d27-0a39ab94430c	a4317c1e-b564-46ab-8a90-d45cbd77a2d3.rna_seq.chimeric.gdc_realn.bam	bcbb84ac-1c29-4748-9d27-0a39ab94430c
controlled	34c39a6b-db6a-47e5-b0d4-5fa990ef7eb8	TCGA-3B-A9HI	Structural Variation	TSV	RNA-Seq	0d060e4d-cd83-42e4-af6d-5fc309619351	TCGA-SARC.873515f6-ad7f-4313-9d48-92932f275264.arriba.rna_fusion.tsv	0d060e4d-cd83-42e4-af6d-5fc309619351
open	47f18eee-3e56-4388-aac3-9ac141bcb414	TCGA-DX-A8BN	Transcriptome Profiling	TSV	RNA-Seq	5a89740b-41ed-4813-843e-d912e85e653b	46ee6c04-443e-495b-b9d7-ea8f3c50b594.rna_seq.augmented_star_gene_counts.tsv	5a89740b-41ed-4813-843e-d912e85e653b
controlled	4d016bd8-006c-4a90-ace7-28f151624112	TCGA-QQ-A8VF	Structural Variation	TSV	RNA-Seq	4f610106-2ae2-4817-b5e6-0242a93168c0	TCGA-SARC.969fe260-3ee7-4e3f-bae2-0f3bf6bf0242.star_fusion.rna_fusion.tsv	4f610106-2ae2-4817-b5e6-0242a93168c0
controlled	3505f91d-bc66-4732-84b6-18c5b32ca6b8	TCGA-DX-A3LY	Sequencing Reads	BAM	RNA-Seq	cd6723db-0ab5-416e-92cd-a74726a64427	d7a15e3e-e8fc-4798-8bb8-e48f32ec7f68.rna_seq.chimeric.gdc_realn.bam	cd6723db-0ab5-416e-92cd-a74726a64427
controlled	3505f91d-bc66-4732-84b6-18c5b32ca6b8	TCGA-DX-A3LY	Structural Variation	BEDPE	RNA-Seq	b889ce92-0e82-4966-abe2-3c76ee747389	TCGA-SARC.055b6fea-f854-4590-b380-6a57fda9cd66.arriba.rna_fusion.bedpe	b889ce92-0e82-4966-abe2-3c76ee747389
open	4d016bd8-006c-4a90-ace7-28f151624112	TCGA-QQ-A8VF	Transcriptome Profiling	TSV	RNA-Seq	b41d8f38-523f-47a3-8c05-6b7831cc8baa	e5e00619-a18a-4039-be25-74e8e6ca7420.rna_seq.augmented_star_gene_counts.tsv	b41d8f38-523f-47a3-8c05-6b7831cc8baa
controlled	3a835214-6fc7-4921-b014-f91decfc25f4	TCGA-DX-A23Z	Structural Variation	BEDPE	RNA-Seq	00f2c908-d082-4cb5-bd77-a1ad60801e36	TCGA-SARC.3553d53d-beee-4fa6-b302-d978ae6c3e17.arriba.rna_fusion.bedpe	00f2c908-d082-4cb5-bd77-a1ad60801e36
controlled	3a835214-6fc7-4921-b014-f91decfc25f4	TCGA-DX-A23Z	Sequencing Reads	BAM	RNA-Seq	ef546f39-0d5e-4689-b010-929af3bef0eb	bd6ba2eb-198d-452f-9cb2-b8b79ff09275.rna_seq.chimeric.gdc_realn.bam	ef546f39-0d5e-4689-b010-929af3bef0eb
controlled	47fb776c-7839-4590-8f2d-6d149a0f1782	TCGA-3B-A9HV	Structural Variation	BEDPE	RNA-Seq	d431f812-05de-4624-ae8d-72a2645a699a	TCGA-SARC.1da93488-ef55-4f9d-8fc7-e164a44b8fba.star_fusion.rna_fusion.bedpe	d431f812-05de-4624-ae8d-72a2645a699a
controlled	3a835214-6fc7-4921-b014-f91decfc25f4	TCGA-DX-A23Z	Structural Variation	TSV	RNA-Seq	bd3aac5e-43ce-4429-a819-77ce6ec7bfdc	TCGA-SARC.3553d53d-beee-4fa6-b302-d978ae6c3e17.arriba.rna_fusion.tsv	bd3aac5e-43ce-4429-a819-77ce6ec7bfdc
controlled	3505f91d-bc66-4732-84b6-18c5b32ca6b8	TCGA-DX-A3LY	Sequencing Reads	BAM	RNA-Seq	19447837-c9ee-4ecd-8740-2fc661ab968d	d7a15e3e-e8fc-4798-8bb8-e48f32ec7f68.rna_seq.transcriptome.gdc_realn.bam	19447837-c9ee-4ecd-8740-2fc661ab968d
controlled	4d67b910-6681-45a4-9dac-6a12d67287a8	TCGA-VT-AB3D	Sequencing Reads	BAM	RNA-Seq	bb173909-d010-4687-adf7-308640ee86f4	fb0cd443-5e32-4933-b8d0-27985f883f6e.rna_seq.genomic.gdc_realn.bam	bb173909-d010-4687-adf7-308640ee86f4
controlled	47fb776c-7839-4590-8f2d-6d149a0f1782	TCGA-3B-A9HV	Sequencing Reads	BAM	RNA-Seq	bc41958b-f295-4ad7-a922-304f01ce51d8	33c4c223-a5af-410d-a873-59326313c5ee.rna_seq.genomic.gdc_realn.bam	bc41958b-f295-4ad7-a922-304f01ce51d8
controlled	5190d965-0d48-4058-83e6-ec5879266be1	TCGA-Z4-A9VC	Structural Variation	TSV	RNA-Seq	24320875-bc64-4f24-99b9-317a98564035	TCGA-SARC.19bdda3f-0f2c-4be1-be90-30e2a197bc95.star_fusion.rna_fusion.tsv	24320875-bc64-4f24-99b9-317a98564035
controlled	5190d965-0d48-4058-83e6-ec5879266be1	TCGA-Z4-A9VC	Sequencing Reads	BAM	RNA-Seq	033ebad7-b047-4042-a010-ef70e8d31ea6	7e083096-3209-4f5b-a8df-6b6c7cadd2f4.rna_seq.transcriptome.gdc_realn.bam	033ebad7-b047-4042-a010-ef70e8d31ea6
controlled	3a96e833-996a-4319-83f1-326b96f4ee80	TCGA-FX-A76Y	Sequencing Reads	BAM	RNA-Seq	d0c715cc-a83f-445f-b035-2e41b543874d	f860b98e-e4cf-45d5-848e-a74ab81bd19a.rna_seq.transcriptome.gdc_realn.bam	d0c715cc-a83f-445f-b035-2e41b543874d
controlled	520088b0-ffc0-4ecd-b1ed-2339811d7ad2	TCGA-HB-A3L4	Structural Variation	TSV	RNA-Seq	4fee3fa4-68a7-4ff8-993d-cdea2eba2cbf	TCGA-SARC.7b5b9b96-be2b-406f-b266-3a6b17b91a80.star_fusion.rna_fusion.tsv	4fee3fa4-68a7-4ff8-993d-cdea2eba2cbf
controlled	3b1666cf-879d-4910-a0af-e5c9acbcc109	TCGA-DX-A6BB	Structural Variation	TSV	RNA-Seq	758b3ac4-d2b1-4f8b-844e-92da2fd6b89a	TCGA-SARC.1312a37c-1d4b-4a8a-a607-003771e4ba61.star_fusion.rna_fusion.tsv	758b3ac4-d2b1-4f8b-844e-92da2fd6b89a
controlled	4996e458-db04-4c6d-9ae6-66316240a8ed	TCGA-DX-A8BU	Sequencing Reads	BAM	RNA-Seq	546679d9-9e56-4e32-be6a-d84f7e6012cd	ecbf1dc8-8bf2-4d25-90e8-564f442c98d7.rna_seq.chimeric.gdc_realn.bam	546679d9-9e56-4e32-be6a-d84f7e6012cd
controlled	520088b0-ffc0-4ecd-b1ed-2339811d7ad2	TCGA-HB-A3L4	Structural Variation	BEDPE	RNA-Seq	98c5fce5-e4ee-43ee-a3ed-27bc5212eac5	TCGA-SARC.7b5b9b96-be2b-406f-b266-3a6b17b91a80.star_fusion.rna_fusion.bedpe	98c5fce5-e4ee-43ee-a3ed-27bc5212eac5
open	4996e458-db04-4c6d-9ae6-66316240a8ed	TCGA-DX-A8BU	Transcriptome Profiling	TSV	RNA-Seq	1b7ba903-dba4-4fee-bc68-e292203f8504	ecbf1dc8-8bf2-4d25-90e8-564f442c98d7.rna_seq.augmented_star_gene_counts.tsv	1b7ba903-dba4-4fee-bc68-e292203f8504
controlled	3b1666cf-879d-4910-a0af-e5c9acbcc109	TCGA-DX-A6BB	Sequencing Reads	BAM	RNA-Seq	358e9183-f098-46bc-8bab-9fec78076fee	2d63e353-f97d-43dc-b07c-705b583a06a5.rna_seq.genomic.gdc_realn.bam	358e9183-f098-46bc-8bab-9fec78076fee
controlled	49fd3506-eb64-4ecd-a367-303b1d7a7fc9	TCGA-MB-A5Y8	Transcriptome Profiling	TSV	RNA-Seq	6abe8787-36cd-4d03-8c41-ea56f893ffd7	fe997dfc-082b-44ca-8fa5-59ac4f5682c9.rna_seq.star_splice_junctions.tsv.gz	6abe8787-36cd-4d03-8c41-ea56f893ffd7
controlled	49fd3506-eb64-4ecd-a367-303b1d7a7fc9	TCGA-MB-A5Y8	Structural Variation	BEDPE	RNA-Seq	eea68179-de6f-4cf6-b1ce-15ded53f882c	TCGA-SARC.8426f7d5-1483-4c6c-93e7-eb72316c8a7f.arriba.rna_fusion.bedpe	eea68179-de6f-4cf6-b1ce-15ded53f882c
open	4dc28966-d2c4-4661-b71f-d7f85e536cb6	TCGA-DX-A6BA	Transcriptome Profiling	TSV	RNA-Seq	6cd4dbb2-c895-4261-ab4d-cf0ae776ff08	461f68d4-e3c0-474f-9487-11d7d22d5619.rna_seq.augmented_star_gene_counts.tsv	6cd4dbb2-c895-4261-ab4d-cf0ae776ff08
controlled	520088b0-ffc0-4ecd-b1ed-2339811d7ad2	TCGA-HB-A3L4	Transcriptome Profiling	TSV	RNA-Seq	0c86171e-1135-4e1e-9351-d941794ae120	e62ec8a4-c371-47ec-8194-4932ffdba6d4.rna_seq.star_splice_junctions.tsv.gz	0c86171e-1135-4e1e-9351-d941794ae120
controlled	3b1666cf-879d-4910-a0af-e5c9acbcc109	TCGA-DX-A6BB	Structural Variation	BEDPE	RNA-Seq	748120f0-ec9f-49e5-b401-a4ffff9ad272	TCGA-SARC.6d7b29ba-4d2b-4c0c-a507-9e68626b10bb.arriba.rna_fusion.bedpe	748120f0-ec9f-49e5-b401-a4ffff9ad272
controlled	520088b0-ffc0-4ecd-b1ed-2339811d7ad2	TCGA-HB-A3L4	Structural Variation	TSV	RNA-Seq	9a6a13d2-889b-45e8-a365-925fd48b9101	TCGA-SARC.83192c8f-07c5-4499-be35-f0367c51d180.arriba.rna_fusion.tsv	9a6a13d2-889b-45e8-a365-925fd48b9101
controlled	49fd3506-eb64-4ecd-a367-303b1d7a7fc9	TCGA-MB-A5Y8	Sequencing Reads	BAM	RNA-Seq	16f8a221-6c31-4573-8af4-58f854798678	fe997dfc-082b-44ca-8fa5-59ac4f5682c9.rna_seq.genomic.gdc_realn.bam	16f8a221-6c31-4573-8af4-58f854798678
controlled	3ed1862b-c6ef-4744-9123-bb1ee557f068	TCGA-DX-A7EN	Structural Variation	BEDPE	RNA-Seq	516172de-ec22-4fa3-bf62-3f133dc73e82	TCGA-SARC.a937707a-3ff3-49ab-8662-c760285f6daa.arriba.rna_fusion.bedpe	516172de-ec22-4fa3-bf62-3f133dc73e82
open	3ed1862b-c6ef-4744-9123-bb1ee557f068	TCGA-DX-A7EN	Transcriptome Profiling	TSV	RNA-Seq	3c6ef8eb-23f0-4b6e-af20-4be11b8612dd	f4f0b310-a2bf-4b83-bde9-e4883a55047a.rna_seq.augmented_star_gene_counts.tsv	3c6ef8eb-23f0-4b6e-af20-4be11b8612dd
controlled	4e8c570c-3cbe-4878-8b2c-b966868dd60d	TCGA-IF-A4AJ	Transcriptome Profiling	TSV	RNA-Seq	e72d6c2c-3b86-4d8c-b60a-a3e69c98c47d	5d9faee2-c374-4734-a104-239f0578890c.rna_seq.star_splice_junctions.tsv.gz	e72d6c2c-3b86-4d8c-b60a-a3e69c98c47d
controlled	3ed1862b-c6ef-4744-9123-bb1ee557f068	TCGA-DX-A7EN	Structural Variation	TSV	RNA-Seq	5a404f41-d723-4f07-8ba0-dcd3023a7fa6	TCGA-SARC.a937707a-3ff3-49ab-8662-c760285f6daa.arriba.rna_fusion.tsv	5a404f41-d723-4f07-8ba0-dcd3023a7fa6
controlled	3ed1862b-c6ef-4744-9123-bb1ee557f068	TCGA-DX-A7EN	Sequencing Reads	BAM	RNA-Seq	ebd163ed-684a-41d5-8673-3702c76d465b	f4f0b310-a2bf-4b83-bde9-e4883a55047a.rna_seq.genomic.gdc_realn.bam	ebd163ed-684a-41d5-8673-3702c76d465b
controlled	4b3c152f-a9ea-48cc-9189-f09078a92c48	TCGA-3B-A9HT	Structural Variation	TSV	RNA-Seq	ebf5d82c-8313-47f2-9507-2ab912bbc02a	TCGA-SARC.a4b058f2-42e6-4c94-94ad-0133db94ca03.star_fusion.rna_fusion.tsv	ebf5d82c-8313-47f2-9507-2ab912bbc02a
controlled	4b3c152f-a9ea-48cc-9189-f09078a92c48	TCGA-3B-A9HT	Transcriptome Profiling	TSV	RNA-Seq	830bc83d-5e2e-4ee2-912f-7bf60f6bae97	7388a63c-9696-4630-af15-e01513340a70.rna_seq.star_splice_junctions.tsv.gz	830bc83d-5e2e-4ee2-912f-7bf60f6bae97
controlled	52c1d341-94cb-4cb8-948f-bf802fef8bd0	TCGA-DX-AATS	Sequencing Reads	BAM	RNA-Seq	b8ba2d77-f4c6-449c-bae0-53e36740dd60	c31695af-4600-4eeb-8c68-efc98ec19e8f.rna_seq.transcriptome.gdc_realn.bam	b8ba2d77-f4c6-449c-bae0-53e36740dd60
controlled	4b3c152f-a9ea-48cc-9189-f09078a92c48	TCGA-3B-A9HT	Sequencing Reads	BAM	RNA-Seq	99cebb28-155a-46b1-be5a-3f0906d9909e	7388a63c-9696-4630-af15-e01513340a70.rna_seq.transcriptome.gdc_realn.bam	99cebb28-155a-46b1-be5a-3f0906d9909e
controlled	52c1d341-94cb-4cb8-948f-bf802fef8bd0	TCGA-DX-AATS	Structural Variation	TSV	RNA-Seq	0f37c9e6-b223-4af5-9f66-333f2fbb1b11	TCGA-SARC.3a2a0401-1a85-46f1-8fc7-cbfdddca94cc.star_fusion.rna_fusion.tsv	0f37c9e6-b223-4af5-9f66-333f2fbb1b11
controlled	4b3c152f-a9ea-48cc-9189-f09078a92c48	TCGA-3B-A9HT	Structural Variation	TSV	RNA-Seq	31f46ded-89cc-4695-8a66-a4ceb92b456d	TCGA-SARC.f1f1e612-83c9-44ee-8070-34d6e8433084.arriba.rna_fusion.tsv	31f46ded-89cc-4695-8a66-a4ceb92b456d
controlled	52ef31c5-35d8-41cf-8694-4ab4a5debc56	TCGA-SI-AA8B	Sequencing Reads	BAM	RNA-Seq	61eaa492-5a92-488c-b847-870e9cedc85f	7ff6a506-88a9-4db0-981d-44ceb0b924d4.rna_seq.transcriptome.gdc_realn.bam	61eaa492-5a92-488c-b847-870e9cedc85f
controlled	52ef31c5-35d8-41cf-8694-4ab4a5debc56	TCGA-SI-AA8B	Structural Variation	BEDPE	RNA-Seq	2729b70a-e77b-4e39-8af4-0f5cdc53c134	TCGA-SARC.f10a5a75-67a0-4b65-af25-648b40e2429c.star_fusion.rna_fusion.bedpe	2729b70a-e77b-4e39-8af4-0f5cdc53c134
open	4fed8f7a-7ff9-4566-8094-27bdb6ee6b12	TCGA-DX-A8BZ	Transcriptome Profiling	TSV	RNA-Seq	28a94201-7886-4c91-9665-244fc483caa4	37ca9503-d056-40b8-9725-2a613bb74d8e.rna_seq.augmented_star_gene_counts.tsv	28a94201-7886-4c91-9665-244fc483caa4
open	52ef31c5-35d8-41cf-8694-4ab4a5debc56	TCGA-SI-AA8B	Transcriptome Profiling	TSV	RNA-Seq	c0e89f6b-5537-421d-811c-36f687c5cd28	7ff6a506-88a9-4db0-981d-44ceb0b924d4.rna_seq.augmented_star_gene_counts.tsv	c0e89f6b-5537-421d-811c-36f687c5cd28
controlled	4fed8f7a-7ff9-4566-8094-27bdb6ee6b12	TCGA-DX-A8BZ	Structural Variation	BEDPE	RNA-Seq	4007e031-03a6-4964-8e28-baaa4bcaeaa1	TCGA-SARC.1739b9de-caaf-4556-9670-255058d6c8c3.star_fusion.rna_fusion.bedpe	4007e031-03a6-4964-8e28-baaa4bcaeaa1
controlled	52ef31c5-35d8-41cf-8694-4ab4a5debc56	TCGA-SI-AA8B	Sequencing Reads	BAM	RNA-Seq	d60556b4-5714-48f2-a3d1-8863446cbdd7	7ff6a506-88a9-4db0-981d-44ceb0b924d4.rna_seq.genomic.gdc_realn.bam	d60556b4-5714-48f2-a3d1-8863446cbdd7
controlled	4fed8f7a-7ff9-4566-8094-27bdb6ee6b12	TCGA-DX-A8BZ	Structural Variation	BEDPE	RNA-Seq	720ca3d8-51c1-425a-b05d-f3bdfe5aa0b2	TCGA-SARC.d980cbdd-0f47-4431-a663-7350296b9345.arriba.rna_fusion.bedpe	720ca3d8-51c1-425a-b05d-f3bdfe5aa0b2
controlled	52ef31c5-35d8-41cf-8694-4ab4a5debc56	TCGA-SI-AA8B	Transcriptome Profiling	TSV	RNA-Seq	670b7ee0-759a-40ec-b630-62ff472cf44f	7ff6a506-88a9-4db0-981d-44ceb0b924d4.rna_seq.star_splice_junctions.tsv.gz	670b7ee0-759a-40ec-b630-62ff472cf44f
controlled	4fed8f7a-7ff9-4566-8094-27bdb6ee6b12	TCGA-DX-A8BZ	Sequencing Reads	BAM	RNA-Seq	60712971-0946-4b0b-8bde-598440cb1038	37ca9503-d056-40b8-9725-2a613bb74d8e.rna_seq.chimeric.gdc_realn.bam	60712971-0946-4b0b-8bde-598440cb1038
controlled	5370ed4a-eb6b-4eb4-8c71-f5b5d75cfa2d	TCGA-VT-A80J	Sequencing Reads	BAM	RNA-Seq	5ef17d6a-8ce8-48ee-b662-b508e460d36b	b56ae9d5-a61f-45dc-831b-bd0d40d83a86.rna_seq.genomic.gdc_realn.bam	5ef17d6a-8ce8-48ee-b662-b508e460d36b
controlled	5370ed4a-eb6b-4eb4-8c71-f5b5d75cfa2d	TCGA-VT-A80J	Structural Variation	TSV	RNA-Seq	6381ebc3-ae6a-4c7d-93b9-08bba8d69a3b	TCGA-SARC.6841386f-24c2-4e5d-8e22-8f626846c140.star_fusion.rna_fusion.tsv	6381ebc3-ae6a-4c7d-93b9-08bba8d69a3b
controlled	5370ed4a-eb6b-4eb4-8c71-f5b5d75cfa2d	TCGA-VT-A80J	Sequencing Reads	BAM	RNA-Seq	2ff9fe70-02d1-4955-b978-6a4031af69b2	a34df46e-6718-478c-8612-be37a5791f7c.rna_seq.genomic.gdc_realn.bam	2ff9fe70-02d1-4955-b978-6a4031af69b2
controlled	5370ed4a-eb6b-4eb4-8c71-f5b5d75cfa2d	TCGA-VT-A80J	Transcriptome Profiling	TSV	RNA-Seq	dde60da0-c1a0-4ec5-9b7f-d96556ca00e8	b56ae9d5-a61f-45dc-831b-bd0d40d83a86.rna_seq.star_splice_junctions.tsv.gz	dde60da0-c1a0-4ec5-9b7f-d96556ca00e8
controlled	505dc15c-4f74-43de-8eaf-32b7d7515edb	TCGA-DX-A8BH	Structural Variation	TSV	RNA-Seq	8ba4db95-a0fc-41dd-b70a-26459bd7dcf7	TCGA-SARC.89210906-2896-425f-9ba8-b07607843f2e.arriba.rna_fusion.tsv	8ba4db95-a0fc-41dd-b70a-26459bd7dcf7
open	505dc15c-4f74-43de-8eaf-32b7d7515edb	TCGA-DX-A8BH	Transcriptome Profiling	TSV	RNA-Seq	6ff7304b-6298-401d-8a21-2d1a9e2fc9ab	38b72b2d-01ba-4ef3-82e2-f80b3265f6ad.rna_seq.augmented_star_gene_counts.tsv	6ff7304b-6298-401d-8a21-2d1a9e2fc9ab
controlled	505dc15c-4f74-43de-8eaf-32b7d7515edb	TCGA-DX-A8BH	Structural Variation	TSV	RNA-Seq	77903bf8-9c33-4bab-aa03-91a51de46ea1	TCGA-SARC.86105d8b-d61d-4260-ab5d-e2aba2103dd2.star_fusion.rna_fusion.tsv	77903bf8-9c33-4bab-aa03-91a51de46ea1
controlled	590fdb76-20ef-4f95-9783-7d80e7a25e5a	TCGA-IE-A4EK	Transcriptome Profiling	TSV	RNA-Seq	c5d2ec37-e39e-4e0d-85f6-077f4f1adbd4	46d6b77c-0796-46f1-9c2d-f67f2a343e22.rna_seq.star_splice_junctions.tsv.gz	c5d2ec37-e39e-4e0d-85f6-077f4f1adbd4
controlled	5a2b2e1b-b631-40ae-ba41-d8022cddb550	TCGA-QQ-A8VH	Structural Variation	BEDPE	RNA-Seq	5cc23206-5e76-4a28-bfae-01f403b4ced9	TCGA-SARC.75d2f6a3-2c71-4664-bc64-4e352c8cb8d7.star_fusion.rna_fusion.bedpe	5cc23206-5e76-4a28-bfae-01f403b4ced9
controlled	5370ed4a-eb6b-4eb4-8c71-f5b5d75cfa2d	TCGA-VT-A80J	Sequencing Reads	BAM	RNA-Seq	0aefe8c1-9178-49b2-9aa6-2f7d3593a8f2	a34df46e-6718-478c-8612-be37a5791f7c.rna_seq.chimeric.gdc_realn.bam	0aefe8c1-9178-49b2-9aa6-2f7d3593a8f2
controlled	5370ed4a-eb6b-4eb4-8c71-f5b5d75cfa2d	TCGA-VT-A80J	Structural Variation	TSV	RNA-Seq	052e51bf-eeea-44e1-bc4d-9646625538d3	TCGA-SARC.b0cdc7bb-85f5-470b-a1cf-015dff327ac5.arriba.rna_fusion.tsv	052e51bf-eeea-44e1-bc4d-9646625538d3
controlled	5370ed4a-eb6b-4eb4-8c71-f5b5d75cfa2d	TCGA-VT-A80J	Structural Variation	BEDPE	RNA-Seq	f54445e3-0ca9-4eb3-9cb3-9cf7b6bdceb2	TCGA-SARC.e53778ff-f2b6-4550-8a1b-dac4a066a939.star_fusion.rna_fusion.bedpe	f54445e3-0ca9-4eb3-9cb3-9cf7b6bdceb2
controlled	5a2b2e1b-b631-40ae-ba41-d8022cddb550	TCGA-QQ-A8VH	Structural Variation	BEDPE	RNA-Seq	51314021-2a65-4af0-aae5-31e25007c4e4	TCGA-SARC.664d93ae-1613-4369-ba7a-ef0d00d2e6f1.arriba.rna_fusion.bedpe	51314021-2a65-4af0-aae5-31e25007c4e4
controlled	5370ed4a-eb6b-4eb4-8c71-f5b5d75cfa2d	TCGA-VT-A80J	Structural Variation	BEDPE	RNA-Seq	ed7f0afe-c796-4af1-8c11-1081fee48dd8	TCGA-SARC.b0cdc7bb-85f5-470b-a1cf-015dff327ac5.arriba.rna_fusion.bedpe	ed7f0afe-c796-4af1-8c11-1081fee48dd8
controlled	5a2b2e1b-b631-40ae-ba41-d8022cddb550	TCGA-QQ-A8VH	Sequencing Reads	BAM	RNA-Seq	b52d60d7-e630-4e92-b4fe-9ebdc0486f0f	545a36e1-8c4b-4f51-a27b-c48456f2eb4c.rna_seq.chimeric.gdc_realn.bam	b52d60d7-e630-4e92-b4fe-9ebdc0486f0f
controlled	5370ed4a-eb6b-4eb4-8c71-f5b5d75cfa2d	TCGA-VT-A80J	Sequencing Reads	BAM	RNA-Seq	e74de421-6850-40b3-9750-803363b4f0a5	b56ae9d5-a61f-45dc-831b-bd0d40d83a86.rna_seq.transcriptome.gdc_realn.bam	e74de421-6850-40b3-9750-803363b4f0a5
controlled	5a2b2e1b-b631-40ae-ba41-d8022cddb550	TCGA-QQ-A8VH	Transcriptome Profiling	TSV	RNA-Seq	c8c7351c-171d-4ca0-a892-82c1a7ff97ec	545a36e1-8c4b-4f51-a27b-c48456f2eb4c.rna_seq.star_splice_junctions.tsv.gz	c8c7351c-171d-4ca0-a892-82c1a7ff97ec
controlled	5a2b2e1b-b631-40ae-ba41-d8022cddb550	TCGA-QQ-A8VH	Structural Variation	TSV	RNA-Seq	499a283f-6b43-4d87-974a-cf32bb2d093b	TCGA-SARC.664d93ae-1613-4369-ba7a-ef0d00d2e6f1.arriba.rna_fusion.tsv	499a283f-6b43-4d87-974a-cf32bb2d093b
open	5370ed4a-eb6b-4eb4-8c71-f5b5d75cfa2d	TCGA-VT-A80J	Transcriptome Profiling	TSV	RNA-Seq	4b2f72b3-b551-479b-8258-5ebdd4a75abb	b56ae9d5-a61f-45dc-831b-bd0d40d83a86.rna_seq.augmented_star_gene_counts.tsv	4b2f72b3-b551-479b-8258-5ebdd4a75abb
controlled	506c7c3d-c414-4fc7-963d-e77106b501fb	TCGA-IE-A4EJ	Sequencing Reads	BAM	RNA-Seq	4ee3d6ac-5b0b-4e9b-85e6-c3a22972070c	fa9b149c-b8a4-49e4-94b3-61ecc6e9d1dd.rna_seq.transcriptome.gdc_realn.bam	4ee3d6ac-5b0b-4e9b-85e6-c3a22972070c
controlled	506c7c3d-c414-4fc7-963d-e77106b501fb	TCGA-IE-A4EJ	Structural Variation	BEDPE	RNA-Seq	8d03b044-6201-4ac0-be3a-dcb430571497	TCGA-SARC.bc007737-ae62-4c3a-a705-fc249716f973.star_fusion.rna_fusion.bedpe	8d03b044-6201-4ac0-be3a-dcb430571497
controlled	506c7c3d-c414-4fc7-963d-e77106b501fb	TCGA-IE-A4EJ	Transcriptome Profiling	TSV	RNA-Seq	07e15b9c-27cb-44cb-b05a-928c127a17e4	fa9b149c-b8a4-49e4-94b3-61ecc6e9d1dd.rna_seq.star_splice_junctions.tsv.gz	07e15b9c-27cb-44cb-b05a-928c127a17e4
controlled	685be6b4-1d9c-4539-ae4b-ca658fc83fbc	TCGA-DX-A48J	Sequencing Reads	BAM	RNA-Seq	58f9d179-3f18-4af2-baba-ec5ee8b8f151	c0c6f9a6-ee2f-4d04-9021-8fbfbc94503f.rna_seq.transcriptome.gdc_realn.bam	58f9d179-3f18-4af2-baba-ec5ee8b8f151
controlled	506c7c3d-c414-4fc7-963d-e77106b501fb	TCGA-IE-A4EJ	Sequencing Reads	BAM	RNA-Seq	ca4bb504-44c4-4f70-8c87-cf20e4dc9546	fa9b149c-b8a4-49e4-94b3-61ecc6e9d1dd.rna_seq.chimeric.gdc_realn.bam	ca4bb504-44c4-4f70-8c87-cf20e4dc9546
controlled	5a64f7e9-3833-4a3c-962b-13eb3e305c69	TCGA-IS-A3K7	Structural Variation	BEDPE	RNA-Seq	6ea1f070-2a08-43e9-97d2-1d69dc15199c	TCGA-SARC.508391e3-c1b2-42d7-809e-11dc386b9e03.star_fusion.rna_fusion.bedpe	6ea1f070-2a08-43e9-97d2-1d69dc15199c
controlled	5a64f7e9-3833-4a3c-962b-13eb3e305c69	TCGA-IS-A3K7	Transcriptome Profiling	TSV	RNA-Seq	4e399c49-5574-46a8-86f1-bb44d36d549d	ee8b78b2-a0bd-42cb-a516-96eb5599e95f.rna_seq.star_splice_junctions.tsv.gz	4e399c49-5574-46a8-86f1-bb44d36d549d
controlled	5a64f7e9-3833-4a3c-962b-13eb3e305c69	TCGA-IS-A3K7	Sequencing Reads	BAM	RNA-Seq	dabe7a86-fea8-4698-bef1-eff983071b58	ee8b78b2-a0bd-42cb-a516-96eb5599e95f.rna_seq.chimeric.gdc_realn.bam	dabe7a86-fea8-4698-bef1-eff983071b58
open	5a64f7e9-3833-4a3c-962b-13eb3e305c69	TCGA-IS-A3K7	Transcriptome Profiling	TSV	RNA-Seq	86828277-ecdc-46e5-a7da-aebdfdd9eb98	ee8b78b2-a0bd-42cb-a516-96eb5599e95f.rna_seq.augmented_star_gene_counts.tsv	86828277-ecdc-46e5-a7da-aebdfdd9eb98
controlled	5452ffd8-0408-4a78-b2fd-f1e0b0d05276	TCGA-DX-A8BR	Structural Variation	BEDPE	RNA-Seq	204b4cec-5319-4fed-8186-04f373943201	TCGA-SARC.3a406516-de39-4130-9019-4d3de80b69f2.arriba.rna_fusion.bedpe	204b4cec-5319-4fed-8186-04f373943201
controlled	5452ffd8-0408-4a78-b2fd-f1e0b0d05276	TCGA-DX-A8BR	Sequencing Reads	BAM	RNA-Seq	3831cd11-010c-4c84-96c4-fc96a26a2030	fcec5c6d-e5d3-45a9-b99e-bbbaea39b8c3.rna_seq.transcriptome.gdc_realn.bam	3831cd11-010c-4c84-96c4-fc96a26a2030
open	68c229a9-4c98-495a-b75a-f6f2172b075b	TCGA-QQ-A5VA	Transcriptome Profiling	TSV	RNA-Seq	5e50a0d7-a42f-42de-834a-cac172f61e86	63f35347-535a-42ad-9415-90dc6b09d977.rna_seq.augmented_star_gene_counts.tsv	5e50a0d7-a42f-42de-834a-cac172f61e86
controlled	5452ffd8-0408-4a78-b2fd-f1e0b0d05276	TCGA-DX-A8BR	Structural Variation	TSV	RNA-Seq	3d074909-1c43-4d68-9b83-003ac4cb5bc7	TCGA-SARC.3a406516-de39-4130-9019-4d3de80b69f2.arriba.rna_fusion.tsv	3d074909-1c43-4d68-9b83-003ac4cb5bc7
controlled	5b9d27a3-7483-4118-a719-a164800ba957	TCGA-DX-A3UF	Structural Variation	TSV	RNA-Seq	95bf82e3-0615-458d-9823-b4ee7c649e10	TCGA-SARC.4a384533-cf90-427a-a967-ddf6fa0496bc.star_fusion.rna_fusion.tsv	95bf82e3-0615-458d-9823-b4ee7c649e10
controlled	5b9d27a3-7483-4118-a719-a164800ba957	TCGA-DX-A3UF	Sequencing Reads	BAM	RNA-Seq	81238368-5d4d-4a94-bb26-2adfb5edc13a	d776b2ab-5750-439e-a6f0-8e5b945438c3.rna_seq.chimeric.gdc_realn.bam	81238368-5d4d-4a94-bb26-2adfb5edc13a
controlled	68c229a9-4c98-495a-b75a-f6f2172b075b	TCGA-QQ-A5VA	Sequencing Reads	BAM	RNA-Seq	9f4e75b9-5637-4b9b-a76b-4815be15ef5e	63f35347-535a-42ad-9415-90dc6b09d977.rna_seq.genomic.gdc_realn.bam	9f4e75b9-5637-4b9b-a76b-4815be15ef5e
controlled	5467fb35-7cb4-4d13-a0bb-fe727d5b7bb1	TCGA-DX-A1L1	Structural Variation	BEDPE	RNA-Seq	2b2e3278-2184-472d-a937-9593590df1a1	TCGA-SARC.885e6c23-b9e6-4d69-83de-aa1bba717c88.arriba.rna_fusion.bedpe	2b2e3278-2184-472d-a937-9593590df1a1
controlled	5467fb35-7cb4-4d13-a0bb-fe727d5b7bb1	TCGA-DX-A1L1	Structural Variation	TSV	RNA-Seq	3cfd40b3-0fa8-4aad-aa6d-d2da04f840e0	TCGA-SARC.cd26977f-e0a9-4bd4-ac5a-fa990a1485fa.star_fusion.rna_fusion.tsv	3cfd40b3-0fa8-4aad-aa6d-d2da04f840e0
controlled	5467fb35-7cb4-4d13-a0bb-fe727d5b7bb1	TCGA-DX-A1L1	Sequencing Reads	BAM	RNA-Seq	e83b99b7-7842-484b-8327-9e50650a5f0f	2e2c77d1-cd34-473a-b3ed-b326a57e7b75.rna_seq.chimeric.gdc_realn.bam	e83b99b7-7842-484b-8327-9e50650a5f0f
controlled	6a25aeca-126b-408b-ae13-e7df29f552b4	TCGA-DX-AB36	Sequencing Reads	BAM	RNA-Seq	2261db22-ffb6-47b0-9fea-c4232fbee598	3cc433bc-750f-4e20-88ed-73d5f9e52c6f.rna_seq.chimeric.gdc_realn.bam	2261db22-ffb6-47b0-9fea-c4232fbee598
controlled	5467fb35-7cb4-4d13-a0bb-fe727d5b7bb1	TCGA-DX-A1L1	Sequencing Reads	BAM	RNA-Seq	88c8ceef-74dc-4c6a-927c-c4594ad765fb	2e2c77d1-cd34-473a-b3ed-b326a57e7b75.rna_seq.transcriptome.gdc_realn.bam	88c8ceef-74dc-4c6a-927c-c4594ad765fb
controlled	56fdf145-26c2-44d2-bf0e-67d8c8999a6e	TCGA-DX-A6YZ	Sequencing Reads	BAM	RNA-Seq	e7ee6b38-3b19-4c8e-a843-27736dbe1896	e7b47251-c649-4779-a881-83bf048b52ee.rna_seq.transcriptome.gdc_realn.bam	e7ee6b38-3b19-4c8e-a843-27736dbe1896
controlled	56fdf145-26c2-44d2-bf0e-67d8c8999a6e	TCGA-DX-A6YZ	Structural Variation	TSV	RNA-Seq	6f7327ce-37db-4ecc-a778-4f71a1174031	TCGA-SARC.b8d445a8-39c7-436b-a423-1c41e3047446.arriba.rna_fusion.tsv	6f7327ce-37db-4ecc-a778-4f71a1174031
controlled	6a25aeca-126b-408b-ae13-e7df29f552b4	TCGA-DX-AB36	Structural Variation	BEDPE	RNA-Seq	478ecf08-0a6e-4943-a32a-3fb2146595e8	TCGA-SARC.dfaca175-04c7-45fc-8749-7f10faf0b146.arriba.rna_fusion.bedpe	478ecf08-0a6e-4943-a32a-3fb2146595e8
controlled	56fdf145-26c2-44d2-bf0e-67d8c8999a6e	TCGA-DX-A6YZ	Transcriptome Profiling	TSV	RNA-Seq	fb909736-fbeb-4216-ae56-cb93ff5736d4	e7b47251-c649-4779-a881-83bf048b52ee.rna_seq.star_splice_junctions.tsv.gz	fb909736-fbeb-4216-ae56-cb93ff5736d4
controlled	5dbd1eed-523e-48cc-b69b-ac905a1116eb	TCGA-PT-A8TR	Transcriptome Profiling	TSV	RNA-Seq	2d7e13bd-443a-4667-8862-d4f881eb309c	d477e42e-b641-496e-8353-d5091df09c1e.rna_seq.star_splice_junctions.tsv.gz	2d7e13bd-443a-4667-8862-d4f881eb309c
controlled	56fdf145-26c2-44d2-bf0e-67d8c8999a6e	TCGA-DX-A6YZ	Structural Variation	BEDPE	RNA-Seq	00f84f6c-8dcf-42a9-ba84-9bfcc39a5a4f	TCGA-SARC.cdcc1223-311a-494e-81f1-01777edd12aa.star_fusion.rna_fusion.bedpe	00f84f6c-8dcf-42a9-ba84-9bfcc39a5a4f
controlled	5dbd1eed-523e-48cc-b69b-ac905a1116eb	TCGA-PT-A8TR	Sequencing Reads	BAM	RNA-Seq	dcda4f1e-bcdf-4734-8a94-3ef37a461815	d477e42e-b641-496e-8353-d5091df09c1e.rna_seq.chimeric.gdc_realn.bam	dcda4f1e-bcdf-4734-8a94-3ef37a461815
controlled	6a25aeca-126b-408b-ae13-e7df29f552b4	TCGA-DX-AB36	Structural Variation	BEDPE	RNA-Seq	70ed65d1-6617-47e6-a5fb-387a277a9d78	TCGA-SARC.6dca335f-3f28-4de7-a49a-feb99fb27e2e.star_fusion.rna_fusion.bedpe	70ed65d1-6617-47e6-a5fb-387a277a9d78
controlled	6a25aeca-126b-408b-ae13-e7df29f552b4	TCGA-DX-AB36	Structural Variation	TSV	RNA-Seq	f5f0d218-ea83-41b1-8bde-2aa2482558ef	TCGA-SARC.dfaca175-04c7-45fc-8749-7f10faf0b146.arriba.rna_fusion.tsv	f5f0d218-ea83-41b1-8bde-2aa2482558ef
open	5dbd1eed-523e-48cc-b69b-ac905a1116eb	TCGA-PT-A8TR	Transcriptome Profiling	TSV	RNA-Seq	59d0c4f3-b347-46cb-ae67-226397cb2968	d477e42e-b641-496e-8353-d5091df09c1e.rna_seq.augmented_star_gene_counts.tsv	59d0c4f3-b347-46cb-ae67-226397cb2968
controlled	56fdf145-26c2-44d2-bf0e-67d8c8999a6e	TCGA-DX-A6YZ	Structural Variation	BEDPE	RNA-Seq	e3cfe533-74f7-4456-b204-5cf9b1b7a565	TCGA-SARC.b8d445a8-39c7-436b-a423-1c41e3047446.arriba.rna_fusion.bedpe	e3cfe533-74f7-4456-b204-5cf9b1b7a565
open	6ac81dec-4802-440b-a5f0-e6eb81a0b22b	TCGA-Z4-AAPG	Transcriptome Profiling	TSV	RNA-Seq	3bc8f4da-ad47-41a7-8d81-607a36f1e9f4	91b12476-6108-450e-af54-d182b5b554dd.rna_seq.augmented_star_gene_counts.tsv	3bc8f4da-ad47-41a7-8d81-607a36f1e9f4
controlled	6037a772-38a4-4f44-95a5-681f90b81684	TCGA-DX-A6YQ	Transcriptome Profiling	TSV	RNA-Seq	1f030405-c2ae-4947-978e-1c146828f7cc	ab72317d-9a17-4e0b-8c82-b970f6c98fa3.rna_seq.star_splice_junctions.tsv.gz	1f030405-c2ae-4947-978e-1c146828f7cc
controlled	590fdb76-20ef-4f95-9783-7d80e7a25e5a	TCGA-IE-A4EK	Sequencing Reads	BAM	RNA-Seq	af27fa57-529f-4a02-a92a-ea361636d7e8	46d6b77c-0796-46f1-9c2d-f67f2a343e22.rna_seq.genomic.gdc_realn.bam	af27fa57-529f-4a02-a92a-ea361636d7e8
open	719fa3f6-0194-423d-8a96-3709e8180565	TCGA-X6-A8C6	Transcriptome Profiling	TSV	RNA-Seq	00b84393-53e7-4a0a-8fa1-3a641bd0c8ac	a51683df-e7cb-4c81-b0ff-d7d8ae08e113.rna_seq.augmented_star_gene_counts.tsv	00b84393-53e7-4a0a-8fa1-3a641bd0c8ac
controlled	719fa3f6-0194-423d-8a96-3709e8180565	TCGA-X6-A8C6	Structural Variation	BEDPE	RNA-Seq	3bd1ccee-e5fa-4058-ae14-bab9eb532b51	TCGA-SARC.650c4470-276d-40d8-8bf0-265c4614984b.star_fusion.rna_fusion.bedpe	3bd1ccee-e5fa-4058-ae14-bab9eb532b51
controlled	6037a772-38a4-4f44-95a5-681f90b81684	TCGA-DX-A6YQ	Structural Variation	TSV	RNA-Seq	7c4320b0-d66f-4cba-bd54-41491a55a156	TCGA-SARC.17729878-c04f-41a4-ab67-24ce187ee994.arriba.rna_fusion.tsv	7c4320b0-d66f-4cba-bd54-41491a55a156
controlled	6ac81dec-4802-440b-a5f0-e6eb81a0b22b	TCGA-Z4-AAPG	Sequencing Reads	BAM	RNA-Seq	2bfdc73f-ee26-40b0-a923-020140bcfe5b	91b12476-6108-450e-af54-d182b5b554dd.rna_seq.chimeric.gdc_realn.bam	2bfdc73f-ee26-40b0-a923-020140bcfe5b
controlled	60d8a41f-46ae-4ebb-9fac-ab73f1411e55	TCGA-DX-AB2H	Structural Variation	BEDPE	RNA-Seq	4dda0dca-5b09-4222-bb35-a128167ef71d	TCGA-SARC.20d57a2e-441b-4928-be6a-0a66a6dfe5cc.arriba.rna_fusion.bedpe	4dda0dca-5b09-4222-bb35-a128167ef71d
open	60d8a41f-46ae-4ebb-9fac-ab73f1411e55	TCGA-DX-AB2H	Transcriptome Profiling	TSV	RNA-Seq	ecbaf600-c51a-4410-b25f-194796bfd6be	31532935-f170-4aff-841d-7922f5752ee6.rna_seq.augmented_star_gene_counts.tsv	ecbaf600-c51a-4410-b25f-194796bfd6be
controlled	719fa3f6-0194-423d-8a96-3709e8180565	TCGA-X6-A8C6	Transcriptome Profiling	TSV	RNA-Seq	b28dea06-0af5-4eaa-8088-f19d8bd4c850	a51683df-e7cb-4c81-b0ff-d7d8ae08e113.rna_seq.star_splice_junctions.tsv.gz	b28dea06-0af5-4eaa-8088-f19d8bd4c850
open	6b189eff-b919-49d6-8775-dbf32c9ccbba	TCGA-DX-A2IZ	Transcriptome Profiling	TSV	RNA-Seq	ec9d44e0-1357-47fc-8312-f90b347f2cdf	903bad96-e2c3-4339-832f-87bb2e4c5802.rna_seq.augmented_star_gene_counts.tsv	ec9d44e0-1357-47fc-8312-f90b347f2cdf
controlled	7bab6742-4e3d-4fcf-9b90-d3e0218b4d79	TCGA-FX-A3NJ	Sequencing Reads	BAM	RNA-Seq	48da309f-5cc5-4685-8ba7-31d3e9cf2262	e7b81a69-7f24-4f81-a006-cffc9bf3fd8e.rna_seq.chimeric.gdc_realn.bam	48da309f-5cc5-4685-8ba7-31d3e9cf2262
controlled	6b189eff-b919-49d6-8775-dbf32c9ccbba	TCGA-DX-A2IZ	Sequencing Reads	BAM	RNA-Seq	c9e37aba-3b9c-499b-b51a-c17bd72338b2	903bad96-e2c3-4339-832f-87bb2e4c5802.rna_seq.chimeric.gdc_realn.bam	c9e37aba-3b9c-499b-b51a-c17bd72338b2
controlled	724edf28-c9b2-4b11-ae30-70a137f821b8	TCGA-HS-A5N8	Structural Variation	BEDPE	RNA-Seq	f406e451-d2fe-4a34-b9f4-80b4fe6bdbff	TCGA-SARC.7b37c76b-3e10-43d9-855c-fdf790ed963f.star_fusion.rna_fusion.bedpe	f406e451-d2fe-4a34-b9f4-80b4fe6bdbff
controlled	7bab6742-4e3d-4fcf-9b90-d3e0218b4d79	TCGA-FX-A3NJ	Structural Variation	BEDPE	RNA-Seq	cb4506cc-7449-40dc-a283-09c883f76f21	TCGA-SARC.660f38aa-c0e4-44d0-85fb-7db743b7acb3.star_fusion.rna_fusion.bedpe	cb4506cc-7449-40dc-a283-09c883f76f21
controlled	7bab6742-4e3d-4fcf-9b90-d3e0218b4d79	TCGA-FX-A3NJ	Structural Variation	TSV	RNA-Seq	2acbdc58-44ce-4da3-82db-b551ef6b1925	TCGA-SARC.660f38aa-c0e4-44d0-85fb-7db743b7acb3.star_fusion.rna_fusion.tsv	2acbdc58-44ce-4da3-82db-b551ef6b1925
controlled	6be3885c-219b-44f4-92bc-c055dc843a87	TCGA-DX-A6YV	Structural Variation	BEDPE	RNA-Seq	93fd4e61-b906-4aae-9d7d-10c52c3d52cb	TCGA-SARC.5387f477-7bfd-457d-a0bc-d3d1dc094b96.arriba.rna_fusion.bedpe	93fd4e61-b906-4aae-9d7d-10c52c3d52cb
controlled	6be3885c-219b-44f4-92bc-c055dc843a87	TCGA-DX-A6YV	Structural Variation	BEDPE	RNA-Seq	c52a5864-1723-45bd-bc24-636b00a22e68	TCGA-SARC.21821056-aa23-4767-8ea9-7e385ea63b5f.star_fusion.rna_fusion.bedpe	c52a5864-1723-45bd-bc24-636b00a22e68
controlled	7bab6742-4e3d-4fcf-9b90-d3e0218b4d79	TCGA-FX-A3NJ	Transcriptome Profiling	TSV	RNA-Seq	43b56de8-c65f-43ae-85a2-44bfa8eb1d49	e7b81a69-7f24-4f81-a006-cffc9bf3fd8e.rna_seq.star_splice_junctions.tsv.gz	43b56de8-c65f-43ae-85a2-44bfa8eb1d49
controlled	6e82bcfc-a61d-441b-a1ed-cb46dc88a860	TCGA-DX-A7EO	Structural Variation	TSV	RNA-Seq	8fa2c1d1-41fd-44fe-a060-f4524eb2a439	TCGA-SARC.c05864e6-f1a7-43cf-8c17-bd3791a053c2.arriba.rna_fusion.tsv	8fa2c1d1-41fd-44fe-a060-f4524eb2a439
controlled	73d2e8ef-4e10-416a-845b-f48374e48ecb	TCGA-DX-A1L2	Structural Variation	TSV	RNA-Seq	1de9756c-7dfe-49a5-983e-258e73ac23fe	TCGA-SARC.4ef9e634-107e-44fa-8708-cfb529c20292.arriba.rna_fusion.tsv	1de9756c-7dfe-49a5-983e-258e73ac23fe
controlled	73d2e8ef-4e10-416a-845b-f48374e48ecb	TCGA-DX-A1L2	Sequencing Reads	BAM	RNA-Seq	7005cc4f-16ff-43ce-845c-40cb719f38a9	2c0edbe3-1432-4a83-8906-ebea48790d7f.rna_seq.transcriptome.gdc_realn.bam	7005cc4f-16ff-43ce-845c-40cb719f38a9
controlled	6e82bcfc-a61d-441b-a1ed-cb46dc88a860	TCGA-DX-A7EO	Structural Variation	TSV	RNA-Seq	b6231ab5-8502-4e18-bc09-2ca4f0c6e49d	TCGA-SARC.37f20213-22d1-4f7c-843d-01d6c5ef7e05.star_fusion.rna_fusion.tsv	b6231ab5-8502-4e18-bc09-2ca4f0c6e49d
controlled	685be6b4-1d9c-4539-ae4b-ca658fc83fbc	TCGA-DX-A48J	Structural Variation	BEDPE	RNA-Seq	324f7e3f-4e6c-4411-87c8-722bdd1db048	TCGA-SARC.7e9e9fc2-0743-4e4a-a082-aae722c340ae.star_fusion.rna_fusion.bedpe	324f7e3f-4e6c-4411-87c8-722bdd1db048
controlled	7c82e2d6-a768-4078-9084-4b47e8a2ce95	TCGA-DX-A3UB	Sequencing Reads	BAM	RNA-Seq	eebdb3b7-3d54-4a1a-9677-fd320e0e6fa5	5a141afd-e054-4f12-8043-9a72bfa4696d.rna_seq.chimeric.gdc_realn.bam	eebdb3b7-3d54-4a1a-9677-fd320e0e6fa5
controlled	76e3ec27-2c64-4e38-96f1-30307893b825	TCGA-HB-A2OT	Sequencing Reads	BAM	RNA-Seq	af780c5b-ca76-4d3d-9222-ec322bf1bdb6	178d64ef-e441-4280-9cff-ecc0987f2603.rna_seq.genomic.gdc_realn.bam	af780c5b-ca76-4d3d-9222-ec322bf1bdb6
controlled	83a93378-0978-4102-9e4b-09b547b75687	TCGA-K1-A42W	Sequencing Reads	BAM	RNA-Seq	23f22c91-305f-4ab5-8d95-0e6f27e20786	c060d2ba-280c-48a3-b2e1-487d85790c4b.rna_seq.transcriptome.gdc_realn.bam	23f22c91-305f-4ab5-8d95-0e6f27e20786
open	6e9f74a4-2f41-4b2f-b0e1-39c4d779bd40	TCGA-QQ-A8VD	Transcriptome Profiling	TSV	RNA-Seq	dda0c2a2-9220-42d1-9dc5-c7c8d92962df	0d005c0b-3d68-43d2-ad8d-beb9f1328b37.rna_seq.augmented_star_gene_counts.tsv	dda0c2a2-9220-42d1-9dc5-c7c8d92962df
controlled	7cbfe175-9329-496e-adc7-6b8ed2bdd113	TCGA-DX-A3UD	Sequencing Reads	BAM	RNA-Seq	74cb62e8-1e88-43c5-ada1-035236275ff4	62eaa0d0-5dfe-4e74-814e-d43a4ebef19a.rna_seq.transcriptome.gdc_realn.bam	74cb62e8-1e88-43c5-ada1-035236275ff4
controlled	7cbfe175-9329-496e-adc7-6b8ed2bdd113	TCGA-DX-A3UD	Transcriptome Profiling	TSV	RNA-Seq	11851135-c6da-43fa-99a9-cedd1f573b4b	62eaa0d0-5dfe-4e74-814e-d43a4ebef19a.rna_seq.star_splice_junctions.tsv.gz	11851135-c6da-43fa-99a9-cedd1f573b4b
controlled	771b35b6-e0a9-427e-8c67-e934f5e0d9bd	TCGA-DX-A1KX	Structural Variation	BEDPE	RNA-Seq	55cbc97f-6659-46ae-976d-505389d40578	TCGA-SARC.8165fe4c-e9b9-4329-bb3a-3b64464f6240.arriba.rna_fusion.bedpe	55cbc97f-6659-46ae-976d-505389d40578
controlled	771b35b6-e0a9-427e-8c67-e934f5e0d9bd	TCGA-DX-A1KX	Structural Variation	BEDPE	RNA-Seq	dbdb90de-af76-46ea-a87c-1a56c308e3e9	TCGA-SARC.9a13e7bc-ea11-4c4a-b106-b7fac3208391.star_fusion.rna_fusion.bedpe	dbdb90de-af76-46ea-a87c-1a56c308e3e9
controlled	771b35b6-e0a9-427e-8c67-e934f5e0d9bd	TCGA-DX-A1KX	Sequencing Reads	BAM	RNA-Seq	5f7b49fd-9d25-49e2-9895-a361f8ca1c2f	9bfa4486-3b37-4ef8-9b25-61158658e6ca.rna_seq.transcriptome.gdc_realn.bam	5f7b49fd-9d25-49e2-9895-a361f8ca1c2f
controlled	771b35b6-e0a9-427e-8c67-e934f5e0d9bd	TCGA-DX-A1KX	Sequencing Reads	BAM	RNA-Seq	18804f62-8769-44db-bb94-fa52e51be450	9bfa4486-3b37-4ef8-9b25-61158658e6ca.rna_seq.genomic.gdc_realn.bam	18804f62-8769-44db-bb94-fa52e51be450
controlled	854e42bc-95b2-4b77-a4b2-ffbd6c28b281	TCGA-DX-A1L0	Sequencing Reads	BAM	RNA-Seq	ae7e2496-c026-4b26-819d-60542096af68	e1b58888-05ab-4b67-a35e-27df791626c1.rna_seq.transcriptome.gdc_realn.bam	ae7e2496-c026-4b26-819d-60542096af68
controlled	854e42bc-95b2-4b77-a4b2-ffbd6c28b281	TCGA-DX-A1L0	Sequencing Reads	BAM	RNA-Seq	b4092f78-1a35-478a-989b-baa35e8b0fab	e1b58888-05ab-4b67-a35e-27df791626c1.rna_seq.genomic.gdc_realn.bam	b4092f78-1a35-478a-989b-baa35e8b0fab
controlled	778dc00a-0b94-45a8-ae13-9c80f0c1dfd6	TCGA-DX-A3UC	Sequencing Reads	BAM	RNA-Seq	b75dd4d3-e491-4a98-8763-9a034135e58c	bce2a059-0a75-4106-a768-39584ac9d855.rna_seq.chimeric.gdc_realn.bam	b75dd4d3-e491-4a98-8763-9a034135e58c
controlled	854e42bc-95b2-4b77-a4b2-ffbd6c28b281	TCGA-DX-A1L0	Sequencing Reads	BAM	RNA-Seq	43b632eb-780a-40d4-8564-a5325fa1f63e	e1b58888-05ab-4b67-a35e-27df791626c1.rna_seq.chimeric.gdc_realn.bam	43b632eb-780a-40d4-8564-a5325fa1f63e
open	854e42bc-95b2-4b77-a4b2-ffbd6c28b281	TCGA-DX-A1L0	Transcriptome Profiling	TSV	RNA-Seq	1cfa462d-eba9-4957-b747-d98ebc2fda35	e1b58888-05ab-4b67-a35e-27df791626c1.rna_seq.augmented_star_gene_counts.tsv	1cfa462d-eba9-4957-b747-d98ebc2fda35
controlled	778dc00a-0b94-45a8-ae13-9c80f0c1dfd6	TCGA-DX-A3UC	Structural Variation	TSV	RNA-Seq	76cc1481-30e0-4e7a-aaeb-b75bf7f0348f	TCGA-SARC.28d1fc3f-5322-4a38-ab62-07f409e94def.arriba.rna_fusion.tsv	76cc1481-30e0-4e7a-aaeb-b75bf7f0348f
controlled	7f9031da-124a-4a38-83e6-878a50e58c24	TCGA-FX-A3RE	Structural Variation	TSV	RNA-Seq	76712d0a-39a4-44d5-ab52-0fb45ba289bd	TCGA-SARC.a8eb6dcb-a99e-479c-b532-486c1b58d547.arriba.rna_fusion.tsv	76712d0a-39a4-44d5-ab52-0fb45ba289bd
controlled	854e42bc-95b2-4b77-a4b2-ffbd6c28b281	TCGA-DX-A1L0	Transcriptome Profiling	TSV	RNA-Seq	c849357c-89a6-4369-a82d-37f1578960ef	e1b58888-05ab-4b67-a35e-27df791626c1.rna_seq.star_splice_junctions.tsv.gz	c849357c-89a6-4369-a82d-37f1578960ef
controlled	778dc00a-0b94-45a8-ae13-9c80f0c1dfd6	TCGA-DX-A3UC	Structural Variation	BEDPE	RNA-Seq	84c839e9-b746-41a5-9ce8-589c929aa380	TCGA-SARC.28d1fc3f-5322-4a38-ab62-07f409e94def.arriba.rna_fusion.bedpe	84c839e9-b746-41a5-9ce8-589c929aa380
open	7f9031da-124a-4a38-83e6-878a50e58c24	TCGA-FX-A3RE	Transcriptome Profiling	TSV	RNA-Seq	9cfd9c78-2876-4be5-a791-7d2a24741fd7	a59aa7a4-b3c0-4c91-9776-8ebe8f710ba1.rna_seq.augmented_star_gene_counts.tsv	9cfd9c78-2876-4be5-a791-7d2a24741fd7
controlled	7f9031da-124a-4a38-83e6-878a50e58c24	TCGA-FX-A3RE	Structural Variation	BEDPE	RNA-Seq	72be6eed-a46e-44dc-a22c-37171301385f	TCGA-SARC.a8eb6dcb-a99e-479c-b532-486c1b58d547.arriba.rna_fusion.bedpe	72be6eed-a46e-44dc-a22c-37171301385f
controlled	89ea0e21-c5af-42b4-9f64-5ba4874ab76e	TCGA-DX-A7EF	Sequencing Reads	BAM	RNA-Seq	6e25f05e-e6fd-4bd2-b700-360e19f900ef	c6ca7cbb-2be2-4abb-9b66-04069fe6690f.rna_seq.chimeric.gdc_realn.bam	6e25f05e-e6fd-4bd2-b700-360e19f900ef
controlled	788dbebb-3d1b-4f6d-8a40-869157d25025	TCGA-WK-A8XQ	Sequencing Reads	BAM	RNA-Seq	806540fc-292a-4b23-9f52-adaf261b57f1	b7200fba-1d9e-4337-8105-dddb9074e29b.rna_seq.chimeric.gdc_realn.bam	806540fc-292a-4b23-9f52-adaf261b57f1
controlled	85a7da1e-a8d0-4366-890a-79c0461967c6	TCGA-X6-A7WA	Structural Variation	TSV	RNA-Seq	2efbf765-39f0-4875-aa79-2113fc50a169	TCGA-SARC.17c8e02c-3a60-4d52-94cb-e42dff6d38a6.star_fusion.rna_fusion.tsv	2efbf765-39f0-4875-aa79-2113fc50a169
controlled	85a7da1e-a8d0-4366-890a-79c0461967c6	TCGA-X6-A7WA	Sequencing Reads	BAM	RNA-Seq	f0c93fec-60d8-4869-98b3-8cc9563e62fb	b033ac56-6f16-4379-ab54-f3b75ece77ff.rna_seq.genomic.gdc_realn.bam	f0c93fec-60d8-4869-98b3-8cc9563e62fb
controlled	85a7da1e-a8d0-4366-890a-79c0461967c6	TCGA-X6-A7WA	Structural Variation	BEDPE	RNA-Seq	9e76acf4-45fa-4456-9ab6-cd65304d1d75	TCGA-SARC.17c8e02c-3a60-4d52-94cb-e42dff6d38a6.star_fusion.rna_fusion.bedpe	9e76acf4-45fa-4456-9ab6-cd65304d1d75
controlled	8b20dd03-46da-4d6b-95b4-f329fdc486cf	TCGA-VT-A80G	Sequencing Reads	BAM	RNA-Seq	f0f6243c-21dc-41fb-8ca5-af71069d5cd1	ffb03af9-5abb-46d5-820b-1e90fe1c06ad.rna_seq.genomic.gdc_realn.bam	f0f6243c-21dc-41fb-8ca5-af71069d5cd1
controlled	8654c2b5-27d7-43c5-9a39-7fdefd7a0324	TCGA-MO-A47R	Structural Variation	BEDPE	RNA-Seq	9a7c929e-25c0-45b4-b046-375e9e993925	TCGA-SARC.3b99a7e1-8f5c-474d-b5e6-d67c5dc32c76.star_fusion.rna_fusion.bedpe	9a7c929e-25c0-45b4-b046-375e9e993925
controlled	8654c2b5-27d7-43c5-9a39-7fdefd7a0324	TCGA-MO-A47R	Transcriptome Profiling	TSV	RNA-Seq	6be4c6df-d980-402a-a563-9358bd81ed21	d8875678-60f3-4998-8455-e7d877eeb8a5.rna_seq.star_splice_junctions.tsv.gz	6be4c6df-d980-402a-a563-9358bd81ed21
open	8654c2b5-27d7-43c5-9a39-7fdefd7a0324	TCGA-MO-A47R	Transcriptome Profiling	TSV	RNA-Seq	ecf2d535-45a0-4b1c-afd9-d1e05366b4f9	d8875678-60f3-4998-8455-e7d877eeb8a5.rna_seq.augmented_star_gene_counts.tsv	ecf2d535-45a0-4b1c-afd9-d1e05366b4f9
controlled	8b20dd03-46da-4d6b-95b4-f329fdc486cf	TCGA-VT-A80G	Transcriptome Profiling	TSV	RNA-Seq	2999ca35-4dd0-4d27-91de-5de774bab577	ffb03af9-5abb-46d5-820b-1e90fe1c06ad.rna_seq.star_splice_junctions.tsv.gz	2999ca35-4dd0-4d27-91de-5de774bab577
open	78c0d30c-0905-49de-be7f-afc1337f59b7	TCGA-K1-A6RV	Transcriptome Profiling	TSV	RNA-Seq	82a02ad4-d8a6-4ff2-ac9b-c5cf92608e50	49e72bf1-a9b4-4554-8d9d-a4068e7a8fea.rna_seq.augmented_star_gene_counts.tsv	82a02ad4-d8a6-4ff2-ac9b-c5cf92608e50
controlled	8fabdaf2-00b1-4d41-a27b-f4aa13f7b451	TCGA-DX-A3M2	Sequencing Reads	BAM	RNA-Seq	a579d4b7-b4aa-4752-9dc8-0ce9b868823b	09215f3e-278e-431d-be9d-f3c6d56aca0e.rna_seq.chimeric.gdc_realn.bam	a579d4b7-b4aa-4752-9dc8-0ce9b868823b
controlled	78c0d30c-0905-49de-be7f-afc1337f59b7	TCGA-K1-A6RV	Transcriptome Profiling	TSV	RNA-Seq	362af8cd-4cc7-4815-9796-380ef2ea0432	49e72bf1-a9b4-4554-8d9d-a4068e7a8fea.rna_seq.star_splice_junctions.tsv.gz	362af8cd-4cc7-4815-9796-380ef2ea0432
controlled	8fabdaf2-00b1-4d41-a27b-f4aa13f7b451	TCGA-DX-A3M2	Sequencing Reads	BAM	RNA-Seq	dbd767db-0fc7-479d-bbd7-039dd8fb27b4	09215f3e-278e-431d-be9d-f3c6d56aca0e.rna_seq.transcriptome.gdc_realn.bam	dbd767db-0fc7-479d-bbd7-039dd8fb27b4
controlled	78c0d30c-0905-49de-be7f-afc1337f59b7	TCGA-K1-A6RV	Structural Variation	BEDPE	RNA-Seq	c9896e34-fc83-4296-9231-3262914537ed	TCGA-SARC.8e1f86ed-0e7a-4967-8d36-4f31e77dc7a2.star_fusion.rna_fusion.bedpe	c9896e34-fc83-4296-9231-3262914537ed
controlled	7b5a66c5-17d2-487e-8ea3-81a00c836738	TCGA-DX-A8BP	Sequencing Reads	BAM	RNA-Seq	d4b47287-0331-4b0d-821a-95aeeff543ac	2eff70d4-ab32-47c4-b5b0-8941e5b5a598.rna_seq.genomic.gdc_realn.bam	d4b47287-0331-4b0d-821a-95aeeff543ac
controlled	83488a9c-6b28-4a48-850a-2a2fa47ce25e	TCGA-DX-A8BK	Sequencing Reads	BAM	RNA-Seq	a20c3da7-cece-4464-adba-4761505cce46	13e89811-619e-4bc8-91b7-c4d41dc26c48.rna_seq.transcriptome.gdc_realn.bam	a20c3da7-cece-4464-adba-4761505cce46
controlled	8c279bc5-117e-440b-b118-af01fc6c11a2	TCGA-MB-A8JK	Sequencing Reads	BAM	RNA-Seq	6515e7cd-699e-4889-ab21-174da8bb7402	5f69833b-b0c5-4d6e-9d71-381c555557d7.rna_seq.genomic.gdc_realn.bam	6515e7cd-699e-4889-ab21-174da8bb7402
controlled	83488a9c-6b28-4a48-850a-2a2fa47ce25e	TCGA-DX-A8BK	Structural Variation	TSV	RNA-Seq	fc630df2-176c-4eaf-b3e3-8b1daccf089b	TCGA-SARC.667dda7f-c70c-498b-8a67-15dea44128c5.arriba.rna_fusion.tsv	fc630df2-176c-4eaf-b3e3-8b1daccf089b
open	8c279bc5-117e-440b-b118-af01fc6c11a2	TCGA-MB-A8JK	Transcriptome Profiling	TSV	RNA-Seq	8475e801-1d7c-4bcf-ba41-89860088ef14	5f69833b-b0c5-4d6e-9d71-381c555557d7.rna_seq.augmented_star_gene_counts.tsv	8475e801-1d7c-4bcf-ba41-89860088ef14
controlled	83a93378-0978-4102-9e4b-09b547b75687	TCGA-K1-A42W	Structural Variation	TSV	RNA-Seq	cb372f2c-0e2a-44c9-b0fa-4f5eac3eba43	TCGA-SARC.2c178b66-391b-4b65-a3e8-3da9eddef5a5.star_fusion.rna_fusion.tsv	cb372f2c-0e2a-44c9-b0fa-4f5eac3eba43
open	872244e2-d1ed-4a1d-9162-365f45e7f1a0	TCGA-DX-AB30	Transcriptome Profiling	TSV	RNA-Seq	4b75f7a3-b823-4cf4-be65-e66904441b88	492fd01c-2a0d-4d00-a4a4-bdfe27d36742.rna_seq.augmented_star_gene_counts.tsv	4b75f7a3-b823-4cf4-be65-e66904441b88
controlled	8fc1fade-42aa-45d9-8ed3-2f7e73cb0936	TCGA-DX-A48N	Sequencing Reads	BAM	RNA-Seq	43f61ec4-593e-4ff9-9f94-8a7fd4e14532	a9132e93-c833-4d4a-9eac-309f9db438ef.rna_seq.genomic.gdc_realn.bam	43f61ec4-593e-4ff9-9f94-8a7fd4e14532
controlled	8fc1fade-42aa-45d9-8ed3-2f7e73cb0936	TCGA-DX-A48N	Structural Variation	BEDPE	RNA-Seq	9c2eaa97-67c7-441e-a371-cadeb0b0a5c6	TCGA-SARC.ee220fd9-5950-47db-b214-2ffd8907eae1.arriba.rna_fusion.bedpe	9c2eaa97-67c7-441e-a371-cadeb0b0a5c6
controlled	8fc1fade-42aa-45d9-8ed3-2f7e73cb0936	TCGA-DX-A48N	Sequencing Reads	BAM	RNA-Seq	5be0326b-3cc5-4ad5-abb8-b74e911c5087	a9132e93-c833-4d4a-9eac-309f9db438ef.rna_seq.transcriptome.gdc_realn.bam	5be0326b-3cc5-4ad5-abb8-b74e911c5087
controlled	926176c2-0a8f-414a-a7b1-91734bdce6ae	TCGA-DX-A8BJ	Transcriptome Profiling	TSV	RNA-Seq	b6e8f795-5c64-42b7-a06d-800ff0fe0ada	4160b4a5-e62e-40fa-aa8f-7e87c6e3c783.rna_seq.star_splice_junctions.tsv.gz	b6e8f795-5c64-42b7-a06d-800ff0fe0ada
controlled	90bc0f31-0ec2-4ceb-ad99-6be8f8b19180	TCGA-X6-A8C2	Structural Variation	BEDPE	RNA-Seq	8988cba3-83d8-4ba9-827d-3838782bbf3b	TCGA-SARC.37f4bdb6-35a5-40d7-bf7d-98c45c92c5e2.star_fusion.rna_fusion.bedpe	8988cba3-83d8-4ba9-827d-3838782bbf3b
controlled	90db503c-f9c8-4d31-bed4-e3383b69c89b	TCGA-X9-A973	Structural Variation	BEDPE	RNA-Seq	e155b5a7-9b7b-405d-b05f-76550abbe3e5	TCGA-SARC.0e6c5367-4399-454e-91a1-e30561a39162.star_fusion.rna_fusion.bedpe	e155b5a7-9b7b-405d-b05f-76550abbe3e5
controlled	8c66f5f5-3e37-4353-b0f8-64b92a733da8	TCGA-DX-A1L4	Sequencing Reads	BAM	RNA-Seq	8b11fa4d-4c73-405b-b174-d3b8eef28948	63df94bf-e0f6-48f7-8a58-c19ad65782e7.rna_seq.chimeric.gdc_realn.bam	8b11fa4d-4c73-405b-b174-d3b8eef28948
controlled	8c66f5f5-3e37-4353-b0f8-64b92a733da8	TCGA-DX-A1L4	Structural Variation	TSV	RNA-Seq	fcf44ca9-d1e7-4564-92a1-29c4cd30afac	TCGA-SARC.12e7205a-942a-40cf-9daf-73079f1a61be.star_fusion.rna_fusion.tsv	fcf44ca9-d1e7-4564-92a1-29c4cd30afac
controlled	8d8921ac-ca12-4e17-bd5e-982ff0d699a1	TCGA-DX-A23U	Sequencing Reads	BAM	RNA-Seq	02a7a67f-1a28-4271-b3e6-4ff551d5715c	2da56f78-6a21-4de6-a5e3-8abfb6e2d418.rna_seq.transcriptome.gdc_realn.bam	02a7a67f-1a28-4271-b3e6-4ff551d5715c
controlled	93dfe3c6-445d-4976-93c0-9a826730fd58	TCGA-QQ-A5V9	Sequencing Reads	BAM	RNA-Seq	43ab02c7-6264-4854-a260-1dca4dfc1134	cb0e559c-12ee-4328-9e55-e4e1f8448956.rna_seq.genomic.gdc_realn.bam	43ab02c7-6264-4854-a260-1dca4dfc1134
open	8d8921ac-ca12-4e17-bd5e-982ff0d699a1	TCGA-DX-A23U	Transcriptome Profiling	TSV	RNA-Seq	6daf0e59-3c4c-409d-b842-6e7ee1a1d628	2da56f78-6a21-4de6-a5e3-8abfb6e2d418.rna_seq.augmented_star_gene_counts.tsv	6daf0e59-3c4c-409d-b842-6e7ee1a1d628
controlled	89a3ccb1-252a-46f9-97c7-3e44b34d7967	TCGA-X6-A7WB	Sequencing Reads	BAM	RNA-Seq	fd015ea2-5d08-4db3-9f9d-189129bbe488	d0e06eac-e98c-4b6c-af28-900882579f2a.rna_seq.chimeric.gdc_realn.bam	fd015ea2-5d08-4db3-9f9d-189129bbe488
controlled	8f3f6f7c-4b50-467e-a6e8-d836735913f6	TCGA-DX-A3U5	Transcriptome Profiling	TSV	RNA-Seq	8e8d5622-9775-42a2-950f-420a69d0c7a3	a7400b7d-094a-4148-b97e-eea0ad3eff5a.rna_seq.star_splice_junctions.tsv.gz	8e8d5622-9775-42a2-950f-420a69d0c7a3
controlled	94359edf-7208-4b4c-ad7c-4064974de818	TCGA-DX-AB3C	Structural Variation	TSV	RNA-Seq	7c044226-e8a7-4f1c-b2c3-52194ac5c57f	TCGA-SARC.e4218b98-f7a0-44f3-9e92-18157d20b2df.arriba.rna_fusion.tsv	7c044226-e8a7-4f1c-b2c3-52194ac5c57f
controlled	9111759f-a0b7-452d-a0de-838fe010245e	TCGA-LI-A9QH	Structural Variation	TSV	RNA-Seq	e4fb84f4-8d82-435f-a3b2-38898465dfe4	TCGA-SARC.7a011f4e-3778-4ade-8444-6d2adb122978.arriba.rna_fusion.tsv	e4fb84f4-8d82-435f-a3b2-38898465dfe4
controlled	9111759f-a0b7-452d-a0de-838fe010245e	TCGA-LI-A9QH	Structural Variation	BEDPE	RNA-Seq	34d1bb70-b848-4145-8226-126def6b1dec	TCGA-SARC.7a011f4e-3778-4ade-8444-6d2adb122978.arriba.rna_fusion.bedpe	34d1bb70-b848-4145-8226-126def6b1dec
controlled	94359edf-7208-4b4c-ad7c-4064974de818	TCGA-DX-AB3C	Sequencing Reads	BAM	RNA-Seq	cb5f16da-68de-41aa-a8e7-8ba3b6ee3bb2	14ca95e3-ac3e-4bb4-b304-cd43f109553f.rna_seq.genomic.gdc_realn.bam	cb5f16da-68de-41aa-a8e7-8ba3b6ee3bb2
controlled	a4f68239-5b9f-40d7-9e52-b68efa170c1c	TCGA-3B-A9I1	Sequencing Reads	BAM	RNA-Seq	b7acbd7c-5acf-491d-b062-f43f1e27d4cb	62a39969-0f5d-48f2-9ecd-b6c199f0723e.rna_seq.genomic.gdc_realn.bam	b7acbd7c-5acf-491d-b062-f43f1e27d4cb
controlled	8f4293b0-bafc-4348-a203-9516d6f2dc48	TCGA-UE-A6QT	Structural Variation	TSV	RNA-Seq	85481e52-1dd8-4925-b253-a7f2f0d78616	TCGA-SARC.145f1627-c9a4-41ad-9b4d-81db079fe38e.star_fusion.rna_fusion.tsv	85481e52-1dd8-4925-b253-a7f2f0d78616
controlled	a7613c60-93a1-4a4c-9b12-dfd2103b0168	TCGA-QC-AA9N	Structural Variation	BEDPE	RNA-Seq	89881014-4087-4422-aebc-457210af486d	TCGA-SARC.b9e1aad1-dead-40c8-bdc6-00436b395697.star_fusion.rna_fusion.bedpe	89881014-4087-4422-aebc-457210af486d
controlled	9517413b-b5b8-4130-8ba1-d86d44abe2ec	TCGA-DX-A1L3	Transcriptome Profiling	TSV	RNA-Seq	d14dfcf3-dc21-4e54-8bf6-f93ce5d7718b	10956a5c-ff2c-4c4b-9fcc-a634668f7988.rna_seq.star_splice_junctions.tsv.gz	d14dfcf3-dc21-4e54-8bf6-f93ce5d7718b
controlled	914df75d-25f5-4b2f-96c7-95861d7dfa30	TCGA-DX-A8BM	Transcriptome Profiling	TSV	RNA-Seq	4b00c180-4b29-462d-b93c-15a9853b347c	7ebf770f-f8f9-423e-afa6-10f52201be85.rna_seq.star_splice_junctions.tsv.gz	4b00c180-4b29-462d-b93c-15a9853b347c
controlled	914df75d-25f5-4b2f-96c7-95861d7dfa30	TCGA-DX-A8BM	Sequencing Reads	BAM	RNA-Seq	21e847d7-82bb-44c1-bebe-7d8c0195c368	7ebf770f-f8f9-423e-afa6-10f52201be85.rna_seq.transcriptome.gdc_realn.bam	21e847d7-82bb-44c1-bebe-7d8c0195c368
controlled	91d9a1b9-ae23-4eae-9354-8b3a29e3d1e6	TCGA-DX-AB2Z	Sequencing Reads	BAM	RNA-Seq	e74b7668-0c9b-409a-b37f-a24af3acd518	5ae92201-6967-4b74-bb81-8319fac72b1e.rna_seq.genomic.gdc_realn.bam	e74b7668-0c9b-409a-b37f-a24af3acd518
open	9517413b-b5b8-4130-8ba1-d86d44abe2ec	TCGA-DX-A1L3	Transcriptome Profiling	TSV	RNA-Seq	b0e0b8a9-baf4-4fca-8445-11084ea438ef	10956a5c-ff2c-4c4b-9fcc-a634668f7988.rna_seq.augmented_star_gene_counts.tsv	b0e0b8a9-baf4-4fca-8445-11084ea438ef
controlled	9517413b-b5b8-4130-8ba1-d86d44abe2ec	TCGA-DX-A1L3	Structural Variation	BEDPE	RNA-Seq	22c2374c-9dc7-412a-a07d-57277ebb97cb	TCGA-SARC.1e365ced-fc48-47fa-8245-d255e2a175c5.arriba.rna_fusion.bedpe	22c2374c-9dc7-412a-a07d-57277ebb97cb
controlled	91d9a1b9-ae23-4eae-9354-8b3a29e3d1e6	TCGA-DX-AB2Z	Structural Variation	TSV	RNA-Seq	b76f9d24-1b06-45f4-b91f-c72972be0dbe	TCGA-SARC.584d93eb-57b5-41e6-a745-bb46a05f1bc5.star_fusion.rna_fusion.tsv	b76f9d24-1b06-45f4-b91f-c72972be0dbe
controlled	a7c45269-b693-45c4-81fd-6dd3379877e8	TCGA-DX-A7ER	Structural Variation	BEDPE	RNA-Seq	2f9672d7-ed98-48c1-bcf9-abd3a6a6e67f	TCGA-SARC.a5ceb277-c339-47df-a720-fd53a937c79a.star_fusion.rna_fusion.bedpe	2f9672d7-ed98-48c1-bcf9-abd3a6a6e67f
controlled	91d9a1b9-ae23-4eae-9354-8b3a29e3d1e6	TCGA-DX-AB2Z	Structural Variation	BEDPE	RNA-Seq	de972744-fcdb-4708-b053-6386c63e60ac	TCGA-SARC.35413728-41aa-4a7b-8283-6fcfb7a8d433.arriba.rna_fusion.bedpe	de972744-fcdb-4708-b053-6386c63e60ac
controlled	9c58e3b2-1dee-4375-8239-ce69a725e3de	TCGA-DX-A6B8	Structural Variation	TSV	RNA-Seq	05522292-0d56-424e-9c3e-aa55ee0177e7	TCGA-SARC.c6fabb56-50fd-4036-afc3-108e06390c36.star_fusion.rna_fusion.tsv	05522292-0d56-424e-9c3e-aa55ee0177e7
controlled	969954a8-7f15-4052-9e6a-c5956115f3ad	TCGA-DX-A6BG	Transcriptome Profiling	TSV	RNA-Seq	340360c3-d155-4df2-9df5-f95f51c27446	db2e38f2-f8fd-4149-abc1-ca8a5a1f44ba.rna_seq.star_splice_junctions.tsv.gz	340360c3-d155-4df2-9df5-f95f51c27446
controlled	ac2eeb9d-b5eb-465c-8271-c89bdb1ba136	TCGA-DX-A8BQ	Sequencing Reads	BAM	RNA-Seq	0d98eb73-e5e0-4b1b-9141-ff519f929d50	27b1c0c5-931d-410f-964f-8f0dcbec785d.rna_seq.transcriptome.gdc_realn.bam	0d98eb73-e5e0-4b1b-9141-ff519f929d50
controlled	8f4c042c-fbe3-4d0c-b2bd-695bc37483f5	TCGA-N1-A6IA	Sequencing Reads	BAM	RNA-Seq	b286004f-6b97-4030-8d08-5a819aa250cb	d6d922a1-f6ae-4190-be36-0ac1e03f85fa.rna_seq.genomic.gdc_realn.bam	b286004f-6b97-4030-8d08-5a819aa250cb
controlled	a857d684-7195-44f9-ba21-b88020bd9633	TCGA-SI-A71O	Sequencing Reads	BAM	RNA-Seq	72a8502a-cc52-4ffc-b263-0b0affc92cfb	e19a93d9-667c-4189-a339-026bc944fb99.rna_seq.transcriptome.gdc_realn.bam	72a8502a-cc52-4ffc-b263-0b0affc92cfb
controlled	ac2eeb9d-b5eb-465c-8271-c89bdb1ba136	TCGA-DX-A8BQ	Structural Variation	TSV	RNA-Seq	d63d7635-59eb-4bff-ac2f-9e43762458a0	TCGA-SARC.fcbd740f-096e-4655-8e34-673a4df7fba8.star_fusion.rna_fusion.tsv	d63d7635-59eb-4bff-ac2f-9e43762458a0
controlled	9c58e3b2-1dee-4375-8239-ce69a725e3de	TCGA-DX-A6B8	Sequencing Reads	BAM	RNA-Seq	ad00e923-d7bc-46ee-9ba4-e17b74ed120b	0bde5803-0776-4ccc-b846-e6764f24adaa.rna_seq.transcriptome.gdc_realn.bam	ad00e923-d7bc-46ee-9ba4-e17b74ed120b
controlled	a857d684-7195-44f9-ba21-b88020bd9633	TCGA-SI-A71O	Sequencing Reads	BAM	RNA-Seq	2571e148-0f4a-443a-a420-786a01e005fe	009f8ecb-dda6-461b-961c-a7c4ef3172a3.rna_seq.chimeric.gdc_realn.bam	2571e148-0f4a-443a-a420-786a01e005fe
controlled	ac9c3d6a-2df7-472a-b9d7-0a5583463750	TCGA-X6-A8C7	Sequencing Reads	BAM	RNA-Seq	ca431c98-9718-47c6-bded-62ef75f36cc0	3cf2abb0-ed8a-4fd3-97d5-6d7899832bc1.rna_seq.chimeric.gdc_realn.bam	ca431c98-9718-47c6-bded-62ef75f36cc0
controlled	9dcdbd1b-2e03-4314-aef2-1f6b6fe18523	TCGA-DX-AB2X	Structural Variation	BEDPE	RNA-Seq	de7afb8e-4d67-4352-877f-5ab85ffec71a	TCGA-SARC.7fc5b5ef-c984-405f-a069-bf424cfac87d.arriba.rna_fusion.bedpe	de7afb8e-4d67-4352-877f-5ab85ffec71a
controlled	9dcdbd1b-2e03-4314-aef2-1f6b6fe18523	TCGA-DX-AB2X	Sequencing Reads	BAM	RNA-Seq	20fe16fa-048b-42cf-8dac-2b15e890e98f	f0e41d6c-d029-4593-9e9f-175fc440ac72.rna_seq.genomic.gdc_realn.bam	20fe16fa-048b-42cf-8dac-2b15e890e98f
controlled	ac9c3d6a-2df7-472a-b9d7-0a5583463750	TCGA-X6-A8C7	Structural Variation	BEDPE	RNA-Seq	c7cef14f-ea6a-4d1b-96c0-cc0d4e0757ee	TCGA-SARC.ee8eba3e-6ebc-42f0-91ed-0d7b76e5aa09.star_fusion.rna_fusion.bedpe	c7cef14f-ea6a-4d1b-96c0-cc0d4e0757ee
controlled	ac9c3d6a-2df7-472a-b9d7-0a5583463750	TCGA-X6-A8C7	Sequencing Reads	BAM	RNA-Seq	c2326a14-3539-47b5-bbbe-1ead21b99bde	3cf2abb0-ed8a-4fd3-97d5-6d7899832bc1.rna_seq.transcriptome.gdc_realn.bam	c2326a14-3539-47b5-bbbe-1ead21b99bde
controlled	9b781072-66d8-49f2-80f7-7b020746b6e9	TCGA-SI-AA8C	Sequencing Reads	BAM	RNA-Seq	5294cb15-9191-4432-a673-9a8158a84321	1e0b2cd0-4e31-4f12-bd5c-9161a58281cd.rna_seq.genomic.gdc_realn.bam	5294cb15-9191-4432-a673-9a8158a84321
controlled	a857d684-7195-44f9-ba21-b88020bd9633	TCGA-SI-A71O	Structural Variation	TSV	RNA-Seq	6604732e-bd10-470b-a592-263bb8a0fada	TCGA-SARC.01924260-42d0-4b2a-9534-dd58921c8fcd.star_fusion.rna_fusion.tsv	6604732e-bd10-470b-a592-263bb8a0fada
controlled	ac9c3d6a-2df7-472a-b9d7-0a5583463750	TCGA-X6-A8C7	Structural Variation	BEDPE	RNA-Seq	78dd27cf-7f0b-47c9-9d38-1d0f6dc59dfc	TCGA-SARC.10644476-17b7-49c3-a387-445a7b3630ad.arriba.rna_fusion.bedpe	78dd27cf-7f0b-47c9-9d38-1d0f6dc59dfc
controlled	9ebda267-a475-408a-a512-cd3761de83b4	TCGA-QC-A6FX	Transcriptome Profiling	TSV	RNA-Seq	d87ff017-7c6f-4e59-98b2-e0eef6df1677	2485fa0a-b3e8-4524-8566-d7dd5a423b49.rna_seq.star_splice_junctions.tsv.gz	d87ff017-7c6f-4e59-98b2-e0eef6df1677
controlled	c1bab0e5-4cb2-4d9a-ae92-673fe7967fde	TCGA-PC-A5DK	Structural Variation	BEDPE	RNA-Seq	90d20bf9-229d-40f2-9360-53decf827516	TCGA-SARC.6a0cbe6a-f672-4f4b-ae6c-9c4e2d526bda.arriba.rna_fusion.bedpe	90d20bf9-229d-40f2-9360-53decf827516
controlled	c1bab0e5-4cb2-4d9a-ae92-673fe7967fde	TCGA-PC-A5DK	Sequencing Reads	BAM	RNA-Seq	063fd6c9-04a7-4217-a9b6-3532e7e6b91e	03d51e0c-2f6f-4c5a-a755-c37f52f2cafd.rna_seq.transcriptome.gdc_realn.bam	063fd6c9-04a7-4217-a9b6-3532e7e6b91e
controlled	9ebda267-a475-408a-a512-cd3761de83b4	TCGA-QC-A6FX	Sequencing Reads	BAM	RNA-Seq	2c922166-1a94-425c-b1e8-fe5db6cfc29e	2485fa0a-b3e8-4524-8566-d7dd5a423b49.rna_seq.chimeric.gdc_realn.bam	2c922166-1a94-425c-b1e8-fe5db6cfc29e
controlled	a8ce2be1-1f15-4e02-9161-5f161447a541	TCGA-3B-A9I0	Structural Variation	BEDPE	RNA-Seq	fb1e883d-2f42-492b-b69b-fa3e56ee8017	TCGA-SARC.c85a181c-3439-46c9-8bac-9b71b7217244.star_fusion.rna_fusion.bedpe	fb1e883d-2f42-492b-b69b-fa3e56ee8017
controlled	cc891960-42a2-4d76-b93b-c2914c929154	TCGA-DX-A6B9	Sequencing Reads	BAM	RNA-Seq	cc8a4d81-3ee3-410a-931c-2d59c8bf4aa3	66f3a0b4-0702-4a27-8711-e434bcb68935.rna_seq.genomic.gdc_realn.bam	cc8a4d81-3ee3-410a-931c-2d59c8bf4aa3
controlled	b0c194ce-8f60-423f-afca-7f577813421c	TCGA-X9-A971	Structural Variation	BEDPE	RNA-Seq	1350831c-6444-4afc-b991-899a95442c3b	TCGA-SARC.6cb0e212-0264-41e6-8456-6459366c6ee0.star_fusion.rna_fusion.bedpe	1350831c-6444-4afc-b991-899a95442c3b
controlled	9ebda267-a475-408a-a512-cd3761de83b4	TCGA-QC-A6FX	Structural Variation	BEDPE	RNA-Seq	03658220-2f99-4c8c-94aa-420b8b821e74	TCGA-SARC.032247ca-09dc-49b8-a627-91c633d3a812.star_fusion.rna_fusion.bedpe	03658220-2f99-4c8c-94aa-420b8b821e74
controlled	b8dd67ae-5808-45fc-9a1f-47f18a2f827d	TCGA-DX-A6YS	Sequencing Reads	BAM	RNA-Seq	a66f3f1c-b669-4b94-9a49-3d03e1c6a8a9	7adc764d-9ed6-401c-8ad0-8a520feefd91.rna_seq.genomic.gdc_realn.bam	a66f3f1c-b669-4b94-9a49-3d03e1c6a8a9
controlled	b9a01a64-3c9d-44b3-8ee1-a880b7816fee	TCGA-DX-A7EM	Sequencing Reads	BAM	RNA-Seq	363659a0-e560-45d9-84b9-66fd9f61db48	319846dc-74b1-4a8b-9ef8-06027b03092d.rna_seq.transcriptome.gdc_realn.bam	363659a0-e560-45d9-84b9-66fd9f61db48
controlled	b9a01a64-3c9d-44b3-8ee1-a880b7816fee	TCGA-DX-A7EM	Sequencing Reads	BAM	RNA-Seq	a32b2a88-b690-42f9-8aa8-9b3a87d05354	319846dc-74b1-4a8b-9ef8-06027b03092d.rna_seq.chimeric.gdc_realn.bam	a32b2a88-b690-42f9-8aa8-9b3a87d05354
controlled	cc9eb46b-47a6-44b2-97c1-3ee866bbfc3d	TCGA-DX-AB2E	Structural Variation	BEDPE	RNA-Seq	a3903bc1-e599-4a7b-bd30-d263a588671d	TCGA-SARC.6d743d02-b95b-466d-bd37-06ab2bf5df3e.star_fusion.rna_fusion.bedpe	a3903bc1-e599-4a7b-bd30-d263a588671d
controlled	9ef5cdda-8aba-4027-8cf0-e53b2f54704a	TCGA-3B-A9HU	Sequencing Reads	BAM	RNA-Seq	478d859c-395b-4372-a8d8-947178d53574	54044b5f-4cca-48f1-b0e0-340f6e7dff1e.rna_seq.transcriptome.gdc_realn.bam	478d859c-395b-4372-a8d8-947178d53574
controlled	b0c194ce-8f60-423f-afca-7f577813421c	TCGA-X9-A971	Structural Variation	TSV	RNA-Seq	7920431a-736c-4efa-b66a-d4ffee883c77	TCGA-SARC.06bc721e-618c-4e9b-b791-ec7afb7c6b4e.arriba.rna_fusion.tsv	7920431a-736c-4efa-b66a-d4ffee883c77
open	b9a01a64-3c9d-44b3-8ee1-a880b7816fee	TCGA-DX-A7EM	Transcriptome Profiling	TSV	RNA-Seq	9527f4ae-f5db-4522-a8e0-df142383a947	319846dc-74b1-4a8b-9ef8-06027b03092d.rna_seq.augmented_star_gene_counts.tsv	9527f4ae-f5db-4522-a8e0-df142383a947
controlled	9ef5cdda-8aba-4027-8cf0-e53b2f54704a	TCGA-3B-A9HU	Structural Variation	BEDPE	RNA-Seq	246c2181-33ac-4a55-b603-76dd66633056	TCGA-SARC.98b4c72d-4e61-4ed2-ae3b-18b5ba60a370.arriba.rna_fusion.bedpe	246c2181-33ac-4a55-b603-76dd66633056
controlled	a93fd240-59c1-4527-854e-dfd042222fcf	TCGA-3B-A9I3	Structural Variation	BEDPE	RNA-Seq	d3914e76-11dd-4fb0-9ccb-5388aa22dc79	TCGA-SARC.2c10d782-d943-4999-b5f8-2339912cdca4.arriba.rna_fusion.bedpe	d3914e76-11dd-4fb0-9ccb-5388aa22dc79
controlled	bc282a61-9e8b-4330-9177-fc515293f051	TCGA-DX-AB2S	Transcriptome Profiling	TSV	RNA-Seq	23b79a7b-5293-4c6b-8fd8-75dd0c57294a	54856284-014a-436c-8ad9-d371d7201c4e.rna_seq.star_splice_junctions.tsv.gz	23b79a7b-5293-4c6b-8fd8-75dd0c57294a
controlled	cd8637c0-1651-4e8a-9a88-7fb06dc36ff8	TCGA-JV-A75J	Sequencing Reads	BAM	RNA-Seq	cfedaf37-1b28-4cd6-879a-9cb9daf7bf8b	59d4607e-766e-44bc-9af3-68f469b0bd4d.rna_seq.transcriptome.gdc_realn.bam	cfedaf37-1b28-4cd6-879a-9cb9daf7bf8b
controlled	b1a92728-e119-4f5f-a303-2ebb8ea3db88	TCGA-PC-A5DO	Sequencing Reads	BAM	RNA-Seq	3033f1f6-309e-4e35-a5d6-f6aa15051eb8	ed43dc49-ca57-4c57-a06d-8a1dbf3993c5.rna_seq.chimeric.gdc_realn.bam	3033f1f6-309e-4e35-a5d6-f6aa15051eb8
controlled	c25a0746-d2cf-47cc-82fc-8547cd9f89b0	TCGA-WK-A8XS	Structural Variation	BEDPE	RNA-Seq	5cb3f3a1-774d-4a1a-8868-1cbd4ca340ab	TCGA-SARC.dbee78aa-5ca2-4852-a61a-68c152686b71.star_fusion.rna_fusion.bedpe	5cb3f3a1-774d-4a1a-8868-1cbd4ca340ab
controlled	c25a0746-d2cf-47cc-82fc-8547cd9f89b0	TCGA-WK-A8XS	Transcriptome Profiling	TSV	RNA-Seq	22e3c3d4-fe47-4a94-8892-b678e769b7c5	706db449-7dce-48ba-85cf-786add750631.rna_seq.star_splice_junctions.tsv.gz	22e3c3d4-fe47-4a94-8892-b678e769b7c5
open	a1f0e5db-5c73-4b83-8cc4-6208941806de	TCGA-DX-A7ES	Transcriptome Profiling	TSV	RNA-Seq	eec3e6ec-c54a-4675-b040-07e7d8fd30ab	b9d9b25f-f6c3-433a-8b3b-1bcc395b2412.rna_seq.augmented_star_gene_counts.tsv	eec3e6ec-c54a-4675-b040-07e7d8fd30ab
controlled	cd8637c0-1651-4e8a-9a88-7fb06dc36ff8	TCGA-JV-A75J	Structural Variation	BEDPE	RNA-Seq	be48df84-5115-47cf-ba8f-50a4da500fcc	TCGA-SARC.b239fe4f-a862-4752-8d8d-c584076c8203.arriba.rna_fusion.bedpe	be48df84-5115-47cf-ba8f-50a4da500fcc
controlled	bc282a61-9e8b-4330-9177-fc515293f051	TCGA-DX-AB2S	Structural Variation	BEDPE	RNA-Seq	ffc153b8-e446-4f7d-ac5e-14ac0ea9959e	TCGA-SARC.75646d38-ad5d-4cc2-9d6c-d85ab69a4759.star_fusion.rna_fusion.bedpe	ffc153b8-e446-4f7d-ac5e-14ac0ea9959e
controlled	a1f0e5db-5c73-4b83-8cc4-6208941806de	TCGA-DX-A7ES	Structural Variation	TSV	RNA-Seq	acf055ed-2626-4ff3-bb6a-2e6056f29447	TCGA-SARC.23278a18-1d16-4f21-8085-66ff70870a7b.arriba.rna_fusion.tsv	acf055ed-2626-4ff3-bb6a-2e6056f29447
controlled	a1f0e5db-5c73-4b83-8cc4-6208941806de	TCGA-DX-A7ES	Sequencing Reads	BAM	RNA-Seq	690fb4fa-af08-4f20-a333-c544ea04d549	b9d9b25f-f6c3-433a-8b3b-1bcc395b2412.rna_seq.genomic.gdc_realn.bam	690fb4fa-af08-4f20-a333-c544ea04d549
controlled	b2ee912a-0a57-4d46-bc25-3594028fe387	TCGA-X6-A8C4	Sequencing Reads	BAM	RNA-Seq	84e5b96b-f309-45a1-8e16-4527512805e8	bf6981c0-7cb3-4370-9ca4-97b939533c8b.rna_seq.genomic.gdc_realn.bam	84e5b96b-f309-45a1-8e16-4527512805e8
controlled	c5b0e6be-48b5-40e5-9d90-f9112050aa88	TCGA-HB-A5W3	Sequencing Reads	BAM	RNA-Seq	040a771e-1b36-4e1d-9f6f-ef381ff5fe13	458c8c03-d9d2-4b8a-8d3c-39ae59b813bd.rna_seq.genomic.gdc_realn.bam	040a771e-1b36-4e1d-9f6f-ef381ff5fe13
controlled	cedf4099-076d-4ea7-9a86-76fe9530b88c	TCGA-JV-A5VF	Sequencing Reads	BAM	RNA-Seq	0e1b354b-b4bd-405b-a740-ed9d1fefdb8a	02e2efbf-cd56-48de-8106-dee44354b184.rna_seq.chimeric.gdc_realn.bam	0e1b354b-b4bd-405b-a740-ed9d1fefdb8a
controlled	bc282a61-9e8b-4330-9177-fc515293f051	TCGA-DX-AB2S	Structural Variation	TSV	RNA-Seq	fe6834e0-278b-4b33-97a5-a0de74e3eb45	TCGA-SARC.75646d38-ad5d-4cc2-9d6c-d85ab69a4759.star_fusion.rna_fusion.tsv	fe6834e0-278b-4b33-97a5-a0de74e3eb45
open	aaf93a92-2f93-477d-9ea4-d18ab7d4f258	TCGA-3B-A9HL	Transcriptome Profiling	TSV	RNA-Seq	48bddd13-9f0d-41fb-a9cf-8dc50edbcae1	8cd6627b-d32b-41b7-9fd5-a931020b3213.rna_seq.augmented_star_gene_counts.tsv	48bddd13-9f0d-41fb-a9cf-8dc50edbcae1
controlled	cedf4099-076d-4ea7-9a86-76fe9530b88c	TCGA-JV-A5VF	Sequencing Reads	BAM	RNA-Seq	c037a196-dd50-43e6-b254-2cc4acc4e88e	02e2efbf-cd56-48de-8106-dee44354b184.rna_seq.genomic.gdc_realn.bam	c037a196-dd50-43e6-b254-2cc4acc4e88e
controlled	a1f0e5db-5c73-4b83-8cc4-6208941806de	TCGA-DX-A7ES	Sequencing Reads	BAM	RNA-Seq	74d8a332-0a0f-4b8e-9d6a-2c1080cf36ef	b9d9b25f-f6c3-433a-8b3b-1bcc395b2412.rna_seq.transcriptome.gdc_realn.bam	74d8a332-0a0f-4b8e-9d6a-2c1080cf36ef
controlled	b2ee912a-0a57-4d46-bc25-3594028fe387	TCGA-X6-A8C4	Structural Variation	BEDPE	RNA-Seq	417a0385-5e6a-41de-92ed-4f952122bfbd	TCGA-SARC.44384c72-12a7-4190-9da1-add970df7ee2.star_fusion.rna_fusion.bedpe	417a0385-5e6a-41de-92ed-4f952122bfbd
controlled	a37238f3-55b5-43df-a0c5-3d22ee5156f3	TCGA-DX-A48R	Transcriptome Profiling	TSV	RNA-Seq	c8286beb-7c0a-47db-adc1-96a822461fd1	1378619e-4196-48ec-a823-b1de339ec37b.rna_seq.star_splice_junctions.tsv.gz	c8286beb-7c0a-47db-adc1-96a822461fd1
controlled	c5e23947-253b-40d2-916a-277b2a580be2	TCGA-IE-A4EI	Structural Variation	BEDPE	RNA-Seq	657dc025-2b7a-460e-b069-15d523e530b8	TCGA-SARC.d7d424aa-cbc2-4ccc-8f1c-f2eaebe0d41a.star_fusion.rna_fusion.bedpe	657dc025-2b7a-460e-b069-15d523e530b8
controlled	a37238f3-55b5-43df-a0c5-3d22ee5156f3	TCGA-DX-A48R	Structural Variation	BEDPE	RNA-Seq	d72bcf39-2e39-4afc-a041-b393cb30a704	TCGA-SARC.61541bf2-d1ff-42e6-8b1b-b34975cc3d6d.star_fusion.rna_fusion.bedpe	d72bcf39-2e39-4afc-a041-b393cb30a704
controlled	ab706ea0-d642-4f58-ba8d-f5d930b91286	TCGA-WK-A8Y0	Transcriptome Profiling	TSV	RNA-Seq	25179e73-91b6-403a-a81f-e8544a3a7545	40aef268-f856-44be-b886-04ae0c72b54c.rna_seq.star_splice_junctions.tsv.gz	25179e73-91b6-403a-a81f-e8544a3a7545
controlled	c5e23947-253b-40d2-916a-277b2a580be2	TCGA-IE-A4EI	Sequencing Reads	BAM	RNA-Seq	a8fdf9a5-6242-4470-b98d-0903d37a817f	29d4d9cd-285f-46d7-a659-1eb2cdc5ee86.rna_seq.genomic.gdc_realn.bam	a8fdf9a5-6242-4470-b98d-0903d37a817f
controlled	bfaafe2d-0e83-43aa-9f81-b34b62a46d38	TCGA-DX-A1KY	Sequencing Reads	BAM	RNA-Seq	b139fc4b-d217-4796-92c4-3d8b6efaae1e	6ad95fa5-b60a-48ba-b1c5-8907326ce53c.rna_seq.genomic.gdc_realn.bam	b139fc4b-d217-4796-92c4-3d8b6efaae1e
controlled	d7d9204b-b85e-4260-8a54-c39e7847e982	TCGA-SG-A849	Structural Variation	TSV	RNA-Seq	2f17a5b6-2dcd-4079-a46c-be1dd8b75580	TCGA-SARC.9e4d6db8-26fd-4b06-86a1-8e2cc4cbb905.arriba.rna_fusion.tsv	2f17a5b6-2dcd-4079-a46c-be1dd8b75580
controlled	d0d989cb-a50f-4ed9-8478-ae300ebc0970	TCGA-DX-AB32	Structural Variation	TSV	RNA-Seq	cb0e2e2f-c910-4ff9-93b5-fe09ca718c43	TCGA-SARC.e72e5359-349f-4f6a-a75f-e9ec49029be1.arriba.rna_fusion.tsv	cb0e2e2f-c910-4ff9-93b5-fe09ca718c43
controlled	d0d989cb-a50f-4ed9-8478-ae300ebc0970	TCGA-DX-AB32	Sequencing Reads	BAM	RNA-Seq	d4626a73-da4c-4590-bff7-a47c26f29f56	423d5c76-ef6b-4922-bb96-27bc9b9a6146.rna_seq.genomic.gdc_realn.bam	d4626a73-da4c-4590-bff7-a47c26f29f56
controlled	d0d989cb-a50f-4ed9-8478-ae300ebc0970	TCGA-DX-AB32	Transcriptome Profiling	TSV	RNA-Seq	16ae295a-dbef-47e8-b11e-fe68a1f0243f	423d5c76-ef6b-4922-bb96-27bc9b9a6146.rna_seq.star_splice_junctions.tsv.gz	16ae295a-dbef-47e8-b11e-fe68a1f0243f
controlled	bfaafe2d-0e83-43aa-9f81-b34b62a46d38	TCGA-DX-A1KY	Transcriptome Profiling	TSV	RNA-Seq	7a201346-06d9-4c5c-a10d-c69298808897	6ad95fa5-b60a-48ba-b1c5-8907326ce53c.rna_seq.star_splice_junctions.tsv.gz	7a201346-06d9-4c5c-a10d-c69298808897
open	b5f27002-4277-418d-90b0-cc5a2742692e	TCGA-DX-A23R	Transcriptome Profiling	TSV	RNA-Seq	66497e8a-fe84-4727-a9ca-7d6be297eff2	52860698-dc9e-41bd-adbd-d427a72d81c7.rna_seq.augmented_star_gene_counts.tsv	66497e8a-fe84-4727-a9ca-7d6be297eff2
controlled	c5e23947-253b-40d2-916a-277b2a580be2	TCGA-IE-A4EI	Sequencing Reads	BAM	RNA-Seq	9ce60f46-e0f5-4e6c-b6a2-7923b9123a59	29d4d9cd-285f-46d7-a659-1eb2cdc5ee86.rna_seq.transcriptome.gdc_realn.bam	9ce60f46-e0f5-4e6c-b6a2-7923b9123a59
controlled	e119dc43-9ba7-43ad-add0-1ce8a01e3b06	TCGA-JV-A5VE	Sequencing Reads	BAM	RNA-Seq	2a6d7dae-58e3-4d63-93ed-a0cf474adb97	a00ca4f8-2855-4653-8cee-81738f40ef4c.rna_seq.chimeric.gdc_realn.bam	2a6d7dae-58e3-4d63-93ed-a0cf474adb97
controlled	b5f27002-4277-418d-90b0-cc5a2742692e	TCGA-DX-A23R	Transcriptome Profiling	TSV	RNA-Seq	827fdc81-8364-402c-ae6a-908a33c209d7	52860698-dc9e-41bd-adbd-d427a72d81c7.rna_seq.star_splice_junctions.tsv.gz	827fdc81-8364-402c-ae6a-908a33c209d7
controlled	e119dc43-9ba7-43ad-add0-1ce8a01e3b06	TCGA-JV-A5VE	Sequencing Reads	BAM	RNA-Seq	4e20d840-ffb4-46ca-a768-aa22c7df6242	a00ca4f8-2855-4653-8cee-81738f40ef4c.rna_seq.transcriptome.gdc_realn.bam	4e20d840-ffb4-46ca-a768-aa22c7df6242
controlled	e4fb6a08-9d3f-4e62-85ce-7ba0dc03c8e2	TCGA-QQ-A5VD	Structural Variation	BEDPE	RNA-Seq	44295c57-c370-4f7f-9ada-87d7cbf243e2	TCGA-SARC.12bca52d-5753-43e2-b622-52b0b74982ea.star_fusion.rna_fusion.bedpe	44295c57-c370-4f7f-9ada-87d7cbf243e2
controlled	d7dc8efc-30d9-4d86-84a2-f39f4e1ea50e	TCGA-DX-A48L	Structural Variation	BEDPE	RNA-Seq	7f033bcd-65b5-47c8-bda7-8b74046c7fda	TCGA-SARC.3d12282c-068c-427b-9f39-4cb3c2580866.arriba.rna_fusion.bedpe	7f033bcd-65b5-47c8-bda7-8b74046c7fda
controlled	d40c99d0-79f6-499d-b7f1-5fc4237cfc57	TCGA-DX-A3U8	Sequencing Reads	BAM	RNA-Seq	e01493e5-5a66-4519-8372-c2d7b5fe48e9	b178c6ad-bf71-417c-b797-01f4c45a3afa.rna_seq.chimeric.gdc_realn.bam	e01493e5-5a66-4519-8372-c2d7b5fe48e9
controlled	bfb21f9b-31af-4ecc-a4f4-d7d3f5728e01	TCGA-3B-A9HR	Sequencing Reads	BAM	RNA-Seq	1a100205-aeb5-495b-a1f7-fc2ff0178a3e	40f39dd0-1c43-4ecc-a4d9-da32d47f9fcc.rna_seq.transcriptome.gdc_realn.bam	1a100205-aeb5-495b-a1f7-fc2ff0178a3e
controlled	e4fb6a08-9d3f-4e62-85ce-7ba0dc03c8e2	TCGA-QQ-A5VD	Sequencing Reads	BAM	RNA-Seq	6a4d0ab6-bb2d-4543-abc7-eed06d1ccfd3	2d591d26-142e-438e-b731-02d757a9bbc2.rna_seq.chimeric.gdc_realn.bam	6a4d0ab6-bb2d-4543-abc7-eed06d1ccfd3
controlled	d40c99d0-79f6-499d-b7f1-5fc4237cfc57	TCGA-DX-A3U8	Structural Variation	BEDPE	RNA-Seq	6cd2eb79-bc85-409a-8711-0a2b5e867c36	TCGA-SARC.3bb0bc23-99ee-4fb9-accc-109717e6e8d9.star_fusion.rna_fusion.bedpe	6cd2eb79-bc85-409a-8711-0a2b5e867c36
controlled	d40c99d0-79f6-499d-b7f1-5fc4237cfc57	TCGA-DX-A3U8	Structural Variation	TSV	RNA-Seq	005d0b68-5b2e-45cb-b60e-7c17e21ed00a	TCGA-SARC.266a3bc0-2adb-427a-8863-74c6b51a39d6.arriba.rna_fusion.tsv	005d0b68-5b2e-45cb-b60e-7c17e21ed00a
controlled	b61e39f5-f0dd-485e-8e22-d4fdea751f55	TCGA-SI-A71Q	Structural Variation	TSV	RNA-Seq	88aeac79-052f-4995-a12c-07101b716009	TCGA-SARC.bf6ae066-0bd1-4d7e-8a42-f9ee180cc6db.arriba.rna_fusion.tsv	88aeac79-052f-4995-a12c-07101b716009
controlled	c849127a-2f15-4fab-8815-db09b017f48c	TCGA-X6-A7W8	Structural Variation	BEDPE	RNA-Seq	b11ef64e-63cd-4aa7-b265-9150d38acbc9	TCGA-SARC.7ff18371-5bd5-4990-adc3-5791efce19ab.arriba.rna_fusion.bedpe	b11ef64e-63cd-4aa7-b265-9150d38acbc9
controlled	c9a5b051-0503-4aae-8bc6-270af3033326	TCGA-DX-A6Z0	Sequencing Reads	BAM	RNA-Seq	b92f6e5c-637f-460b-bb15-c2690a647c19	0cb31d88-d149-4033-819f-a4b030852efc.rna_seq.chimeric.gdc_realn.bam	b92f6e5c-637f-460b-bb15-c2690a647c19
controlled	d51b9939-aef7-426b-a57f-01c3684e2dc2	TCGA-RN-A68Q	Sequencing Reads	BAM	RNA-Seq	08b1ae53-e703-4db2-a3e1-6ea2fe06cbf2	80cc71e5-41f2-48a1-9d91-4dd5d97b8e13.rna_seq.genomic.gdc_realn.bam	08b1ae53-e703-4db2-a3e1-6ea2fe06cbf2
controlled	de0cfb5d-0db6-4bf9-8a92-c5de4208bb04	TCGA-Z4-A8JB	Structural Variation	TSV	RNA-Seq	9b279263-760c-482f-ba16-9f17d59d9ac0	TCGA-SARC.468b3779-9520-43d3-9c12-dd87fa52f8f9.star_fusion.rna_fusion.tsv	9b279263-760c-482f-ba16-9f17d59d9ac0
controlled	c9a5b051-0503-4aae-8bc6-270af3033326	TCGA-DX-A6Z0	Sequencing Reads	BAM	RNA-Seq	8150e784-c40e-4210-966b-e8b68378a8fe	0cb31d88-d149-4033-819f-a4b030852efc.rna_seq.genomic.gdc_realn.bam	8150e784-c40e-4210-966b-e8b68378a8fe
controlled	c030f196-9591-4b0e-ad72-2320f277773b	TCGA-QQ-A5V2	Sequencing Reads	BAM	RNA-Seq	43c951d7-99c4-478b-8466-24b3b9d7fcd6	829cbc0d-7898-48b6-b6ba-48a47d0f4ccf.rna_seq.transcriptome.gdc_realn.bam	43c951d7-99c4-478b-8466-24b3b9d7fcd6
controlled	d680595d-2956-4780-8ea4-e815edb0706d	TCGA-DX-A7EU	Sequencing Reads	BAM	RNA-Seq	5b545c25-a0bb-4bc0-828f-53d8dbc4e5f3	fe575195-38f5-4ffa-806b-1ec61562b43d.rna_seq.genomic.gdc_realn.bam	5b545c25-a0bb-4bc0-828f-53d8dbc4e5f3
controlled	e786de34-4c21-460f-89ab-008de4347049	TCGA-DX-A3LU	Structural Variation	BEDPE	RNA-Seq	e827a25d-f595-456c-9ff3-aac6129e1480	TCGA-SARC.57640f2c-1b9e-40b8-ba14-68bfc77dae62.star_fusion.rna_fusion.bedpe	e827a25d-f595-456c-9ff3-aac6129e1480
controlled	ef273fe6-aab0-41eb-94f7-cca980bf789e	TCGA-DX-A7EL	Structural Variation	TSV	RNA-Seq	a0225f04-0b48-4d6f-bf40-3bbeb3ad0488	TCGA-SARC.cf6b3e23-4b5a-4c01-87c6-fadc5d740a7a.arriba.rna_fusion.tsv	a0225f04-0b48-4d6f-bf40-3bbeb3ad0488
controlled	cabd63ee-d833-47b0-9a0b-8a046d260af1	TCGA-DX-AB3A	Structural Variation	TSV	RNA-Seq	75f7db12-34c6-4c41-b2c6-2bb74023311d	TCGA-SARC.4f0d6a51-13c9-43c2-af66-02c474ce89fc.star_fusion.rna_fusion.tsv	75f7db12-34c6-4c41-b2c6-2bb74023311d
open	c05498e7-5b93-4acb-9d91-3a505116558d	TCGA-KD-A5QT	Transcriptome Profiling	TSV	RNA-Seq	c2fee833-06e6-4e98-80c4-ba05121e99dc	b6a1af60-1aff-47cf-a983-d3146dc293fd.rna_seq.augmented_star_gene_counts.tsv	c2fee833-06e6-4e98-80c4-ba05121e99dc
controlled	de277edb-4543-4bd7-8f86-206c18b54d8d	TCGA-DX-A48P	Structural Variation	TSV	RNA-Seq	8a73cb14-9b2a-498e-adb6-95dd4f14301e	TCGA-SARC.4ad9b364-855c-488c-96ac-f88878bf56b8.arriba.rna_fusion.tsv	8a73cb14-9b2a-498e-adb6-95dd4f14301e
controlled	ef273fe6-aab0-41eb-94f7-cca980bf789e	TCGA-DX-A7EL	Structural Variation	BEDPE	RNA-Seq	2e474a42-9c3e-4723-a98a-f5d345e144e4	TCGA-SARC.cf6b3e23-4b5a-4c01-87c6-fadc5d740a7a.arriba.rna_fusion.bedpe	2e474a42-9c3e-4723-a98a-f5d345e144e4
controlled	de509aa1-6f20-480f-bf9d-d6bc04a7f72c	TCGA-RN-AAAQ	Structural Variation	BEDPE	RNA-Seq	8ab0b670-d2fa-40f9-8882-15da77d026dc	TCGA-SARC.fdeba967-fc2a-4424-b996-769df94a2874.star_fusion.rna_fusion.bedpe	8ab0b670-d2fa-40f9-8882-15da77d026dc
controlled	e7a72f7e-77b1-4d95-8f37-39a6cffc35dc	TCGA-DX-A3LT	Transcriptome Profiling	TSV	RNA-Seq	36ad37ae-d984-4977-bdcb-734a97ca5f2b	658612d1-8cda-4d69-bd7e-7042393451e0.rna_seq.star_splice_junctions.tsv.gz	36ad37ae-d984-4977-bdcb-734a97ca5f2b
controlled	e7a72f7e-77b1-4d95-8f37-39a6cffc35dc	TCGA-DX-A3LT	Sequencing Reads	BAM	RNA-Seq	cc13af3d-6b4e-464a-a84a-96a3588fd73d	658612d1-8cda-4d69-bd7e-7042393451e0.rna_seq.transcriptome.gdc_realn.bam	cc13af3d-6b4e-464a-a84a-96a3588fd73d
controlled	de509aa1-6f20-480f-bf9d-d6bc04a7f72c	TCGA-RN-AAAQ	Sequencing Reads	BAM	RNA-Seq	f6ed9f60-f850-4383-9a4c-216067c9abd5	3a0617d7-2391-44ff-b407-520b16dd57c2.rna_seq.transcriptome.gdc_realn.bam	f6ed9f60-f850-4383-9a4c-216067c9abd5
controlled	ef273fe6-aab0-41eb-94f7-cca980bf789e	TCGA-DX-A7EL	Sequencing Reads	BAM	RNA-Seq	d381dd73-28d0-40f6-bfb5-1bae17d2a156	0c389e19-e3fb-4345-a754-6267912ea70d.rna_seq.genomic.gdc_realn.bam	d381dd73-28d0-40f6-bfb5-1bae17d2a156
controlled	a692aa06-e081-4b62-bc01-a5b0a296290d	TCGA-PC-A5DM	Structural Variation	BEDPE	RNA-Seq	87d73fb5-4589-45f5-b961-dbffc0b202a1	TCGA-SARC.7a307c57-635f-4a0e-8065-cce0cc6d5f64.arriba.rna_fusion.bedpe	87d73fb5-4589-45f5-b961-dbffc0b202a1
controlled	2905cbd1-719b-46d9-b8af-8fe4927bc473	TCGA-FX-A2QS	Structural Variation	BEDPE	RNA-Seq	f9566552-4516-4611-91cb-7e9d5ad7e83f	TCGA-SARC.3342ff54-b790-444f-98bc-a4b448b8cad1.arriba.rna_fusion.bedpe	f9566552-4516-4611-91cb-7e9d5ad7e83f
controlled	2905cbd1-719b-46d9-b8af-8fe4927bc473	TCGA-FX-A2QS	Structural Variation	TSV	RNA-Seq	a2532447-eeee-4954-9b5e-74bb1bb06ec6	TCGA-SARC.aabffb8b-986f-4c32-99c5-7a17121ad45c.arriba.rna_fusion.tsv	a2532447-eeee-4954-9b5e-74bb1bb06ec6
controlled	9c9b53e5-cdbe-4510-a839-4a3b5039681b	TCGA-HB-A43Z	Sequencing Reads	BAM	RNA-Seq	d5af31c1-e12e-43b9-8af9-599e7b20ee5e	1418c12d-e57a-4ace-bd8a-32b1f15c56e2.rna_seq.transcriptome.gdc_realn.bam	d5af31c1-e12e-43b9-8af9-599e7b20ee5e
controlled	2905cbd1-719b-46d9-b8af-8fe4927bc473	TCGA-FX-A2QS	Sequencing Reads	BAM	RNA-Seq	13dd19ce-99d6-4e8f-b96c-aa95bcfbce22	98fc3c8c-ec11-4b78-89d0-dfcd5f9093b3.rna_seq.genomic.gdc_realn.bam	13dd19ce-99d6-4e8f-b96c-aa95bcfbce22
controlled	2905cbd1-719b-46d9-b8af-8fe4927bc473	TCGA-FX-A2QS	Transcriptome Profiling	TSV	RNA-Seq	0d9e93e6-f4ee-450c-89a9-2af0ef7d8256	eac71dee-8ad1-43d1-9207-fc1060c67ff4.rna_seq.star_splice_junctions.tsv.gz	0d9e93e6-f4ee-450c-89a9-2af0ef7d8256
controlled	2905cbd1-719b-46d9-b8af-8fe4927bc473	TCGA-FX-A2QS	Structural Variation	TSV	RNA-Seq	fb020a06-1645-43ba-bb8c-12efd38189c4	TCGA-SARC.3342ff54-b790-444f-98bc-a4b448b8cad1.arriba.rna_fusion.tsv	fb020a06-1645-43ba-bb8c-12efd38189c4
controlled	9c9b53e5-cdbe-4510-a839-4a3b5039681b	TCGA-HB-A43Z	Structural Variation	TSV	RNA-Seq	9debd532-caee-425a-b876-8bc3380a2b26	TCGA-SARC.b35fbe6d-f97b-4e29-bd12-c87d12d5cd21.arriba.rna_fusion.tsv	9debd532-caee-425a-b876-8bc3380a2b26
controlled	9c9b53e5-cdbe-4510-a839-4a3b5039681b	TCGA-HB-A43Z	Transcriptome Profiling	TSV	RNA-Seq	2bbc1312-97cf-4772-9ddf-8af7423440bb	1418c12d-e57a-4ace-bd8a-32b1f15c56e2.rna_seq.star_splice_junctions.tsv.gz	2bbc1312-97cf-4772-9ddf-8af7423440bb
controlled	2905cbd1-719b-46d9-b8af-8fe4927bc473	TCGA-FX-A2QS	Sequencing Reads	BAM	RNA-Seq	e6f20cb5-ef62-42e5-9d11-b63db9086e74	eac71dee-8ad1-43d1-9207-fc1060c67ff4.rna_seq.genomic.gdc_realn.bam	e6f20cb5-ef62-42e5-9d11-b63db9086e74
open	9c9b53e5-cdbe-4510-a839-4a3b5039681b	TCGA-HB-A43Z	Transcriptome Profiling	TSV	RNA-Seq	47e71f55-be40-48c8-940f-048a29bb1b92	1418c12d-e57a-4ace-bd8a-32b1f15c56e2.rna_seq.augmented_star_gene_counts.tsv	47e71f55-be40-48c8-940f-048a29bb1b92
controlled	eaadfe2a-23fb-400b-86b3-4fba6d968aa3	TCGA-IS-A3K6	Structural Variation	TSV	RNA-Seq	4019d16e-2ed1-4045-9f90-d80382dcc0b0	TCGA-SARC.c64ae042-4efc-4256-9d7d-27fcd6025538.star_fusion.rna_fusion.tsv	4019d16e-2ed1-4045-9f90-d80382dcc0b0
controlled	eaadfe2a-23fb-400b-86b3-4fba6d968aa3	TCGA-IS-A3K6	Structural Variation	TSV	RNA-Seq	2b42b1de-3d37-4062-bd2c-e0fd6accbce0	TCGA-SARC.d57455d2-4059-48dd-84ff-49d13b0b037a.arriba.rna_fusion.tsv	2b42b1de-3d37-4062-bd2c-e0fd6accbce0
controlled	eaadfe2a-23fb-400b-86b3-4fba6d968aa3	TCGA-IS-A3K6	Sequencing Reads	BAM	RNA-Seq	c5283b91-58d3-414d-8c84-5cc85f37973e	bbed0a6e-3790-4e40-87a2-ab6ce5600e2e.rna_seq.chimeric.gdc_realn.bam	c5283b91-58d3-414d-8c84-5cc85f37973e
controlled	8488bb97-bf11-45cc-b1bd-52969598448d	TCGA-IF-A3RQ	Sequencing Reads	BAM	RNA-Seq	b6304e20-cc52-4cea-9ff4-6cf4a0512136	c20abb77-a696-4df4-b673-c2d99e765963.rna_seq.transcriptome.gdc_realn.bam	b6304e20-cc52-4cea-9ff4-6cf4a0512136
open	8488bb97-bf11-45cc-b1bd-52969598448d	TCGA-IF-A3RQ	Transcriptome Profiling	TSV	RNA-Seq	59c3deb4-7686-4c1f-92d6-29a6ccbc9f0d	c20abb77-a696-4df4-b673-c2d99e765963.rna_seq.augmented_star_gene_counts.tsv	59c3deb4-7686-4c1f-92d6-29a6ccbc9f0d
controlled	27818e2c-aa23-4be3-a1d6-d6a7aa88795d	TCGA-K1-A3PO	Structural Variation	TSV	RNA-Seq	f1f60bc2-edb3-4293-8fe7-cfcb30e93e33	TCGA-SARC.25a0ea61-71c8-4ec5-8ff4-6913d9dfc38e.arriba.rna_fusion.tsv	f1f60bc2-edb3-4293-8fe7-cfcb30e93e33
controlled	27818e2c-aa23-4be3-a1d6-d6a7aa88795d	TCGA-K1-A3PO	Sequencing Reads	BAM	RNA-Seq	c778160d-4068-42c6-8cfa-c9a569d7eab2	bc81e175-7bc8-4f39-b9bc-92f8237c77ad.rna_seq.chimeric.gdc_realn.bam	c778160d-4068-42c6-8cfa-c9a569d7eab2
controlled	27818e2c-aa23-4be3-a1d6-d6a7aa88795d	TCGA-K1-A3PO	Transcriptome Profiling	TSV	RNA-Seq	735b6025-bb52-4143-a756-3e80b2644fff	bc81e175-7bc8-4f39-b9bc-92f8237c77ad.rna_seq.star_splice_junctions.tsv.gz	735b6025-bb52-4143-a756-3e80b2644fff
controlled	27818e2c-aa23-4be3-a1d6-d6a7aa88795d	TCGA-K1-A3PO	Structural Variation	BEDPE	RNA-Seq	6f25e16b-404f-45be-9a5d-9168e4190f2d	TCGA-SARC.25a0ea61-71c8-4ec5-8ff4-6913d9dfc38e.arriba.rna_fusion.bedpe	6f25e16b-404f-45be-9a5d-9168e4190f2d
controlled	27818e2c-aa23-4be3-a1d6-d6a7aa88795d	TCGA-K1-A3PO	Structural Variation	BEDPE	RNA-Seq	d49c09c9-ef81-4f2e-a12d-2451b5d19a3d	TCGA-SARC.944935d0-9668-4151-ab2e-d75bc6575597.star_fusion.rna_fusion.bedpe	d49c09c9-ef81-4f2e-a12d-2451b5d19a3d
controlled	27818e2c-aa23-4be3-a1d6-d6a7aa88795d	TCGA-K1-A3PO	Structural Variation	BEDPE	RNA-Seq	a972292b-8eeb-45e2-ac7d-325af134d8b7	TCGA-SARC.4d7cfa2e-d54b-439a-8eb3-eb1d2ef73906.arriba.rna_fusion.bedpe	a972292b-8eeb-45e2-ac7d-325af134d8b7
controlled	27818e2c-aa23-4be3-a1d6-d6a7aa88795d	TCGA-K1-A3PO	Structural Variation	TSV	RNA-Seq	9225eb8a-6ddf-48a3-bd0d-c94d60a83e19	TCGA-SARC.6cd5e073-7012-49f3-8bf1-8a1be874d1fb.star_fusion.rna_fusion.tsv	9225eb8a-6ddf-48a3-bd0d-c94d60a83e19
controlled	27818e2c-aa23-4be3-a1d6-d6a7aa88795d	TCGA-K1-A3PO	Structural Variation	TSV	RNA-Seq	daf600db-939d-462f-8f01-74f6c1a91bbd	TCGA-SARC.4d7cfa2e-d54b-439a-8eb3-eb1d2ef73906.arriba.rna_fusion.tsv	daf600db-939d-462f-8f01-74f6c1a91bbd
controlled	27818e2c-aa23-4be3-a1d6-d6a7aa88795d	TCGA-K1-A3PO	Transcriptome Profiling	TSV	RNA-Seq	710c92df-c8f6-4862-bad5-2628ea253965	bd93c721-5b29-4ff8-97e1-4032c626970d.rna_seq.star_splice_junctions.tsv.gz	710c92df-c8f6-4862-bad5-2628ea253965
controlled	9393e4f1-6a1b-4181-b928-72b6f335bec2	TCGA-IF-A4AK	Structural Variation	BEDPE	RNA-Seq	1a16cc27-7d47-4bad-9909-b51cc7d40fa8	TCGA-SARC.19e753c7-8bbc-4e28-9845-465be2eb53ff.star_fusion.rna_fusion.bedpe	1a16cc27-7d47-4bad-9909-b51cc7d40fa8
open	27818e2c-aa23-4be3-a1d6-d6a7aa88795d	TCGA-K1-A3PO	Transcriptome Profiling	TSV	RNA-Seq	866faf24-daa7-48f9-9c4d-a0e2011b1e3c	bd93c721-5b29-4ff8-97e1-4032c626970d.rna_seq.augmented_star_gene_counts.tsv	866faf24-daa7-48f9-9c4d-a0e2011b1e3c
controlled	27818e2c-aa23-4be3-a1d6-d6a7aa88795d	TCGA-K1-A3PO	Sequencing Reads	BAM	RNA-Seq	df10f32f-4cf4-45d0-abce-93ecabf1285c	bd93c721-5b29-4ff8-97e1-4032c626970d.rna_seq.chimeric.gdc_realn.bam	df10f32f-4cf4-45d0-abce-93ecabf1285c
controlled	cd73a55f-03c1-4da0-9fa7-1ae4a263664e	TCGA-DX-A1KW	Sequencing Reads	BAM	RNA-Seq	32be8f54-8142-425b-9849-c564e95984b1	7bda671c-95d4-4f58-8d10-323308710256.rna_seq.transcriptome.gdc_realn.bam	32be8f54-8142-425b-9849-c564e95984b1
controlled	e9e4731a-a7ca-455c-868c-a6d53d0aa749	TCGA-DX-AB35	Structural Variation	TSV	RNA-Seq	1725b870-6295-46f2-8971-e18f5c176c6a	TCGA-SARC.04bc2ca1-0a91-4359-837a-6e1e97443067.arriba.rna_fusion.tsv	1725b870-6295-46f2-8971-e18f5c176c6a
controlled	cd73a55f-03c1-4da0-9fa7-1ae4a263664e	TCGA-DX-A1KW	Sequencing Reads	BAM	RNA-Seq	49e94ef1-06dc-4976-829e-e00633eb362d	7bda671c-95d4-4f58-8d10-323308710256.rna_seq.genomic.gdc_realn.bam	49e94ef1-06dc-4976-829e-e00633eb362d
controlled	f0cbc2a4-c1f7-4b32-bce1-57eb59d351cc	TCGA-PC-A5DP	Structural Variation	TSV	RNA-Seq	f5d64844-24c0-4362-bcd6-2637437405d1	TCGA-SARC.37f0fcee-7d21-46dc-9a15-924f0e3bec28.arriba.rna_fusion.tsv	f5d64844-24c0-4362-bcd6-2637437405d1
open	a46c2122-9eb3-429c-aaf7-24fcb1f7a6a1	TCGA-FX-A3NK	Transcriptome Profiling	TSV	RNA-Seq	9538b5b9-eaae-4267-a674-67d6c1fc00eb	d81ad264-0c65-45bc-8394-fd24832737bb.rna_seq.augmented_star_gene_counts.tsv	9538b5b9-eaae-4267-a674-67d6c1fc00eb
controlled	a46c2122-9eb3-429c-aaf7-24fcb1f7a6a1	TCGA-FX-A3NK	Structural Variation	BEDPE	RNA-Seq	7eaf6326-f235-496b-9e37-207f6ee6be37	TCGA-SARC.96ca02dc-72aa-46ee-bc93-eb6fd7d0493e.star_fusion.rna_fusion.bedpe	7eaf6326-f235-496b-9e37-207f6ee6be37
open	f0cbc2a4-c1f7-4b32-bce1-57eb59d351cc	TCGA-PC-A5DP	Transcriptome Profiling	TSV	RNA-Seq	7c1f6e5d-ec39-42d5-b25f-2790639b84c3	de4338e5-2dc7-469a-a8fc-460fe85df933.rna_seq.augmented_star_gene_counts.tsv	7c1f6e5d-ec39-42d5-b25f-2790639b84c3
controlled	f0cbc2a4-c1f7-4b32-bce1-57eb59d351cc	TCGA-PC-A5DP	Sequencing Reads	BAM	RNA-Seq	41702d83-a4b2-41cd-8bc2-917145e700e7	de4338e5-2dc7-469a-a8fc-460fe85df933.rna_seq.genomic.gdc_realn.bam	41702d83-a4b2-41cd-8bc2-917145e700e7
controlled	1c851f7b-a206-45db-ad52-338aa57c2ac1	TCGA-DX-AB2T	Structural Variation	TSV	RNA-Seq	da86fd02-022e-44a8-a933-edafca762d08	TCGA-SARC.1f581f5e-266b-4ecf-a971-6231f635f7cc.arriba.rna_fusion.tsv	da86fd02-022e-44a8-a933-edafca762d08
open	9ff814f6-4a05-4471-8492-41574fa3eeeb	TCGA-3B-A9HX	Transcriptome Profiling	TSV	RNA-Seq	2b4cfe98-0901-4455-9a48-ce8519a97095	f5a5de6f-52df-419d-9ea3-27383a6b53a0.rna_seq.augmented_star_gene_counts.tsv	2b4cfe98-0901-4455-9a48-ce8519a97095
controlled	1c851f7b-a206-45db-ad52-338aa57c2ac1	TCGA-DX-AB2T	Transcriptome Profiling	TSV	RNA-Seq	61429703-80ee-4e4d-b4f6-4733bb9e8c52	571a99f5-56e3-42f7-99b9-f0a80def7570.rna_seq.star_splice_junctions.tsv.gz	61429703-80ee-4e4d-b4f6-4733bb9e8c52
controlled	27a6bd26-4b57-4eee-be02-6b20f5b69e1e	TCGA-DX-AB2L	Sequencing Reads	BAM	RNA-Seq	8976b7ff-c400-463c-aca7-02584164a3e4	71ecb38f-c270-4b64-a13f-dac55838844f.rna_seq.transcriptome.gdc_realn.bam	8976b7ff-c400-463c-aca7-02584164a3e4
controlled	1c851f7b-a206-45db-ad52-338aa57c2ac1	TCGA-DX-AB2T	Sequencing Reads	BAM	RNA-Seq	fcfa30a1-29e7-4c4d-a4d4-9f99805fc743	571a99f5-56e3-42f7-99b9-f0a80def7570.rna_seq.genomic.gdc_realn.bam	fcfa30a1-29e7-4c4d-a4d4-9f99805fc743
controlled	9ff814f6-4a05-4471-8492-41574fa3eeeb	TCGA-3B-A9HX	Structural Variation	TSV	RNA-Seq	8902e7db-4c9a-42f6-b907-1f84368822e9	TCGA-SARC.9102e5bb-210f-4d10-8dad-0654d023bfc9.arriba.rna_fusion.tsv	8902e7db-4c9a-42f6-b907-1f84368822e9
controlled	37a3b7c7-971a-4c96-8c77-14bb0b7741a3	TCGA-QQ-A8VG	Structural Variation	BEDPE	RNA-Seq	392debc0-420f-42c2-9e0a-c425a684eaee	TCGA-SARC.51605248-595e-40bf-9d3a-d8cab0178be2.star_fusion.rna_fusion.bedpe	392debc0-420f-42c2-9e0a-c425a684eaee
controlled	37a3b7c7-971a-4c96-8c77-14bb0b7741a3	TCGA-QQ-A8VG	Structural Variation	BEDPE	RNA-Seq	e5667a1e-6f95-4dcb-86c8-fc9bf525b8ef	TCGA-SARC.979f60c7-b4c9-4581-8d79-89aa670b1d1a.arriba.rna_fusion.bedpe	e5667a1e-6f95-4dcb-86c8-fc9bf525b8ef
controlled	0020317d-d10e-4e75-8fa6-7c1bdcdee471	TCGA-HS-A5NA	Structural Variation	TSV	RNA-Seq	950bb076-1e7a-446d-838e-c9f37b227db4	TCGA-SARC.99cccc60-e955-4e3f-b0b6-1183de60ac88.star_fusion.rna_fusion.tsv	950bb076-1e7a-446d-838e-c9f37b227db4
controlled	27a6bd26-4b57-4eee-be02-6b20f5b69e1e	TCGA-DX-AB2L	Structural Variation	BEDPE	RNA-Seq	53e5340d-03a7-414a-a41e-275291bb40ca	TCGA-SARC.0906a09a-c554-4598-855e-810b2807d2ee.arriba.rna_fusion.bedpe	53e5340d-03a7-414a-a41e-275291bb40ca
open	27a6bd26-4b57-4eee-be02-6b20f5b69e1e	TCGA-DX-AB2L	Transcriptome Profiling	TSV	RNA-Seq	061c2d28-de75-47d6-a356-c56bf128cd83	71ecb38f-c270-4b64-a13f-dac55838844f.rna_seq.augmented_star_gene_counts.tsv	061c2d28-de75-47d6-a356-c56bf128cd83
open	1610d467-e83f-490f-a971-7b099f3b46f8	TCGA-DX-A8BO	Transcriptome Profiling	TSV	RNA-Seq	e74819ed-59b0-4e13-b4b0-0d32562de0ef	0b6f9291-f415-4115-b79f-1b1312794341.rna_seq.augmented_star_gene_counts.tsv	e74819ed-59b0-4e13-b4b0-0d32562de0ef
controlled	0020317d-d10e-4e75-8fa6-7c1bdcdee471	TCGA-HS-A5NA	Sequencing Reads	BAM	RNA-Seq	97de0074-dc58-4815-be9e-fa265e852d74	f7d7d34c-4694-4662-b7fd-be887bdc9697.rna_seq.transcriptome.gdc_realn.bam	97de0074-dc58-4815-be9e-fa265e852d74
controlled	2905cbd1-719b-46d9-b8af-8fe4927bc473	TCGA-FX-A2QS	Sequencing Reads	BAM	RNA-Seq	071f88d6-fab8-479f-bd4d-51ac80beaf6d	eac71dee-8ad1-43d1-9207-fc1060c67ff4.rna_seq.chimeric.gdc_realn.bam	071f88d6-fab8-479f-bd4d-51ac80beaf6d
open	5d9608fd-e3eb-4bf9-911f-7656d6814b98	TCGA-DX-AB2J	Transcriptome Profiling	TSV	RNA-Seq	8e7e6e0a-2bbb-47ec-8493-b839d5f0243d	b7ac9da3-7fbe-4618-a852-8d614cabd9aa.rna_seq.augmented_star_gene_counts.tsv	8e7e6e0a-2bbb-47ec-8493-b839d5f0243d
controlled	0a4af73d-3c12-4740-bf92-c0eedd3dd135	TCGA-WK-A8XZ	Structural Variation	BEDPE	RNA-Seq	0dc5f2dc-01b5-4a2c-993f-2c3a7ac78fd3	TCGA-SARC.fb47ce63-68a6-41f8-981d-717e64fd3678.arriba.rna_fusion.bedpe	0dc5f2dc-01b5-4a2c-993f-2c3a7ac78fd3
controlled	0a4af73d-3c12-4740-bf92-c0eedd3dd135	TCGA-WK-A8XZ	Structural Variation	TSV	RNA-Seq	e19f31f6-ed70-463f-a440-de926baccd2d	TCGA-SARC.fb47ce63-68a6-41f8-981d-717e64fd3678.arriba.rna_fusion.tsv	e19f31f6-ed70-463f-a440-de926baccd2d
open	9f7b8012-3dee-44b2-8159-f96a6eb5036a	TCGA-DX-A6BE	Transcriptome Profiling	TSV	RNA-Seq	a3f34116-ef90-4bb0-8446-a5e21639d3a2	d82d2860-588c-4ad9-b3c0-867fc61ab152.rna_seq.augmented_star_gene_counts.tsv	a3f34116-ef90-4bb0-8446-a5e21639d3a2
controlled	9f7b8012-3dee-44b2-8159-f96a6eb5036a	TCGA-DX-A6BE	Structural Variation	TSV	RNA-Seq	4ef40c54-d29c-47e2-8c84-f3582821c70c	TCGA-SARC.efbdbc8f-d60e-412b-9bf7-952368eab97f.star_fusion.rna_fusion.tsv	4ef40c54-d29c-47e2-8c84-f3582821c70c
controlled	9f7b8012-3dee-44b2-8159-f96a6eb5036a	TCGA-DX-A6BE	Structural Variation	BEDPE	RNA-Seq	36e25846-7c22-4584-bce6-77a43119ee1d	TCGA-SARC.efbdbc8f-d60e-412b-9bf7-952368eab97f.star_fusion.rna_fusion.bedpe	36e25846-7c22-4584-bce6-77a43119ee1d
controlled	05d4099f-521a-4df6-abac-f86f84b3af7f	TCGA-WP-A9GB	Structural Variation	TSV	RNA-Seq	6a4509eb-1edc-4074-823b-2cacfdf9f8bb	TCGA-SARC.4f432b95-e9f9-4ac9-b930-324e094762a2.arriba.rna_fusion.tsv	6a4509eb-1edc-4074-823b-2cacfdf9f8bb
controlled	02b7b0c5-dad6-4270-b56b-3d04285e8147	TCGA-KD-A5QU	Sequencing Reads	BAM	RNA-Seq	beb9c445-fbeb-4279-95ee-34ab6e79a877	7383c625-5ca5-487a-a4df-cf025ee14d32.rna_seq.transcriptome.gdc_realn.bam	beb9c445-fbeb-4279-95ee-34ab6e79a877
controlled	8372e154-c9c1-4382-8120-7e14dd426367	TCGA-X2-A95T	Transcriptome Profiling	TSV	RNA-Seq	501ca98d-c8ce-43d9-aaa6-fea6d1c13529	6008ff0b-cb5b-4b7d-a438-dfa992f224a8.rna_seq.star_splice_junctions.tsv.gz	501ca98d-c8ce-43d9-aaa6-fea6d1c13529
controlled	02b7b0c5-dad6-4270-b56b-3d04285e8147	TCGA-KD-A5QU	Sequencing Reads	BAM	RNA-Seq	11836a62-defb-4565-9d86-8f05a6657368	7383c625-5ca5-487a-a4df-cf025ee14d32.rna_seq.chimeric.gdc_realn.bam	11836a62-defb-4565-9d86-8f05a6657368
controlled	8372e154-c9c1-4382-8120-7e14dd426367	TCGA-X2-A95T	Structural Variation	TSV	RNA-Seq	9359f46a-174e-4deb-bf3f-f08d691c48c3	TCGA-SARC.66995f62-2156-424e-a63b-3801125a12ef.star_fusion.rna_fusion.tsv	9359f46a-174e-4deb-bf3f-f08d691c48c3
controlled	02b7b0c5-dad6-4270-b56b-3d04285e8147	TCGA-KD-A5QU	Structural Variation	TSV	RNA-Seq	5770709d-a18b-4c8f-a997-576b81620b88	TCGA-SARC.e2ed9305-2752-4002-8802-d41be8ac7e16.arriba.rna_fusion.tsv	5770709d-a18b-4c8f-a997-576b81620b88
controlled	02b7b0c5-dad6-4270-b56b-3d04285e8147	TCGA-KD-A5QU	Structural Variation	BEDPE	RNA-Seq	c2f9f542-8ee3-4c76-a721-4be914c9ab90	TCGA-SARC.582ca51c-e28b-4cdb-ab59-3687eed5ea94.star_fusion.rna_fusion.bedpe	c2f9f542-8ee3-4c76-a721-4be914c9ab90
controlled	8372e154-c9c1-4382-8120-7e14dd426367	TCGA-X2-A95T	Sequencing Reads	BAM	RNA-Seq	5ae72fa9-51c4-4794-8b59-db2957b8447e	6008ff0b-cb5b-4b7d-a438-dfa992f224a8.rna_seq.chimeric.gdc_realn.bam	5ae72fa9-51c4-4794-8b59-db2957b8447e
controlled	8372e154-c9c1-4382-8120-7e14dd426367	TCGA-X2-A95T	Structural Variation	BEDPE	RNA-Seq	b334e720-0c90-41ee-95ab-87f5e179348e	TCGA-SARC.d3cb50e9-5385-46a3-94f9-054feb86f239.arriba.rna_fusion.bedpe	b334e720-0c90-41ee-95ab-87f5e179348e
controlled	07778870-d400-4495-b786-c63ff33fc29d	TCGA-DX-AB2V	Sequencing Reads	BAM	RNA-Seq	a0e39373-0762-4de5-86eb-0d2c7f48f432	38a95d74-a928-40b3-9856-9bef8c77b7f7.rna_seq.chimeric.gdc_realn.bam	a0e39373-0762-4de5-86eb-0d2c7f48f432
open	8372e154-c9c1-4382-8120-7e14dd426367	TCGA-X2-A95T	Transcriptome Profiling	TSV	RNA-Seq	6adf8503-127f-4171-81c5-25f220ed22f3	6008ff0b-cb5b-4b7d-a438-dfa992f224a8.rna_seq.augmented_star_gene_counts.tsv	6adf8503-127f-4171-81c5-25f220ed22f3
controlled	07778870-d400-4495-b786-c63ff33fc29d	TCGA-DX-AB2V	Structural Variation	TSV	RNA-Seq	152b1251-d09c-4dbb-a875-2fec4e0762f1	TCGA-SARC.a1bc31a8-d0f4-47cb-a5e8-02ce72476557.arriba.rna_fusion.tsv	152b1251-d09c-4dbb-a875-2fec4e0762f1
controlled	07a6bbce-012b-48fe-8c62-e79a1b200eb6	TCGA-DX-A8BV	Sequencing Reads	BAM	RNA-Seq	d0d532cc-2e2e-4269-9356-9eb7f61b5447	c3a3d352-1555-4ca3-bbb9-282830219d17.rna_seq.genomic.gdc_realn.bam	d0d532cc-2e2e-4269-9356-9eb7f61b5447
controlled	0494a8ea-ecf3-4f3e-8b3c-26a9254b6755	TCGA-QQ-A5VC	Structural Variation	TSV	RNA-Seq	12513eeb-4760-4337-8631-3a7d7e8e7314	TCGA-SARC.aea6d453-23a5-4bea-b6bf-f0b88358fed1.arriba.rna_fusion.tsv	12513eeb-4760-4337-8631-3a7d7e8e7314
controlled	e2272de4-02b8-4a94-b8ee-c7454996a2da	TCGA-DX-AB2Q	Transcriptome Profiling	TSV	RNA-Seq	e51fd73d-9c0e-4966-a1a9-d0a6c725d9bb	1ef19de4-2416-4852-ba66-76854ed9d748.rna_seq.star_splice_junctions.tsv.gz	e51fd73d-9c0e-4966-a1a9-d0a6c725d9bb
controlled	e2272de4-02b8-4a94-b8ee-c7454996a2da	TCGA-DX-AB2Q	Sequencing Reads	BAM	RNA-Seq	45c39813-3902-4d35-9184-f3daa3971ab9	1ef19de4-2416-4852-ba66-76854ed9d748.rna_seq.transcriptome.gdc_realn.bam	45c39813-3902-4d35-9184-f3daa3971ab9
controlled	109df703-2865-4b4c-8e4b-badff8eb3f22	TCGA-HB-A3YV	Sequencing Reads	BAM	RNA-Seq	1f2ed9d1-8c33-46f4-9415-2849d1dd419d	219bfbd2-097b-481f-94f4-b45e2b5922eb.rna_seq.transcriptome.gdc_realn.bam	1f2ed9d1-8c33-46f4-9415-2849d1dd419d
controlled	109df703-2865-4b4c-8e4b-badff8eb3f22	TCGA-HB-A3YV	Structural Variation	TSV	RNA-Seq	90785afa-ba2d-4b75-acc2-1049e47233d0	TCGA-SARC.7ae73381-524b-4f13-92d7-65befebe4408.star_fusion.rna_fusion.tsv	90785afa-ba2d-4b75-acc2-1049e47233d0
controlled	04d45a95-4282-42e7-8e2f-2b7a5082e1b5	TCGA-WK-A8XX	Structural Variation	BEDPE	RNA-Seq	90613fba-d20b-4013-a849-344861623a55	TCGA-SARC.6d682acc-94f4-4d37-8202-9ff78c9886da.arriba.rna_fusion.bedpe	90613fba-d20b-4013-a849-344861623a55
controlled	0b6418fc-c775-4baa-8776-74ffcc492e9a	TCGA-DX-A7EQ	Sequencing Reads	BAM	RNA-Seq	eb77a3d6-d6df-40f7-9e91-da14bcee5bce	959c6fc3-d893-4e2f-9867-2e58e63da4fb.rna_seq.chimeric.gdc_realn.bam	eb77a3d6-d6df-40f7-9e91-da14bcee5bce
controlled	051a8605-e674-4b66-a142-11ec36a96454	TCGA-DX-AB2P	Structural Variation	TSV	RNA-Seq	952e682e-3478-45f5-85a1-1a2fa83bc6c6	TCGA-SARC.fb429e32-bc9e-4804-9aee-bbe5e0434244.arriba.rna_fusion.tsv	952e682e-3478-45f5-85a1-1a2fa83bc6c6
controlled	0b6418fc-c775-4baa-8776-74ffcc492e9a	TCGA-DX-A7EQ	Sequencing Reads	BAM	RNA-Seq	731f465f-4547-4009-85f1-ad0c8793017b	959c6fc3-d893-4e2f-9867-2e58e63da4fb.rna_seq.genomic.gdc_realn.bam	731f465f-4547-4009-85f1-ad0c8793017b
controlled	051a8605-e674-4b66-a142-11ec36a96454	TCGA-DX-AB2P	Structural Variation	BEDPE	RNA-Seq	cad6c9fc-4903-43be-9683-ba27a0bc41f6	TCGA-SARC.d95c55c7-612b-405f-a232-4430e8f6182a.star_fusion.rna_fusion.bedpe	cad6c9fc-4903-43be-9683-ba27a0bc41f6
controlled	10a6de43-a681-4cbc-821d-08335ed65320	TCGA-MJ-A68J	Sequencing Reads	BAM	RNA-Seq	a29328ba-5d16-4628-b2c8-4203343ae330	33450ab2-7748-4ef7-b83b-2ed3de7104d3.rna_seq.chimeric.gdc_realn.bam	a29328ba-5d16-4628-b2c8-4203343ae330
controlled	f0cbc2a4-c1f7-4b32-bce1-57eb59d351cc	TCGA-PC-A5DP	Structural Variation	TSV	RNA-Seq	d6503ea5-b637-4164-a311-7c3b7fbdd39b	TCGA-SARC.161cf39b-efbc-4f26-bc82-a48b8b9385c1.star_fusion.rna_fusion.tsv	d6503ea5-b637-4164-a311-7c3b7fbdd39b
open	059f7eb8-6e42-4f57-8248-ff82896aab54	TCGA-DX-A3UE	Transcriptome Profiling	TSV	RNA-Seq	0dfd1a01-e2c4-4e01-9b1f-72c373af082a	a7eafd67-8ecd-4b4c-92c5-e308554d7d88.rna_seq.augmented_star_gene_counts.tsv	0dfd1a01-e2c4-4e01-9b1f-72c373af082a
controlled	10a6de43-a681-4cbc-821d-08335ed65320	TCGA-MJ-A68J	Structural Variation	BEDPE	RNA-Seq	d911aa20-6892-4a98-acae-cab1b06c7aa1	TCGA-SARC.ad8db3b1-9031-4b95-9bea-4544d323abfb.arriba.rna_fusion.bedpe	d911aa20-6892-4a98-acae-cab1b06c7aa1
controlled	059f7eb8-6e42-4f57-8248-ff82896aab54	TCGA-DX-A3UE	Structural Variation	TSV	RNA-Seq	f4b2e6b1-a452-47fe-8cb0-7145eb95f4af	TCGA-SARC.8eabfb43-3ed7-4899-8caf-8bffe0f0d0cd.star_fusion.rna_fusion.tsv	f4b2e6b1-a452-47fe-8cb0-7145eb95f4af
controlled	0da5ee6c-d012-4a57-9992-9d74937aaa5f	TCGA-IW-A3M4	Sequencing Reads	BAM	RNA-Seq	bced9abc-1234-463b-a10f-a34d26fc379a	910dda73-362c-43e2-b3db-1a970c316000.rna_seq.transcriptome.gdc_realn.bam	bced9abc-1234-463b-a10f-a34d26fc379a
controlled	0da5ee6c-d012-4a57-9992-9d74937aaa5f	TCGA-IW-A3M4	Sequencing Reads	BAM	RNA-Seq	49b9db8a-9f5c-49c6-a57d-2ffa8d7dffe7	910dda73-362c-43e2-b3db-1a970c316000.rna_seq.chimeric.gdc_realn.bam	49b9db8a-9f5c-49c6-a57d-2ffa8d7dffe7
controlled	059f7eb8-6e42-4f57-8248-ff82896aab54	TCGA-DX-A3UE	Sequencing Reads	BAM	RNA-Seq	04845ec1-8830-4680-a824-57c560540096	a7eafd67-8ecd-4b4c-92c5-e308554d7d88.rna_seq.transcriptome.gdc_realn.bam	04845ec1-8830-4680-a824-57c560540096
controlled	059f7eb8-6e42-4f57-8248-ff82896aab54	TCGA-DX-A3UE	Structural Variation	BEDPE	RNA-Seq	e9fc9ccb-8505-4641-9917-d6c4b3c92dc8	TCGA-SARC.8eabfb43-3ed7-4899-8caf-8bffe0f0d0cd.star_fusion.rna_fusion.bedpe	e9fc9ccb-8505-4641-9917-d6c4b3c92dc8
controlled	0da5ee6c-d012-4a57-9992-9d74937aaa5f	TCGA-IW-A3M4	Structural Variation	BEDPE	RNA-Seq	8d928acc-97fa-49b6-921d-b2bb761bed32	TCGA-SARC.2195f26e-e786-4e46-84e0-a765628f2375.star_fusion.rna_fusion.bedpe	8d928acc-97fa-49b6-921d-b2bb761bed32
controlled	059f7eb8-6e42-4f57-8248-ff82896aab54	TCGA-DX-A3UE	Structural Variation	TSV	RNA-Seq	adc2d72a-dad4-4658-848f-bace600ea22f	TCGA-SARC.5ed8edfe-bde0-4488-909e-81f58755fa68.arriba.rna_fusion.tsv	adc2d72a-dad4-4658-848f-bace600ea22f
controlled	12b45061-9ed6-46cd-971a-b81d79bc88ec	TCGA-DX-A6YU	Sequencing Reads	BAM	RNA-Seq	6633c99b-49cd-4485-8bd7-f0bf0c695a0b	ab324d27-f3fd-4f35-99b9-76099c8a7d0b.rna_seq.chimeric.gdc_realn.bam	6633c99b-49cd-4485-8bd7-f0bf0c695a0b
controlled	0f94362d-368f-4570-b8c1-70fc4b1f5e35	TCGA-QQ-A5VB	Transcriptome Profiling	TSV	RNA-Seq	8f946c3f-4719-4c04-adb8-4100ed9e2a17	2ce41ff1-effd-44aa-b1ce-865543e3d160.rna_seq.star_splice_junctions.tsv.gz	8f946c3f-4719-4c04-adb8-4100ed9e2a17
controlled	05d4099f-521a-4df6-abac-f86f84b3af7f	TCGA-WP-A9GB	Sequencing Reads	BAM	RNA-Seq	34031042-8f3a-465d-a7bb-c3815ece82fe	204b4c83-bba2-48bd-9c13-61a346f26b01.rna_seq.transcriptome.gdc_realn.bam	34031042-8f3a-465d-a7bb-c3815ece82fe
controlled	12bfd446-2ee5-4664-a492-c023d134f60f	TCGA-FX-A48G	Sequencing Reads	BAM	RNA-Seq	dc1a72bc-cea2-4b0f-a7a3-f8f3018a8f53	4c4bf17d-7fc4-4c97-aa93-bd076d311d66.rna_seq.chimeric.gdc_realn.bam	dc1a72bc-cea2-4b0f-a7a3-f8f3018a8f53
controlled	12bfd446-2ee5-4664-a492-c023d134f60f	TCGA-FX-A48G	Structural Variation	BEDPE	RNA-Seq	a5be6b06-de24-4c4d-98c1-e886dc61b0a0	TCGA-SARC.8d4930bc-1fe2-4e41-8568-b5c3f2007415.arriba.rna_fusion.bedpe	a5be6b06-de24-4c4d-98c1-e886dc61b0a0
controlled	0f94362d-368f-4570-b8c1-70fc4b1f5e35	TCGA-QQ-A5VB	Structural Variation	BEDPE	RNA-Seq	f28395e7-9cf7-4c90-b3b4-ce8a3acb95cf	TCGA-SARC.0922c400-1d91-45cc-9a29-1c6e3f879976.arriba.rna_fusion.bedpe	f28395e7-9cf7-4c90-b3b4-ce8a3acb95cf
controlled	0f94362d-368f-4570-b8c1-70fc4b1f5e35	TCGA-QQ-A5VB	Sequencing Reads	BAM	RNA-Seq	713535df-c30f-40f5-a067-147b5a825ffd	2ce41ff1-effd-44aa-b1ce-865543e3d160.rna_seq.chimeric.gdc_realn.bam	713535df-c30f-40f5-a067-147b5a825ffd
controlled	12bfd446-2ee5-4664-a492-c023d134f60f	TCGA-FX-A48G	Structural Variation	TSV	RNA-Seq	e1139e07-05ff-477a-b08d-060343223fb7	TCGA-SARC.8d4930bc-1fe2-4e41-8568-b5c3f2007415.arriba.rna_fusion.tsv	e1139e07-05ff-477a-b08d-060343223fb7
controlled	12bfd446-2ee5-4664-a492-c023d134f60f	TCGA-FX-A48G	Sequencing Reads	BAM	RNA-Seq	f28ae462-b2f0-4f63-afad-1ddb8eb01c84	4c4bf17d-7fc4-4c97-aa93-bd076d311d66.rna_seq.transcriptome.gdc_realn.bam	f28ae462-b2f0-4f63-afad-1ddb8eb01c84
controlled	1cbcfbb0-fcad-4ccd-8e83-120faa3e0df3	TCGA-UE-A6QU	Structural Variation	BEDPE	RNA-Seq	c1e8a3c6-666e-4c84-8c1d-b0c0087e1c61	TCGA-SARC.1c1a8645-ba63-455f-b86f-4e8e7a8bb889.arriba.rna_fusion.bedpe	c1e8a3c6-666e-4c84-8c1d-b0c0087e1c61
controlled	4c323272-2e94-4910-a894-7836570852cd	TCGA-QQ-A8VB	Sequencing Reads	BAM	RNA-Seq	f06280ca-ba00-41d1-bb6a-689099da2d40	33f7c52f-9c7a-4b5e-a864-d3c65eb1a8cb.rna_seq.transcriptome.gdc_realn.bam	f06280ca-ba00-41d1-bb6a-689099da2d40
controlled	1007195a-7b6a-4575-b6d1-075d76a997ff	TCGA-DX-A6YR	Sequencing Reads	BAM	RNA-Seq	46f6cec5-48fa-4611-b448-53ec65da13ac	477e1ddd-9a50-4f0f-bc8e-141b0f9363a6.rna_seq.chimeric.gdc_realn.bam	46f6cec5-48fa-4611-b448-53ec65da13ac
controlled	16a4412f-0256-498d-b77b-4aecfed34091	TCGA-FX-A3TO	Sequencing Reads	BAM	RNA-Seq	41c5215a-5026-4d44-a322-306db850e669	98404a70-14a1-4d8f-a4cb-d5a9d2fedb02.rna_seq.chimeric.gdc_realn.bam	41c5215a-5026-4d44-a322-306db850e669
controlled	16a4412f-0256-498d-b77b-4aecfed34091	TCGA-FX-A3TO	Sequencing Reads	BAM	RNA-Seq	dfe7d276-1d45-4797-b7d4-0c1424d45ced	98404a70-14a1-4d8f-a4cb-d5a9d2fedb02.rna_seq.genomic.gdc_realn.bam	dfe7d276-1d45-4797-b7d4-0c1424d45ced
open	2560fb5b-5f49-4d38-8f61-1ab911aed3eb	TCGA-SI-A71P	Transcriptome Profiling	TSV	RNA-Seq	8ae2f8df-24a3-4391-a500-1940c67e1d08	f7fe6797-9e1a-4b0d-a7bd-e18c28383850.rna_seq.augmented_star_gene_counts.tsv	8ae2f8df-24a3-4391-a500-1940c67e1d08
controlled	1d03c1e5-8ab1-46b7-a46c-3738d463fd1c	TCGA-DX-AB37	Structural Variation	BEDPE	RNA-Seq	e57beec2-1bdd-44c4-a999-8d3b4dfd3ec6	TCGA-SARC.88b31caf-41fa-4fab-8522-15d5f4c4f65a.star_fusion.rna_fusion.bedpe	e57beec2-1bdd-44c4-a999-8d3b4dfd3ec6
controlled	dcd4d76e-4e41-4a84-b87c-6c94586e73f4	TCGA-IS-A3K8	Structural Variation	TSV	RNA-Seq	c9b60b40-57f3-470f-981c-cc2d71a61f40	TCGA-SARC.720ebac4-9e4e-442f-96ac-3e388e8a5c97.arriba.rna_fusion.tsv	c9b60b40-57f3-470f-981c-cc2d71a61f40
controlled	257dc623-41e1-4fa3-859c-c787db10bd60	TCGA-IS-A3KA	Sequencing Reads	BAM	RNA-Seq	ae3e01b2-52d4-4921-8424-9a67ab7fa940	3d174fee-a4f6-4d8e-8bc8-0f87c38d6893.rna_seq.chimeric.gdc_realn.bam	ae3e01b2-52d4-4921-8424-9a67ab7fa940
controlled	1db4962a-3cf7-4f36-bd60-46a1b63b6c20	TCGA-SG-A6Z4	Structural Variation	TSV	RNA-Seq	f2d2679f-f1d9-45c9-83ae-7ef121a072bd	TCGA-SARC.fb22e92b-b4cb-42ed-9a10-f5ef417f3749.star_fusion.rna_fusion.tsv	f2d2679f-f1d9-45c9-83ae-7ef121a072bd
controlled	ca0f032b-a34c-4a92-a403-bc7dc6eca8e9	TCGA-KF-A41W	Sequencing Reads	BAM	RNA-Seq	006dc122-fccb-4a7b-a01a-bd0061c66d8c	6d1989dc-922b-4b6e-bf2a-662ee16a3725.rna_seq.transcriptome.gdc_realn.bam	006dc122-fccb-4a7b-a01a-bd0061c66d8c
controlled	ca0f032b-a34c-4a92-a403-bc7dc6eca8e9	TCGA-KF-A41W	Structural Variation	BEDPE	RNA-Seq	fdc94af6-ae98-450e-b983-27389c272c13	TCGA-SARC.3b24e684-9b40-4965-913c-a7e679bc3946.star_fusion.rna_fusion.bedpe	fdc94af6-ae98-450e-b983-27389c272c13
controlled	257dc623-41e1-4fa3-859c-c787db10bd60	TCGA-IS-A3KA	Structural Variation	BEDPE	RNA-Seq	69335567-e721-4942-97a5-f589bbba58f5	TCGA-SARC.26aa8ec8-a73c-4778-af2e-d5ac22230e41.star_fusion.rna_fusion.bedpe	69335567-e721-4942-97a5-f589bbba58f5
controlled	257dc623-41e1-4fa3-859c-c787db10bd60	TCGA-IS-A3KA	Transcriptome Profiling	TSV	RNA-Seq	cfdf9a3f-113a-4a18-9007-4f12524dfdae	3d174fee-a4f6-4d8e-8bc8-0f87c38d6893.rna_seq.star_splice_junctions.tsv.gz	cfdf9a3f-113a-4a18-9007-4f12524dfdae
controlled	1a319d92-d5d4-41f7-8a10-2afb52513d83	TCGA-DX-A3U9	Structural Variation	TSV	RNA-Seq	bbd23c4d-ff93-486d-904b-e20d42609cd3	TCGA-SARC.915961e7-7e23-44e3-a6e6-1de4216fd92f.arriba.rna_fusion.tsv	bbd23c4d-ff93-486d-904b-e20d42609cd3
controlled	257dc623-41e1-4fa3-859c-c787db10bd60	TCGA-IS-A3KA	Structural Variation	TSV	RNA-Seq	3e4bca62-1c53-436e-85c4-bb1f8ce9f986	TCGA-SARC.8856cedb-99c8-4b9b-bb19-ef7436442776.arriba.rna_fusion.tsv	3e4bca62-1c53-436e-85c4-bb1f8ce9f986
controlled	257dc623-41e1-4fa3-859c-c787db10bd60	TCGA-IS-A3KA	Structural Variation	TSV	RNA-Seq	87bea89b-d6f5-4504-bc31-e233be437763	TCGA-SARC.26aa8ec8-a73c-4778-af2e-d5ac22230e41.star_fusion.rna_fusion.tsv	87bea89b-d6f5-4504-bc31-e233be437763
controlled	212c9acc-d5ad-4b31-91bc-7ab72233aec6	TCGA-DX-A23V	Structural Variation	BEDPE	RNA-Seq	804cb5eb-298e-47a0-b1b8-ea92786719e2	TCGA-SARC.49ee8988-c85e-46c2-b887-f147afa0edd2.star_fusion.rna_fusion.bedpe	804cb5eb-298e-47a0-b1b8-ea92786719e2
controlled	212c9acc-d5ad-4b31-91bc-7ab72233aec6	TCGA-DX-A23V	Sequencing Reads	BAM	RNA-Seq	db378610-a664-4068-91f2-adf559152179	e1acdc3b-522d-48b1-985f-3ab7292bbe4e.rna_seq.transcriptome.gdc_realn.bam	db378610-a664-4068-91f2-adf559152179
controlled	1ad65834-8bac-4b80-8b2e-2588548ea003	TCGA-DX-A6Z2	Sequencing Reads	BAM	RNA-Seq	ea673824-cea4-461f-9ac1-cac03a1e7e77	49285c67-b67a-4dd0-9d61-406b204e749d.rna_seq.chimeric.gdc_realn.bam	ea673824-cea4-461f-9ac1-cac03a1e7e77
controlled	212c9acc-d5ad-4b31-91bc-7ab72233aec6	TCGA-DX-A23V	Structural Variation	BEDPE	RNA-Seq	14ba9a6a-8599-44d5-ba3f-d9256148f479	TCGA-SARC.f5590e73-dd40-4f07-9f81-4260f65b9846.arriba.rna_fusion.bedpe	14ba9a6a-8599-44d5-ba3f-d9256148f479
controlled	a34cfb9c-44dd-4617-bbd1-28edc8d527c4	TCGA-MO-A47P	Structural Variation	BEDPE	RNA-Seq	a49c63a8-da09-45f0-8498-517959120892	TCGA-SARC.24c53c1a-d562-40af-9b04-22b64ae18e40.arriba.rna_fusion.bedpe	a49c63a8-da09-45f0-8498-517959120892
controlled	2892ee84-ac7c-4e0e-8311-ce721d6afc32	TCGA-SG-A6Z7	Sequencing Reads	BAM	RNA-Seq	25820c43-07d8-4734-bb52-57b00afa10cc	35af0e07-3397-4843-9a78-23b33535b8a3.rna_seq.chimeric.gdc_realn.bam	25820c43-07d8-4734-bb52-57b00afa10cc
controlled	23409c1c-9fc2-4c54-8c94-e1aabe05c301	TCGA-DX-A2J1	Structural Variation	BEDPE	RNA-Seq	a9b4b093-ddec-4ebb-8d6f-881c1c9b725c	TCGA-SARC.bd9ddbd0-2303-443c-a9f2-1be8ada8356e.arriba.rna_fusion.bedpe	a9b4b093-ddec-4ebb-8d6f-881c1c9b725c
controlled	a34cfb9c-44dd-4617-bbd1-28edc8d527c4	TCGA-MO-A47P	Structural Variation	TSV	RNA-Seq	8b06d95c-2437-4f77-99bd-766e17d968f3	TCGA-SARC.bcc74c0e-f0e2-45d3-ac54-bcffc0cb8506.star_fusion.rna_fusion.tsv	8b06d95c-2437-4f77-99bd-766e17d968f3
controlled	2e3665ef-d572-478f-9415-db61c3753613	TCGA-MB-A5YA	Structural Variation	BEDPE	RNA-Seq	1b1446a5-7e77-40b1-9a7a-d3cf2cea8044	TCGA-SARC.cd33641c-bea0-430c-8b7c-2dd604743495.arriba.rna_fusion.bedpe	1b1446a5-7e77-40b1-9a7a-d3cf2cea8044
open	2892ee84-ac7c-4e0e-8311-ce721d6afc32	TCGA-SG-A6Z7	Transcriptome Profiling	TSV	RNA-Seq	4e7b9f9a-fd6d-4260-b94f-5de438a0742c	35af0e07-3397-4843-9a78-23b33535b8a3.rna_seq.augmented_star_gene_counts.tsv	4e7b9f9a-fd6d-4260-b94f-5de438a0742c
controlled	2892ee84-ac7c-4e0e-8311-ce721d6afc32	TCGA-SG-A6Z7	Structural Variation	TSV	RNA-Seq	a4a56374-40fb-4368-8291-6c2e70af7be1	TCGA-SARC.1450adb5-e715-4a57-841e-f9532ef17518.arriba.rna_fusion.tsv	a4a56374-40fb-4368-8291-6c2e70af7be1
open	a34cfb9c-44dd-4617-bbd1-28edc8d527c4	TCGA-MO-A47P	Transcriptome Profiling	TSV	RNA-Seq	6ee871cb-44d0-4583-b361-fa25b01bafea	d4feb535-fd31-4b22-b3dd-3db99227a658.rna_seq.augmented_star_gene_counts.tsv	6ee871cb-44d0-4583-b361-fa25b01bafea
controlled	2e3665ef-d572-478f-9415-db61c3753613	TCGA-MB-A5YA	Transcriptome Profiling	TSV	RNA-Seq	92e7da75-eaac-46aa-b3c4-416aa7528306	a8c98035-15f9-4ca8-9fd1-6918c978fb76.rna_seq.star_splice_junctions.tsv.gz	92e7da75-eaac-46aa-b3c4-416aa7528306
controlled	2e3665ef-d572-478f-9415-db61c3753613	TCGA-MB-A5YA	Structural Variation	TSV	RNA-Seq	aadf1b45-a137-4bbd-a0e5-c8b9f7998711	TCGA-SARC.cd33641c-bea0-430c-8b7c-2dd604743495.arriba.rna_fusion.tsv	aadf1b45-a137-4bbd-a0e5-c8b9f7998711
controlled	28c50a5c-e0ea-4f93-b34c-b0a651264539	TCGA-HS-A5N7	Sequencing Reads	BAM	RNA-Seq	4901dffa-6c2a-4e23-8c64-da5a217ec7a8	fc746489-3cdd-440a-be5d-34a8ad85f474.rna_seq.transcriptome.gdc_realn.bam	4901dffa-6c2a-4e23-8c64-da5a217ec7a8
controlled	28c50a5c-e0ea-4f93-b34c-b0a651264539	TCGA-HS-A5N7	Structural Variation	TSV	RNA-Seq	cd958f16-26a1-4101-bc7f-e79d5cc398d8	TCGA-SARC.67ceb7ba-5f2f-4347-8987-89ca9dd8b773.arriba.rna_fusion.tsv	cd958f16-26a1-4101-bc7f-e79d5cc398d8
controlled	239505ce-f2f1-477e-8ae2-b7065989ba79	TCGA-K1-A6RT	Sequencing Reads	BAM	RNA-Seq	2c330bbb-bb32-4b9c-b390-08c1a3501166	bc261dd7-70bd-45dc-b979-d631363ea498.rna_seq.transcriptome.gdc_realn.bam	2c330bbb-bb32-4b9c-b390-08c1a3501166
controlled	28c50a5c-e0ea-4f93-b34c-b0a651264539	TCGA-HS-A5N7	Structural Variation	TSV	RNA-Seq	098ca573-6174-4f72-a1d3-c683e4e928d4	TCGA-SARC.f057cb91-e6e1-4b01-bfe8-a8cd48ef1db9.star_fusion.rna_fusion.tsv	098ca573-6174-4f72-a1d3-c683e4e928d4
open	1c89da99-9e89-4726-b196-97eeab46d504	TCGA-X6-A7WC	Transcriptome Profiling	TSV	RNA-Seq	4031c38c-ab3a-4fb6-bfab-685ebd1fe44e	3111638f-e826-40aa-8f07-484ba9bf9998.rna_seq.augmented_star_gene_counts.tsv	4031c38c-ab3a-4fb6-bfab-685ebd1fe44e
controlled	2e3b8aa0-80db-4cb5-b706-328d1401a65b	TCGA-DX-A48K	Structural Variation	BEDPE	RNA-Seq	35d6ac84-f649-4fe7-8681-b090c837a815	TCGA-SARC.5bd5bf15-72b3-4cec-b71c-9d0621fd74a8.star_fusion.rna_fusion.bedpe	35d6ac84-f649-4fe7-8681-b090c837a815
controlled	2e3b8aa0-80db-4cb5-b706-328d1401a65b	TCGA-DX-A48K	Structural Variation	BEDPE	RNA-Seq	f604e77e-07d1-4c27-af81-9b92d135cf9e	TCGA-SARC.a0728e21-49bb-4b9c-a2ed-606c13491364.arriba.rna_fusion.bedpe	f604e77e-07d1-4c27-af81-9b92d135cf9e
open	3ea1cbd8-f74a-4b14-aa49-23d5a47716ba	TCGA-IW-A3M6	Transcriptome Profiling	TSV	RNA-Seq	b9b76084-4105-41dc-ba9e-ba564581cac5	d1a8858e-45aa-4af5-a864-47d7a8771502.rna_seq.augmented_star_gene_counts.tsv	b9b76084-4105-41dc-ba9e-ba564581cac5
controlled	239505ce-f2f1-477e-8ae2-b7065989ba79	TCGA-K1-A6RT	Structural Variation	BEDPE	RNA-Seq	518d92f0-7f84-4fef-84d1-c9ed875f6215	TCGA-SARC.a4a8d63e-3e9d-44ac-89a2-4c04790a2041.star_fusion.rna_fusion.bedpe	518d92f0-7f84-4fef-84d1-c9ed875f6215
controlled	2e3b8aa0-80db-4cb5-b706-328d1401a65b	TCGA-DX-A48K	Structural Variation	TSV	RNA-Seq	e3643ddb-4174-4da0-bef5-50692cc2b9ad	TCGA-SARC.5bd5bf15-72b3-4cec-b71c-9d0621fd74a8.star_fusion.rna_fusion.tsv	e3643ddb-4174-4da0-bef5-50692cc2b9ad
controlled	239505ce-f2f1-477e-8ae2-b7065989ba79	TCGA-K1-A6RT	Structural Variation	TSV	RNA-Seq	76dfd389-3084-458c-9317-2ee78df61d86	TCGA-SARC.40f36c1e-334d-41b2-ab7e-6ffec93e711a.arriba.rna_fusion.tsv	76dfd389-3084-458c-9317-2ee78df61d86
controlled	32344f23-524b-4182-ae75-6ad6128eeba0	TCGA-IE-A4EH	Structural Variation	TSV	RNA-Seq	dc3c9e02-9bd6-4e11-8877-a88842346967	TCGA-SARC.4a6a9fee-4530-43cf-9ce8-02ea9b5b8469.star_fusion.rna_fusion.tsv	dc3c9e02-9bd6-4e11-8877-a88842346967
controlled	2a2f2663-d813-41ff-a4e2-dfe0f16d236d	TCGA-3B-A9HY	Sequencing Reads	BAM	RNA-Seq	54a4e2c5-6adc-4f21-8954-0b4662a93fc3	9f9a0df0-55d0-4156-a8f3-887aa35bec2f.rna_seq.genomic.gdc_realn.bam	54a4e2c5-6adc-4f21-8954-0b4662a93fc3
controlled	2a2f2663-d813-41ff-a4e2-dfe0f16d236d	TCGA-3B-A9HY	Transcriptome Profiling	TSV	RNA-Seq	7025bb2f-52c9-4920-8ec7-a207dcca55fb	9f9a0df0-55d0-4156-a8f3-887aa35bec2f.rna_seq.star_splice_junctions.tsv.gz	7025bb2f-52c9-4920-8ec7-a207dcca55fb
controlled	24d08a93-d078-407b-8d93-5f7a099821eb	TCGA-IE-A3OV	Sequencing Reads	BAM	RNA-Seq	1c0ebb26-7349-44e6-86cd-3d16cb4e9e36	cd71a1ed-c28e-4832-a173-4ae907b8a240.rna_seq.chimeric.gdc_realn.bam	1c0ebb26-7349-44e6-86cd-3d16cb4e9e36
controlled	2c9f737b-0d37-4931-aff5-4562a0057bae	TCGA-DX-A7EI	Structural Variation	TSV	RNA-Seq	80c007f0-7293-493a-b345-07b99ffaa00a	TCGA-SARC.ad003a02-1ee7-4cbf-a0aa-3feddc80f3ab.star_fusion.rna_fusion.tsv	80c007f0-7293-493a-b345-07b99ffaa00a
controlled	31397970-59d8-4ee8-83cf-901cd8ba17b3	TCGA-DX-A8BG	Structural Variation	TSV	RNA-Seq	24f8e6e2-41bb-4c9a-8a6f-f0b758c3e86a	TCGA-SARC.c4e3caa9-ca74-4821-9f20-4e67696930bc.arriba.rna_fusion.tsv	24f8e6e2-41bb-4c9a-8a6f-f0b758c3e86a
controlled	24d08a93-d078-407b-8d93-5f7a099821eb	TCGA-IE-A3OV	Sequencing Reads	BAM	RNA-Seq	83da865d-b4cd-46eb-9127-5ba76bd9fb7a	cd71a1ed-c28e-4832-a173-4ae907b8a240.rna_seq.transcriptome.gdc_realn.bam	83da865d-b4cd-46eb-9127-5ba76bd9fb7a
controlled	24d08a93-d078-407b-8d93-5f7a099821eb	TCGA-IE-A3OV	Structural Variation	BEDPE	RNA-Seq	153e4f83-718d-4ce1-be80-59669108eb5f	TCGA-SARC.8decaada-c25f-49e7-860e-af16a0804d29.star_fusion.rna_fusion.bedpe	153e4f83-718d-4ce1-be80-59669108eb5f
controlled	2948d657-e5dd-4d6e-91b5-88c54f73ac31	TCGA-HS-A5N9	Sequencing Reads	BAM	RNA-Seq	5a92db98-3610-40c9-a830-49c009e15bb8	8e3ba195-d539-4876-a300-4f5855b145c6.rna_seq.transcriptome.gdc_realn.bam	5a92db98-3610-40c9-a830-49c009e15bb8
open	24d08a93-d078-407b-8d93-5f7a099821eb	TCGA-IE-A3OV	Transcriptome Profiling	TSV	RNA-Seq	554b00ea-40b6-4e67-8a16-54e2afd90f13	cd71a1ed-c28e-4832-a173-4ae907b8a240.rna_seq.augmented_star_gene_counts.tsv	554b00ea-40b6-4e67-8a16-54e2afd90f13
controlled	2c9f737b-0d37-4931-aff5-4562a0057bae	TCGA-DX-A7EI	Structural Variation	BEDPE	RNA-Seq	1baaeba6-8a98-4067-b625-3fb61dd844e9	TCGA-SARC.ad003a02-1ee7-4cbf-a0aa-3feddc80f3ab.star_fusion.rna_fusion.bedpe	1baaeba6-8a98-4067-b625-3fb61dd844e9
controlled	2ff01040-5270-4895-bbfa-5819b46ef444	TCGA-DX-A1KZ	Sequencing Reads	BAM	RNA-Seq	0c1ac11d-21c8-4616-a86d-72a5e766a7c8	0cc696ce-2d72-437a-80ba-7be1b7aba09c.rna_seq.chimeric.gdc_realn.bam	0c1ac11d-21c8-4616-a86d-72a5e766a7c8
open	3608bfbb-2a92-4ec2-a330-bf4790a8b65c	TCGA-DX-A240	Transcriptome Profiling	TSV	RNA-Seq	928ce6e6-527a-4293-9062-e736a257b258	0a3dc0f5-18b9-4641-a7f9-e42e33bf2a14.rna_seq.augmented_star_gene_counts.tsv	928ce6e6-527a-4293-9062-e736a257b258
controlled	3608bfbb-2a92-4ec2-a330-bf4790a8b65c	TCGA-DX-A240	Sequencing Reads	BAM	RNA-Seq	537cd444-82b3-4318-9c67-5996e3318b1d	0a3dc0f5-18b9-4641-a7f9-e42e33bf2a14.rna_seq.chimeric.gdc_realn.bam	537cd444-82b3-4318-9c67-5996e3318b1d
controlled	319243bf-d96f-454f-b007-3468d76869df	TCGA-DX-A23Y	Structural Variation	TSV	RNA-Seq	64bf5ac9-a6af-43e8-a54d-ed1fe9094d4d	TCGA-SARC.125e79f6-b1ed-4d5d-a888-bfe155b5ca3d.star_fusion.rna_fusion.tsv	64bf5ac9-a6af-43e8-a54d-ed1fe9094d4d
controlled	3608bfbb-2a92-4ec2-a330-bf4790a8b65c	TCGA-DX-A240	Structural Variation	BEDPE	RNA-Seq	5abd820d-cd74-4806-9450-8bbadd308601	TCGA-SARC.0613dadf-33c5-415f-b47d-f3e425bf5976.star_fusion.rna_fusion.bedpe	5abd820d-cd74-4806-9450-8bbadd308601
controlled	37ecc5e1-2b04-498e-af2d-6cf54e33ba49	TCGA-DX-A6BH	Sequencing Reads	BAM	RNA-Seq	3feccfe7-83b0-4a4e-b030-705227d3360d	12ffecbe-d932-4f6e-a903-8bb6b021cf54.rna_seq.chimeric.gdc_realn.bam	3feccfe7-83b0-4a4e-b030-705227d3360d
controlled	4482da24-bd16-4826-a9ea-1078bcb12411	TCGA-LI-A67I	Sequencing Reads	BAM	RNA-Seq	58aaa687-22ed-4d74-bd5c-427948b41b0e	658b63fd-0a0d-448b-9ff1-5013b0d61ef8.rna_seq.transcriptome.gdc_realn.bam	58aaa687-22ed-4d74-bd5c-427948b41b0e
controlled	32377dd2-c2a2-44ff-8938-b8cfb35db79c	TCGA-3B-A9HZ	Sequencing Reads	BAM	RNA-Seq	d65d6d4e-aaf8-4ee9-b66b-8da7fe5ae47f	b46cefa9-8c2b-401b-845b-d58101807cbd.rna_seq.transcriptome.gdc_realn.bam	d65d6d4e-aaf8-4ee9-b66b-8da7fe5ae47f
controlled	2cacd9d0-8414-4f17-8259-c9d838597f39	TCGA-DX-A3LW	Structural Variation	BEDPE	RNA-Seq	c7c1732d-9f15-4352-af08-4e1aec8a75c8	TCGA-SARC.9bef1434-66b2-4ed5-b25c-88586d0ed50c.star_fusion.rna_fusion.bedpe	c7c1732d-9f15-4352-af08-4e1aec8a75c8
controlled	2ff6aede-7bcd-440b-99ab-7a023faf658e	TCGA-DX-A2J0	Structural Variation	TSV	RNA-Seq	03b263ad-53ca-4424-9e1a-1bb1f6a213ed	TCGA-SARC.22af23f4-e29e-465b-a5e6-7cd6133933b0.arriba.rna_fusion.tsv	03b263ad-53ca-4424-9e1a-1bb1f6a213ed
controlled	2d468c02-45f7-4b4b-920a-557ae6c91a43	TCGA-DX-AB2W	Sequencing Reads	BAM	RNA-Seq	5e80055d-779c-40fe-a543-cb2c851d4e0e	241021f0-a762-452e-bd15-4550d98ae93e.rna_seq.chimeric.gdc_realn.bam	5e80055d-779c-40fe-a543-cb2c851d4e0e
controlled	2d468c02-45f7-4b4b-920a-557ae6c91a43	TCGA-DX-AB2W	Structural Variation	BEDPE	RNA-Seq	5891d2f6-db8a-46e4-8e8e-7716d10b3e11	TCGA-SARC.0fd9b7f9-5af6-4989-a4fc-b42b6f2ba2a6.star_fusion.rna_fusion.bedpe	5891d2f6-db8a-46e4-8e8e-7716d10b3e11
open	30274b4f-13d5-40ac-8929-a986860f38db	TCGA-DX-A8BS	Transcriptome Profiling	TSV	RNA-Seq	c4f8bc07-818f-44b3-80c6-b2262df80f44	29ae98e2-a686-4de5-946c-b0f0f839cd5e.rna_seq.augmented_star_gene_counts.tsv	c4f8bc07-818f-44b3-80c6-b2262df80f44
controlled	2d468c02-45f7-4b4b-920a-557ae6c91a43	TCGA-DX-AB2W	Transcriptome Profiling	TSV	RNA-Seq	70ed2fca-e69a-412f-a1ed-58bb3377fed3	241021f0-a762-452e-bd15-4550d98ae93e.rna_seq.star_splice_junctions.tsv.gz	70ed2fca-e69a-412f-a1ed-58bb3377fed3
open	2d468c02-45f7-4b4b-920a-557ae6c91a43	TCGA-DX-AB2W	Transcriptome Profiling	TSV	RNA-Seq	ee2bf8dd-2548-4b61-818c-976de7c3de6f	241021f0-a762-452e-bd15-4550d98ae93e.rna_seq.augmented_star_gene_counts.tsv	ee2bf8dd-2548-4b61-818c-976de7c3de6f
controlled	39e24241-cb1f-445e-b167-82ee44bfc14e	TCGA-X6-A8C3	Structural Variation	TSV	RNA-Seq	42ec9195-5d28-4dcd-8076-1cee41dffa24	TCGA-SARC.fe522376-2c06-4768-9626-b65b9e69d3c7.star_fusion.rna_fusion.tsv	42ec9195-5d28-4dcd-8076-1cee41dffa24
open	4482da24-bd16-4826-a9ea-1078bcb12411	TCGA-LI-A67I	Transcriptome Profiling	TSV	RNA-Seq	7ebb5118-9e0f-41a9-b3d7-ab969048626a	658b63fd-0a0d-448b-9ff1-5013b0d61ef8.rna_seq.augmented_star_gene_counts.tsv	7ebb5118-9e0f-41a9-b3d7-ab969048626a
controlled	30274b4f-13d5-40ac-8929-a986860f38db	TCGA-DX-A8BS	Structural Variation	BEDPE	RNA-Seq	907b6366-850c-408c-b7b6-2c337509c064	TCGA-SARC.9ce1419b-b386-472a-a3e9-a1e86ca9b5b9.arriba.rna_fusion.bedpe	907b6366-850c-408c-b7b6-2c337509c064
controlled	479d7a5a-63dc-412b-9075-920525334fe7	TCGA-WK-A8XT	Sequencing Reads	BAM	RNA-Seq	dcc84e2d-a151-4676-aeb2-a5ce76bbf5a5	3677339e-598f-494c-8ca6-3c0341570dec.rna_seq.transcriptome.gdc_realn.bam	dcc84e2d-a151-4676-aeb2-a5ce76bbf5a5
controlled	3239cd26-98ef-4470-9e2e-c43f03d9ab0d	TCGA-X6-A8C5	Transcriptome Profiling	TSV	RNA-Seq	0c890b06-6893-4886-b46c-c20103f93c2b	30cbb48b-d8c4-4846-b4d2-c3f5764a12fa.rna_seq.star_splice_junctions.tsv.gz	0c890b06-6893-4886-b46c-c20103f93c2b
controlled	479d7a5a-63dc-412b-9075-920525334fe7	TCGA-WK-A8XT	Structural Variation	BEDPE	RNA-Seq	9108bfd8-42bb-49cb-8642-9ea240c908db	TCGA-SARC.6a9b4d31-99e4-4f62-9c8e-e5f719c21048.arriba.rna_fusion.bedpe	9108bfd8-42bb-49cb-8642-9ea240c908db
controlled	3239cd26-98ef-4470-9e2e-c43f03d9ab0d	TCGA-X6-A8C5	Structural Variation	BEDPE	RNA-Seq	ec46d640-9b37-4442-87ec-a8f41e38c8b6	TCGA-SARC.f9f9f697-1bce-4001-8fd2-730dd1f91c28.arriba.rna_fusion.bedpe	ec46d640-9b37-4442-87ec-a8f41e38c8b6
controlled	39f68467-3d37-4b19-aa43-ed7b120c619d	TCGA-DX-A3LS	Structural Variation	BEDPE	RNA-Seq	5f73a653-441f-4824-afbb-19f42e86c97a	TCGA-SARC.47a98d3c-373f-4353-9120-a6d6a557d455.arriba.rna_fusion.bedpe	5f73a653-441f-4824-afbb-19f42e86c97a
controlled	34a1c0a8-3af7-48a7-b9dd-91c551ac5ce7	TCGA-DX-AB2G	Structural Variation	BEDPE	RNA-Seq	bc73dedf-c9e5-479a-85b3-fdc028835a3a	TCGA-SARC.23fc48d9-986d-4ac6-b3f8-7f3f4eebf922.star_fusion.rna_fusion.bedpe	bc73dedf-c9e5-479a-85b3-fdc028835a3a
controlled	479d7a5a-63dc-412b-9075-920525334fe7	TCGA-WK-A8XT	Sequencing Reads	BAM	RNA-Seq	db4633d0-d335-4c95-8cba-554dc3b1ee30	3677339e-598f-494c-8ca6-3c0341570dec.rna_seq.genomic.gdc_realn.bam	db4633d0-d335-4c95-8cba-554dc3b1ee30
controlled	306c53fb-640d-42ad-889a-abc5fd3ad778	TCGA-K1-A6RU	Structural Variation	TSV	RNA-Seq	0f1577f7-3543-437f-b453-07e4a3255c81	TCGA-SARC.6ce0116f-9b52-4c00-97fd-18e2de630047.arriba.rna_fusion.tsv	0f1577f7-3543-437f-b453-07e4a3255c81
controlled	479d7a5a-63dc-412b-9075-920525334fe7	TCGA-WK-A8XT	Structural Variation	BEDPE	RNA-Seq	08ac77c3-8be9-4899-bb81-2d163d59b188	TCGA-SARC.b9104fba-0e22-4355-8172-97f9b15d566c.star_fusion.rna_fusion.bedpe	08ac77c3-8be9-4899-bb81-2d163d59b188
controlled	306c53fb-640d-42ad-889a-abc5fd3ad778	TCGA-K1-A6RU	Structural Variation	BEDPE	RNA-Seq	4a151f19-eb02-4c48-b62f-118173eed966	TCGA-SARC.6ce0116f-9b52-4c00-97fd-18e2de630047.arriba.rna_fusion.bedpe	4a151f19-eb02-4c48-b62f-118173eed966
controlled	306c53fb-640d-42ad-889a-abc5fd3ad778	TCGA-K1-A6RU	Sequencing Reads	BAM	RNA-Seq	227e9b11-989d-47ab-a74b-a27045c0bdfb	23d26c7a-d497-47c7-a5b2-2fa14d037243.rna_seq.genomic.gdc_realn.bam	227e9b11-989d-47ab-a74b-a27045c0bdfb
controlled	34a1c0a8-3af7-48a7-b9dd-91c551ac5ce7	TCGA-DX-AB2G	Structural Variation	TSV	RNA-Seq	816ce77f-5b9c-4c59-98bd-c269e0ba8b37	TCGA-SARC.23fc48d9-986d-4ac6-b3f8-7f3f4eebf922.star_fusion.rna_fusion.tsv	816ce77f-5b9c-4c59-98bd-c269e0ba8b37
controlled	47a0e4a8-140f-475c-878d-8e03df3f82de	TCGA-DX-A7ET	Structural Variation	TSV	RNA-Seq	7d16c3fe-8d25-4681-a8db-e0a2f92160d2	TCGA-SARC.42766e09-0252-49cb-a9d5-dcbe48b39979.star_fusion.rna_fusion.tsv	7d16c3fe-8d25-4681-a8db-e0a2f92160d2
controlled	47a0e4a8-140f-475c-878d-8e03df3f82de	TCGA-DX-A7ET	Sequencing Reads	BAM	RNA-Seq	511cbe47-de5a-4dd3-aedc-9e313a720538	cbe51411-2d2f-4126-8630-98fc391e250a.rna_seq.chimeric.gdc_realn.bam	511cbe47-de5a-4dd3-aedc-9e313a720538
controlled	30cade9c-a0e0-4be6-9dab-1c495630fd1a	TCGA-FX-A8OO	Sequencing Reads	BAM	RNA-Seq	2d1b41f9-0783-4a44-add5-226055eb299b	5d22a34b-7ee2-4d75-baf5-09ec2d99c5a9.rna_seq.genomic.gdc_realn.bam	2d1b41f9-0783-4a44-add5-226055eb299b
controlled	47a0e4a8-140f-475c-878d-8e03df3f82de	TCGA-DX-A7ET	Transcriptome Profiling	TSV	RNA-Seq	09d16b7d-9382-4507-a36b-3905d7666a8c	cbe51411-2d2f-4126-8630-98fc391e250a.rna_seq.star_splice_junctions.tsv.gz	09d16b7d-9382-4507-a36b-3905d7666a8c
controlled	30cade9c-a0e0-4be6-9dab-1c495630fd1a	TCGA-FX-A8OO	Sequencing Reads	BAM	RNA-Seq	7e873a25-0683-4fca-8c53-716ee8ecd72f	5d22a34b-7ee2-4d75-baf5-09ec2d99c5a9.rna_seq.transcriptome.gdc_realn.bam	7e873a25-0683-4fca-8c53-716ee8ecd72f
controlled	3a473f10-a5e0-4cfa-87dd-f032d74dfa9e	TCGA-DX-A8BX	Sequencing Reads	BAM	RNA-Seq	d943fab7-c0b0-4198-8407-ba17c5f08871	a4317c1e-b564-46ab-8a90-d45cbd77a2d3.rna_seq.genomic.gdc_realn.bam	d943fab7-c0b0-4198-8407-ba17c5f08871
controlled	3a473f10-a5e0-4cfa-87dd-f032d74dfa9e	TCGA-DX-A8BX	Structural Variation	TSV	RNA-Seq	75b06f8e-0750-4abb-b84f-4bb6b56993f4	TCGA-SARC.4f6cebc8-6bf6-4b15-aac5-4ebab58e0726.arriba.rna_fusion.tsv	75b06f8e-0750-4abb-b84f-4bb6b56993f4
controlled	3a473f10-a5e0-4cfa-87dd-f032d74dfa9e	TCGA-DX-A8BX	Transcriptome Profiling	TSV	RNA-Seq	cb685127-d6df-444e-9d31-868777d0ff31	a4317c1e-b564-46ab-8a90-d45cbd77a2d3.rna_seq.star_splice_junctions.tsv.gz	cb685127-d6df-444e-9d31-868777d0ff31
controlled	30cade9c-a0e0-4be6-9dab-1c495630fd1a	TCGA-FX-A8OO	Structural Variation	TSV	RNA-Seq	42057e6a-d6bd-4212-b085-249bec494555	TCGA-SARC.f69aee81-4a9a-4d89-9bd2-45a14f7610ca.arriba.rna_fusion.tsv	42057e6a-d6bd-4212-b085-249bec494555
controlled	34c39a6b-db6a-47e5-b0d4-5fa990ef7eb8	TCGA-3B-A9HI	Sequencing Reads	BAM	RNA-Seq	d9f88ad2-2472-4d4f-90dd-b77e058ee4c5	48b1935e-751d-45b1-a3a7-721716c44066.rna_seq.genomic.gdc_realn.bam	d9f88ad2-2472-4d4f-90dd-b77e058ee4c5
controlled	47f18eee-3e56-4388-aac3-9ac141bcb414	TCGA-DX-A8BN	Structural Variation	BEDPE	RNA-Seq	400cfc9a-22ce-49bd-ae95-4fa590303c45	TCGA-SARC.59d2ead8-55ff-4284-96b9-086a8202c342.arriba.rna_fusion.bedpe	400cfc9a-22ce-49bd-ae95-4fa590303c45
controlled	34c39a6b-db6a-47e5-b0d4-5fa990ef7eb8	TCGA-3B-A9HI	Sequencing Reads	BAM	RNA-Seq	e47db425-12fa-438d-9584-42e34d0e9479	48b1935e-751d-45b1-a3a7-721716c44066.rna_seq.transcriptome.gdc_realn.bam	e47db425-12fa-438d-9584-42e34d0e9479
controlled	34c39a6b-db6a-47e5-b0d4-5fa990ef7eb8	TCGA-3B-A9HI	Structural Variation	BEDPE	RNA-Seq	dd21158b-7aac-4a67-8ff6-6e6d70994a9e	TCGA-SARC.873515f6-ad7f-4313-9d48-92932f275264.arriba.rna_fusion.bedpe	dd21158b-7aac-4a67-8ff6-6e6d70994a9e
controlled	47f18eee-3e56-4388-aac3-9ac141bcb414	TCGA-DX-A8BN	Structural Variation	TSV	RNA-Seq	5f3efa4a-c2ee-40bc-b79f-7b08fe418ad8	TCGA-SARC.23dc7a4f-6f2a-456c-9181-8fa176fb3aa4.star_fusion.rna_fusion.tsv	5f3efa4a-c2ee-40bc-b79f-7b08fe418ad8
open	34c39a6b-db6a-47e5-b0d4-5fa990ef7eb8	TCGA-3B-A9HI	Transcriptome Profiling	TSV	RNA-Seq	6e2d183b-da8e-435a-93b4-cbce5d5b22cb	48b1935e-751d-45b1-a3a7-721716c44066.rna_seq.augmented_star_gene_counts.tsv	6e2d183b-da8e-435a-93b4-cbce5d5b22cb
controlled	47f18eee-3e56-4388-aac3-9ac141bcb414	TCGA-DX-A8BN	Sequencing Reads	BAM	RNA-Seq	58fff031-2df9-4fdc-8ab7-3f1becf11d27	46ee6c04-443e-495b-b9d7-ea8f3c50b594.rna_seq.genomic.gdc_realn.bam	58fff031-2df9-4fdc-8ab7-3f1becf11d27
controlled	3505f91d-bc66-4732-84b6-18c5b32ca6b8	TCGA-DX-A3LY	Structural Variation	TSV	RNA-Seq	0c61dd0b-9631-448b-946a-4aedc78a855e	TCGA-SARC.b5ca91d9-9db5-489c-a020-4e82494d05e2.star_fusion.rna_fusion.tsv	0c61dd0b-9631-448b-946a-4aedc78a855e
controlled	3505f91d-bc66-4732-84b6-18c5b32ca6b8	TCGA-DX-A3LY	Structural Variation	BEDPE	RNA-Seq	b2b9d8aa-550d-4cac-870e-ef1553f0a07f	TCGA-SARC.b5ca91d9-9db5-489c-a020-4e82494d05e2.star_fusion.rna_fusion.bedpe	b2b9d8aa-550d-4cac-870e-ef1553f0a07f
controlled	47fb776c-7839-4590-8f2d-6d149a0f1782	TCGA-3B-A9HV	Sequencing Reads	BAM	RNA-Seq	fca859d7-0262-4f41-bc46-771b8b3cbec0	33c4c223-a5af-410d-a873-59326313c5ee.rna_seq.transcriptome.gdc_realn.bam	fca859d7-0262-4f41-bc46-771b8b3cbec0
open	4d67b910-6681-45a4-9dac-6a12d67287a8	TCGA-VT-AB3D	Transcriptome Profiling	TSV	RNA-Seq	482b6bec-0283-4401-9d59-0ce352ede380	fb0cd443-5e32-4933-b8d0-27985f883f6e.rna_seq.augmented_star_gene_counts.tsv	482b6bec-0283-4401-9d59-0ce352ede380
controlled	47fb776c-7839-4590-8f2d-6d149a0f1782	TCGA-3B-A9HV	Transcriptome Profiling	TSV	RNA-Seq	6713ca82-f37e-45f9-8583-00c74adaca05	33c4c223-a5af-410d-a873-59326313c5ee.rna_seq.star_splice_junctions.tsv.gz	6713ca82-f37e-45f9-8583-00c74adaca05
controlled	47fb776c-7839-4590-8f2d-6d149a0f1782	TCGA-3B-A9HV	Structural Variation	TSV	RNA-Seq	437eb032-6c9e-4093-bc74-e66f0c6fad0b	TCGA-SARC.1da93488-ef55-4f9d-8fc7-e164a44b8fba.star_fusion.rna_fusion.tsv	437eb032-6c9e-4093-bc74-e66f0c6fad0b
controlled	4996e458-db04-4c6d-9ae6-66316240a8ed	TCGA-DX-A8BU	Structural Variation	BEDPE	RNA-Seq	2e7d072e-6552-466d-9430-61ab2eb94788	TCGA-SARC.c66d4b94-e9e6-4d69-a68f-a834d4617a5d.star_fusion.rna_fusion.bedpe	2e7d072e-6552-466d-9430-61ab2eb94788
controlled	4996e458-db04-4c6d-9ae6-66316240a8ed	TCGA-DX-A8BU	Transcriptome Profiling	TSV	RNA-Seq	0d268893-0789-46b1-8562-d980e1ca06a7	ecbf1dc8-8bf2-4d25-90e8-564f442c98d7.rna_seq.star_splice_junctions.tsv.gz	0d268893-0789-46b1-8562-d980e1ca06a7
controlled	3a96e833-996a-4319-83f1-326b96f4ee80	TCGA-FX-A76Y	Structural Variation	BEDPE	RNA-Seq	ae6d0cd3-8b0c-43ee-b9ba-7135d4f8b2b3	TCGA-SARC.d7c9cb59-e6cd-415e-abe8-2f358f4ca6b3.star_fusion.rna_fusion.bedpe	ae6d0cd3-8b0c-43ee-b9ba-7135d4f8b2b3
controlled	4dc28966-d2c4-4661-b71f-d7f85e536cb6	TCGA-DX-A6BA	Sequencing Reads	BAM	RNA-Seq	12659c65-8cbc-4e76-a034-e5d73d4135da	461f68d4-e3c0-474f-9487-11d7d22d5619.rna_seq.genomic.gdc_realn.bam	12659c65-8cbc-4e76-a034-e5d73d4135da
open	520088b0-ffc0-4ecd-b1ed-2339811d7ad2	TCGA-HB-A3L4	Transcriptome Profiling	TSV	RNA-Seq	51ef1dd4-d805-4280-8416-1122a2d5eac9	e62ec8a4-c371-47ec-8194-4932ffdba6d4.rna_seq.augmented_star_gene_counts.tsv	51ef1dd4-d805-4280-8416-1122a2d5eac9
controlled	520088b0-ffc0-4ecd-b1ed-2339811d7ad2	TCGA-HB-A3L4	Structural Variation	BEDPE	RNA-Seq	15c20e39-11d9-4ff2-b6b0-a2085ad6f460	TCGA-SARC.83192c8f-07c5-4499-be35-f0367c51d180.arriba.rna_fusion.bedpe	15c20e39-11d9-4ff2-b6b0-a2085ad6f460
controlled	3a96e833-996a-4319-83f1-326b96f4ee80	TCGA-FX-A76Y	Transcriptome Profiling	TSV	RNA-Seq	744e7aae-fd44-40ae-b11c-ff7f090d2623	f860b98e-e4cf-45d5-848e-a74ab81bd19a.rna_seq.star_splice_junctions.tsv.gz	744e7aae-fd44-40ae-b11c-ff7f090d2623
controlled	3b1666cf-879d-4910-a0af-e5c9acbcc109	TCGA-DX-A6BB	Transcriptome Profiling	TSV	RNA-Seq	3a96659e-802a-4057-a050-eff4c930edda	2d63e353-f97d-43dc-b07c-705b583a06a5.rna_seq.star_splice_junctions.tsv.gz	3a96659e-802a-4057-a050-eff4c930edda
controlled	3b1666cf-879d-4910-a0af-e5c9acbcc109	TCGA-DX-A6BB	Structural Variation	BEDPE	RNA-Seq	bafd22d7-7bc8-4c04-ad01-b8ebe9e6a0bc	TCGA-SARC.1312a37c-1d4b-4a8a-a607-003771e4ba61.star_fusion.rna_fusion.bedpe	bafd22d7-7bc8-4c04-ad01-b8ebe9e6a0bc
controlled	49fd3506-eb64-4ecd-a367-303b1d7a7fc9	TCGA-MB-A5Y8	Sequencing Reads	BAM	RNA-Seq	f745669e-c410-43ab-a988-14baf200bfb1	fe997dfc-082b-44ca-8fa5-59ac4f5682c9.rna_seq.chimeric.gdc_realn.bam	f745669e-c410-43ab-a988-14baf200bfb1
controlled	3b1666cf-879d-4910-a0af-e5c9acbcc109	TCGA-DX-A6BB	Sequencing Reads	BAM	RNA-Seq	f84bb8a3-8972-4af3-9fb6-355b7f7ce78c	2d63e353-f97d-43dc-b07c-705b583a06a5.rna_seq.transcriptome.gdc_realn.bam	f84bb8a3-8972-4af3-9fb6-355b7f7ce78c
controlled	49fd3506-eb64-4ecd-a367-303b1d7a7fc9	TCGA-MB-A5Y8	Sequencing Reads	BAM	RNA-Seq	26eadd70-b1dc-49aa-8a48-8b19c56c8f5b	fe997dfc-082b-44ca-8fa5-59ac4f5682c9.rna_seq.transcriptome.gdc_realn.bam	26eadd70-b1dc-49aa-8a48-8b19c56c8f5b
controlled	520088b0-ffc0-4ecd-b1ed-2339811d7ad2	TCGA-HB-A3L4	Sequencing Reads	BAM	RNA-Seq	1c2f1a8d-db8e-444d-bbdc-6a342ddb3b74	e62ec8a4-c371-47ec-8194-4932ffdba6d4.rna_seq.transcriptome.gdc_realn.bam	1c2f1a8d-db8e-444d-bbdc-6a342ddb3b74
controlled	4e8c570c-3cbe-4878-8b2c-b966868dd60d	TCGA-IF-A4AJ	Structural Variation	TSV	RNA-Seq	57f28fed-1f4e-4071-b8aa-13367b712673	TCGA-SARC.53d65dec-e565-441f-9284-c5b981a5e9fe.star_fusion.rna_fusion.tsv	57f28fed-1f4e-4071-b8aa-13367b712673
open	49fd3506-eb64-4ecd-a367-303b1d7a7fc9	TCGA-MB-A5Y8	Transcriptome Profiling	TSV	RNA-Seq	a648b589-64f3-4e03-8a74-c81ca1e7bef0	fe997dfc-082b-44ca-8fa5-59ac4f5682c9.rna_seq.augmented_star_gene_counts.tsv	a648b589-64f3-4e03-8a74-c81ca1e7bef0
controlled	4e8c570c-3cbe-4878-8b2c-b966868dd60d	TCGA-IF-A4AJ	Structural Variation	BEDPE	RNA-Seq	9904fdf7-9456-415c-81db-0dea91f63528	TCGA-SARC.53d65dec-e565-441f-9284-c5b981a5e9fe.star_fusion.rna_fusion.bedpe	9904fdf7-9456-415c-81db-0dea91f63528
controlled	3ed1862b-c6ef-4744-9123-bb1ee557f068	TCGA-DX-A7EN	Structural Variation	BEDPE	RNA-Seq	d16b5948-a2db-41a4-9c74-1809e219c1af	TCGA-SARC.e60b65c4-9628-47f3-b207-018609b4e257.star_fusion.rna_fusion.bedpe	d16b5948-a2db-41a4-9c74-1809e219c1af
controlled	4b3c152f-a9ea-48cc-9189-f09078a92c48	TCGA-3B-A9HT	Sequencing Reads	BAM	RNA-Seq	8b0e017b-64b1-4534-b429-bcef2463812c	7388a63c-9696-4630-af15-e01513340a70.rna_seq.genomic.gdc_realn.bam	8b0e017b-64b1-4534-b429-bcef2463812c
controlled	4e8c570c-3cbe-4878-8b2c-b966868dd60d	TCGA-IF-A4AJ	Sequencing Reads	BAM	RNA-Seq	ce6b07c1-e3a0-4c26-bc1c-8207ddfe78f3	5d9faee2-c374-4734-a104-239f0578890c.rna_seq.transcriptome.gdc_realn.bam	ce6b07c1-e3a0-4c26-bc1c-8207ddfe78f3
controlled	4b3c152f-a9ea-48cc-9189-f09078a92c48	TCGA-3B-A9HT	Structural Variation	BEDPE	RNA-Seq	e1dfd456-d867-4aae-a09b-788e118da558	TCGA-SARC.f1f1e612-83c9-44ee-8070-34d6e8433084.arriba.rna_fusion.bedpe	e1dfd456-d867-4aae-a09b-788e118da558
open	4e8c570c-3cbe-4878-8b2c-b966868dd60d	TCGA-IF-A4AJ	Transcriptome Profiling	TSV	RNA-Seq	05351b07-042c-43bc-a820-d175e8b67d56	5d9faee2-c374-4734-a104-239f0578890c.rna_seq.augmented_star_gene_counts.tsv	05351b07-042c-43bc-a820-d175e8b67d56
controlled	52c1d341-94cb-4cb8-948f-bf802fef8bd0	TCGA-DX-AATS	Structural Variation	BEDPE	RNA-Seq	7cead454-9407-4fa8-a3ce-7599401289b0	TCGA-SARC.be5f88f7-3ce7-46d3-8bb5-38a299d00ce4.arriba.rna_fusion.bedpe	7cead454-9407-4fa8-a3ce-7599401289b0
controlled	52c1d341-94cb-4cb8-948f-bf802fef8bd0	TCGA-DX-AATS	Structural Variation	BEDPE	RNA-Seq	f909a875-a2fc-4a3c-98b7-db7e4ede5ed3	TCGA-SARC.3a2a0401-1a85-46f1-8fc7-cbfdddca94cc.star_fusion.rna_fusion.bedpe	f909a875-a2fc-4a3c-98b7-db7e4ede5ed3
controlled	52ef31c5-35d8-41cf-8694-4ab4a5debc56	TCGA-SI-AA8B	Structural Variation	TSV	RNA-Seq	fb393c9e-beff-406f-846c-de5f85aacc43	TCGA-SARC.f10a5a75-67a0-4b65-af25-648b40e2429c.star_fusion.rna_fusion.tsv	fb393c9e-beff-406f-846c-de5f85aacc43
controlled	590fdb76-20ef-4f95-9783-7d80e7a25e5a	TCGA-IE-A4EK	Structural Variation	TSV	RNA-Seq	6cdf5070-8405-4240-a649-6570327cc255	TCGA-SARC.4de8139d-a532-4934-b82c-00a8fe5ba959.star_fusion.rna_fusion.tsv	6cdf5070-8405-4240-a649-6570327cc255
controlled	52ef31c5-35d8-41cf-8694-4ab4a5debc56	TCGA-SI-AA8B	Sequencing Reads	BAM	RNA-Seq	7682116e-0d1b-4021-9558-437e1fc0a2be	7ff6a506-88a9-4db0-981d-44ceb0b924d4.rna_seq.chimeric.gdc_realn.bam	7682116e-0d1b-4021-9558-437e1fc0a2be
controlled	4fed8f7a-7ff9-4566-8094-27bdb6ee6b12	TCGA-DX-A8BZ	Sequencing Reads	BAM	RNA-Seq	fb948aaf-52c5-4b2a-bc2f-2e6f101ad0a6	37ca9503-d056-40b8-9725-2a613bb74d8e.rna_seq.genomic.gdc_realn.bam	fb948aaf-52c5-4b2a-bc2f-2e6f101ad0a6
controlled	4fed8f7a-7ff9-4566-8094-27bdb6ee6b12	TCGA-DX-A8BZ	Transcriptome Profiling	TSV	RNA-Seq	5f38fcf9-ecd1-4d84-8930-45d1deee3a51	37ca9503-d056-40b8-9725-2a613bb74d8e.rna_seq.star_splice_junctions.tsv.gz	5f38fcf9-ecd1-4d84-8930-45d1deee3a51
controlled	590fdb76-20ef-4f95-9783-7d80e7a25e5a	TCGA-IE-A4EK	Structural Variation	BEDPE	RNA-Seq	f6409c6f-61f3-4bbd-ad9d-3b73e7093219	TCGA-SARC.4de8139d-a532-4934-b82c-00a8fe5ba959.star_fusion.rna_fusion.bedpe	f6409c6f-61f3-4bbd-ad9d-3b73e7093219
controlled	5370ed4a-eb6b-4eb4-8c71-f5b5d75cfa2d	TCGA-VT-A80J	Structural Variation	TSV	RNA-Seq	ea918129-b249-4a66-a6e7-b466c5c43883	TCGA-SARC.e53778ff-f2b6-4550-8a1b-dac4a066a939.star_fusion.rna_fusion.tsv	ea918129-b249-4a66-a6e7-b466c5c43883
controlled	505dc15c-4f74-43de-8eaf-32b7d7515edb	TCGA-DX-A8BH	Structural Variation	BEDPE	RNA-Seq	12058238-8dc3-46fb-94ad-a4fc3551f8e0	TCGA-SARC.86105d8b-d61d-4260-ab5d-e2aba2103dd2.star_fusion.rna_fusion.bedpe	12058238-8dc3-46fb-94ad-a4fc3551f8e0
controlled	590fdb76-20ef-4f95-9783-7d80e7a25e5a	TCGA-IE-A4EK	Sequencing Reads	BAM	RNA-Seq	ffdaa33d-6198-48e5-9d14-880c56de5445	46d6b77c-0796-46f1-9c2d-f67f2a343e22.rna_seq.chimeric.gdc_realn.bam	ffdaa33d-6198-48e5-9d14-880c56de5445
controlled	505dc15c-4f74-43de-8eaf-32b7d7515edb	TCGA-DX-A8BH	Sequencing Reads	BAM	RNA-Seq	f7e686f8-f731-4181-8130-8ab4ec023561	38b72b2d-01ba-4ef3-82e2-f80b3265f6ad.rna_seq.genomic.gdc_realn.bam	f7e686f8-f731-4181-8130-8ab4ec023561
controlled	505dc15c-4f74-43de-8eaf-32b7d7515edb	TCGA-DX-A8BH	Structural Variation	BEDPE	RNA-Seq	ac231a7d-1208-49ab-901e-790578521c07	TCGA-SARC.89210906-2896-425f-9ba8-b07607843f2e.arriba.rna_fusion.bedpe	ac231a7d-1208-49ab-901e-790578521c07
controlled	5a2b2e1b-b631-40ae-ba41-d8022cddb550	TCGA-QQ-A8VH	Sequencing Reads	BAM	RNA-Seq	75259e03-28cc-4c64-a08c-e42bc3f311fe	545a36e1-8c4b-4f51-a27b-c48456f2eb4c.rna_seq.transcriptome.gdc_realn.bam	75259e03-28cc-4c64-a08c-e42bc3f311fe
controlled	506c7c3d-c414-4fc7-963d-e77106b501fb	TCGA-IE-A4EJ	Structural Variation	TSV	RNA-Seq	8ffe909c-0f1a-4c7b-b7ca-81082dab2bfd	TCGA-SARC.8fd6bc20-b0b3-4aab-8531-83a222e574c0.arriba.rna_fusion.tsv	8ffe909c-0f1a-4c7b-b7ca-81082dab2bfd
controlled	506c7c3d-c414-4fc7-963d-e77106b501fb	TCGA-IE-A4EJ	Structural Variation	TSV	RNA-Seq	69b3dd29-4936-40b3-831d-8a0bd54c2c6b	TCGA-SARC.bc007737-ae62-4c3a-a705-fc249716f973.star_fusion.rna_fusion.tsv	69b3dd29-4936-40b3-831d-8a0bd54c2c6b
controlled	5452ffd8-0408-4a78-b2fd-f1e0b0d05276	TCGA-DX-A8BR	Transcriptome Profiling	TSV	RNA-Seq	4cf5aa8f-01fc-4975-9333-711a4f8d2a85	fcec5c6d-e5d3-45a9-b99e-bbbaea39b8c3.rna_seq.star_splice_junctions.tsv.gz	4cf5aa8f-01fc-4975-9333-711a4f8d2a85
controlled	5a64f7e9-3833-4a3c-962b-13eb3e305c69	TCGA-IS-A3K7	Structural Variation	BEDPE	RNA-Seq	e0d4d9bc-7bdf-4818-901c-5373ddb56f3d	TCGA-SARC.87006a6e-5780-4844-a966-0fabdabc0397.arriba.rna_fusion.bedpe	e0d4d9bc-7bdf-4818-901c-5373ddb56f3d
controlled	5190d965-0d48-4058-83e6-ec5879266be1	TCGA-Z4-A9VC	Transcriptome Profiling	TSV	RNA-Seq	63ad3b6b-9c91-44f0-a3a2-b3e993a26ecb	7e083096-3209-4f5b-a8df-6b6c7cadd2f4.rna_seq.star_splice_junctions.tsv.gz	63ad3b6b-9c91-44f0-a3a2-b3e993a26ecb
controlled	68c229a9-4c98-495a-b75a-f6f2172b075b	TCGA-QQ-A5VA	Structural Variation	BEDPE	RNA-Seq	98b1929f-f49a-4ce4-86d8-04166850c787	TCGA-SARC.2c18b2c0-e3ba-4507-bcf7-93982f9178c2.arriba.rna_fusion.bedpe	98b1929f-f49a-4ce4-86d8-04166850c787
controlled	5b9d27a3-7483-4118-a719-a164800ba957	TCGA-DX-A3UF	Structural Variation	BEDPE	RNA-Seq	ad5ba1f7-8cf6-4a6f-9259-7fca7c6000f9	TCGA-SARC.4a384533-cf90-427a-a967-ddf6fa0496bc.star_fusion.rna_fusion.bedpe	ad5ba1f7-8cf6-4a6f-9259-7fca7c6000f9
controlled	5467fb35-7cb4-4d13-a0bb-fe727d5b7bb1	TCGA-DX-A1L1	Structural Variation	TSV	RNA-Seq	abb03b79-5cb5-44bd-8c4e-8631cf9ccf02	TCGA-SARC.885e6c23-b9e6-4d69-83de-aa1bba717c88.arriba.rna_fusion.tsv	abb03b79-5cb5-44bd-8c4e-8631cf9ccf02
controlled	68c229a9-4c98-495a-b75a-f6f2172b075b	TCGA-QQ-A5VA	Transcriptome Profiling	TSV	RNA-Seq	36d663cd-17a3-4366-89b3-6e3f6005d476	63f35347-535a-42ad-9415-90dc6b09d977.rna_seq.star_splice_junctions.tsv.gz	36d663cd-17a3-4366-89b3-6e3f6005d476
controlled	68c229a9-4c98-495a-b75a-f6f2172b075b	TCGA-QQ-A5VA	Structural Variation	BEDPE	RNA-Seq	cdb852ee-3bd5-4ea1-9086-40d2da4471ec	TCGA-SARC.92889a8c-6edc-44c4-ac24-41df0667388f.star_fusion.rna_fusion.bedpe	cdb852ee-3bd5-4ea1-9086-40d2da4471ec
controlled	5467fb35-7cb4-4d13-a0bb-fe727d5b7bb1	TCGA-DX-A1L1	Transcriptome Profiling	TSV	RNA-Seq	ebcd0820-b481-4856-9738-9e1a33cfd19d	2e2c77d1-cd34-473a-b3ed-b326a57e7b75.rna_seq.star_splice_junctions.tsv.gz	ebcd0820-b481-4856-9738-9e1a33cfd19d
controlled	5b9d27a3-7483-4118-a719-a164800ba957	TCGA-DX-A3UF	Sequencing Reads	BAM	RNA-Seq	27228e58-e57d-483d-8158-4b7bcc098499	d776b2ab-5750-439e-a6f0-8e5b945438c3.rna_seq.genomic.gdc_realn.bam	27228e58-e57d-483d-8158-4b7bcc098499
controlled	68c229a9-4c98-495a-b75a-f6f2172b075b	TCGA-QQ-A5VA	Sequencing Reads	BAM	RNA-Seq	9369748a-9a68-4c5b-9a70-63b41e831136	63f35347-535a-42ad-9415-90dc6b09d977.rna_seq.transcriptome.gdc_realn.bam	9369748a-9a68-4c5b-9a70-63b41e831136
controlled	5b9d27a3-7483-4118-a719-a164800ba957	TCGA-DX-A3UF	Structural Variation	BEDPE	RNA-Seq	0c0ef8e4-071a-4ca1-8210-8da5bbb298b1	TCGA-SARC.664b8a01-184d-4122-b253-73ccdbb4d6a1.arriba.rna_fusion.bedpe	0c0ef8e4-071a-4ca1-8210-8da5bbb298b1
controlled	5b9d27a3-7483-4118-a719-a164800ba957	TCGA-DX-A3UF	Sequencing Reads	BAM	RNA-Seq	3bccef94-4dca-4990-98d2-0004224d1f63	d776b2ab-5750-439e-a6f0-8e5b945438c3.rna_seq.transcriptome.gdc_realn.bam	3bccef94-4dca-4990-98d2-0004224d1f63
open	56fdf145-26c2-44d2-bf0e-67d8c8999a6e	TCGA-DX-A6YZ	Transcriptome Profiling	TSV	RNA-Seq	5c522371-b9d1-4a5f-bb03-63eb5ea1df7b	e7b47251-c649-4779-a881-83bf048b52ee.rna_seq.augmented_star_gene_counts.tsv	5c522371-b9d1-4a5f-bb03-63eb5ea1df7b
controlled	56fdf145-26c2-44d2-bf0e-67d8c8999a6e	TCGA-DX-A6YZ	Sequencing Reads	BAM	RNA-Seq	89278ed9-de4f-46d8-879f-56e69f8f5b35	e7b47251-c649-4779-a881-83bf048b52ee.rna_seq.chimeric.gdc_realn.bam	89278ed9-de4f-46d8-879f-56e69f8f5b35
controlled	5dbd1eed-523e-48cc-b69b-ac905a1116eb	TCGA-PT-A8TR	Structural Variation	BEDPE	RNA-Seq	af21bf08-4cf7-4583-8041-6d18c5999103	TCGA-SARC.ceaabaf3-2a89-465d-80e7-9548700e8b54.arriba.rna_fusion.bedpe	af21bf08-4cf7-4583-8041-6d18c5999103
controlled	56fdf145-26c2-44d2-bf0e-67d8c8999a6e	TCGA-DX-A6YZ	Structural Variation	TSV	RNA-Seq	95737239-dff8-4f60-877f-45d690f0a46c	TCGA-SARC.cdcc1223-311a-494e-81f1-01777edd12aa.star_fusion.rna_fusion.tsv	95737239-dff8-4f60-877f-45d690f0a46c
controlled	5dbd1eed-523e-48cc-b69b-ac905a1116eb	TCGA-PT-A8TR	Structural Variation	TSV	RNA-Seq	04cae47f-1263-4601-ac6b-e35f53a9ffaf	TCGA-SARC.ceaabaf3-2a89-465d-80e7-9548700e8b54.arriba.rna_fusion.tsv	04cae47f-1263-4601-ac6b-e35f53a9ffaf
controlled	6ac81dec-4802-440b-a5f0-e6eb81a0b22b	TCGA-Z4-AAPG	Transcriptome Profiling	TSV	RNA-Seq	9c17a572-968c-495d-8145-02d21827ab7f	91b12476-6108-450e-af54-d182b5b554dd.rna_seq.star_splice_junctions.tsv.gz	9c17a572-968c-495d-8145-02d21827ab7f
controlled	56fdf145-26c2-44d2-bf0e-67d8c8999a6e	TCGA-DX-A6YZ	Sequencing Reads	BAM	RNA-Seq	f6661e2c-40e9-4920-ae32-39620017ddb3	e7b47251-c649-4779-a881-83bf048b52ee.rna_seq.genomic.gdc_realn.bam	f6661e2c-40e9-4920-ae32-39620017ddb3
controlled	719fa3f6-0194-423d-8a96-3709e8180565	TCGA-X6-A8C6	Structural Variation	TSV	RNA-Seq	fb9a091c-1ec6-43c8-9fc7-1f45fd2a87d5	TCGA-SARC.a101cc22-8044-4e62-8c1d-321ded462c89.arriba.rna_fusion.tsv	fb9a091c-1ec6-43c8-9fc7-1f45fd2a87d5
open	6037a772-38a4-4f44-95a5-681f90b81684	TCGA-DX-A6YQ	Transcriptome Profiling	TSV	RNA-Seq	e78ccfc3-1c22-4330-9f59-9ec77cdc2436	ab72317d-9a17-4e0b-8c82-b970f6c98fa3.rna_seq.augmented_star_gene_counts.tsv	e78ccfc3-1c22-4330-9f59-9ec77cdc2436
controlled	719fa3f6-0194-423d-8a96-3709e8180565	TCGA-X6-A8C6	Sequencing Reads	BAM	RNA-Seq	b5b0371c-ab90-4c2e-8d56-61b10c669f8a	a51683df-e7cb-4c81-b0ff-d7d8ae08e113.rna_seq.genomic.gdc_realn.bam	b5b0371c-ab90-4c2e-8d56-61b10c669f8a
controlled	6ac81dec-4802-440b-a5f0-e6eb81a0b22b	TCGA-Z4-AAPG	Sequencing Reads	BAM	RNA-Seq	2e4c8f15-2a69-4a68-a988-d994a3f517e4	91b12476-6108-450e-af54-d182b5b554dd.rna_seq.transcriptome.gdc_realn.bam	2e4c8f15-2a69-4a68-a988-d994a3f517e4
controlled	60d8a41f-46ae-4ebb-9fac-ab73f1411e55	TCGA-DX-AB2H	Transcriptome Profiling	TSV	RNA-Seq	2094dbe0-4b64-4d76-ac49-7845d3c58256	31532935-f170-4aff-841d-7922f5752ee6.rna_seq.star_splice_junctions.tsv.gz	2094dbe0-4b64-4d76-ac49-7845d3c58256
controlled	6b189eff-b919-49d6-8775-dbf32c9ccbba	TCGA-DX-A2IZ	Structural Variation	BEDPE	RNA-Seq	6c4855b0-74bb-47d2-896c-3770b3a94b17	TCGA-SARC.83b925f1-72d5-43e1-b4c5-9cebd73a9cb9.arriba.rna_fusion.bedpe	6c4855b0-74bb-47d2-896c-3770b3a94b17
controlled	60d8a41f-46ae-4ebb-9fac-ab73f1411e55	TCGA-DX-AB2H	Sequencing Reads	BAM	RNA-Seq	64c9011c-297d-40db-ad3d-21cb83a7b394	31532935-f170-4aff-841d-7922f5752ee6.rna_seq.chimeric.gdc_realn.bam	64c9011c-297d-40db-ad3d-21cb83a7b394
controlled	60d8a41f-46ae-4ebb-9fac-ab73f1411e55	TCGA-DX-AB2H	Structural Variation	BEDPE	RNA-Seq	b013d41a-91f4-4e8f-b932-315a63a87961	TCGA-SARC.a8f609bc-0451-49d4-9a87-10396ddfb0b7.star_fusion.rna_fusion.bedpe	b013d41a-91f4-4e8f-b932-315a63a87961
controlled	7b5a66c5-17d2-487e-8ea3-81a00c836738	TCGA-DX-A8BP	Sequencing Reads	BAM	RNA-Seq	443c4dab-1bc8-4fcc-a5bd-eb59708b2878	2eff70d4-ab32-47c4-b5b0-8941e5b5a598.rna_seq.transcriptome.gdc_realn.bam	443c4dab-1bc8-4fcc-a5bd-eb59708b2878
controlled	6b189eff-b919-49d6-8775-dbf32c9ccbba	TCGA-DX-A2IZ	Sequencing Reads	BAM	RNA-Seq	97212db8-358a-455e-a545-56540ecba1d3	903bad96-e2c3-4339-832f-87bb2e4c5802.rna_seq.transcriptome.gdc_realn.bam	97212db8-358a-455e-a545-56540ecba1d3
controlled	6b189eff-b919-49d6-8775-dbf32c9ccbba	TCGA-DX-A2IZ	Structural Variation	TSV	RNA-Seq	3a6828fe-f215-4395-b719-8560a97dcf8c	TCGA-SARC.83b925f1-72d5-43e1-b4c5-9cebd73a9cb9.arriba.rna_fusion.tsv	3a6828fe-f215-4395-b719-8560a97dcf8c
controlled	6201394f-b70e-4f14-9519-ff9d5f06eb09	TCGA-DX-A3U6	Structural Variation	TSV	RNA-Seq	9013ca10-e4b0-4a88-ae47-1968da663ddc	TCGA-SARC.584e4779-7372-414b-815e-5edf7e5161f0.arriba.rna_fusion.tsv	9013ca10-e4b0-4a88-ae47-1968da663ddc
open	6201394f-b70e-4f14-9519-ff9d5f06eb09	TCGA-DX-A3U6	Transcriptome Profiling	TSV	RNA-Seq	a3475b91-0d8f-4057-bf62-755743ae712a	43e645e3-3d6a-42c4-ab0e-eaa930fb332c.rna_seq.augmented_star_gene_counts.tsv	a3475b91-0d8f-4057-bf62-755743ae712a
controlled	6be3885c-219b-44f4-92bc-c055dc843a87	TCGA-DX-A6YV	Structural Variation	TSV	RNA-Seq	1cec619e-5512-4082-8eaa-6f88396233b9	TCGA-SARC.21821056-aa23-4767-8ea9-7e385ea63b5f.star_fusion.rna_fusion.tsv	1cec619e-5512-4082-8eaa-6f88396233b9
controlled	7bab6742-4e3d-4fcf-9b90-d3e0218b4d79	TCGA-FX-A3NJ	Sequencing Reads	BAM	RNA-Seq	3d8df851-1c3a-4235-a39b-12a9d646df47	e7b81a69-7f24-4f81-a006-cffc9bf3fd8e.rna_seq.transcriptome.gdc_realn.bam	3d8df851-1c3a-4235-a39b-12a9d646df47
controlled	724edf28-c9b2-4b11-ae30-70a137f821b8	TCGA-HS-A5N8	Structural Variation	TSV	RNA-Seq	35c853f5-f3c0-4626-80e3-b1b3769fbf1c	TCGA-SARC.7b37c76b-3e10-43d9-855c-fdf790ed963f.star_fusion.rna_fusion.tsv	35c853f5-f3c0-4626-80e3-b1b3769fbf1c
controlled	6201394f-b70e-4f14-9519-ff9d5f06eb09	TCGA-DX-A3U6	Transcriptome Profiling	TSV	RNA-Seq	6d9b9919-56ea-47d8-927c-a01011f0d312	43e645e3-3d6a-42c4-ab0e-eaa930fb332c.rna_seq.star_splice_junctions.tsv.gz	6d9b9919-56ea-47d8-927c-a01011f0d312
controlled	6be3885c-219b-44f4-92bc-c055dc843a87	TCGA-DX-A6YV	Transcriptome Profiling	TSV	RNA-Seq	38d0c0aa-742e-45f6-9633-1b2421a515d0	e70b6da9-d0d7-4dfa-8956-508d8293b4ad.rna_seq.star_splice_junctions.tsv.gz	38d0c0aa-742e-45f6-9633-1b2421a515d0
controlled	6201394f-b70e-4f14-9519-ff9d5f06eb09	TCGA-DX-A3U6	Sequencing Reads	BAM	RNA-Seq	f85dde94-ccb7-4025-897e-019916c1eb5e	43e645e3-3d6a-42c4-ab0e-eaa930fb332c.rna_seq.genomic.gdc_realn.bam	f85dde94-ccb7-4025-897e-019916c1eb5e
controlled	73d2e8ef-4e10-416a-845b-f48374e48ecb	TCGA-DX-A1L2	Structural Variation	TSV	RNA-Seq	b1ce784d-ff7c-473b-8099-491cae56872c	TCGA-SARC.719711e0-ffc9-4fe7-bc0b-8008f69a67ce.star_fusion.rna_fusion.tsv	b1ce784d-ff7c-473b-8099-491cae56872c
controlled	73d2e8ef-4e10-416a-845b-f48374e48ecb	TCGA-DX-A1L2	Sequencing Reads	BAM	RNA-Seq	e07d5e18-c3f8-4821-92ac-ec2d9afd02ce	2c0edbe3-1432-4a83-8906-ebea48790d7f.rna_seq.genomic.gdc_realn.bam	e07d5e18-c3f8-4821-92ac-ec2d9afd02ce
controlled	73d2e8ef-4e10-416a-845b-f48374e48ecb	TCGA-DX-A1L2	Structural Variation	BEDPE	RNA-Seq	dc4d1710-cf8e-4dbe-9cb1-c17e26ecaf04	TCGA-SARC.719711e0-ffc9-4fe7-bc0b-8008f69a67ce.star_fusion.rna_fusion.bedpe	dc4d1710-cf8e-4dbe-9cb1-c17e26ecaf04
controlled	7c82e2d6-a768-4078-9084-4b47e8a2ce95	TCGA-DX-A3UB	Structural Variation	BEDPE	RNA-Seq	4a7fb2cf-248c-4d71-9909-0e35c5f7be9e	TCGA-SARC.4532071a-b005-448b-b230-b07f887e7443.arriba.rna_fusion.bedpe	4a7fb2cf-248c-4d71-9909-0e35c5f7be9e
controlled	6e9f74a4-2f41-4b2f-b0e1-39c4d779bd40	TCGA-QQ-A8VD	Structural Variation	BEDPE	RNA-Seq	bd7e9394-0189-4067-a755-9ac2219b3baa	TCGA-SARC.cc66c6ab-39cf-4289-81e4-bc34a53a5a71.arriba.rna_fusion.bedpe	bd7e9394-0189-4067-a755-9ac2219b3baa
controlled	83a93378-0978-4102-9e4b-09b547b75687	TCGA-K1-A42W	Transcriptome Profiling	TSV	RNA-Seq	eb538da8-80ab-464b-b7df-9c67d7c53de4	c060d2ba-280c-48a3-b2e1-487d85790c4b.rna_seq.star_splice_junctions.tsv.gz	eb538da8-80ab-464b-b7df-9c67d7c53de4
controlled	7cbfe175-9329-496e-adc7-6b8ed2bdd113	TCGA-DX-A3UD	Structural Variation	TSV	RNA-Seq	fa9a374b-a334-4d9c-be1f-71f65791d971	TCGA-SARC.06628340-8aaa-45a2-be4e-ce0d0d7b2790.arriba.rna_fusion.tsv	fa9a374b-a334-4d9c-be1f-71f65791d971
open	76e3ec27-2c64-4e38-96f1-30307893b825	TCGA-HB-A2OT	Transcriptome Profiling	TSV	RNA-Seq	e1ccd06e-2410-4d39-8964-adea7e92467a	178d64ef-e441-4280-9cff-ecc0987f2603.rna_seq.augmented_star_gene_counts.tsv	e1ccd06e-2410-4d39-8964-adea7e92467a
controlled	6e9f74a4-2f41-4b2f-b0e1-39c4d779bd40	TCGA-QQ-A8VD	Transcriptome Profiling	TSV	RNA-Seq	f2557a31-072e-4c69-9111-4a7e2166b766	0d005c0b-3d68-43d2-ad8d-beb9f1328b37.rna_seq.star_splice_junctions.tsv.gz	f2557a31-072e-4c69-9111-4a7e2166b766
controlled	7cbfe175-9329-496e-adc7-6b8ed2bdd113	TCGA-DX-A3UD	Structural Variation	BEDPE	RNA-Seq	5990bf30-b70c-494a-a730-163825baea41	TCGA-SARC.06628340-8aaa-45a2-be4e-ce0d0d7b2790.arriba.rna_fusion.bedpe	5990bf30-b70c-494a-a730-163825baea41
controlled	719fa3f6-0194-423d-8a96-3709e8180565	TCGA-X6-A8C6	Structural Variation	BEDPE	RNA-Seq	297926bd-cd1d-4e71-82d7-c06b031e0eb6	TCGA-SARC.a101cc22-8044-4e62-8c1d-321ded462c89.arriba.rna_fusion.bedpe	297926bd-cd1d-4e71-82d7-c06b031e0eb6
controlled	851f8905-778c-4016-85e5-bc22817a6a28	TCGA-3B-A9HQ	Sequencing Reads	BAM	RNA-Seq	977082dd-d3f7-482d-8245-1a81b430c1d6	68ef04e1-d5ba-4338-b2f3-5c116569e95a.rna_seq.genomic.gdc_realn.bam	977082dd-d3f7-482d-8245-1a81b430c1d6
controlled	771b35b6-e0a9-427e-8c67-e934f5e0d9bd	TCGA-DX-A1KX	Sequencing Reads	BAM	RNA-Seq	fc634974-6799-4490-ab49-0ef7a8e8fe72	9bfa4486-3b37-4ef8-9b25-61158658e6ca.rna_seq.chimeric.gdc_realn.bam	fc634974-6799-4490-ab49-0ef7a8e8fe72
controlled	7cbfe175-9329-496e-adc7-6b8ed2bdd113	TCGA-DX-A3UD	Sequencing Reads	BAM	RNA-Seq	3bd158c0-4f20-41de-b597-2c918d6f1a4e	62eaa0d0-5dfe-4e74-814e-d43a4ebef19a.rna_seq.genomic.gdc_realn.bam	3bd158c0-4f20-41de-b597-2c918d6f1a4e
controlled	851f8905-778c-4016-85e5-bc22817a6a28	TCGA-3B-A9HQ	Sequencing Reads	BAM	RNA-Seq	971736b1-89a7-4572-b158-f88fe1196497	68ef04e1-d5ba-4338-b2f3-5c116569e95a.rna_seq.transcriptome.gdc_realn.bam	971736b1-89a7-4572-b158-f88fe1196497
open	7cbfe175-9329-496e-adc7-6b8ed2bdd113	TCGA-DX-A3UD	Transcriptome Profiling	TSV	RNA-Seq	337f6691-3732-406e-bd6b-ff251116d9a2	62eaa0d0-5dfe-4e74-814e-d43a4ebef19a.rna_seq.augmented_star_gene_counts.tsv	337f6691-3732-406e-bd6b-ff251116d9a2
controlled	778dc00a-0b94-45a8-ae13-9c80f0c1dfd6	TCGA-DX-A3UC	Transcriptome Profiling	TSV	RNA-Seq	9bc0113f-b79a-4050-a9b1-d1aae0c0dac5	bce2a059-0a75-4106-a768-39584ac9d855.rna_seq.star_splice_junctions.tsv.gz	9bc0113f-b79a-4050-a9b1-d1aae0c0dac5
controlled	7f9031da-124a-4a38-83e6-878a50e58c24	TCGA-FX-A3RE	Sequencing Reads	BAM	RNA-Seq	682edbf0-862a-49d4-a85a-9ed0cf11141a	a59aa7a4-b3c0-4c91-9776-8ebe8f710ba1.rna_seq.chimeric.gdc_realn.bam	682edbf0-862a-49d4-a85a-9ed0cf11141a
controlled	7f9031da-124a-4a38-83e6-878a50e58c24	TCGA-FX-A3RE	Sequencing Reads	BAM	RNA-Seq	baf44bde-bf21-47bf-904c-574c767b9a14	a59aa7a4-b3c0-4c91-9776-8ebe8f710ba1.rna_seq.transcriptome.gdc_realn.bam	baf44bde-bf21-47bf-904c-574c767b9a14
controlled	778dc00a-0b94-45a8-ae13-9c80f0c1dfd6	TCGA-DX-A3UC	Structural Variation	TSV	RNA-Seq	b6be0f2e-f476-4c3c-9618-b413af61da58	TCGA-SARC.ffb01004-dccf-43dc-afe9-a975425d7acd.star_fusion.rna_fusion.tsv	b6be0f2e-f476-4c3c-9618-b413af61da58
controlled	854e42bc-95b2-4b77-a4b2-ffbd6c28b281	TCGA-DX-A1L0	Structural Variation	BEDPE	RNA-Seq	28333892-05a1-4130-a283-2d473600a975	TCGA-SARC.ac5c8ea9-4e16-4373-99e7-605a081b716f.star_fusion.rna_fusion.bedpe	28333892-05a1-4130-a283-2d473600a975
controlled	854e42bc-95b2-4b77-a4b2-ffbd6c28b281	TCGA-DX-A1L0	Structural Variation	BEDPE	RNA-Seq	15aee87a-6f62-4e3d-9227-998f4c03c829	TCGA-SARC.86cbc5b0-60b3-4129-aad4-cf53fe194144.arriba.rna_fusion.bedpe	15aee87a-6f62-4e3d-9227-998f4c03c829
controlled	7f9031da-124a-4a38-83e6-878a50e58c24	TCGA-FX-A3RE	Structural Variation	BEDPE	RNA-Seq	5b64bad5-9567-479e-81d4-0017c708ec35	TCGA-SARC.1812b861-66a1-48fb-9d30-40e9796d1f5f.star_fusion.rna_fusion.bedpe	5b64bad5-9567-479e-81d4-0017c708ec35
controlled	854e42bc-95b2-4b77-a4b2-ffbd6c28b281	TCGA-DX-A1L0	Structural Variation	TSV	RNA-Seq	739a88e2-db61-4485-9a5a-1c51f8879b59	TCGA-SARC.86cbc5b0-60b3-4129-aad4-cf53fe194144.arriba.rna_fusion.tsv	739a88e2-db61-4485-9a5a-1c51f8879b59
controlled	778dc00a-0b94-45a8-ae13-9c80f0c1dfd6	TCGA-DX-A3UC	Structural Variation	BEDPE	RNA-Seq	dfc23e1a-7365-4666-81a5-4a78bc918684	TCGA-SARC.ffb01004-dccf-43dc-afe9-a975425d7acd.star_fusion.rna_fusion.bedpe	dfc23e1a-7365-4666-81a5-4a78bc918684
controlled	778dc00a-0b94-45a8-ae13-9c80f0c1dfd6	TCGA-DX-A3UC	Sequencing Reads	BAM	RNA-Seq	b38c2ce8-1637-423e-aeec-d8ab26c407e3	bce2a059-0a75-4106-a768-39584ac9d855.rna_seq.genomic.gdc_realn.bam	b38c2ce8-1637-423e-aeec-d8ab26c407e3
controlled	7f9031da-124a-4a38-83e6-878a50e58c24	TCGA-FX-A3RE	Transcriptome Profiling	TSV	RNA-Seq	f5c50828-19f7-4798-a4ea-b595146e76cb	a59aa7a4-b3c0-4c91-9776-8ebe8f710ba1.rna_seq.star_splice_junctions.tsv.gz	f5c50828-19f7-4798-a4ea-b595146e76cb
controlled	7f9031da-124a-4a38-83e6-878a50e58c24	TCGA-FX-A3RE	Structural Variation	TSV	RNA-Seq	8924a14b-1602-42e9-af3a-534c168e36e9	TCGA-SARC.1812b861-66a1-48fb-9d30-40e9796d1f5f.star_fusion.rna_fusion.tsv	8924a14b-1602-42e9-af3a-534c168e36e9
controlled	89ea0e21-c5af-42b4-9f64-5ba4874ab76e	TCGA-DX-A7EF	Structural Variation	TSV	RNA-Seq	15e13322-8a87-46b4-a296-dd5583663064	TCGA-SARC.17e30440-66be-40b9-ac44-c729e80a70aa.star_fusion.rna_fusion.tsv	15e13322-8a87-46b4-a296-dd5583663064
controlled	7fb69277-2aff-45e0-8f44-d2794f831a2a	TCGA-MJ-A68H	Sequencing Reads	BAM	RNA-Seq	315b2258-cb37-4b9d-a3a0-8ceb823cddd4	9e5b47bf-fb42-41e2-a135-a17a6eb71f20.rna_seq.genomic.gdc_realn.bam	315b2258-cb37-4b9d-a3a0-8ceb823cddd4
controlled	85a7da1e-a8d0-4366-890a-79c0461967c6	TCGA-X6-A7WA	Sequencing Reads	BAM	RNA-Seq	5ec76651-8a15-4db5-8229-56f3fa5b2898	b033ac56-6f16-4379-ab54-f3b75ece77ff.rna_seq.chimeric.gdc_realn.bam	5ec76651-8a15-4db5-8229-56f3fa5b2898
controlled	788dbebb-3d1b-4f6d-8a40-869157d25025	TCGA-WK-A8XQ	Sequencing Reads	BAM	RNA-Seq	4359e4cc-257e-48d2-89c2-c9d01bed5d69	b7200fba-1d9e-4337-8105-dddb9074e29b.rna_seq.transcriptome.gdc_realn.bam	4359e4cc-257e-48d2-89c2-c9d01bed5d69
controlled	8b20dd03-46da-4d6b-95b4-f329fdc486cf	TCGA-VT-A80G	Structural Variation	TSV	RNA-Seq	47a0721c-4022-4a9c-b9aa-1ba48b1ecb49	TCGA-SARC.2f90f7fc-3b1a-482c-b2d2-4a9219f7bb13.star_fusion.rna_fusion.tsv	47a0721c-4022-4a9c-b9aa-1ba48b1ecb49
controlled	788dbebb-3d1b-4f6d-8a40-869157d25025	TCGA-WK-A8XQ	Transcriptome Profiling	TSV	RNA-Seq	66ea5918-d370-46bf-85ee-8bab36b6167d	b7200fba-1d9e-4337-8105-dddb9074e29b.rna_seq.star_splice_junctions.tsv.gz	66ea5918-d370-46bf-85ee-8bab36b6167d
controlled	788dbebb-3d1b-4f6d-8a40-869157d25025	TCGA-WK-A8XQ	Structural Variation	TSV	RNA-Seq	2d50012e-c3c0-479e-ade4-8888a9798464	TCGA-SARC.77e642e3-6660-43cc-82dd-cae7dece3fae.arriba.rna_fusion.tsv	2d50012e-c3c0-479e-ade4-8888a9798464
open	788dbebb-3d1b-4f6d-8a40-869157d25025	TCGA-WK-A8XQ	Transcriptome Profiling	TSV	RNA-Seq	d7072d7d-db18-495f-8c7a-21200256ab83	b7200fba-1d9e-4337-8105-dddb9074e29b.rna_seq.augmented_star_gene_counts.tsv	d7072d7d-db18-495f-8c7a-21200256ab83
controlled	85a7da1e-a8d0-4366-890a-79c0461967c6	TCGA-X6-A7WA	Structural Variation	TSV	RNA-Seq	437db962-f529-4b3b-8af5-2370c52cb485	TCGA-SARC.a4339129-6a3b-41e7-aa29-2884d27de7a4.arriba.rna_fusion.tsv	437db962-f529-4b3b-8af5-2370c52cb485
controlled	8654c2b5-27d7-43c5-9a39-7fdefd7a0324	TCGA-MO-A47R	Sequencing Reads	BAM	RNA-Seq	0f573945-99b4-4366-a79e-6f98bce582ed	d8875678-60f3-4998-8455-e7d877eeb8a5.rna_seq.chimeric.gdc_realn.bam	0f573945-99b4-4366-a79e-6f98bce582ed
controlled	8654c2b5-27d7-43c5-9a39-7fdefd7a0324	TCGA-MO-A47R	Sequencing Reads	BAM	RNA-Seq	801b0518-24a9-4020-9c64-70fab646d113	d8875678-60f3-4998-8455-e7d877eeb8a5.rna_seq.genomic.gdc_realn.bam	801b0518-24a9-4020-9c64-70fab646d113
controlled	8b20dd03-46da-4d6b-95b4-f329fdc486cf	TCGA-VT-A80G	Structural Variation	TSV	RNA-Seq	c9f84f58-05e8-4ee3-b99b-58a1d3e6ce24	TCGA-SARC.1347d878-9f80-4fcf-bc9e-41ca17a9dbf5.arriba.rna_fusion.tsv	c9f84f58-05e8-4ee3-b99b-58a1d3e6ce24
controlled	78c0d30c-0905-49de-be7f-afc1337f59b7	TCGA-K1-A6RV	Structural Variation	TSV	RNA-Seq	279b6c61-ed57-4cf6-8a8e-6acac827b780	TCGA-SARC.8e1f86ed-0e7a-4967-8d36-4f31e77dc7a2.star_fusion.rna_fusion.tsv	279b6c61-ed57-4cf6-8a8e-6acac827b780
controlled	8fabdaf2-00b1-4d41-a27b-f4aa13f7b451	TCGA-DX-A3M2	Structural Variation	BEDPE	RNA-Seq	eab3765b-a141-4b61-abef-743b12b0ba43	TCGA-SARC.246c9609-92cc-4002-a2e2-2ce4885b7df1.star_fusion.rna_fusion.bedpe	eab3765b-a141-4b61-abef-743b12b0ba43
controlled	7b5a66c5-17d2-487e-8ea3-81a00c836738	TCGA-DX-A8BP	Structural Variation	TSV	RNA-Seq	27ae174b-ec49-4551-81af-b1b93244b170	TCGA-SARC.175b4de8-2c3d-4f5d-9dd6-70666f671d29.arriba.rna_fusion.tsv	27ae174b-ec49-4551-81af-b1b93244b170
controlled	8654c2b5-27d7-43c5-9a39-7fdefd7a0324	TCGA-MO-A47R	Structural Variation	BEDPE	RNA-Seq	b83f1f82-7acc-4db0-9a12-a265d9ec2c2e	TCGA-SARC.a6e0f70d-d8b2-440c-8d61-6c85f37bea4d.arriba.rna_fusion.bedpe	b83f1f82-7acc-4db0-9a12-a265d9ec2c2e
controlled	8fabdaf2-00b1-4d41-a27b-f4aa13f7b451	TCGA-DX-A3M2	Structural Variation	BEDPE	RNA-Seq	4295349b-d814-4b90-889c-a5bf0850f61f	TCGA-SARC.971eca9a-18e0-4cac-8d37-bb6c27a27488.arriba.rna_fusion.bedpe	4295349b-d814-4b90-889c-a5bf0850f61f
controlled	83488a9c-6b28-4a48-850a-2a2fa47ce25e	TCGA-DX-A8BK	Structural Variation	TSV	RNA-Seq	79aef960-34bb-4cd6-b3e6-b3fbe458a916	TCGA-SARC.de3e61af-60e5-43ce-be4d-86c46100f788.star_fusion.rna_fusion.tsv	79aef960-34bb-4cd6-b3e6-b3fbe458a916
controlled	8654c2b5-27d7-43c5-9a39-7fdefd7a0324	TCGA-MO-A47R	Structural Variation	TSV	RNA-Seq	ff72b29b-2f67-4ab2-aa59-5e84c4c54003	TCGA-SARC.a6e0f70d-d8b2-440c-8d61-6c85f37bea4d.arriba.rna_fusion.tsv	ff72b29b-2f67-4ab2-aa59-5e84c4c54003
controlled	83488a9c-6b28-4a48-850a-2a2fa47ce25e	TCGA-DX-A8BK	Sequencing Reads	BAM	RNA-Seq	01f7ea54-fde4-4c1a-8016-3a66ab0bb22a	13e89811-619e-4bc8-91b7-c4d41dc26c48.rna_seq.genomic.gdc_realn.bam	01f7ea54-fde4-4c1a-8016-3a66ab0bb22a
controlled	8fabdaf2-00b1-4d41-a27b-f4aa13f7b451	TCGA-DX-A3M2	Structural Variation	TSV	RNA-Seq	042a1f09-f912-4bd3-b604-1c1851add824	TCGA-SARC.246c9609-92cc-4002-a2e2-2ce4885b7df1.star_fusion.rna_fusion.tsv	042a1f09-f912-4bd3-b604-1c1851add824
controlled	8fc1fade-42aa-45d9-8ed3-2f7e73cb0936	TCGA-DX-A48N	Structural Variation	BEDPE	RNA-Seq	2fb00581-a39e-4431-8a93-9f14b65fc80e	TCGA-SARC.fd22a8f4-f05a-4833-8dc7-e5b873483f39.star_fusion.rna_fusion.bedpe	2fb00581-a39e-4431-8a93-9f14b65fc80e
controlled	8c279bc5-117e-440b-b118-af01fc6c11a2	TCGA-MB-A8JK	Structural Variation	BEDPE	RNA-Seq	c4bf5920-778e-41ad-a725-f1e00ec46495	TCGA-SARC.28968b36-c896-4df8-b7d6-bd2ad0c06419.arriba.rna_fusion.bedpe	c4bf5920-778e-41ad-a725-f1e00ec46495
controlled	872244e2-d1ed-4a1d-9162-365f45e7f1a0	TCGA-DX-AB30	Transcriptome Profiling	TSV	RNA-Seq	b9dd8284-1258-411b-8fe0-9e4e783ec279	492fd01c-2a0d-4d00-a4a4-bdfe27d36742.rna_seq.star_splice_junctions.tsv.gz	b9dd8284-1258-411b-8fe0-9e4e783ec279
open	83a93378-0978-4102-9e4b-09b547b75687	TCGA-K1-A42W	Transcriptome Profiling	TSV	RNA-Seq	f1fab444-c706-4ff9-9922-e52728f4147e	c060d2ba-280c-48a3-b2e1-487d85790c4b.rna_seq.augmented_star_gene_counts.tsv	f1fab444-c706-4ff9-9922-e52728f4147e
controlled	8c66f5f5-3e37-4353-b0f8-64b92a733da8	TCGA-DX-A1L4	Structural Variation	BEDPE	RNA-Seq	98f9a424-8428-4600-b43b-5a37fd1079e5	TCGA-SARC.12e7205a-942a-40cf-9daf-73079f1a61be.star_fusion.rna_fusion.bedpe	98f9a424-8428-4600-b43b-5a37fd1079e5
controlled	8fc1fade-42aa-45d9-8ed3-2f7e73cb0936	TCGA-DX-A48N	Sequencing Reads	BAM	RNA-Seq	887d67f9-d9f6-4e45-ad3d-9217b45249c6	a9132e93-c833-4d4a-9eac-309f9db438ef.rna_seq.chimeric.gdc_realn.bam	887d67f9-d9f6-4e45-ad3d-9217b45249c6
controlled	872244e2-d1ed-4a1d-9162-365f45e7f1a0	TCGA-DX-AB30	Structural Variation	TSV	RNA-Seq	28d942ce-aa24-497b-afc1-91898c2698c0	TCGA-SARC.eeac30f0-0f1b-4575-bb2e-e59798e1658a.star_fusion.rna_fusion.tsv	28d942ce-aa24-497b-afc1-91898c2698c0
controlled	8fc1fade-42aa-45d9-8ed3-2f7e73cb0936	TCGA-DX-A48N	Structural Variation	TSV	RNA-Seq	cc876751-d3b6-4e34-a908-743faa40eaff	TCGA-SARC.ee220fd9-5950-47db-b214-2ffd8907eae1.arriba.rna_fusion.tsv	cc876751-d3b6-4e34-a908-743faa40eaff
controlled	8fc1fade-42aa-45d9-8ed3-2f7e73cb0936	TCGA-DX-A48N	Structural Variation	TSV	RNA-Seq	99e28fa3-4322-45e3-a7d3-97cbd3c3d0d4	TCGA-SARC.fd22a8f4-f05a-4833-8dc7-e5b873483f39.star_fusion.rna_fusion.tsv	99e28fa3-4322-45e3-a7d3-97cbd3c3d0d4
controlled	83a93378-0978-4102-9e4b-09b547b75687	TCGA-K1-A42W	Structural Variation	BEDPE	RNA-Seq	e94b8b54-de06-4a8d-894f-3ff32def0452	TCGA-SARC.2e69da34-446f-4039-89a2-9bc43effda04.arriba.rna_fusion.bedpe	e94b8b54-de06-4a8d-894f-3ff32def0452
controlled	872244e2-d1ed-4a1d-9162-365f45e7f1a0	TCGA-DX-AB30	Sequencing Reads	BAM	RNA-Seq	39c43891-695a-4a87-8f26-bd3c34690253	492fd01c-2a0d-4d00-a4a4-bdfe27d36742.rna_seq.chimeric.gdc_realn.bam	39c43891-695a-4a87-8f26-bd3c34690253
controlled	8c66f5f5-3e37-4353-b0f8-64b92a733da8	TCGA-DX-A1L4	Sequencing Reads	BAM	RNA-Seq	005c3c47-6131-490f-9e1e-a7bd254d72be	63df94bf-e0f6-48f7-8a58-c19ad65782e7.rna_seq.transcriptome.gdc_realn.bam	005c3c47-6131-490f-9e1e-a7bd254d72be
controlled	926176c2-0a8f-414a-a7b1-91734bdce6ae	TCGA-DX-A8BJ	Sequencing Reads	BAM	RNA-Seq	d4b1efab-12fd-4a01-ac86-493262d56eb5	4160b4a5-e62e-40fa-aa8f-7e87c6e3c783.rna_seq.genomic.gdc_realn.bam	d4b1efab-12fd-4a01-ac86-493262d56eb5
controlled	90bc0f31-0ec2-4ceb-ad99-6be8f8b19180	TCGA-X6-A8C2	Structural Variation	BEDPE	RNA-Seq	420b9874-b9be-4a5a-b4a8-2480060a7d97	TCGA-SARC.bab9db58-d2cb-428a-8897-b0106e909012.arriba.rna_fusion.bedpe	420b9874-b9be-4a5a-b4a8-2480060a7d97
controlled	92da1d84-03a1-4fe9-bc0d-7fe61dfbe904	TCGA-PC-A5DL	Sequencing Reads	BAM	RNA-Seq	edcd6482-8260-4744-a254-26ac1b172c27	c46e1adc-5afe-4402-af5f-af47778eebf8.rna_seq.genomic.gdc_realn.bam	edcd6482-8260-4744-a254-26ac1b172c27
controlled	90bc0f31-0ec2-4ceb-ad99-6be8f8b19180	TCGA-X6-A8C2	Transcriptome Profiling	TSV	RNA-Seq	e1fe684d-c0ac-4839-990e-51acce65afed	0a72d33c-2513-4472-810f-d3c56f34101e.rna_seq.star_splice_junctions.tsv.gz	e1fe684d-c0ac-4839-990e-51acce65afed
controlled	92da1d84-03a1-4fe9-bc0d-7fe61dfbe904	TCGA-PC-A5DL	Structural Variation	TSV	RNA-Seq	b315ab76-dd3e-4dd5-94cb-6e553dba666b	TCGA-SARC.a0f0d066-3715-4f7b-89bf-21073f349bfc.star_fusion.rna_fusion.tsv	b315ab76-dd3e-4dd5-94cb-6e553dba666b
controlled	92da1d84-03a1-4fe9-bc0d-7fe61dfbe904	TCGA-PC-A5DL	Structural Variation	BEDPE	RNA-Seq	db8e40b4-e942-40f2-94d2-b0ef8358c501	TCGA-SARC.3f176885-0fac-4e3e-ab3a-9dfde718db76.arriba.rna_fusion.bedpe	db8e40b4-e942-40f2-94d2-b0ef8358c501
controlled	9bdc3867-2115-4351-af5f-a52a2c20ae5d	TCGA-K1-A42X	Sequencing Reads	BAM	RNA-Seq	67211866-24ff-4b23-ba57-a3a36e3cf34e	dc69718f-e389-406d-b59b-089057fa6679.rna_seq.genomic.gdc_realn.bam	67211866-24ff-4b23-ba57-a3a36e3cf34e
controlled	92da1d84-03a1-4fe9-bc0d-7fe61dfbe904	TCGA-PC-A5DL	Sequencing Reads	BAM	RNA-Seq	96f9c90e-82ed-47b6-80d5-674458e113c2	c46e1adc-5afe-4402-af5f-af47778eebf8.rna_seq.chimeric.gdc_realn.bam	96f9c90e-82ed-47b6-80d5-674458e113c2
controlled	89a3ccb1-252a-46f9-97c7-3e44b34d7967	TCGA-X6-A7WB	Structural Variation	BEDPE	RNA-Seq	53c17f95-f35a-454c-9285-b27a95c0d1ba	TCGA-SARC.20ff7285-ec0a-4d17-8a28-74cbc33a643b.arriba.rna_fusion.bedpe	53c17f95-f35a-454c-9285-b27a95c0d1ba
controlled	92da1d84-03a1-4fe9-bc0d-7fe61dfbe904	TCGA-PC-A5DL	Transcriptome Profiling	TSV	RNA-Seq	a82b8af6-f740-4c84-a204-547fef5110b6	c46e1adc-5afe-4402-af5f-af47778eebf8.rna_seq.star_splice_junctions.tsv.gz	a82b8af6-f740-4c84-a204-547fef5110b6
open	8c66f5f5-3e37-4353-b0f8-64b92a733da8	TCGA-DX-A1L4	Transcriptome Profiling	TSV	RNA-Seq	e0459654-fa36-4b3c-8bf5-6e8048aa9a21	63df94bf-e0f6-48f7-8a58-c19ad65782e7.rna_seq.augmented_star_gene_counts.tsv	e0459654-fa36-4b3c-8bf5-6e8048aa9a21
controlled	8d8921ac-ca12-4e17-bd5e-982ff0d699a1	TCGA-DX-A23U	Structural Variation	BEDPE	RNA-Seq	33ecbf1e-a0ef-46b6-8115-c10e4877ae56	TCGA-SARC.868d803e-f1ac-4832-b561-0e88feeda63b.arriba.rna_fusion.bedpe	33ecbf1e-a0ef-46b6-8115-c10e4877ae56
controlled	90db503c-f9c8-4d31-bed4-e3383b69c89b	TCGA-X9-A973	Transcriptome Profiling	TSV	RNA-Seq	71901f2e-8b07-4c93-9163-169e57d62bad	4d95d113-14eb-45f3-9a97-3c6c301fe2a2.rna_seq.star_splice_junctions.tsv.gz	71901f2e-8b07-4c93-9163-169e57d62bad
controlled	93dfe3c6-445d-4976-93c0-9a826730fd58	TCGA-QQ-A5V9	Structural Variation	BEDPE	RNA-Seq	a0565f0d-f548-4ae4-b047-b6654c03ee67	TCGA-SARC.7e66d6a9-44d4-4bf9-8937-7d39c83bca87.arriba.rna_fusion.bedpe	a0565f0d-f548-4ae4-b047-b6654c03ee67
controlled	90db503c-f9c8-4d31-bed4-e3383b69c89b	TCGA-X9-A973	Sequencing Reads	BAM	RNA-Seq	8c30e632-08bb-4be3-9bf5-d608607c4bca	4d95d113-14eb-45f3-9a97-3c6c301fe2a2.rna_seq.genomic.gdc_realn.bam	8c30e632-08bb-4be3-9bf5-d608607c4bca
controlled	9111759f-a0b7-452d-a0de-838fe010245e	TCGA-LI-A9QH	Sequencing Reads	BAM	RNA-Seq	eb7c1136-84cd-42e2-b7da-a02b49b470b4	e265b64c-39c9-41e7-a5fc-08cf0bf3fae7.rna_seq.genomic.gdc_realn.bam	eb7c1136-84cd-42e2-b7da-a02b49b470b4
controlled	8f3f6f7c-4b50-467e-a6e8-d836735913f6	TCGA-DX-A3U5	Structural Variation	BEDPE	RNA-Seq	a19db774-d964-4231-a474-10462391097c	TCGA-SARC.f695752d-5990-452a-b25d-2b9c3c02360a.arriba.rna_fusion.bedpe	a19db774-d964-4231-a474-10462391097c
open	8f3f6f7c-4b50-467e-a6e8-d836735913f6	TCGA-DX-A3U5	Transcriptome Profiling	TSV	RNA-Seq	f5102c86-0085-46b2-972c-d61d558ecdbf	a7400b7d-094a-4148-b97e-eea0ad3eff5a.rna_seq.augmented_star_gene_counts.tsv	f5102c86-0085-46b2-972c-d61d558ecdbf
controlled	8f3f6f7c-4b50-467e-a6e8-d836735913f6	TCGA-DX-A3U5	Structural Variation	TSV	RNA-Seq	9e987a61-bf69-4062-84de-4393f3eb465d	TCGA-SARC.eba93460-0248-4375-83e8-eedeb5b0ad98.star_fusion.rna_fusion.tsv	9e987a61-bf69-4062-84de-4393f3eb465d
controlled	9bdc3867-2115-4351-af5f-a52a2c20ae5d	TCGA-K1-A42X	Sequencing Reads	BAM	RNA-Seq	2b6e2ac0-ab09-44f2-a328-815b30c1ade8	77e1473a-9f6a-481b-8ed0-9b56e8c3a546.rna_seq.genomic.gdc_realn.bam	2b6e2ac0-ab09-44f2-a328-815b30c1ade8
open	9111759f-a0b7-452d-a0de-838fe010245e	TCGA-LI-A9QH	Transcriptome Profiling	TSV	RNA-Seq	a83d0e4e-ac44-403e-ba4f-931997ef57cc	e265b64c-39c9-41e7-a5fc-08cf0bf3fae7.rna_seq.augmented_star_gene_counts.tsv	a83d0e4e-ac44-403e-ba4f-931997ef57cc
controlled	9bdc3867-2115-4351-af5f-a52a2c20ae5d	TCGA-K1-A42X	Transcriptome Profiling	TSV	RNA-Seq	cd53658b-87bc-42e6-a76e-eb53b6e81243	dc69718f-e389-406d-b59b-089057fa6679.rna_seq.star_splice_junctions.tsv.gz	cd53658b-87bc-42e6-a76e-eb53b6e81243
controlled	8f3f6f7c-4b50-467e-a6e8-d836735913f6	TCGA-DX-A3U5	Sequencing Reads	BAM	RNA-Seq	b36d50be-9e13-450c-8097-b245d18f243e	a7400b7d-094a-4148-b97e-eea0ad3eff5a.rna_seq.transcriptome.gdc_realn.bam	b36d50be-9e13-450c-8097-b245d18f243e
controlled	9bdc3867-2115-4351-af5f-a52a2c20ae5d	TCGA-K1-A42X	Structural Variation	TSV	RNA-Seq	d2d7e859-ebdc-45d3-8cdd-d9db38530aaf	TCGA-SARC.118b6dd1-d114-4cd1-9e5b-90083b0a26fc.star_fusion.rna_fusion.tsv	d2d7e859-ebdc-45d3-8cdd-d9db38530aaf
controlled	94359edf-7208-4b4c-ad7c-4064974de818	TCGA-DX-AB3C	Sequencing Reads	BAM	RNA-Seq	ca9edce2-9958-438e-92e1-e3fd19519a3e	14ca95e3-ac3e-4bb4-b304-cd43f109553f.rna_seq.transcriptome.gdc_realn.bam	ca9edce2-9958-438e-92e1-e3fd19519a3e
controlled	914df75d-25f5-4b2f-96c7-95861d7dfa30	TCGA-DX-A8BM	Sequencing Reads	BAM	RNA-Seq	ad2080c1-bfbf-40bd-9dda-6eb027a12961	7ebf770f-f8f9-423e-afa6-10f52201be85.rna_seq.chimeric.gdc_realn.bam	ad2080c1-bfbf-40bd-9dda-6eb027a12961
open	8f4293b0-bafc-4348-a203-9516d6f2dc48	TCGA-UE-A6QT	Transcriptome Profiling	TSV	RNA-Seq	eafbd7c8-4291-4109-96c1-7ff489e70b19	07a8cc94-707a-453f-a34d-97cbb79e6523.rna_seq.augmented_star_gene_counts.tsv	eafbd7c8-4291-4109-96c1-7ff489e70b19
controlled	9517413b-b5b8-4130-8ba1-d86d44abe2ec	TCGA-DX-A1L3	Sequencing Reads	BAM	RNA-Seq	4272c323-52d5-4fa1-b921-bc85acb57654	10956a5c-ff2c-4c4b-9fcc-a634668f7988.rna_seq.transcriptome.gdc_realn.bam	4272c323-52d5-4fa1-b921-bc85acb57654
controlled	914df75d-25f5-4b2f-96c7-95861d7dfa30	TCGA-DX-A8BM	Structural Variation	TSV	RNA-Seq	8b371485-92b2-49d5-8bf7-bd707c9e177c	TCGA-SARC.26462acc-c5e8-47dd-ad4b-32ca435c5b63.star_fusion.rna_fusion.tsv	8b371485-92b2-49d5-8bf7-bd707c9e177c
controlled	ab706ea0-d642-4f58-ba8d-f5d930b91286	TCGA-WK-A8Y0	Structural Variation	BEDPE	RNA-Seq	f8cbf8c5-cd7f-4fb7-84b7-679dcae0fe9b	TCGA-SARC.c1018621-b560-4067-ab5c-1b4a174556a1.arriba.rna_fusion.bedpe	f8cbf8c5-cd7f-4fb7-84b7-679dcae0fe9b
open	a7613c60-93a1-4a4c-9b12-dfd2103b0168	TCGA-QC-AA9N	Transcriptome Profiling	TSV	RNA-Seq	f96e7adc-7ec5-40e5-9dc1-491da1abd799	11109910-f64e-4c34-b99b-a84657295bfc.rna_seq.augmented_star_gene_counts.tsv	f96e7adc-7ec5-40e5-9dc1-491da1abd799
controlled	a7613c60-93a1-4a4c-9b12-dfd2103b0168	TCGA-QC-AA9N	Structural Variation	TSV	RNA-Seq	0c789591-99bd-4ab3-8c7c-408fec275668	TCGA-SARC.b9e1aad1-dead-40c8-bdc6-00436b395697.star_fusion.rna_fusion.tsv	0c789591-99bd-4ab3-8c7c-408fec275668
controlled	a7613c60-93a1-4a4c-9b12-dfd2103b0168	TCGA-QC-AA9N	Sequencing Reads	BAM	RNA-Seq	d09f88da-37e4-4bd0-977a-d75e57214f92	11109910-f64e-4c34-b99b-a84657295bfc.rna_seq.chimeric.gdc_realn.bam	d09f88da-37e4-4bd0-977a-d75e57214f92
controlled	9517413b-b5b8-4130-8ba1-d86d44abe2ec	TCGA-DX-A1L3	Structural Variation	TSV	RNA-Seq	36b8b51d-4a4a-4787-a0f0-9cb1cde349d0	TCGA-SARC.26694390-7003-463c-acc3-9bf694bfff04.star_fusion.rna_fusion.tsv	36b8b51d-4a4a-4787-a0f0-9cb1cde349d0
controlled	9bf78d02-f5e5-4cee-8d4d-57cc567cb510	TCGA-MB-A8JL	Structural Variation	BEDPE	RNA-Seq	f873ccc7-3eb9-49b2-9cba-d38c60777eed	TCGA-SARC.a79ca33b-5a78-4f52-95e8-92023ae009d1.arriba.rna_fusion.bedpe	f873ccc7-3eb9-49b2-9cba-d38c60777eed
controlled	8f4c042c-fbe3-4d0c-b2bd-695bc37483f5	TCGA-N1-A6IA	Structural Variation	TSV	RNA-Seq	e22ce1f7-7dbb-4e6c-b19d-4f93a0ce94fa	TCGA-SARC.91ebf145-7f94-465b-897e-9301cd2f55d1.star_fusion.rna_fusion.tsv	e22ce1f7-7dbb-4e6c-b19d-4f93a0ce94fa
open	91d9a1b9-ae23-4eae-9354-8b3a29e3d1e6	TCGA-DX-AB2Z	Transcriptome Profiling	TSV	RNA-Seq	1a6d3d72-1a79-446c-9120-93cce24f1cfc	5ae92201-6967-4b74-bb81-8319fac72b1e.rna_seq.augmented_star_gene_counts.tsv	1a6d3d72-1a79-446c-9120-93cce24f1cfc
controlled	8f4c042c-fbe3-4d0c-b2bd-695bc37483f5	TCGA-N1-A6IA	Structural Variation	TSV	RNA-Seq	c69fdf99-6eb0-4307-8c18-19b6545732fa	TCGA-SARC.726c3eac-1021-4914-a535-3618262c87c8.arriba.rna_fusion.tsv	c69fdf99-6eb0-4307-8c18-19b6545732fa
controlled	969954a8-7f15-4052-9e6a-c5956115f3ad	TCGA-DX-A6BG	Structural Variation	BEDPE	RNA-Seq	2b21d240-393c-412d-b3a2-02622d3a8362	TCGA-SARC.b26382df-96a9-4d03-b7fa-fb577cff226c.star_fusion.rna_fusion.bedpe	2b21d240-393c-412d-b3a2-02622d3a8362
controlled	9c58e3b2-1dee-4375-8239-ce69a725e3de	TCGA-DX-A6B8	Transcriptome Profiling	TSV	RNA-Seq	1188aa5f-810f-415f-90c1-c97cadf351dc	0bde5803-0776-4ccc-b846-e6764f24adaa.rna_seq.star_splice_junctions.tsv.gz	1188aa5f-810f-415f-90c1-c97cadf351dc
open	8f4c042c-fbe3-4d0c-b2bd-695bc37483f5	TCGA-N1-A6IA	Transcriptome Profiling	TSV	RNA-Seq	cd9ef297-1e9b-49a8-8c18-73c41d52b2a6	d6d922a1-f6ae-4190-be36-0ac1e03f85fa.rna_seq.augmented_star_gene_counts.tsv	cd9ef297-1e9b-49a8-8c18-73c41d52b2a6
controlled	a7613c60-93a1-4a4c-9b12-dfd2103b0168	TCGA-QC-AA9N	Structural Variation	BEDPE	RNA-Seq	d43f1ff8-40d1-4887-b6e0-735d7b29ff75	TCGA-SARC.0a596bba-cae2-4ad9-b33e-4b9296d7ae01.arriba.rna_fusion.bedpe	d43f1ff8-40d1-4887-b6e0-735d7b29ff75
controlled	8f4c042c-fbe3-4d0c-b2bd-695bc37483f5	TCGA-N1-A6IA	Structural Variation	BEDPE	RNA-Seq	7974b959-e70e-42ae-82ff-cb7a101c6e2c	TCGA-SARC.726c3eac-1021-4914-a535-3618262c87c8.arriba.rna_fusion.bedpe	7974b959-e70e-42ae-82ff-cb7a101c6e2c
controlled	a7c45269-b693-45c4-81fd-6dd3379877e8	TCGA-DX-A7ER	Transcriptome Profiling	TSV	RNA-Seq	2e00f3a8-6055-420c-835b-071fd02425b7	9365db5a-762a-4e2b-b8a7-7a1e10cc62d2.rna_seq.star_splice_junctions.tsv.gz	2e00f3a8-6055-420c-835b-071fd02425b7
controlled	969954a8-7f15-4052-9e6a-c5956115f3ad	TCGA-DX-A6BG	Structural Variation	BEDPE	RNA-Seq	bf9bd488-4da5-4cee-b9d2-8139da1f3b1b	TCGA-SARC.3425a065-e441-464b-b6cd-d29519b765c4.arriba.rna_fusion.bedpe	bf9bd488-4da5-4cee-b9d2-8139da1f3b1b
controlled	a7c45269-b693-45c4-81fd-6dd3379877e8	TCGA-DX-A7ER	Sequencing Reads	BAM	RNA-Seq	73bc8108-f593-4dba-ba95-4a2bddbf679e	9365db5a-762a-4e2b-b8a7-7a1e10cc62d2.rna_seq.transcriptome.gdc_realn.bam	73bc8108-f593-4dba-ba95-4a2bddbf679e
open	ac1eb376-ff96-4ed9-929a-03975f72ac15	TCGA-DX-A3UA	Transcriptome Profiling	TSV	RNA-Seq	b9126982-e66c-43de-8b57-1608448aeed4	2242b925-b7c5-4420-9cc1-af562a0bafe0.rna_seq.augmented_star_gene_counts.tsv	b9126982-e66c-43de-8b57-1608448aeed4
controlled	ac1eb376-ff96-4ed9-929a-03975f72ac15	TCGA-DX-A3UA	Sequencing Reads	BAM	RNA-Seq	53c764f7-45cd-4019-9b2a-3e7ad6e42241	2242b925-b7c5-4420-9cc1-af562a0bafe0.rna_seq.transcriptome.gdc_realn.bam	53c764f7-45cd-4019-9b2a-3e7ad6e42241
controlled	91d9a1b9-ae23-4eae-9354-8b3a29e3d1e6	TCGA-DX-AB2Z	Structural Variation	TSV	RNA-Seq	ea74a96c-7060-4604-8e1b-cc05b938c808	TCGA-SARC.35413728-41aa-4a7b-8283-6fcfb7a8d433.arriba.rna_fusion.tsv	ea74a96c-7060-4604-8e1b-cc05b938c808
open	969954a8-7f15-4052-9e6a-c5956115f3ad	TCGA-DX-A6BG	Transcriptome Profiling	TSV	RNA-Seq	16c6fce7-5cd3-4635-9699-9be8dacbb21a	db2e38f2-f8fd-4149-abc1-ca8a5a1f44ba.rna_seq.augmented_star_gene_counts.tsv	16c6fce7-5cd3-4635-9699-9be8dacbb21a
controlled	ac1eb376-ff96-4ed9-929a-03975f72ac15	TCGA-DX-A3UA	Transcriptome Profiling	TSV	RNA-Seq	f3ac4c45-8855-4c54-84ed-2e60c2bbb8ea	2242b925-b7c5-4420-9cc1-af562a0bafe0.rna_seq.star_splice_junctions.tsv.gz	f3ac4c45-8855-4c54-84ed-2e60c2bbb8ea
controlled	a7c45269-b693-45c4-81fd-6dd3379877e8	TCGA-DX-A7ER	Structural Variation	TSV	RNA-Seq	f74b5f60-7205-4340-b7ab-0b36d765625b	TCGA-SARC.c083a7f8-1646-4ed0-95b8-57bc183f9ce3.arriba.rna_fusion.tsv	f74b5f60-7205-4340-b7ab-0b36d765625b
open	ac2eeb9d-b5eb-465c-8271-c89bdb1ba136	TCGA-DX-A8BQ	Transcriptome Profiling	TSV	RNA-Seq	92a22663-9458-4133-bdef-121f9f86f6aa	27b1c0c5-931d-410f-964f-8f0dcbec785d.rna_seq.augmented_star_gene_counts.tsv	92a22663-9458-4133-bdef-121f9f86f6aa
controlled	ac2eeb9d-b5eb-465c-8271-c89bdb1ba136	TCGA-DX-A8BQ	Structural Variation	BEDPE	RNA-Seq	06806b76-9557-4c4b-b0d3-b6eaa528517e	TCGA-SARC.fcbd740f-096e-4655-8e34-673a4df7fba8.star_fusion.rna_fusion.bedpe	06806b76-9557-4c4b-b0d3-b6eaa528517e
controlled	98b4dd76-e6c4-4125-ba9e-9dc318ffb61c	TCGA-DX-AB2F	Transcriptome Profiling	TSV	RNA-Seq	46088dad-b22b-49e9-9622-2d2d222a8f23	1ca97535-07b9-4c33-9bbc-1c0734aa2824.rna_seq.star_splice_junctions.tsv.gz	46088dad-b22b-49e9-9622-2d2d222a8f23
controlled	9dcdbd1b-2e03-4314-aef2-1f6b6fe18523	TCGA-DX-AB2X	Structural Variation	TSV	RNA-Seq	59c19bdb-f58c-4e98-964e-5f489afbd2b2	TCGA-SARC.7fc5b5ef-c984-405f-a069-bf424cfac87d.arriba.rna_fusion.tsv	59c19bdb-f58c-4e98-964e-5f489afbd2b2
controlled	9b781072-66d8-49f2-80f7-7b020746b6e9	TCGA-SI-AA8C	Structural Variation	TSV	RNA-Seq	b795e417-daec-498a-a855-da62630efb6a	TCGA-SARC.0e869883-9b24-4b6d-9d2b-14bdd03d4a04.arriba.rna_fusion.tsv	b795e417-daec-498a-a855-da62630efb6a
controlled	9b781072-66d8-49f2-80f7-7b020746b6e9	TCGA-SI-AA8C	Transcriptome Profiling	TSV	RNA-Seq	c643583e-daaa-4167-9d81-40c548990eb2	1e0b2cd0-4e31-4f12-bd5c-9161a58281cd.rna_seq.star_splice_junctions.tsv.gz	c643583e-daaa-4167-9d81-40c548990eb2
controlled	c1bab0e5-4cb2-4d9a-ae92-673fe7967fde	TCGA-PC-A5DK	Structural Variation	TSV	RNA-Seq	f9dac807-4f18-4422-9516-477c8f9f2b5e	TCGA-SARC.6a0cbe6a-f672-4f4b-ae6c-9c4e2d526bda.arriba.rna_fusion.tsv	f9dac807-4f18-4422-9516-477c8f9f2b5e
controlled	a857d684-7195-44f9-ba21-b88020bd9633	TCGA-SI-A71O	Sequencing Reads	BAM	RNA-Seq	267c0660-ab0f-4400-850a-2e1bdd6dc35b	009f8ecb-dda6-461b-961c-a7c4ef3172a3.rna_seq.transcriptome.gdc_realn.bam	267c0660-ab0f-4400-850a-2e1bdd6dc35b
controlled	a857d684-7195-44f9-ba21-b88020bd9633	TCGA-SI-A71O	Structural Variation	BEDPE	RNA-Seq	d7db8ca3-37dd-49fc-9626-d10e123638bb	TCGA-SARC.326468cb-64bf-418c-95e9-dd1dc5e5ca27.star_fusion.rna_fusion.bedpe	d7db8ca3-37dd-49fc-9626-d10e123638bb
open	b85e2156-d5ac-486c-93e1-86525ea41a64	TCGA-DX-A3M1	Transcriptome Profiling	TSV	RNA-Seq	4191e8ce-a58e-4c72-8848-2adde973da99	09289641-20ec-4f7c-ba72-3c02b9e6b285.rna_seq.augmented_star_gene_counts.tsv	4191e8ce-a58e-4c72-8848-2adde973da99
controlled	c1bab0e5-4cb2-4d9a-ae92-673fe7967fde	TCGA-PC-A5DK	Sequencing Reads	BAM	RNA-Seq	c2bc6371-db05-404d-bc94-38bb1b056304	03d51e0c-2f6f-4c5a-a755-c37f52f2cafd.rna_seq.chimeric.gdc_realn.bam	c2bc6371-db05-404d-bc94-38bb1b056304
controlled	a857d684-7195-44f9-ba21-b88020bd9633	TCGA-SI-A71O	Structural Variation	TSV	RNA-Seq	80b49633-9866-4bde-80e3-a6f9f77a8a05	TCGA-SARC.17e955d8-00c4-4d9f-bf6e-d5297be3c2e1.arriba.rna_fusion.tsv	80b49633-9866-4bde-80e3-a6f9f77a8a05
controlled	b0c194ce-8f60-423f-afca-7f577813421c	TCGA-X9-A971	Sequencing Reads	BAM	RNA-Seq	27e9dbb4-511a-4947-98f2-afa680c1da2d	d524c684-9f85-4a97-8c77-a037c17367c6.rna_seq.chimeric.gdc_realn.bam	27e9dbb4-511a-4947-98f2-afa680c1da2d
open	b0c194ce-8f60-423f-afca-7f577813421c	TCGA-X9-A971	Transcriptome Profiling	TSV	RNA-Seq	458351cd-85eb-448b-a3e1-e1248b1d53a3	d524c684-9f85-4a97-8c77-a037c17367c6.rna_seq.augmented_star_gene_counts.tsv	458351cd-85eb-448b-a3e1-e1248b1d53a3
controlled	9ebda267-a475-408a-a512-cd3761de83b4	TCGA-QC-A6FX	Sequencing Reads	BAM	RNA-Seq	c595cc7c-b829-43e4-9767-5f8f55c6dfbe	2485fa0a-b3e8-4524-8566-d7dd5a423b49.rna_seq.genomic.gdc_realn.bam	c595cc7c-b829-43e4-9767-5f8f55c6dfbe
controlled	a8ce2be1-1f15-4e02-9161-5f161447a541	TCGA-3B-A9I0	Transcriptome Profiling	TSV	RNA-Seq	0e8f98d8-62a1-47b2-8d98-a16abd0a6045	94dcead6-4b21-4551-8131-056255764af2.rna_seq.star_splice_junctions.tsv.gz	0e8f98d8-62a1-47b2-8d98-a16abd0a6045
controlled	9ebda267-a475-408a-a512-cd3761de83b4	TCGA-QC-A6FX	Structural Variation	BEDPE	RNA-Seq	210672ec-eb62-4b90-97c1-7629134c494f	TCGA-SARC.3c9ad998-33ac-4593-a1de-0411293aac5b.arriba.rna_fusion.bedpe	210672ec-eb62-4b90-97c1-7629134c494f
controlled	c20682a1-f340-430d-99f9-077fe093ed19	TCGA-IW-A3M5	Structural Variation	BEDPE	RNA-Seq	945e9564-d0d0-469d-a0d4-6907946c751e	TCGA-SARC.291343d3-5b94-4dee-9c88-05d1e5660a6d.star_fusion.rna_fusion.bedpe	945e9564-d0d0-469d-a0d4-6907946c751e
open	cc891960-42a2-4d76-b93b-c2914c929154	TCGA-DX-A6B9	Transcriptome Profiling	TSV	RNA-Seq	c0406858-ea98-47dc-b564-c10af67d4aca	66f3a0b4-0702-4a27-8711-e434bcb68935.rna_seq.augmented_star_gene_counts.tsv	c0406858-ea98-47dc-b564-c10af67d4aca
controlled	c20682a1-f340-430d-99f9-077fe093ed19	TCGA-IW-A3M5	Sequencing Reads	BAM	RNA-Seq	7d059c54-2db4-4799-a2ad-f8c4e0680f9d	5088af66-9478-445a-b884-e8c14a11b83f.rna_seq.transcriptome.gdc_realn.bam	7d059c54-2db4-4799-a2ad-f8c4e0680f9d
controlled	c25a0746-d2cf-47cc-82fc-8547cd9f89b0	TCGA-WK-A8XS	Sequencing Reads	BAM	RNA-Seq	b2512fe2-4c9a-48e8-9ae3-33d6cd9018ab	706db449-7dce-48ba-85cf-786add750631.rna_seq.genomic.gdc_realn.bam	b2512fe2-4c9a-48e8-9ae3-33d6cd9018ab
controlled	b8dd67ae-5808-45fc-9a1f-47f18a2f827d	TCGA-DX-A6YS	Transcriptome Profiling	TSV	RNA-Seq	7c1ddd37-0b2e-49df-b266-3000838fe930	7adc764d-9ed6-401c-8ad0-8a520feefd91.rna_seq.star_splice_junctions.tsv.gz	7c1ddd37-0b2e-49df-b266-3000838fe930
controlled	a93fd240-59c1-4527-854e-dfd042222fcf	TCGA-3B-A9I3	Sequencing Reads	BAM	RNA-Seq	d640d7c2-3618-43be-9db8-377298582455	d243020d-c8eb-49fe-bd92-e1c622a5382e.rna_seq.chimeric.gdc_realn.bam	d640d7c2-3618-43be-9db8-377298582455
controlled	9ef5cdda-8aba-4027-8cf0-e53b2f54704a	TCGA-3B-A9HU	Structural Variation	BEDPE	RNA-Seq	dd8674cb-5111-47a5-bcef-bfd2adf519ed	TCGA-SARC.5f8349f9-21ae-4376-a94a-eb63844b81a7.star_fusion.rna_fusion.bedpe	dd8674cb-5111-47a5-bcef-bfd2adf519ed
controlled	9ef5cdda-8aba-4027-8cf0-e53b2f54704a	TCGA-3B-A9HU	Transcriptome Profiling	TSV	RNA-Seq	4949a7b9-d3e0-49d5-9ad9-a9be1908f3cf	54044b5f-4cca-48f1-b0e0-340f6e7dff1e.rna_seq.star_splice_junctions.tsv.gz	4949a7b9-d3e0-49d5-9ad9-a9be1908f3cf
controlled	9ef5cdda-8aba-4027-8cf0-e53b2f54704a	TCGA-3B-A9HU	Structural Variation	TSV	RNA-Seq	ab572e5c-778a-4ec2-9317-e0a27bdaf2b3	TCGA-SARC.5f8349f9-21ae-4376-a94a-eb63844b81a7.star_fusion.rna_fusion.tsv	ab572e5c-778a-4ec2-9317-e0a27bdaf2b3
controlled	b9a01a64-3c9d-44b3-8ee1-a880b7816fee	TCGA-DX-A7EM	Sequencing Reads	BAM	RNA-Seq	3dc0eb44-ab77-4d0a-b66f-0ea71a28c3f9	319846dc-74b1-4a8b-9ef8-06027b03092d.rna_seq.genomic.gdc_realn.bam	3dc0eb44-ab77-4d0a-b66f-0ea71a28c3f9
controlled	cc9eb46b-47a6-44b2-97c1-3ee866bbfc3d	TCGA-DX-AB2E	Sequencing Reads	BAM	RNA-Seq	c19e1897-fbbc-440c-b764-59e789b20fc3	3dcc3841-21f9-4434-84ef-6d12f60967af.rna_seq.transcriptome.gdc_realn.bam	c19e1897-fbbc-440c-b764-59e789b20fc3
controlled	b1a92728-e119-4f5f-a303-2ebb8ea3db88	TCGA-PC-A5DO	Structural Variation	BEDPE	RNA-Seq	cd7ee8af-5dd4-4c06-9941-673c59f85b03	TCGA-SARC.60f8416e-f214-41ac-8f1e-595df29d1945.arriba.rna_fusion.bedpe	cd7ee8af-5dd4-4c06-9941-673c59f85b03
controlled	cd8637c0-1651-4e8a-9a88-7fb06dc36ff8	TCGA-JV-A75J	Structural Variation	TSV	RNA-Seq	324ba26a-9488-49ba-8c57-1e3c5d27b15d	TCGA-SARC.b239fe4f-a862-4752-8d8d-c584076c8203.arriba.rna_fusion.tsv	324ba26a-9488-49ba-8c57-1e3c5d27b15d
controlled	bc282a61-9e8b-4330-9177-fc515293f051	TCGA-DX-AB2S	Sequencing Reads	BAM	RNA-Seq	3d474010-0490-4a4d-8d34-0dd5a1399464	54856284-014a-436c-8ad9-d371d7201c4e.rna_seq.genomic.gdc_realn.bam	3d474010-0490-4a4d-8d34-0dd5a1399464
controlled	aaf93a92-2f93-477d-9ea4-d18ab7d4f258	TCGA-3B-A9HL	Structural Variation	BEDPE	RNA-Seq	8803b7e2-d03c-4da6-adc1-6c9a03e83892	TCGA-SARC.1096e759-5166-4087-9f36-37fa6d76ed10.star_fusion.rna_fusion.bedpe	8803b7e2-d03c-4da6-adc1-6c9a03e83892
controlled	bc282a61-9e8b-4330-9177-fc515293f051	TCGA-DX-AB2S	Sequencing Reads	BAM	RNA-Seq	3ad92070-3fe5-4766-a6bb-4a8a4169d407	54856284-014a-436c-8ad9-d371d7201c4e.rna_seq.chimeric.gdc_realn.bam	3ad92070-3fe5-4766-a6bb-4a8a4169d407
controlled	a1f0e5db-5c73-4b83-8cc4-6208941806de	TCGA-DX-A7ES	Structural Variation	TSV	RNA-Seq	bccbfe34-d529-4deb-a70a-e1057d909ec6	TCGA-SARC.22a33a44-551f-4b55-bf6d-11dc4b4ebf6f.star_fusion.rna_fusion.tsv	bccbfe34-d529-4deb-a70a-e1057d909ec6
controlled	c5b0e6be-48b5-40e5-9d90-f9112050aa88	TCGA-HB-A5W3	Structural Variation	TSV	RNA-Seq	675d88e3-0a6e-4a67-971b-a7186b25bcb0	TCGA-SARC.02f88ba0-1e97-4396-90da-3463d2a0fb87.star_fusion.rna_fusion.tsv	675d88e3-0a6e-4a67-971b-a7186b25bcb0
controlled	cedf4099-076d-4ea7-9a86-76fe9530b88c	TCGA-JV-A5VF	Structural Variation	TSV	RNA-Seq	54fbf881-7c97-4452-80a4-91947642ce8b	TCGA-SARC.ced27abd-b6d8-46fe-a62d-52900973ff99.arriba.rna_fusion.tsv	54fbf881-7c97-4452-80a4-91947642ce8b
controlled	a37238f3-55b5-43df-a0c5-3d22ee5156f3	TCGA-DX-A48R	Sequencing Reads	BAM	RNA-Seq	dd1931e7-2622-4db2-8ba4-553456926038	1378619e-4196-48ec-a823-b1de339ec37b.rna_seq.chimeric.gdc_realn.bam	dd1931e7-2622-4db2-8ba4-553456926038
controlled	aaf93a92-2f93-477d-9ea4-d18ab7d4f258	TCGA-3B-A9HL	Transcriptome Profiling	TSV	RNA-Seq	9ff37bc0-fe6f-4459-ba08-28d1ac12153c	8cd6627b-d32b-41b7-9fd5-a931020b3213.rna_seq.star_splice_junctions.tsv.gz	9ff37bc0-fe6f-4459-ba08-28d1ac12153c
controlled	bfaafe2d-0e83-43aa-9f81-b34b62a46d38	TCGA-DX-A1KY	Structural Variation	BEDPE	RNA-Seq	f44b0ca4-fbf8-488b-bb8e-bd76623c1a6e	TCGA-SARC.4d5f1a4f-5a62-43b3-9ce5-2ca42b9a23e4.arriba.rna_fusion.bedpe	f44b0ca4-fbf8-488b-bb8e-bd76623c1a6e
controlled	cedf4099-076d-4ea7-9a86-76fe9530b88c	TCGA-JV-A5VF	Structural Variation	TSV	RNA-Seq	0c579d9a-adc4-4cce-807c-f3f7f067002f	TCGA-SARC.001d507a-878d-4142-80a0-4be8f6781345.star_fusion.rna_fusion.tsv	0c579d9a-adc4-4cce-807c-f3f7f067002f
controlled	cedf4099-076d-4ea7-9a86-76fe9530b88c	TCGA-JV-A5VF	Structural Variation	BEDPE	RNA-Seq	20119bb0-4010-4aac-a1d8-57ad3f0d7d4e	TCGA-SARC.001d507a-878d-4142-80a0-4be8f6781345.star_fusion.rna_fusion.bedpe	20119bb0-4010-4aac-a1d8-57ad3f0d7d4e
controlled	cedf4099-076d-4ea7-9a86-76fe9530b88c	TCGA-JV-A5VF	Structural Variation	BEDPE	RNA-Seq	bb15082c-de5e-4cb0-8f7e-167282a30b25	TCGA-SARC.ced27abd-b6d8-46fe-a62d-52900973ff99.arriba.rna_fusion.bedpe	bb15082c-de5e-4cb0-8f7e-167282a30b25
open	c5e23947-253b-40d2-916a-277b2a580be2	TCGA-IE-A4EI	Transcriptome Profiling	TSV	RNA-Seq	a939487a-186d-4de2-ab73-489776f43814	29d4d9cd-285f-46d7-a659-1eb2cdc5ee86.rna_seq.augmented_star_gene_counts.tsv	a939487a-186d-4de2-ab73-489776f43814
controlled	e119dc43-9ba7-43ad-add0-1ce8a01e3b06	TCGA-JV-A5VE	Structural Variation	BEDPE	RNA-Seq	95f9cff6-94dc-4ff1-8080-0af812a5979e	TCGA-SARC.6267c3eb-3537-47af-a7d7-028febd214af.star_fusion.rna_fusion.bedpe	95f9cff6-94dc-4ff1-8080-0af812a5979e
controlled	d0d989cb-a50f-4ed9-8478-ae300ebc0970	TCGA-DX-AB32	Sequencing Reads	BAM	RNA-Seq	2c6f1655-0094-4f7e-a067-16214d42c6b0	423d5c76-ef6b-4922-bb96-27bc9b9a6146.rna_seq.transcriptome.gdc_realn.bam	2c6f1655-0094-4f7e-a067-16214d42c6b0
controlled	c5e23947-253b-40d2-916a-277b2a580be2	TCGA-IE-A4EI	Structural Variation	TSV	RNA-Seq	46474c0f-7758-4a95-ad55-d9cf9071df93	TCGA-SARC.d7d424aa-cbc2-4ccc-8f1c-f2eaebe0d41a.star_fusion.rna_fusion.tsv	46474c0f-7758-4a95-ad55-d9cf9071df93
controlled	c5e23947-253b-40d2-916a-277b2a580be2	TCGA-IE-A4EI	Sequencing Reads	BAM	RNA-Seq	6b7323a6-7971-4e73-8825-c4e302eeb247	29d4d9cd-285f-46d7-a659-1eb2cdc5ee86.rna_seq.chimeric.gdc_realn.bam	6b7323a6-7971-4e73-8825-c4e302eeb247
controlled	d0d989cb-a50f-4ed9-8478-ae300ebc0970	TCGA-DX-AB32	Structural Variation	BEDPE	RNA-Seq	3b15a8d2-5734-4791-b6a7-4b212b6f02c6	TCGA-SARC.e72e5359-349f-4f6a-a75f-e9ec49029be1.arriba.rna_fusion.bedpe	3b15a8d2-5734-4791-b6a7-4b212b6f02c6
controlled	bfb21f9b-31af-4ecc-a4f4-d7d3f5728e01	TCGA-3B-A9HR	Sequencing Reads	BAM	RNA-Seq	21977cf3-bd7e-4ae2-b7dc-f851b2ce987e	40f39dd0-1c43-4ecc-a4d9-da32d47f9fcc.rna_seq.genomic.gdc_realn.bam	21977cf3-bd7e-4ae2-b7dc-f851b2ce987e
controlled	d0d989cb-a50f-4ed9-8478-ae300ebc0970	TCGA-DX-AB32	Structural Variation	TSV	RNA-Seq	dee29993-d477-4ea2-8995-1846853d5903	TCGA-SARC.115f11e8-a95c-49a3-9892-4e81eea76b19.star_fusion.rna_fusion.tsv	dee29993-d477-4ea2-8995-1846853d5903
controlled	d7dc8efc-30d9-4d86-84a2-f39f4e1ea50e	TCGA-DX-A48L	Sequencing Reads	BAM	RNA-Seq	6939b6ec-dad1-4f6a-be43-862d40711fe3	4d2236a8-cde8-4fe1-80ca-24c051407da0.rna_seq.transcriptome.gdc_realn.bam	6939b6ec-dad1-4f6a-be43-862d40711fe3
controlled	e4fb6a08-9d3f-4e62-85ce-7ba0dc03c8e2	TCGA-QQ-A5VD	Structural Variation	TSV	RNA-Seq	8d62014c-d395-45e9-a390-2f5007230f7c	TCGA-SARC.2679358f-5acb-49f3-b713-310a0dbc8376.arriba.rna_fusion.tsv	8d62014c-d395-45e9-a390-2f5007230f7c
controlled	b61e39f5-f0dd-485e-8e22-d4fdea751f55	TCGA-SI-A71Q	Structural Variation	BEDPE	RNA-Seq	aef2077b-c23c-4205-83f7-ab4fd84474b4	TCGA-SARC.ac97927a-1ccf-45f3-a67e-ba4b24004949.star_fusion.rna_fusion.bedpe	aef2077b-c23c-4205-83f7-ab4fd84474b4
controlled	e4fb6a08-9d3f-4e62-85ce-7ba0dc03c8e2	TCGA-QQ-A5VD	Structural Variation	TSV	RNA-Seq	a087fe03-3822-4995-9611-def266b23f08	TCGA-SARC.12bca52d-5753-43e2-b622-52b0b74982ea.star_fusion.rna_fusion.tsv	a087fe03-3822-4995-9611-def266b23f08
controlled	d40c99d0-79f6-499d-b7f1-5fc4237cfc57	TCGA-DX-A3U8	Structural Variation	TSV	RNA-Seq	fffb617a-dc5a-423f-8ced-5178ce37f29c	TCGA-SARC.3bb0bc23-99ee-4fb9-accc-109717e6e8d9.star_fusion.rna_fusion.tsv	fffb617a-dc5a-423f-8ced-5178ce37f29c
open	c849127a-2f15-4fab-8815-db09b017f48c	TCGA-X6-A7W8	Transcriptome Profiling	TSV	RNA-Seq	7dd0cbd9-6ce0-49c5-ad53-bd5251f27440	5fdbbbb1-3a95-44b6-ba85-0a2f86114fc0.rna_seq.augmented_star_gene_counts.tsv	7dd0cbd9-6ce0-49c5-ad53-bd5251f27440
controlled	c849127a-2f15-4fab-8815-db09b017f48c	TCGA-X6-A7W8	Sequencing Reads	BAM	RNA-Seq	a23802f5-fa31-4626-8299-0a6e8c721bf5	5fdbbbb1-3a95-44b6-ba85-0a2f86114fc0.rna_seq.chimeric.gdc_realn.bam	a23802f5-fa31-4626-8299-0a6e8c721bf5
controlled	c849127a-2f15-4fab-8815-db09b017f48c	TCGA-X6-A7W8	Structural Variation	TSV	RNA-Seq	ac55d1f1-831b-46b0-8b42-edadb62744e2	TCGA-SARC.57f45e1d-b2f0-447b-95af-7dbc3c9f3cbe.star_fusion.rna_fusion.tsv	ac55d1f1-831b-46b0-8b42-edadb62744e2
controlled	e5608743-59c4-4846-96b5-b3d36efbed85	TCGA-MB-A5Y9	Sequencing Reads	BAM	RNA-Seq	40cd7534-0b17-4bcc-b456-33fab7301cfe	b988a5a3-70e6-4d9e-a7a7-7bfe86f59cad.rna_seq.genomic.gdc_realn.bam	40cd7534-0b17-4bcc-b456-33fab7301cfe
controlled	dc18ccea-b332-4fac-b49b-1e0217ad025b	TCGA-PC-A5DN	Structural Variation	TSV	RNA-Seq	5d663ffb-ccfb-4153-9558-6790a5441cae	TCGA-SARC.1b7befaf-09bc-4cf2-9b61-09eebc57d673.star_fusion.rna_fusion.tsv	5d663ffb-ccfb-4153-9558-6790a5441cae
controlled	d51b9939-aef7-426b-a57f-01c3684e2dc2	TCGA-RN-A68Q	Sequencing Reads	BAM	RNA-Seq	dbe92feb-f2a4-4f0d-8404-0fce49e3ad64	80cc71e5-41f2-48a1-9d91-4dd5d97b8e13.rna_seq.transcriptome.gdc_realn.bam	dbe92feb-f2a4-4f0d-8404-0fce49e3ad64
controlled	c849127a-2f15-4fab-8815-db09b017f48c	TCGA-X6-A7W8	Structural Variation	TSV	RNA-Seq	59663f02-0d3d-40d3-a4de-5e984078efe5	TCGA-SARC.7ff18371-5bd5-4990-adc3-5791efce19ab.arriba.rna_fusion.tsv	59663f02-0d3d-40d3-a4de-5e984078efe5
controlled	e5608743-59c4-4846-96b5-b3d36efbed85	TCGA-MB-A5Y9	Structural Variation	TSV	RNA-Seq	3bad4ac9-34f8-410a-a8f3-1964724d629b	TCGA-SARC.35bf4ed1-0139-4b3d-8aed-1353ce7a525e.star_fusion.rna_fusion.tsv	3bad4ac9-34f8-410a-a8f3-1964724d629b
controlled	e5608743-59c4-4846-96b5-b3d36efbed85	TCGA-MB-A5Y9	Structural Variation	BEDPE	RNA-Seq	8ada8fc3-4554-4a74-a848-659c5cc20d59	TCGA-SARC.35bf4ed1-0139-4b3d-8aed-1353ce7a525e.star_fusion.rna_fusion.bedpe	8ada8fc3-4554-4a74-a848-659c5cc20d59
controlled	e5608743-59c4-4846-96b5-b3d36efbed85	TCGA-MB-A5Y9	Structural Variation	TSV	RNA-Seq	1546ec0a-3240-4f87-a5ac-21fe224c75d8	TCGA-SARC.28a76664-43cd-4d5a-89cb-4093c3276aaf.arriba.rna_fusion.tsv	1546ec0a-3240-4f87-a5ac-21fe224c75d8
open	e5608743-59c4-4846-96b5-b3d36efbed85	TCGA-MB-A5Y9	Transcriptome Profiling	TSV	RNA-Seq	243f695c-bfab-40ab-be85-bf5c4a9931cf	b988a5a3-70e6-4d9e-a7a7-7bfe86f59cad.rna_seq.augmented_star_gene_counts.tsv	243f695c-bfab-40ab-be85-bf5c4a9931cf
controlled	c9a5b051-0503-4aae-8bc6-270af3033326	TCGA-DX-A6Z0	Transcriptome Profiling	TSV	RNA-Seq	a26ba525-21d5-4056-be02-3971dd3b2108	0cb31d88-d149-4033-819f-a4b030852efc.rna_seq.star_splice_junctions.tsv.gz	a26ba525-21d5-4056-be02-3971dd3b2108
controlled	e5608743-59c4-4846-96b5-b3d36efbed85	TCGA-MB-A5Y9	Transcriptome Profiling	TSV	RNA-Seq	beadfa6b-5520-4ef8-bea7-608ad90c0675	b988a5a3-70e6-4d9e-a7a7-7bfe86f59cad.rna_seq.star_splice_junctions.tsv.gz	beadfa6b-5520-4ef8-bea7-608ad90c0675
controlled	c9a5b051-0503-4aae-8bc6-270af3033326	TCGA-DX-A6Z0	Sequencing Reads	BAM	RNA-Seq	487ffcb4-7bb3-48be-86b4-f2e620e49a7a	0cb31d88-d149-4033-819f-a4b030852efc.rna_seq.transcriptome.gdc_realn.bam	487ffcb4-7bb3-48be-86b4-f2e620e49a7a
controlled	de0cfb5d-0db6-4bf9-8a92-c5de4208bb04	TCGA-Z4-A8JB	Structural Variation	BEDPE	RNA-Seq	5d35246e-a7f2-48f9-b603-b9d60d0bddeb	TCGA-SARC.468b3779-9520-43d3-9c12-dd87fa52f8f9.star_fusion.rna_fusion.bedpe	5d35246e-a7f2-48f9-b603-b9d60d0bddeb
open	de0cfb5d-0db6-4bf9-8a92-c5de4208bb04	TCGA-Z4-A8JB	Transcriptome Profiling	TSV	RNA-Seq	0233d445-9834-45a3-8312-d0367180931d	9efdcc72-5ab6-4696-922e-7b5c260c76a1.rna_seq.augmented_star_gene_counts.tsv	0233d445-9834-45a3-8312-d0367180931d
controlled	c030f196-9591-4b0e-ad72-2320f277773b	TCGA-QQ-A5V2	Structural Variation	TSV	RNA-Seq	1b03b235-c69b-4834-9cd4-8273ff925675	TCGA-SARC.5cddae26-5552-440e-a983-64885f508253.arriba.rna_fusion.tsv	1b03b235-c69b-4834-9cd4-8273ff925675
controlled	eea7d707-aeb9-4d00-ab5e-c1ea608517e9	TCGA-DX-A8BT	Structural Variation	BEDPE	RNA-Seq	4f030d76-56f5-46bc-a8a2-7e9be6b34574	TCGA-SARC.0c274346-4b24-4754-a341-4e22248a15f2.star_fusion.rna_fusion.bedpe	4f030d76-56f5-46bc-a8a2-7e9be6b34574
controlled	e786de34-4c21-460f-89ab-008de4347049	TCGA-DX-A3LU	Sequencing Reads	BAM	RNA-Seq	df64dade-cd9c-4792-9d19-2bd2f84bd9d9	303b3d44-f71a-4c7a-bae9-1e2b5e875619.rna_seq.chimeric.gdc_realn.bam	df64dade-cd9c-4792-9d19-2bd2f84bd9d9
controlled	d680595d-2956-4780-8ea4-e815edb0706d	TCGA-DX-A7EU	Structural Variation	BEDPE	RNA-Seq	a1fa5432-e61a-461b-a7fd-65f7b30c465b	TCGA-SARC.35610d69-11c9-4c66-a931-ebe622525d50.star_fusion.rna_fusion.bedpe	a1fa5432-e61a-461b-a7fd-65f7b30c465b
open	d680595d-2956-4780-8ea4-e815edb0706d	TCGA-DX-A7EU	Transcriptome Profiling	TSV	RNA-Seq	06489968-c215-4a80-be3f-03f36d59aa6c	fe575195-38f5-4ffa-806b-1ec61562b43d.rna_seq.augmented_star_gene_counts.tsv	06489968-c215-4a80-be3f-03f36d59aa6c
controlled	cabd63ee-d833-47b0-9a0b-8a046d260af1	TCGA-DX-AB3A	Sequencing Reads	BAM	RNA-Seq	43d1bd07-3077-4ccc-8878-957ddda17c0f	2715cda3-22d3-4088-9354-63b7bea6011f.rna_seq.genomic.gdc_realn.bam	43d1bd07-3077-4ccc-8878-957ddda17c0f
controlled	cabd63ee-d833-47b0-9a0b-8a046d260af1	TCGA-DX-AB3A	Sequencing Reads	BAM	RNA-Seq	f9815af2-7a4c-48d1-8276-c99ac8452a3b	2715cda3-22d3-4088-9354-63b7bea6011f.rna_seq.transcriptome.gdc_realn.bam	f9815af2-7a4c-48d1-8276-c99ac8452a3b
controlled	d680595d-2956-4780-8ea4-e815edb0706d	TCGA-DX-A7EU	Structural Variation	BEDPE	RNA-Seq	3e1fdebb-043a-43da-b685-10492baa92b1	TCGA-SARC.e2e893d1-6f5c-4b44-bc57-df10d7da4b30.arriba.rna_fusion.bedpe	3e1fdebb-043a-43da-b685-10492baa92b1
controlled	c030f196-9591-4b0e-ad72-2320f277773b	TCGA-QQ-A5V2	Structural Variation	BEDPE	RNA-Seq	a3a7c559-f4fb-48ee-bbf4-decfa13181e1	TCGA-SARC.5cddae26-5552-440e-a983-64885f508253.arriba.rna_fusion.bedpe	a3a7c559-f4fb-48ee-bbf4-decfa13181e1
controlled	de277edb-4543-4bd7-8f86-206c18b54d8d	TCGA-DX-A48P	Structural Variation	TSV	RNA-Seq	fe095acb-5b2e-4a3b-804d-24e7b70417ff	TCGA-SARC.79babf71-2d1a-498f-b036-7b7d2c88d27c.star_fusion.rna_fusion.tsv	fe095acb-5b2e-4a3b-804d-24e7b70417ff
controlled	d680595d-2956-4780-8ea4-e815edb0706d	TCGA-DX-A7EU	Structural Variation	TSV	RNA-Seq	f6b8a2b4-774f-4091-84d6-a3f0b9eb8a6e	TCGA-SARC.35610d69-11c9-4c66-a931-ebe622525d50.star_fusion.rna_fusion.tsv	f6b8a2b4-774f-4091-84d6-a3f0b9eb8a6e
open	e786de34-4c21-460f-89ab-008de4347049	TCGA-DX-A3LU	Transcriptome Profiling	TSV	RNA-Seq	77d0e855-4489-4bc6-997e-97166c3e9237	303b3d44-f71a-4c7a-bae9-1e2b5e875619.rna_seq.augmented_star_gene_counts.tsv	77d0e855-4489-4bc6-997e-97166c3e9237
controlled	cc891960-42a2-4d76-b93b-c2914c929154	TCGA-DX-A6B9	Sequencing Reads	BAM	RNA-Seq	a42d82c2-3515-4d7d-b6b0-025052692c0d	66f3a0b4-0702-4a27-8711-e434bcb68935.rna_seq.transcriptome.gdc_realn.bam	a42d82c2-3515-4d7d-b6b0-025052692c0d
open	e7a72f7e-77b1-4d95-8f37-39a6cffc35dc	TCGA-DX-A3LT	Transcriptome Profiling	TSV	RNA-Seq	94fddb3c-dce5-4b4c-b041-b2fc6fb07764	658612d1-8cda-4d69-bd7e-7042393451e0.rna_seq.augmented_star_gene_counts.tsv	94fddb3c-dce5-4b4c-b041-b2fc6fb07764
controlled	de509aa1-6f20-480f-bf9d-d6bc04a7f72c	TCGA-RN-AAAQ	Sequencing Reads	BAM	RNA-Seq	2f3f13bd-2e21-4409-a02f-9f35f0f55f27	3a0617d7-2391-44ff-b407-520b16dd57c2.rna_seq.genomic.gdc_realn.bam	2f3f13bd-2e21-4409-a02f-9f35f0f55f27
controlled	f2fcb8c3-4679-4753-8887-bf4c2781df3a	TCGA-DX-A48U	Transcriptome Profiling	TSV	RNA-Seq	102d9811-d977-4b3e-8919-6b7d6754295c	323cb777-7ac4-4bb2-b417-f4f8c2a7200a.rna_seq.star_splice_junctions.tsv.gz	102d9811-d977-4b3e-8919-6b7d6754295c
controlled	f693eec9-cd6e-4696-882f-a6dffe481df9	TCGA-DX-A6BF	Sequencing Reads	BAM	RNA-Seq	6b4ddc02-e174-440a-920f-0a9705023bb0	6a4d63d9-8a15-473e-80f4-d11242530d96.rna_seq.genomic.gdc_realn.bam	6b4ddc02-e174-440a-920f-0a9705023bb0
controlled	f693eec9-cd6e-4696-882f-a6dffe481df9	TCGA-DX-A6BF	Structural Variation	BEDPE	RNA-Seq	3ccf4a1e-6f70-4735-87f8-290d8885ed47	TCGA-SARC.1cf0bd4e-2b9f-41f7-91d5-ed3325d2b07d.star_fusion.rna_fusion.bedpe	3ccf4a1e-6f70-4735-87f8-290d8885ed47
open	f2fcb8c3-4679-4753-8887-bf4c2781df3a	TCGA-DX-A48U	Transcriptome Profiling	TSV	RNA-Seq	2c1b49f7-304f-4cdb-ae9a-f53c1f1c238f	323cb777-7ac4-4bb2-b417-f4f8c2a7200a.rna_seq.augmented_star_gene_counts.tsv	2c1b49f7-304f-4cdb-ae9a-f53c1f1c238f
controlled	df4954d3-8334-4b0b-a781-43c12d03d604	TCGA-X6-A7WD	Structural Variation	BEDPE	RNA-Seq	36c05233-4bec-4ff3-a945-0ae30d538d5a	TCGA-SARC.6848a9f1-a8cc-4681-98c0-a5be2be97b98.star_fusion.rna_fusion.bedpe	36c05233-4bec-4ff3-a945-0ae30d538d5a
controlled	df4954d3-8334-4b0b-a781-43c12d03d604	TCGA-X6-A7WD	Structural Variation	TSV	RNA-Seq	8b1d3c1b-f2d5-460b-8e5a-f2e3f6c0681f	TCGA-SARC.6848a9f1-a8cc-4681-98c0-a5be2be97b98.star_fusion.rna_fusion.tsv	8b1d3c1b-f2d5-460b-8e5a-f2e3f6c0681f
controlled	f39cf57e-e8e6-428b-b1ce-3ecc52eecf92	TCGA-3R-A8YX	Sequencing Reads	BAM	RNA-Seq	844a3a76-fee5-4a27-ab22-8a8249407c5d	54a83f9c-5152-4da8-8f03-cd49bea12204.rna_seq.genomic.gdc_realn.bam	844a3a76-fee5-4a27-ab22-8a8249407c5d
controlled	f75d2589-fd7b-49a1-a1c8-0b4726b81f3c	TCGA-DX-A2J4	Sequencing Reads	BAM	RNA-Seq	73b64c74-128c-4874-a161-5becc8af79f4	4a04654e-f230-478f-9523-c8ba4d7b6091.rna_seq.chimeric.gdc_realn.bam	73b64c74-128c-4874-a161-5becc8af79f4
controlled	df4954d3-8334-4b0b-a781-43c12d03d604	TCGA-X6-A7WD	Sequencing Reads	BAM	RNA-Seq	b71cd1b3-e2ee-406c-ba73-a77e0a41beb0	45efdc43-0925-4980-aa5f-94d30bf73208.rna_seq.genomic.gdc_realn.bam	b71cd1b3-e2ee-406c-ba73-a77e0a41beb0
controlled	e987c47d-6ecb-41bb-a66f-a0489e56449f	TCGA-DX-A8BL	Sequencing Reads	BAM	RNA-Seq	7aa0753a-fcc7-4d1b-bc3c-3641b2b232b6	490700e9-fc4f-4548-8ea5-8e2b9dd22010.rna_seq.genomic.gdc_realn.bam	7aa0753a-fcc7-4d1b-bc3c-3641b2b232b6
controlled	e987c47d-6ecb-41bb-a66f-a0489e56449f	TCGA-DX-A8BL	Structural Variation	BEDPE	RNA-Seq	a59b54d1-fca5-45be-a891-07f2cc87eea4	TCGA-SARC.5da446f4-8b33-4220-b229-4348b00e1e18.star_fusion.rna_fusion.bedpe	a59b54d1-fca5-45be-a891-07f2cc87eea4
controlled	f39cf57e-e8e6-428b-b1ce-3ecc52eecf92	TCGA-3R-A8YX	Structural Variation	BEDPE	RNA-Seq	8d8edce9-fec7-4b77-92af-9aeefc3e6cc6	TCGA-SARC.8f72572e-469d-4a33-a4d6-cbe7881235d1.arriba.rna_fusion.bedpe	8d8edce9-fec7-4b77-92af-9aeefc3e6cc6
open	f39cf57e-e8e6-428b-b1ce-3ecc52eecf92	TCGA-3R-A8YX	Transcriptome Profiling	TSV	RNA-Seq	89bea208-c652-454b-88de-ab8d6ab3e0d0	54a83f9c-5152-4da8-8f03-cd49bea12204.rna_seq.augmented_star_gene_counts.tsv	89bea208-c652-454b-88de-ab8d6ab3e0d0
controlled	f39cf57e-e8e6-428b-b1ce-3ecc52eecf92	TCGA-3R-A8YX	Structural Variation	BEDPE	RNA-Seq	4c65474d-f4da-4513-8999-93c0dccf31ff	TCGA-SARC.3d63b826-c2f0-413a-932e-d09c110b2c88.star_fusion.rna_fusion.bedpe	4c65474d-f4da-4513-8999-93c0dccf31ff
controlled	e0b298e0-0d11-4cc8-a9fa-7f2cc9f1d6e9	TCGA-Z4-AAPF	Transcriptome Profiling	TSV	RNA-Seq	4e8f08c3-6ff6-428c-b1e8-19daf6c25716	f1105d35-2d57-43bb-998a-538ac0718233.rna_seq.star_splice_junctions.tsv.gz	4e8f08c3-6ff6-428c-b1e8-19daf6c25716
controlled	f94615ea-551c-4f63-af0d-5e49c87fc66e	TCGA-3B-A9HP	Sequencing Reads	BAM	RNA-Seq	b4e0f869-229a-4a2c-8c13-c5d9eca25407	dc331183-2017-4979-a080-b10ce3ce4c7e.rna_seq.transcriptome.gdc_realn.bam	b4e0f869-229a-4a2c-8c13-c5d9eca25407
controlled	f4852819-6c2d-45f7-8479-5e79f143c7b5	TCGA-KD-A5QS	Sequencing Reads	BAM	RNA-Seq	15d5d17c-e336-49b7-a039-14148c88aa04	eebd8d7d-4797-4fa2-a0f5-c479ba8c2104.rna_seq.transcriptome.gdc_realn.bam	15d5d17c-e336-49b7-a039-14148c88aa04
controlled	f94615ea-551c-4f63-af0d-5e49c87fc66e	TCGA-3B-A9HP	Sequencing Reads	BAM	RNA-Seq	ed839c4a-c51e-4851-bb06-30e2041614ea	dc331183-2017-4979-a080-b10ce3ce4c7e.rna_seq.genomic.gdc_realn.bam	ed839c4a-c51e-4851-bb06-30e2041614ea
controlled	e0b298e0-0d11-4cc8-a9fa-7f2cc9f1d6e9	TCGA-Z4-AAPF	Structural Variation	TSV	RNA-Seq	02684308-4cd7-4200-9afd-f173603751c6	TCGA-SARC.050ae376-a23c-4175-b4d6-642f8dacccdc.star_fusion.rna_fusion.tsv	02684308-4cd7-4200-9afd-f173603751c6
controlled	e0b298e0-0d11-4cc8-a9fa-7f2cc9f1d6e9	TCGA-Z4-AAPF	Structural Variation	BEDPE	RNA-Seq	88f50e89-ee1c-4d50-aef9-e4c1dc22f50b	TCGA-SARC.050ae376-a23c-4175-b4d6-642f8dacccdc.star_fusion.rna_fusion.bedpe	88f50e89-ee1c-4d50-aef9-e4c1dc22f50b
open	e987c47d-6ecb-41bb-a66f-a0489e56449f	TCGA-DX-A8BL	Transcriptome Profiling	TSV	RNA-Seq	f8dd34d3-f047-48d4-9b8b-2a4a707cff21	490700e9-fc4f-4548-8ea5-8e2b9dd22010.rna_seq.augmented_star_gene_counts.tsv	f8dd34d3-f047-48d4-9b8b-2a4a707cff21
controlled	f4852819-6c2d-45f7-8479-5e79f143c7b5	TCGA-KD-A5QS	Structural Variation	TSV	RNA-Seq	71058b0c-c932-491f-8144-7ce368462051	TCGA-SARC.856e5719-a486-43a8-92b7-428b6c75efd7.star_fusion.rna_fusion.tsv	71058b0c-c932-491f-8144-7ce368462051
controlled	e0b298e0-0d11-4cc8-a9fa-7f2cc9f1d6e9	TCGA-Z4-AAPF	Sequencing Reads	BAM	RNA-Seq	7d22edfb-37d7-46f3-b266-21beb18767b8	f1105d35-2d57-43bb-998a-538ac0718233.rna_seq.genomic.gdc_realn.bam	7d22edfb-37d7-46f3-b266-21beb18767b8
controlled	f4852819-6c2d-45f7-8479-5e79f143c7b5	TCGA-KD-A5QS	Sequencing Reads	BAM	RNA-Seq	579fa3ce-d19a-45c1-a6f5-d42a70bb7a87	eebd8d7d-4797-4fa2-a0f5-c479ba8c2104.rna_seq.chimeric.gdc_realn.bam	579fa3ce-d19a-45c1-a6f5-d42a70bb7a87
controlled	ea0e5ae7-1f15-4504-aea3-efd1f6733304	TCGA-DX-A1KU	Sequencing Reads	BAM	RNA-Seq	96e065fa-1d18-44c3-9754-d8ea21d57acc	a9ec0435-a3f0-4801-85f2-25d886904376.rna_seq.chimeric.gdc_realn.bam	96e065fa-1d18-44c3-9754-d8ea21d57acc
controlled	f94615ea-551c-4f63-af0d-5e49c87fc66e	TCGA-3B-A9HP	Structural Variation	TSV	RNA-Seq	1d03cdbf-bb6d-4e5b-a39e-51af75d3bff9	TCGA-SARC.387bb127-ab05-442c-8fc4-e40fe11344ea.star_fusion.rna_fusion.tsv	1d03cdbf-bb6d-4e5b-a39e-51af75d3bff9
controlled	ea0e5ae7-1f15-4504-aea3-efd1f6733304	TCGA-DX-A1KU	Structural Variation	BEDPE	RNA-Seq	374d50ff-446c-4a4b-abef-bfd1f1fc37a4	TCGA-SARC.4663edcb-f5cb-4d66-a987-97c67f05787b.arriba.rna_fusion.bedpe	374d50ff-446c-4a4b-abef-bfd1f1fc37a4
controlled	e119dc43-9ba7-43ad-add0-1ce8a01e3b06	TCGA-JV-A5VE	Transcriptome Profiling	TSV	RNA-Seq	3f72c93c-9e0a-49b4-92a3-fdfeaf8f1fa4	a00ca4f8-2855-4653-8cee-81738f40ef4c.rna_seq.star_splice_junctions.tsv.gz	3f72c93c-9e0a-49b4-92a3-fdfeaf8f1fa4
controlled	f519be07-434e-4eb2-acf9-318565b83d50	TCGA-K1-A3PN	Structural Variation	TSV	RNA-Seq	88544550-21d1-4e23-8c7b-4434f92ff242	TCGA-SARC.b39bc4f8-6856-44a3-a763-9b4c1b491371.star_fusion.rna_fusion.tsv	88544550-21d1-4e23-8c7b-4434f92ff242
controlled	f519be07-434e-4eb2-acf9-318565b83d50	TCGA-K1-A3PN	Sequencing Reads	BAM	RNA-Seq	c82171e6-5aca-4b3f-ba06-43b63960e211	265d60b1-986b-4bc5-9c96-88a8fdfe8394.rna_seq.genomic.gdc_realn.bam	c82171e6-5aca-4b3f-ba06-43b63960e211
controlled	ea0e5ae7-1f15-4504-aea3-efd1f6733304	TCGA-DX-A1KU	Structural Variation	TSV	RNA-Seq	9efcd5df-3b09-4570-9e04-6ad6eeac81cc	TCGA-SARC.64125f35-58d4-4e8f-846a-0c3a278a3396.star_fusion.rna_fusion.tsv	9efcd5df-3b09-4570-9e04-6ad6eeac81cc
controlled	f519be07-434e-4eb2-acf9-318565b83d50	TCGA-K1-A3PN	Sequencing Reads	BAM	RNA-Seq	99606823-5e36-4dd4-bc0d-f64f254e8f75	51a6a81d-837e-4e0b-9b37-b0c3173ec1d2.rna_seq.chimeric.gdc_realn.bam	99606823-5e36-4dd4-bc0d-f64f254e8f75
controlled	f9ceee8b-aa08-4123-ba70-76b3cbfc50e6	TCGA-DX-A6YT	Sequencing Reads	BAM	RNA-Seq	1be56b4b-fd30-48f9-b446-73b4d002ba74	a7bec419-7c8d-495d-9cb3-f810ff08c8b4.rna_seq.chimeric.gdc_realn.bam	1be56b4b-fd30-48f9-b446-73b4d002ba74
controlled	f519be07-434e-4eb2-acf9-318565b83d50	TCGA-K1-A3PN	Structural Variation	TSV	RNA-Seq	61a5a537-9dcb-41e1-aff1-0ccc9e8e0cd7	TCGA-SARC.ba499d3b-ebb2-4126-b73a-680e6ae23cdb.star_fusion.rna_fusion.tsv	61a5a537-9dcb-41e1-aff1-0ccc9e8e0cd7
controlled	ea3a524b-6ee3-4904-8924-29fcaa20985c	TCGA-DX-A3U7	Transcriptome Profiling	TSV	RNA-Seq	5b7272b6-4298-444f-93ad-0529398a059b	bbfc820d-bc32-4816-8ccf-a0b24eb7097c.rna_seq.star_splice_junctions.tsv.gz	5b7272b6-4298-444f-93ad-0529398a059b
controlled	fbc32608-52ae-48ca-bb4a-ec29c1d82b8b	TCGA-WK-A8XO	Structural Variation	TSV	RNA-Seq	30b46f50-97e9-4477-b178-669ba558e9ca	TCGA-SARC.18840acf-7be8-4193-b84c-66058edb4e8e.arriba.rna_fusion.tsv	30b46f50-97e9-4477-b178-669ba558e9ca
controlled	ea3a524b-6ee3-4904-8924-29fcaa20985c	TCGA-DX-A3U7	Structural Variation	BEDPE	RNA-Seq	3ca2310e-56ab-4cd7-90dd-86f46f386a0d	TCGA-SARC.a449bac9-39b0-4a43-96a1-58009693c979.star_fusion.rna_fusion.bedpe	3ca2310e-56ab-4cd7-90dd-86f46f386a0d
controlled	f519be07-434e-4eb2-acf9-318565b83d50	TCGA-K1-A3PN	Structural Variation	BEDPE	RNA-Seq	d72722c9-50d4-4310-8ad6-1341292ee75e	TCGA-SARC.ba499d3b-ebb2-4126-b73a-680e6ae23cdb.star_fusion.rna_fusion.bedpe	d72722c9-50d4-4310-8ad6-1341292ee75e
controlled	fbc32608-52ae-48ca-bb4a-ec29c1d82b8b	TCGA-WK-A8XO	Sequencing Reads	BAM	RNA-Seq	f276ce30-518d-46cd-9bba-bd4c3114cd07	1db3c803-8b6b-4ddf-82ef-96d538495293.rna_seq.chimeric.gdc_realn.bam	f276ce30-518d-46cd-9bba-bd4c3114cd07
controlled	f519be07-434e-4eb2-acf9-318565b83d50	TCGA-K1-A3PN	Sequencing Reads	BAM	RNA-Seq	3762b532-e7ab-4690-891d-13989dea03eb	51a6a81d-837e-4e0b-9b37-b0c3173ec1d2.rna_seq.transcriptome.gdc_realn.bam	3762b532-e7ab-4690-891d-13989dea03eb
controlled	fbc32608-52ae-48ca-bb4a-ec29c1d82b8b	TCGA-WK-A8XO	Structural Variation	BEDPE	RNA-Seq	bf5d57b7-e66f-4295-8c71-0768e6b7334b	TCGA-SARC.e768977d-c7b3-4a2b-b7da-d1b47e32f473.star_fusion.rna_fusion.bedpe	bf5d57b7-e66f-4295-8c71-0768e6b7334b
controlled	f519be07-434e-4eb2-acf9-318565b83d50	TCGA-K1-A3PN	Transcriptome Profiling	TSV	RNA-Seq	1c8e98b3-6036-4218-b6fe-c01efbe36a01	51a6a81d-837e-4e0b-9b37-b0c3173ec1d2.rna_seq.star_splice_junctions.tsv.gz	1c8e98b3-6036-4218-b6fe-c01efbe36a01
controlled	ea3a524b-6ee3-4904-8924-29fcaa20985c	TCGA-DX-A3U7	Structural Variation	TSV	RNA-Seq	d0db5a79-2e36-4a75-9195-945483ee4dcd	TCGA-SARC.a449bac9-39b0-4a43-96a1-58009693c979.star_fusion.rna_fusion.tsv	d0db5a79-2e36-4a75-9195-945483ee4dcd
controlled	fbc32608-52ae-48ca-bb4a-ec29c1d82b8b	TCGA-WK-A8XO	Transcriptome Profiling	TSV	RNA-Seq	1cf8e067-a090-4f0c-9c00-f1de3afba150	1db3c803-8b6b-4ddf-82ef-96d538495293.rna_seq.star_splice_junctions.tsv.gz	1cf8e067-a090-4f0c-9c00-f1de3afba150
controlled	f519be07-434e-4eb2-acf9-318565b83d50	TCGA-K1-A3PN	Structural Variation	BEDPE	RNA-Seq	a8f88434-a0f7-47e5-8395-c1094c575135	TCGA-SARC.b39bc4f8-6856-44a3-a763-9b4c1b491371.star_fusion.rna_fusion.bedpe	a8f88434-a0f7-47e5-8395-c1094c575135
controlled	ecc74d54-d929-4dd0-b9ec-e03163343f9a	TCGA-DX-A6YX	Structural Variation	TSV	RNA-Seq	5621434c-7f82-48e8-9caf-7ee6f24d56fb	TCGA-SARC.c469a3b4-15b2-41b8-a5d4-41954dd2a167.arriba.rna_fusion.tsv	5621434c-7f82-48e8-9caf-7ee6f24d56fb
controlled	ecc74d54-d929-4dd0-b9ec-e03163343f9a	TCGA-DX-A6YX	Sequencing Reads	BAM	RNA-Seq	5d810369-05c4-43a9-92f5-bbdd8e843abf	0916a18c-2f0f-4b7c-8570-ac8931a16c33.rna_seq.chimeric.gdc_realn.bam	5d810369-05c4-43a9-92f5-bbdd8e843abf
open	f519be07-434e-4eb2-acf9-318565b83d50	TCGA-K1-A3PN	Transcriptome Profiling	TSV	RNA-Seq	094d5f47-147b-491c-b659-1164f0f5ac1a	265d60b1-986b-4bc5-9c96-88a8fdfe8394.rna_seq.augmented_star_gene_counts.tsv	094d5f47-147b-491c-b659-1164f0f5ac1a
controlled	fd93cabe-fb8d-4a46-97ee-60051110237a	TCGA-DX-A48O	Structural Variation	TSV	RNA-Seq	d0a78a88-1926-4ef0-b6d9-96174bdc77dc	TCGA-SARC.b60621e7-22a2-400a-85d5-29489f6501d6.star_fusion.rna_fusion.tsv	d0a78a88-1926-4ef0-b6d9-96174bdc77dc
controlled	fd93cabe-fb8d-4a46-97ee-60051110237a	TCGA-DX-A48O	Sequencing Reads	BAM	RNA-Seq	999017a3-2303-4dc0-80ce-292ed9154bc4	7a68d421-1310-4b1d-b5be-71751cd44f9e.rna_seq.chimeric.gdc_realn.bam	999017a3-2303-4dc0-80ce-292ed9154bc4
controlled	fd93cabe-fb8d-4a46-97ee-60051110237a	TCGA-DX-A48O	Sequencing Reads	BAM	RNA-Seq	61ddefc6-4102-438d-b2f2-ee74641843ba	7a68d421-1310-4b1d-b5be-71751cd44f9e.rna_seq.transcriptome.gdc_realn.bam	61ddefc6-4102-438d-b2f2-ee74641843ba
controlled	f6534e53-ea96-4e51-b93f-8aa045f6775d	TCGA-DX-AB2O	Sequencing Reads	BAM	RNA-Seq	de0b10b9-cfd5-4e9b-b607-f8187c7fff6f	8c3d734b-1fba-41e3-ac3e-240afeef43b3.rna_seq.transcriptome.gdc_realn.bam	de0b10b9-cfd5-4e9b-b607-f8187c7fff6f
controlled	fd93cabe-fb8d-4a46-97ee-60051110237a	TCGA-DX-A48O	Structural Variation	BEDPE	RNA-Seq	35951590-a707-444e-9597-4bab54da6b4a	TCGA-SARC.79fba34c-0f94-44de-a14b-a7c05d4f5120.arriba.rna_fusion.bedpe	35951590-a707-444e-9597-4bab54da6b4a
controlled	27818e2c-aa23-4be3-a1d6-d6a7aa88795d	TCGA-K1-A3PO	Structural Variation	BEDPE	RNA-Seq	4ec6bb31-9151-414a-aec3-495d9c4f8460	TCGA-SARC.6cd5e073-7012-49f3-8bf1-8a1be874d1fb.star_fusion.rna_fusion.bedpe	4ec6bb31-9151-414a-aec3-495d9c4f8460
controlled	9393e4f1-6a1b-4181-b928-72b6f335bec2	TCGA-IF-A4AK	Structural Variation	BEDPE	RNA-Seq	1b405db5-5703-46e7-8312-b1edb2e17d96	TCGA-SARC.2dcc3350-c1c3-490d-8a04-4d09bbd7cd73.arriba.rna_fusion.bedpe	1b405db5-5703-46e7-8312-b1edb2e17d96
controlled	27818e2c-aa23-4be3-a1d6-d6a7aa88795d	TCGA-K1-A3PO	Sequencing Reads	BAM	RNA-Seq	b0cd615d-f667-4a4d-9313-3d63bd2e0c09	bd93c721-5b29-4ff8-97e1-4032c626970d.rna_seq.genomic.gdc_realn.bam	b0cd615d-f667-4a4d-9313-3d63bd2e0c09
controlled	cd73a55f-03c1-4da0-9fa7-1ae4a263664e	TCGA-DX-A1KW	Structural Variation	BEDPE	RNA-Seq	f954fecc-f19f-4315-a1c0-2ad3725f5d76	TCGA-SARC.79393071-cea7-4bd9-9130-121ea9b9f0ce.arriba.rna_fusion.bedpe	f954fecc-f19f-4315-a1c0-2ad3725f5d76
open	9393e4f1-6a1b-4181-b928-72b6f335bec2	TCGA-IF-A4AK	Transcriptome Profiling	TSV	RNA-Seq	40c41c73-1d30-4ace-acf3-dcec984857cf	c9b1259e-841d-4971-a8d9-5e287bebe2e4.rna_seq.augmented_star_gene_counts.tsv	40c41c73-1d30-4ace-acf3-dcec984857cf
controlled	cd73a55f-03c1-4da0-9fa7-1ae4a263664e	TCGA-DX-A1KW	Sequencing Reads	BAM	RNA-Seq	dfc2c53f-e486-449a-8900-807a920d569f	7bda671c-95d4-4f58-8d10-323308710256.rna_seq.chimeric.gdc_realn.bam	dfc2c53f-e486-449a-8900-807a920d569f
controlled	cd73a55f-03c1-4da0-9fa7-1ae4a263664e	TCGA-DX-A1KW	Transcriptome Profiling	TSV	RNA-Seq	ff1d9d67-eb8d-4c05-a696-aaba7e2f542c	7bda671c-95d4-4f58-8d10-323308710256.rna_seq.star_splice_junctions.tsv.gz	ff1d9d67-eb8d-4c05-a696-aaba7e2f542c
open	e9e4731a-a7ca-455c-868c-a6d53d0aa749	TCGA-DX-AB35	Transcriptome Profiling	TSV	RNA-Seq	df576078-a659-4121-b85a-94acabc2c0f9	d159e5c3-7517-4510-a948-054f8b4a88ef.rna_seq.augmented_star_gene_counts.tsv	df576078-a659-4121-b85a-94acabc2c0f9
controlled	e9e4731a-a7ca-455c-868c-a6d53d0aa749	TCGA-DX-AB35	Sequencing Reads	BAM	RNA-Seq	9137dc5c-3eeb-465f-b6dc-750993e3d2f2	d159e5c3-7517-4510-a948-054f8b4a88ef.rna_seq.genomic.gdc_realn.bam	9137dc5c-3eeb-465f-b6dc-750993e3d2f2
controlled	a46c2122-9eb3-429c-aaf7-24fcb1f7a6a1	TCGA-FX-A3NK	Structural Variation	BEDPE	RNA-Seq	753ca764-e873-4e3b-9ee6-a0c160bc399f	TCGA-SARC.79619d76-2e6b-44e5-98ca-b2dd58e65377.arriba.rna_fusion.bedpe	753ca764-e873-4e3b-9ee6-a0c160bc399f
controlled	a46c2122-9eb3-429c-aaf7-24fcb1f7a6a1	TCGA-FX-A3NK	Structural Variation	TSV	RNA-Seq	5d957c02-ad56-49eb-87f1-1d9c6717a3a9	TCGA-SARC.79619d76-2e6b-44e5-98ca-b2dd58e65377.arriba.rna_fusion.tsv	5d957c02-ad56-49eb-87f1-1d9c6717a3a9
controlled	a46c2122-9eb3-429c-aaf7-24fcb1f7a6a1	TCGA-FX-A3NK	Sequencing Reads	BAM	RNA-Seq	8ab86b12-79b9-452e-b1e5-455810919c53	d81ad264-0c65-45bc-8394-fd24832737bb.rna_seq.chimeric.gdc_realn.bam	8ab86b12-79b9-452e-b1e5-455810919c53
controlled	1c851f7b-a206-45db-ad52-338aa57c2ac1	TCGA-DX-AB2T	Structural Variation	BEDPE	RNA-Seq	b9404f40-8727-437b-b38b-7d559cb7d0c6	TCGA-SARC.1f581f5e-266b-4ecf-a971-6231f635f7cc.arriba.rna_fusion.bedpe	b9404f40-8727-437b-b38b-7d559cb7d0c6
controlled	1c851f7b-a206-45db-ad52-338aa57c2ac1	TCGA-DX-AB2T	Structural Variation	BEDPE	RNA-Seq	002dc242-55fb-4fa7-bbeb-03cc16211268	TCGA-SARC.59d5bf14-f70e-4f6d-a1bd-0738f634e45b.star_fusion.rna_fusion.bedpe	002dc242-55fb-4fa7-bbeb-03cc16211268
controlled	1c851f7b-a206-45db-ad52-338aa57c2ac1	TCGA-DX-AB2T	Structural Variation	TSV	RNA-Seq	d752f558-ab76-4e0f-9c7d-135dbacc5c10	TCGA-SARC.59d5bf14-f70e-4f6d-a1bd-0738f634e45b.star_fusion.rna_fusion.tsv	d752f558-ab76-4e0f-9c7d-135dbacc5c10
controlled	a46c2122-9eb3-429c-aaf7-24fcb1f7a6a1	TCGA-FX-A3NK	Sequencing Reads	BAM	RNA-Seq	df348bb8-3bdc-43d3-a314-7fc1725a1495	d81ad264-0c65-45bc-8394-fd24832737bb.rna_seq.transcriptome.gdc_realn.bam	df348bb8-3bdc-43d3-a314-7fc1725a1495
controlled	9ff814f6-4a05-4471-8492-41574fa3eeeb	TCGA-3B-A9HX	Structural Variation	TSV	RNA-Seq	90e18152-2763-4969-b32c-12f5ba667acc	TCGA-SARC.f8b5d1bb-91c4-4f1d-9b1c-03538d1ff3e3.star_fusion.rna_fusion.tsv	90e18152-2763-4969-b32c-12f5ba667acc
controlled	27a6bd26-4b57-4eee-be02-6b20f5b69e1e	TCGA-DX-AB2L	Sequencing Reads	BAM	RNA-Seq	00aea743-70e3-478d-afd5-ac91d0365b71	71ecb38f-c270-4b64-a13f-dac55838844f.rna_seq.genomic.gdc_realn.bam	00aea743-70e3-478d-afd5-ac91d0365b71
controlled	37a3b7c7-971a-4c96-8c77-14bb0b7741a3	TCGA-QQ-A8VG	Structural Variation	TSV	RNA-Seq	3d970b5a-1220-41aa-8020-03d8f1f0f96b	TCGA-SARC.51605248-595e-40bf-9d3a-d8cab0178be2.star_fusion.rna_fusion.tsv	3d970b5a-1220-41aa-8020-03d8f1f0f96b
controlled	27a6bd26-4b57-4eee-be02-6b20f5b69e1e	TCGA-DX-AB2L	Transcriptome Profiling	TSV	RNA-Seq	05eaad3f-ffb9-4fdd-b136-f44c2c48a761	71ecb38f-c270-4b64-a13f-dac55838844f.rna_seq.star_splice_junctions.tsv.gz	05eaad3f-ffb9-4fdd-b136-f44c2c48a761
controlled	9ff814f6-4a05-4471-8492-41574fa3eeeb	TCGA-3B-A9HX	Structural Variation	BEDPE	RNA-Seq	9ef8743a-863b-408e-8b15-52266d3ea290	TCGA-SARC.f8b5d1bb-91c4-4f1d-9b1c-03538d1ff3e3.star_fusion.rna_fusion.bedpe	9ef8743a-863b-408e-8b15-52266d3ea290
controlled	9ff814f6-4a05-4471-8492-41574fa3eeeb	TCGA-3B-A9HX	Sequencing Reads	BAM	RNA-Seq	212feca1-b6e7-4544-af89-d42db4c42e4b	f5a5de6f-52df-419d-9ea3-27383a6b53a0.rna_seq.transcriptome.gdc_realn.bam	212feca1-b6e7-4544-af89-d42db4c42e4b
controlled	37a3b7c7-971a-4c96-8c77-14bb0b7741a3	TCGA-QQ-A8VG	Transcriptome Profiling	TSV	RNA-Seq	d1698848-d470-483d-aa8a-1142e9b03348	d019b4cf-75c8-4eb7-b344-8e44aaea29c0.rna_seq.star_splice_junctions.tsv.gz	d1698848-d470-483d-aa8a-1142e9b03348
controlled	9ff814f6-4a05-4471-8492-41574fa3eeeb	TCGA-3B-A9HX	Sequencing Reads	BAM	RNA-Seq	7b9997b1-eb46-4fb7-a7d4-3678c3f2f663	f5a5de6f-52df-419d-9ea3-27383a6b53a0.rna_seq.genomic.gdc_realn.bam	7b9997b1-eb46-4fb7-a7d4-3678c3f2f663
open	37a3b7c7-971a-4c96-8c77-14bb0b7741a3	TCGA-QQ-A8VG	Transcriptome Profiling	TSV	RNA-Seq	bfba0352-2263-4f6a-a124-94508f1db038	d019b4cf-75c8-4eb7-b344-8e44aaea29c0.rna_seq.augmented_star_gene_counts.tsv	bfba0352-2263-4f6a-a124-94508f1db038
controlled	9ff814f6-4a05-4471-8492-41574fa3eeeb	TCGA-3B-A9HX	Sequencing Reads	BAM	RNA-Seq	11848891-02ed-42c6-abfb-0dbd8e080fae	f5a5de6f-52df-419d-9ea3-27383a6b53a0.rna_seq.chimeric.gdc_realn.bam	11848891-02ed-42c6-abfb-0dbd8e080fae
controlled	27a6bd26-4b57-4eee-be02-6b20f5b69e1e	TCGA-DX-AB2L	Structural Variation	TSV	RNA-Seq	e53584c6-7fd6-45f6-9bf0-74a35856a459	TCGA-SARC.de3eb095-ee3e-49e6-99ad-7f72823b44a6.star_fusion.rna_fusion.tsv	e53584c6-7fd6-45f6-9bf0-74a35856a459
controlled	0020317d-d10e-4e75-8fa6-7c1bdcdee471	TCGA-HS-A5NA	Structural Variation	BEDPE	RNA-Seq	43a66b24-a548-4610-9278-317d50740453	TCGA-SARC.4f390014-fe94-4dd2-8014-48f694d988fd.arriba.rna_fusion.bedpe	43a66b24-a548-4610-9278-317d50740453
controlled	1610d467-e83f-490f-a971-7b099f3b46f8	TCGA-DX-A8BO	Sequencing Reads	BAM	RNA-Seq	27a1f3c5-eba6-46f7-b317-d2f35ec3ca6b	0b6f9291-f415-4115-b79f-1b1312794341.rna_seq.genomic.gdc_realn.bam	27a1f3c5-eba6-46f7-b317-d2f35ec3ca6b
controlled	1610d467-e83f-490f-a971-7b099f3b46f8	TCGA-DX-A8BO	Structural Variation	BEDPE	RNA-Seq	a2db2fc0-4c10-4c06-be28-b5db2ffe7e97	TCGA-SARC.96469085-ae46-4d8e-a011-005c282ed389.arriba.rna_fusion.bedpe	a2db2fc0-4c10-4c06-be28-b5db2ffe7e97
controlled	27a6bd26-4b57-4eee-be02-6b20f5b69e1e	TCGA-DX-AB2L	Structural Variation	TSV	RNA-Seq	acc06d60-d5de-4aef-8aaf-959e83ee80c0	TCGA-SARC.0906a09a-c554-4598-855e-810b2807d2ee.arriba.rna_fusion.tsv	acc06d60-d5de-4aef-8aaf-959e83ee80c0
controlled	0020317d-d10e-4e75-8fa6-7c1bdcdee471	TCGA-HS-A5NA	Sequencing Reads	BAM	RNA-Seq	4f892080-c91c-4b8b-9d64-68cf6c330770	f7d7d34c-4694-4662-b7fd-be887bdc9697.rna_seq.chimeric.gdc_realn.bam	4f892080-c91c-4b8b-9d64-68cf6c330770
controlled	0020317d-d10e-4e75-8fa6-7c1bdcdee471	TCGA-HS-A5NA	Sequencing Reads	BAM	RNA-Seq	2dfed27f-d753-4d39-b1ee-d71a02c2c24a	f7d7d34c-4694-4662-b7fd-be887bdc9697.rna_seq.genomic.gdc_realn.bam	2dfed27f-d753-4d39-b1ee-d71a02c2c24a
controlled	2905cbd1-719b-46d9-b8af-8fe4927bc473	TCGA-FX-A2QS	Structural Variation	TSV	RNA-Seq	e63484de-0ab7-47a8-bac8-dd1f8a3dd7f5	TCGA-SARC.9c3619be-3f62-406e-a367-08e7a633596c.star_fusion.rna_fusion.tsv	e63484de-0ab7-47a8-bac8-dd1f8a3dd7f5
controlled	2905cbd1-719b-46d9-b8af-8fe4927bc473	TCGA-FX-A2QS	Structural Variation	BEDPE	RNA-Seq	e18f664c-da35-4183-a222-41c32be12fb3	TCGA-SARC.ac295b8c-2d1e-468e-b26a-952e73ec600c.star_fusion.rna_fusion.bedpe	e18f664c-da35-4183-a222-41c32be12fb3
controlled	00eaaf62-c43e-4555-9134-1e5593386fdb	TCGA-3B-A9HS	Transcriptome Profiling	TSV	RNA-Seq	b79cef9b-2768-417d-8946-d2751bca99a0	ba674556-bd06-4ad1-b873-74f3f4491c1e.rna_seq.star_splice_junctions.tsv.gz	b79cef9b-2768-417d-8946-d2751bca99a0
controlled	1610d467-e83f-490f-a971-7b099f3b46f8	TCGA-DX-A8BO	Sequencing Reads	BAM	RNA-Seq	020501ee-c24b-464e-9883-125dd240fa31	0b6f9291-f415-4115-b79f-1b1312794341.rna_seq.chimeric.gdc_realn.bam	020501ee-c24b-464e-9883-125dd240fa31
controlled	00eaaf62-c43e-4555-9134-1e5593386fdb	TCGA-3B-A9HS	Sequencing Reads	BAM	RNA-Seq	db27fe52-d8f4-4ffb-b854-0778fbd34000	ba674556-bd06-4ad1-b873-74f3f4491c1e.rna_seq.transcriptome.gdc_realn.bam	db27fe52-d8f4-4ffb-b854-0778fbd34000
open	00eaaf62-c43e-4555-9134-1e5593386fdb	TCGA-3B-A9HS	Transcriptome Profiling	TSV	RNA-Seq	1fe1fd06-7884-4e0b-9faf-d5381a9a2735	ba674556-bd06-4ad1-b873-74f3f4491c1e.rna_seq.augmented_star_gene_counts.tsv	1fe1fd06-7884-4e0b-9faf-d5381a9a2735
controlled	5d9608fd-e3eb-4bf9-911f-7656d6814b98	TCGA-DX-AB2J	Transcriptome Profiling	TSV	RNA-Seq	197aa9e6-69b6-4466-8e60-60adee76191a	b7ac9da3-7fbe-4618-a852-8d614cabd9aa.rna_seq.star_splice_junctions.tsv.gz	197aa9e6-69b6-4466-8e60-60adee76191a
controlled	01c5f902-ec3c-4eb7-9e38-1d29ae6ab959	TCGA-WK-A8XY	Transcriptome Profiling	TSV	RNA-Seq	d3b64346-3a9d-4b17-a6b8-fc1e936b52ee	f8a47640-9b0f-4d1b-94fd-dacc75fb2e96.rna_seq.star_splice_junctions.tsv.gz	d3b64346-3a9d-4b17-a6b8-fc1e936b52ee
controlled	0a4af73d-3c12-4740-bf92-c0eedd3dd135	TCGA-WK-A8XZ	Sequencing Reads	BAM	RNA-Seq	f67967ed-87ec-433f-a2b8-4556dc79cb25	ab2a645d-322d-46e8-9872-1ecf9ee72891.rna_seq.genomic.gdc_realn.bam	f67967ed-87ec-433f-a2b8-4556dc79cb25
controlled	9f7b8012-3dee-44b2-8159-f96a6eb5036a	TCGA-DX-A6BE	Structural Variation	BEDPE	RNA-Seq	f17113dd-bffe-4e41-b878-1d9e8c557054	TCGA-SARC.43576906-8002-4237-b6db-9a22df6f3cee.arriba.rna_fusion.bedpe	f17113dd-bffe-4e41-b878-1d9e8c557054
open	0a4af73d-3c12-4740-bf92-c0eedd3dd135	TCGA-WK-A8XZ	Transcriptome Profiling	TSV	RNA-Seq	1c286281-e06f-4f5d-84ba-3c7180a0e3ba	ab2a645d-322d-46e8-9872-1ecf9ee72891.rna_seq.augmented_star_gene_counts.tsv	1c286281-e06f-4f5d-84ba-3c7180a0e3ba
controlled	c054c61b-0783-46f9-9c5c-8589ea47f43d	TCGA-3B-A9HJ	Structural Variation	TSV	RNA-Seq	807431f8-2286-42c2-bf39-71f513d88aab	TCGA-SARC.b5fd8341-20e6-4a51-a19a-745c2322b141.star_fusion.rna_fusion.tsv	807431f8-2286-42c2-bf39-71f513d88aab
controlled	c054c61b-0783-46f9-9c5c-8589ea47f43d	TCGA-3B-A9HJ	Structural Variation	TSV	RNA-Seq	7287576a-93c8-48a6-b7fe-1c6870441a91	TCGA-SARC.30d66ef2-c600-4fc6-8328-c0251d8d4d61.arriba.rna_fusion.tsv	7287576a-93c8-48a6-b7fe-1c6870441a91
controlled	c054c61b-0783-46f9-9c5c-8589ea47f43d	TCGA-3B-A9HJ	Structural Variation	BEDPE	RNA-Seq	90e262b0-ca95-49f0-9a70-a8e949b254e5	TCGA-SARC.b5fd8341-20e6-4a51-a19a-745c2322b141.star_fusion.rna_fusion.bedpe	90e262b0-ca95-49f0-9a70-a8e949b254e5
controlled	01c5f902-ec3c-4eb7-9e38-1d29ae6ab959	TCGA-WK-A8XY	Sequencing Reads	BAM	RNA-Seq	b6b1b70c-6789-4942-a5db-5d1f1e89d2c0	f8a47640-9b0f-4d1b-94fd-dacc75fb2e96.rna_seq.chimeric.gdc_realn.bam	b6b1b70c-6789-4942-a5db-5d1f1e89d2c0
controlled	c054c61b-0783-46f9-9c5c-8589ea47f43d	TCGA-3B-A9HJ	Sequencing Reads	BAM	RNA-Seq	216321cd-a554-415c-8dc7-0937860f7053	fd380503-86ec-40f2-973b-e8ca18e22e19.rna_seq.genomic.gdc_realn.bam	216321cd-a554-415c-8dc7-0937860f7053
controlled	c054c61b-0783-46f9-9c5c-8589ea47f43d	TCGA-3B-A9HJ	Transcriptome Profiling	TSV	RNA-Seq	99082f7e-4a03-4caa-b4a8-b234a3abb0db	fd380503-86ec-40f2-973b-e8ca18e22e19.rna_seq.star_splice_junctions.tsv.gz	99082f7e-4a03-4caa-b4a8-b234a3abb0db
controlled	c054c61b-0783-46f9-9c5c-8589ea47f43d	TCGA-3B-A9HJ	Sequencing Reads	BAM	RNA-Seq	6cb94f1f-c144-485b-a4e9-3ed068497245	fd380503-86ec-40f2-973b-e8ca18e22e19.rna_seq.chimeric.gdc_realn.bam	6cb94f1f-c144-485b-a4e9-3ed068497245
controlled	c054c61b-0783-46f9-9c5c-8589ea47f43d	TCGA-3B-A9HJ	Structural Variation	BEDPE	RNA-Seq	440baacf-3b33-4048-8df2-88b7b6450145	TCGA-SARC.30d66ef2-c600-4fc6-8328-c0251d8d4d61.arriba.rna_fusion.bedpe	440baacf-3b33-4048-8df2-88b7b6450145
open	c054c61b-0783-46f9-9c5c-8589ea47f43d	TCGA-3B-A9HJ	Transcriptome Profiling	TSV	RNA-Seq	d1ad0704-a7f1-4904-b117-2c504fd17728	fd380503-86ec-40f2-973b-e8ca18e22e19.rna_seq.augmented_star_gene_counts.tsv	d1ad0704-a7f1-4904-b117-2c504fd17728
open	02b7b0c5-dad6-4270-b56b-3d04285e8147	TCGA-KD-A5QU	Transcriptome Profiling	TSV	RNA-Seq	a04477b3-10c5-4d12-a9e2-b8e3f7acccbd	7383c625-5ca5-487a-a4df-cf025ee14d32.rna_seq.augmented_star_gene_counts.tsv	a04477b3-10c5-4d12-a9e2-b8e3f7acccbd
controlled	8372e154-c9c1-4382-8120-7e14dd426367	TCGA-X2-A95T	Structural Variation	BEDPE	RNA-Seq	50ce8bd1-61c8-40bd-b6ef-78741aa9bbf5	TCGA-SARC.66995f62-2156-424e-a63b-3801125a12ef.star_fusion.rna_fusion.bedpe	50ce8bd1-61c8-40bd-b6ef-78741aa9bbf5
controlled	8372e154-c9c1-4382-8120-7e14dd426367	TCGA-X2-A95T	Structural Variation	TSV	RNA-Seq	9400951a-6fcb-4f96-be66-e5dcf0f528f9	TCGA-SARC.d3cb50e9-5385-46a3-94f9-054feb86f239.arriba.rna_fusion.tsv	9400951a-6fcb-4f96-be66-e5dcf0f528f9
controlled	02b7b0c5-dad6-4270-b56b-3d04285e8147	TCGA-KD-A5QU	Sequencing Reads	BAM	RNA-Seq	bcacbc79-f9a4-454e-bf75-c08da00132c6	7383c625-5ca5-487a-a4df-cf025ee14d32.rna_seq.genomic.gdc_realn.bam	bcacbc79-f9a4-454e-bf75-c08da00132c6
controlled	07778870-d400-4495-b786-c63ff33fc29d	TCGA-DX-AB2V	Structural Variation	BEDPE	RNA-Seq	50cf69b4-0d00-4a80-8687-36e171a46554	TCGA-SARC.c9ca46a9-6d8d-4a4a-a8fd-95c0ae88530c.star_fusion.rna_fusion.bedpe	50cf69b4-0d00-4a80-8687-36e171a46554
controlled	8372e154-c9c1-4382-8120-7e14dd426367	TCGA-X2-A95T	Sequencing Reads	BAM	RNA-Seq	9db9c79b-dae4-4b16-b88c-8887c0c4307b	6008ff0b-cb5b-4b7d-a438-dfa992f224a8.rna_seq.genomic.gdc_realn.bam	9db9c79b-dae4-4b16-b88c-8887c0c4307b
controlled	07778870-d400-4495-b786-c63ff33fc29d	TCGA-DX-AB2V	Structural Variation	TSV	RNA-Seq	9f6178bc-413d-41e8-91d2-25ff422055eb	TCGA-SARC.c9ca46a9-6d8d-4a4a-a8fd-95c0ae88530c.star_fusion.rna_fusion.tsv	9f6178bc-413d-41e8-91d2-25ff422055eb
controlled	07778870-d400-4495-b786-c63ff33fc29d	TCGA-DX-AB2V	Sequencing Reads	BAM	RNA-Seq	3eb4945a-08cb-453f-84bd-ea0016176b37	38a95d74-a928-40b3-9856-9bef8c77b7f7.rna_seq.genomic.gdc_realn.bam	3eb4945a-08cb-453f-84bd-ea0016176b37
controlled	07778870-d400-4495-b786-c63ff33fc29d	TCGA-DX-AB2V	Structural Variation	BEDPE	RNA-Seq	19d90601-c8c5-49b7-937b-4725b775582f	TCGA-SARC.a1bc31a8-d0f4-47cb-a5e8-02ce72476557.arriba.rna_fusion.bedpe	19d90601-c8c5-49b7-937b-4725b775582f
controlled	e2272de4-02b8-4a94-b8ee-c7454996a2da	TCGA-DX-AB2Q	Structural Variation	TSV	RNA-Seq	9b06e2a2-c436-4c71-8ad2-862b2fc9353d	TCGA-SARC.5895005e-105a-41b3-99ab-13816a9ec87f.arriba.rna_fusion.tsv	9b06e2a2-c436-4c71-8ad2-862b2fc9353d
controlled	0494a8ea-ecf3-4f3e-8b3c-26a9254b6755	TCGA-QQ-A5VC	Sequencing Reads	BAM	RNA-Seq	755993e3-cdd0-4c16-b647-9232ad556d5f	42aca376-bcbe-486e-ad7e-79e6c2073d41.rna_seq.genomic.gdc_realn.bam	755993e3-cdd0-4c16-b647-9232ad556d5f
controlled	0494a8ea-ecf3-4f3e-8b3c-26a9254b6755	TCGA-QQ-A5VC	Structural Variation	BEDPE	RNA-Seq	fbbe5f2e-21c8-4860-aae7-fc40a41fe52b	TCGA-SARC.a89ef052-8e3b-4518-9a86-64b2c5b63219.star_fusion.rna_fusion.bedpe	fbbe5f2e-21c8-4860-aae7-fc40a41fe52b
controlled	e2272de4-02b8-4a94-b8ee-c7454996a2da	TCGA-DX-AB2Q	Structural Variation	BEDPE	RNA-Seq	fb695a0e-45b3-48eb-b97d-ba0850d4b8d4	TCGA-SARC.0eeaf0b7-5819-471a-ae89-b276335ffcec.star_fusion.rna_fusion.bedpe	fb695a0e-45b3-48eb-b97d-ba0850d4b8d4
controlled	07a6bbce-012b-48fe-8c62-e79a1b200eb6	TCGA-DX-A8BV	Sequencing Reads	BAM	RNA-Seq	7c413303-f00b-4c0d-b2cf-cc20ba53b3a9	c3a3d352-1555-4ca3-bbb9-282830219d17.rna_seq.transcriptome.gdc_realn.bam	7c413303-f00b-4c0d-b2cf-cc20ba53b3a9
controlled	0494a8ea-ecf3-4f3e-8b3c-26a9254b6755	TCGA-QQ-A5VC	Sequencing Reads	BAM	RNA-Seq	b28c5f1d-6c83-4103-bb33-c4bd35b59e5f	42aca376-bcbe-486e-ad7e-79e6c2073d41.rna_seq.chimeric.gdc_realn.bam	b28c5f1d-6c83-4103-bb33-c4bd35b59e5f
controlled	07a6bbce-012b-48fe-8c62-e79a1b200eb6	TCGA-DX-A8BV	Sequencing Reads	BAM	RNA-Seq	d39a2b34-bacb-42c3-a69d-ac12f03e29b1	c3a3d352-1555-4ca3-bbb9-282830219d17.rna_seq.chimeric.gdc_realn.bam	d39a2b34-bacb-42c3-a69d-ac12f03e29b1
controlled	07a6bbce-012b-48fe-8c62-e79a1b200eb6	TCGA-DX-A8BV	Structural Variation	BEDPE	RNA-Seq	7467794d-b35f-49c7-9234-624a142c76f2	TCGA-SARC.9ceec7c5-dd31-47bb-bf65-fd1a8576bafd.arriba.rna_fusion.bedpe	7467794d-b35f-49c7-9234-624a142c76f2
controlled	0494a8ea-ecf3-4f3e-8b3c-26a9254b6755	TCGA-QQ-A5VC	Structural Variation	TSV	RNA-Seq	4a163362-9d43-466a-9b7e-e10987323bce	TCGA-SARC.a89ef052-8e3b-4518-9a86-64b2c5b63219.star_fusion.rna_fusion.tsv	4a163362-9d43-466a-9b7e-e10987323bce
open	07a6bbce-012b-48fe-8c62-e79a1b200eb6	TCGA-DX-A8BV	Transcriptome Profiling	TSV	RNA-Seq	ef8f3d8c-a08b-40f5-96f5-ef1ee8d8be90	c3a3d352-1555-4ca3-bbb9-282830219d17.rna_seq.augmented_star_gene_counts.tsv	ef8f3d8c-a08b-40f5-96f5-ef1ee8d8be90
controlled	07a6bbce-012b-48fe-8c62-e79a1b200eb6	TCGA-DX-A8BV	Structural Variation	TSV	RNA-Seq	1b473cc1-9812-41e6-bf42-af6eba45202d	TCGA-SARC.2ee67e92-cbfd-4542-abfd-f6d6ccc3f8fd.star_fusion.rna_fusion.tsv	1b473cc1-9812-41e6-bf42-af6eba45202d
controlled	04d45a95-4282-42e7-8e2f-2b7a5082e1b5	TCGA-WK-A8XX	Sequencing Reads	BAM	RNA-Seq	e797dabb-842b-4648-a507-925075e26861	56a42dfb-1b30-41df-9fcf-19bd3266687a.rna_seq.genomic.gdc_realn.bam	e797dabb-842b-4648-a507-925075e26861
controlled	0ac700f3-c9cf-4ed7-a8bd-975527750024	TCGA-DX-A6B7	Sequencing Reads	BAM	RNA-Seq	2765bdba-d628-44bf-8c9e-a006431a3a27	7f4d714a-728a-4c11-b77c-d524df0281fe.rna_seq.transcriptome.gdc_realn.bam	2765bdba-d628-44bf-8c9e-a006431a3a27
open	0ac700f3-c9cf-4ed7-a8bd-975527750024	TCGA-DX-A6B7	Transcriptome Profiling	TSV	RNA-Seq	f378bb53-d378-4be4-bff1-5980372c5738	7f4d714a-728a-4c11-b77c-d524df0281fe.rna_seq.augmented_star_gene_counts.tsv	f378bb53-d378-4be4-bff1-5980372c5738
controlled	e2272de4-02b8-4a94-b8ee-c7454996a2da	TCGA-DX-AB2Q	Structural Variation	BEDPE	RNA-Seq	794e7a96-3cb8-4d26-9d2b-b34f23aff6ac	TCGA-SARC.5895005e-105a-41b3-99ab-13816a9ec87f.arriba.rna_fusion.bedpe	794e7a96-3cb8-4d26-9d2b-b34f23aff6ac
controlled	00eaaf62-c43e-4555-9134-1e5593386fdb	TCGA-3B-A9HS	Structural Variation	BEDPE	RNA-Seq	0d96ee0b-3b1a-4a7e-b82e-3c4ba0059b20	TCGA-SARC.db35bf42-5066-4a32-b6ae-1b0af24c64ce.star_fusion.rna_fusion.bedpe	0d96ee0b-3b1a-4a7e-b82e-3c4ba0059b20
controlled	051a8605-e674-4b66-a142-11ec36a96454	TCGA-DX-AB2P	Structural Variation	TSV	RNA-Seq	26273cb7-7e5d-4a40-bebf-ba5e8332615b	TCGA-SARC.d95c55c7-612b-405f-a232-4430e8f6182a.star_fusion.rna_fusion.tsv	26273cb7-7e5d-4a40-bebf-ba5e8332615b
controlled	051a8605-e674-4b66-a142-11ec36a96454	TCGA-DX-AB2P	Sequencing Reads	BAM	RNA-Seq	ebc9c63a-7bd6-4831-b9c0-80d10e86d887	8085d691-eaee-4327-83ca-bd6f5a98fa99.rna_seq.chimeric.gdc_realn.bam	ebc9c63a-7bd6-4831-b9c0-80d10e86d887
controlled	059f7eb8-6e42-4f57-8248-ff82896aab54	TCGA-DX-A3UE	Transcriptome Profiling	TSV	RNA-Seq	21b48b94-b15e-4214-9255-9f4134b6e81d	a7eafd67-8ecd-4b4c-92c5-e308554d7d88.rna_seq.star_splice_junctions.tsv.gz	21b48b94-b15e-4214-9255-9f4134b6e81d
controlled	10a6de43-a681-4cbc-821d-08335ed65320	TCGA-MJ-A68J	Structural Variation	BEDPE	RNA-Seq	7253633f-ff7e-48bc-b2cd-28161edcc917	TCGA-SARC.6d0f480f-24b5-4e8a-ade7-6ce6dbef6bb9.star_fusion.rna_fusion.bedpe	7253633f-ff7e-48bc-b2cd-28161edcc917
controlled	0da5ee6c-d012-4a57-9992-9d74937aaa5f	TCGA-IW-A3M4	Structural Variation	TSV	RNA-Seq	e70d2e01-c997-46fe-aebb-7e2091df194b	TCGA-SARC.2195f26e-e786-4e46-84e0-a765628f2375.star_fusion.rna_fusion.tsv	e70d2e01-c997-46fe-aebb-7e2091df194b
controlled	0da5ee6c-d012-4a57-9992-9d74937aaa5f	TCGA-IW-A3M4	Structural Variation	BEDPE	RNA-Seq	29bf85eb-7ded-4db9-b85a-be692ee67154	TCGA-SARC.25981ee0-a79c-4c7c-a3c8-0f8558c3381d.arriba.rna_fusion.bedpe	29bf85eb-7ded-4db9-b85a-be692ee67154
open	0da5ee6c-d012-4a57-9992-9d74937aaa5f	TCGA-IW-A3M4	Transcriptome Profiling	TSV	RNA-Seq	19df3bfa-05da-49e0-bcaa-5d853e4511d3	910dda73-362c-43e2-b3db-1a970c316000.rna_seq.augmented_star_gene_counts.tsv	19df3bfa-05da-49e0-bcaa-5d853e4511d3
controlled	12b45061-9ed6-46cd-971a-b81d79bc88ec	TCGA-DX-A6YU	Sequencing Reads	BAM	RNA-Seq	4b3be569-2e5f-4ea1-b10b-fa9aee654529	ab324d27-f3fd-4f35-99b9-76099c8a7d0b.rna_seq.transcriptome.gdc_realn.bam	4b3be569-2e5f-4ea1-b10b-fa9aee654529
controlled	0da5ee6c-d012-4a57-9992-9d74937aaa5f	TCGA-IW-A3M4	Sequencing Reads	BAM	RNA-Seq	5ab67089-8daa-4c12-b757-8364549897da	910dda73-362c-43e2-b3db-1a970c316000.rna_seq.genomic.gdc_realn.bam	5ab67089-8daa-4c12-b757-8364549897da
open	12b45061-9ed6-46cd-971a-b81d79bc88ec	TCGA-DX-A6YU	Transcriptome Profiling	TSV	RNA-Seq	f90aaeaf-eb22-4c84-8a69-3ff9794c9503	ab324d27-f3fd-4f35-99b9-76099c8a7d0b.rna_seq.augmented_star_gene_counts.tsv	f90aaeaf-eb22-4c84-8a69-3ff9794c9503
controlled	05d4099f-521a-4df6-abac-f86f84b3af7f	TCGA-WP-A9GB	Structural Variation	BEDPE	RNA-Seq	b3f45d30-0cf3-4712-8abc-d97f3c42210b	TCGA-SARC.9d4bbeba-67ea-46bc-af19-46ce1f6dff83.star_fusion.rna_fusion.bedpe	b3f45d30-0cf3-4712-8abc-d97f3c42210b
controlled	0f94362d-368f-4570-b8c1-70fc4b1f5e35	TCGA-QQ-A5VB	Sequencing Reads	BAM	RNA-Seq	3174fefd-d87e-4bf4-b2a6-734455587a78	2ce41ff1-effd-44aa-b1ce-865543e3d160.rna_seq.transcriptome.gdc_realn.bam	3174fefd-d87e-4bf4-b2a6-734455587a78
controlled	f0cbc2a4-c1f7-4b32-bce1-57eb59d351cc	TCGA-PC-A5DP	Sequencing Reads	BAM	RNA-Seq	dbe2603a-e9de-41fd-a4cf-9c736cbe066c	de4338e5-2dc7-469a-a8fc-460fe85df933.rna_seq.transcriptome.gdc_realn.bam	dbe2603a-e9de-41fd-a4cf-9c736cbe066c
controlled	1007195a-7b6a-4575-b6d1-075d76a997ff	TCGA-DX-A6YR	Sequencing Reads	BAM	RNA-Seq	b896513f-2289-4c35-9b31-048595387bf0	477e1ddd-9a50-4f0f-bc8e-141b0f9363a6.rna_seq.genomic.gdc_realn.bam	b896513f-2289-4c35-9b31-048595387bf0
controlled	12bfd446-2ee5-4664-a492-c023d134f60f	TCGA-FX-A48G	Structural Variation	BEDPE	RNA-Seq	cdeca1c0-9a12-4caf-a1f5-02462ff44946	TCGA-SARC.d135e111-5e95-46b1-9f85-25e1af8a341d.star_fusion.rna_fusion.bedpe	cdeca1c0-9a12-4caf-a1f5-02462ff44946
controlled	1007195a-7b6a-4575-b6d1-075d76a997ff	TCGA-DX-A6YR	Structural Variation	TSV	RNA-Seq	b4b4d834-1f62-499e-a3e6-01b0c25e2d91	TCGA-SARC.e9a3dfac-aebd-4ece-9fb6-ec7ef41ad3b1.star_fusion.rna_fusion.tsv	b4b4d834-1f62-499e-a3e6-01b0c25e2d91
controlled	4c323272-2e94-4910-a894-7836570852cd	TCGA-QQ-A8VB	Structural Variation	BEDPE	RNA-Seq	1aaa9ab0-b6f6-4d3a-bdd4-217cfdcf1797	TCGA-SARC.6d4efbb8-64fd-4dea-8551-0ba29c066bfd.star_fusion.rna_fusion.bedpe	1aaa9ab0-b6f6-4d3a-bdd4-217cfdcf1797
controlled	4c323272-2e94-4910-a894-7836570852cd	TCGA-QQ-A8VB	Structural Variation	TSV	RNA-Seq	b72651b2-0065-4836-a65e-c552825bc2a6	TCGA-SARC.6d4efbb8-64fd-4dea-8551-0ba29c066bfd.star_fusion.rna_fusion.tsv	b72651b2-0065-4836-a65e-c552825bc2a6
controlled	4c323272-2e94-4910-a894-7836570852cd	TCGA-QQ-A8VB	Sequencing Reads	BAM	RNA-Seq	ed7ceba0-70d9-4e26-90b0-e569d23e461c	33f7c52f-9c7a-4b5e-a864-d3c65eb1a8cb.rna_seq.genomic.gdc_realn.bam	ed7ceba0-70d9-4e26-90b0-e569d23e461c
open	16a4412f-0256-498d-b77b-4aecfed34091	TCGA-FX-A3TO	Transcriptome Profiling	TSV	RNA-Seq	55685e8d-35d0-4def-83fb-4bb515b5e523	98404a70-14a1-4d8f-a4cb-d5a9d2fedb02.rna_seq.augmented_star_gene_counts.tsv	55685e8d-35d0-4def-83fb-4bb515b5e523
controlled	1cbcfbb0-fcad-4ccd-8e83-120faa3e0df3	TCGA-UE-A6QU	Sequencing Reads	BAM	RNA-Seq	be9f2978-b451-4822-bbf4-a2c724ca5f1a	6c551199-3c5b-4365-8510-46710e960819.rna_seq.transcriptome.gdc_realn.bam	be9f2978-b451-4822-bbf4-a2c724ca5f1a
controlled	1cbcfbb0-fcad-4ccd-8e83-120faa3e0df3	TCGA-UE-A6QU	Structural Variation	BEDPE	RNA-Seq	20fcdc9f-693a-4827-9d68-cd60bcf245e6	TCGA-SARC.a1f38608-2ddd-4c2b-9e4c-c3ede659662a.star_fusion.rna_fusion.bedpe	20fcdc9f-693a-4827-9d68-cd60bcf245e6
controlled	4c323272-2e94-4910-a894-7836570852cd	TCGA-QQ-A8VB	Transcriptome Profiling	TSV	RNA-Seq	542f4a68-f6af-4c4b-8cdf-93b1aa093a89	33f7c52f-9c7a-4b5e-a864-d3c65eb1a8cb.rna_seq.star_splice_junctions.tsv.gz	542f4a68-f6af-4c4b-8cdf-93b1aa093a89
controlled	16a4412f-0256-498d-b77b-4aecfed34091	TCGA-FX-A3TO	Sequencing Reads	BAM	RNA-Seq	1c571f79-6bcc-461a-bad3-733c26445747	98404a70-14a1-4d8f-a4cb-d5a9d2fedb02.rna_seq.transcriptome.gdc_realn.bam	1c571f79-6bcc-461a-bad3-733c26445747
controlled	16a4412f-0256-498d-b77b-4aecfed34091	TCGA-FX-A3TO	Structural Variation	TSV	RNA-Seq	487a2b8b-3884-46f6-98e0-5d4cf59abbb9	TCGA-SARC.d02e7695-75d8-4003-b2f8-eee55e689b24.star_fusion.rna_fusion.tsv	487a2b8b-3884-46f6-98e0-5d4cf59abbb9
controlled	1d03c1e5-8ab1-46b7-a46c-3738d463fd1c	TCGA-DX-AB37	Sequencing Reads	BAM	RNA-Seq	5c273346-7373-4c75-90b3-c01b6d443d67	380689c7-524b-4d73-80a9-3f07e8459ac1.rna_seq.chimeric.gdc_realn.bam	5c273346-7373-4c75-90b3-c01b6d443d67
controlled	4c323272-2e94-4910-a894-7836570852cd	TCGA-QQ-A8VB	Structural Variation	TSV	RNA-Seq	ee9add86-f760-470d-93fe-76fab6501887	TCGA-SARC.e8498e57-2a0d-490c-bb81-c9c6064a3c5b.arriba.rna_fusion.tsv	ee9add86-f760-470d-93fe-76fab6501887
open	4c323272-2e94-4910-a894-7836570852cd	TCGA-QQ-A8VB	Transcriptome Profiling	TSV	RNA-Seq	9c6e4b4b-8da7-4e48-badf-ef1667dd58bc	33f7c52f-9c7a-4b5e-a864-d3c65eb1a8cb.rna_seq.augmented_star_gene_counts.tsv	9c6e4b4b-8da7-4e48-badf-ef1667dd58bc
controlled	1007195a-7b6a-4575-b6d1-075d76a997ff	TCGA-DX-A6YR	Sequencing Reads	BAM	RNA-Seq	24655432-72a8-40a1-8c3a-c4ae20519ddb	477e1ddd-9a50-4f0f-bc8e-141b0f9363a6.rna_seq.transcriptome.gdc_realn.bam	24655432-72a8-40a1-8c3a-c4ae20519ddb
controlled	109df703-2865-4b4c-8e4b-badff8eb3f22	TCGA-HB-A3YV	Transcriptome Profiling	TSV	RNA-Seq	7f8933c5-1c3c-4afa-9fe1-0b13e9121d14	219bfbd2-097b-481f-94f4-b45e2b5922eb.rna_seq.star_splice_junctions.tsv.gz	7f8933c5-1c3c-4afa-9fe1-0b13e9121d14
controlled	1d03c1e5-8ab1-46b7-a46c-3738d463fd1c	TCGA-DX-AB37	Sequencing Reads	BAM	RNA-Seq	01fe69c9-f3b7-4f14-8459-be5f1ab75365	380689c7-524b-4d73-80a9-3f07e8459ac1.rna_seq.transcriptome.gdc_realn.bam	01fe69c9-f3b7-4f14-8459-be5f1ab75365
controlled	2560fb5b-5f49-4d38-8f61-1ab911aed3eb	TCGA-SI-A71P	Structural Variation	TSV	RNA-Seq	e6a7b36e-5a65-4716-9e2c-990f2df5cf8f	TCGA-SARC.81d0998a-bab4-43e1-b744-d6b8bd8b4cc9.star_fusion.rna_fusion.tsv	e6a7b36e-5a65-4716-9e2c-990f2df5cf8f
controlled	17cecba9-37ed-4967-8756-e0f7c20c8209	TCGA-MJ-A850	Structural Variation	BEDPE	RNA-Seq	86b76cdf-b0f8-4a37-bc6d-b4f060079837	TCGA-SARC.a2c84ce0-04f1-4ebd-91fe-2e0010407410.star_fusion.rna_fusion.bedpe	86b76cdf-b0f8-4a37-bc6d-b4f060079837
open	1d03c1e5-8ab1-46b7-a46c-3738d463fd1c	TCGA-DX-AB37	Transcriptome Profiling	TSV	RNA-Seq	89b91806-b172-4330-82ff-a096023ce107	380689c7-524b-4d73-80a9-3f07e8459ac1.rna_seq.augmented_star_gene_counts.tsv	89b91806-b172-4330-82ff-a096023ce107
controlled	109df703-2865-4b4c-8e4b-badff8eb3f22	TCGA-HB-A3YV	Structural Variation	BEDPE	RNA-Seq	eaa57850-e0cd-409f-8daf-90121c54c916	TCGA-SARC.7ae73381-524b-4f13-92d7-65befebe4408.star_fusion.rna_fusion.bedpe	eaa57850-e0cd-409f-8daf-90121c54c916
controlled	109df703-2865-4b4c-8e4b-badff8eb3f22	TCGA-HB-A3YV	Structural Variation	BEDPE	RNA-Seq	ec9c88d7-33b1-49dd-bb6e-64fe58398963	TCGA-SARC.d1276a4f-cfd1-4bf4-a99b-3885897d7ac0.arriba.rna_fusion.bedpe	ec9c88d7-33b1-49dd-bb6e-64fe58398963
controlled	17cecba9-37ed-4967-8756-e0f7c20c8209	TCGA-MJ-A850	Structural Variation	BEDPE	RNA-Seq	09ce9e7d-ec05-4ce0-a207-2a828ea9efbd	TCGA-SARC.7efe7a5d-58c9-454b-8f85-b8b89080d7bc.arriba.rna_fusion.bedpe	09ce9e7d-ec05-4ce0-a207-2a828ea9efbd
controlled	dcd4d76e-4e41-4a84-b87c-6c94586e73f4	TCGA-IS-A3K8	Sequencing Reads	BAM	RNA-Seq	ea4f23de-973c-44a4-92fa-7d70dd041bcf	dbc0c8b7-12a4-4887-9ae6-d3fd76c6338e.rna_seq.chimeric.gdc_realn.bam	ea4f23de-973c-44a4-92fa-7d70dd041bcf
controlled	1a319d92-d5d4-41f7-8a10-2afb52513d83	TCGA-DX-A3U9	Sequencing Reads	BAM	RNA-Seq	995b6056-de2d-42f8-aad0-b3d72a73d847	f9585e77-53fd-4136-8370-684d5f67603e.rna_seq.transcriptome.gdc_realn.bam	995b6056-de2d-42f8-aad0-b3d72a73d847
controlled	1db4962a-3cf7-4f36-bd60-46a1b63b6c20	TCGA-SG-A6Z4	Sequencing Reads	BAM	RNA-Seq	02b6d9fb-e476-43ad-ae7a-f0410bc0dd16	b7ebf1e6-862c-419b-8cdc-33ddb5814c91.rna_seq.genomic.gdc_realn.bam	02b6d9fb-e476-43ad-ae7a-f0410bc0dd16
controlled	1a319d92-d5d4-41f7-8a10-2afb52513d83	TCGA-DX-A3U9	Sequencing Reads	BAM	RNA-Seq	2930c3ca-d9e1-404d-b26c-881e5fa54132	f9585e77-53fd-4136-8370-684d5f67603e.rna_seq.chimeric.gdc_realn.bam	2930c3ca-d9e1-404d-b26c-881e5fa54132
controlled	1db4962a-3cf7-4f36-bd60-46a1b63b6c20	TCGA-SG-A6Z4	Transcriptome Profiling	TSV	RNA-Seq	917d595c-f963-4d0e-9f53-b31638938c4a	b7ebf1e6-862c-419b-8cdc-33ddb5814c91.rna_seq.star_splice_junctions.tsv.gz	917d595c-f963-4d0e-9f53-b31638938c4a
controlled	257dc623-41e1-4fa3-859c-c787db10bd60	TCGA-IS-A3KA	Structural Variation	BEDPE	RNA-Seq	5e57cea8-b52b-4eb0-8881-b5204f56aedc	TCGA-SARC.8856cedb-99c8-4b9b-bb19-ef7436442776.arriba.rna_fusion.bedpe	5e57cea8-b52b-4eb0-8881-b5204f56aedc
controlled	1a319d92-d5d4-41f7-8a10-2afb52513d83	TCGA-DX-A3U9	Structural Variation	BEDPE	RNA-Seq	9a8bcbb6-7f24-4cd3-beb8-f7f06c2a9bb1	TCGA-SARC.dff5f12b-afda-4a47-96ad-f3cdda7cdb56.star_fusion.rna_fusion.bedpe	9a8bcbb6-7f24-4cd3-beb8-f7f06c2a9bb1
controlled	ca0f032b-a34c-4a92-a403-bc7dc6eca8e9	TCGA-KF-A41W	Structural Variation	BEDPE	RNA-Seq	c870dd35-2b20-4163-9b56-c7e1c5c9ce66	TCGA-SARC.af917d2e-94a4-4fc1-918f-41d620ab08f5.arriba.rna_fusion.bedpe	c870dd35-2b20-4163-9b56-c7e1c5c9ce66
controlled	212c9acc-d5ad-4b31-91bc-7ab72233aec6	TCGA-DX-A23V	Sequencing Reads	BAM	RNA-Seq	7c615af0-bf76-4009-8f99-d94ee4bac385	e1acdc3b-522d-48b1-985f-3ab7292bbe4e.rna_seq.chimeric.gdc_realn.bam	7c615af0-bf76-4009-8f99-d94ee4bac385
controlled	ca0f032b-a34c-4a92-a403-bc7dc6eca8e9	TCGA-KF-A41W	Sequencing Reads	BAM	RNA-Seq	facc17dc-d0bc-4e91-85a4-c04c0fc218d6	6d1989dc-922b-4b6e-bf2a-662ee16a3725.rna_seq.genomic.gdc_realn.bam	facc17dc-d0bc-4e91-85a4-c04c0fc218d6
controlled	1a319d92-d5d4-41f7-8a10-2afb52513d83	TCGA-DX-A3U9	Structural Variation	BEDPE	RNA-Seq	003f101f-d4f8-45a7-83a3-97f57ab8740e	TCGA-SARC.915961e7-7e23-44e3-a6e6-1de4216fd92f.arriba.rna_fusion.bedpe	003f101f-d4f8-45a7-83a3-97f57ab8740e
controlled	2892ee84-ac7c-4e0e-8311-ce721d6afc32	TCGA-SG-A6Z7	Structural Variation	TSV	RNA-Seq	94aef774-d122-46c1-af30-51fe48a2bebc	TCGA-SARC.6d1537df-cae3-46fc-b119-dc7f7e445c1f.star_fusion.rna_fusion.tsv	94aef774-d122-46c1-af30-51fe48a2bebc
controlled	1ad65834-8bac-4b80-8b2e-2588548ea003	TCGA-DX-A6Z2	Structural Variation	TSV	RNA-Seq	c7fd3fe7-3824-42a5-904b-566bd794399e	TCGA-SARC.4d254b05-4810-482c-b9b0-863956b90c9a.arriba.rna_fusion.tsv	c7fd3fe7-3824-42a5-904b-566bd794399e
controlled	2e3665ef-d572-478f-9415-db61c3753613	TCGA-MB-A5YA	Sequencing Reads	BAM	RNA-Seq	881f1d16-8abe-4218-b6a3-fef2dc1ea6b5	a8c98035-15f9-4ca8-9fd1-6918c978fb76.rna_seq.chimeric.gdc_realn.bam	881f1d16-8abe-4218-b6a3-fef2dc1ea6b5
controlled	1ad65834-8bac-4b80-8b2e-2588548ea003	TCGA-DX-A6Z2	Transcriptome Profiling	TSV	RNA-Seq	55473b1d-5d4a-46db-9bb1-bc1e55750eb1	49285c67-b67a-4dd0-9d61-406b204e749d.rna_seq.star_splice_junctions.tsv.gz	55473b1d-5d4a-46db-9bb1-bc1e55750eb1
controlled	23409c1c-9fc2-4c54-8c94-e1aabe05c301	TCGA-DX-A2J1	Sequencing Reads	BAM	RNA-Seq	6906fd78-49e8-4250-88ec-4e7cb4da2c04	bf09de24-29df-49ce-8fb2-d583b1ade20f.rna_seq.genomic.gdc_realn.bam	6906fd78-49e8-4250-88ec-4e7cb4da2c04
controlled	2e3665ef-d572-478f-9415-db61c3753613	TCGA-MB-A5YA	Structural Variation	TSV	RNA-Seq	b685b06b-b6d4-4038-9450-4514bcbbd08d	TCGA-SARC.a3e94469-0e53-4c34-bc48-85abd2efe40d.star_fusion.rna_fusion.tsv	b685b06b-b6d4-4038-9450-4514bcbbd08d
controlled	23409c1c-9fc2-4c54-8c94-e1aabe05c301	TCGA-DX-A2J1	Structural Variation	BEDPE	RNA-Seq	08ffa12a-48a7-4e69-9512-45f2b600632b	TCGA-SARC.5bb50f3c-790b-42ce-88ca-d2767c5b7045.star_fusion.rna_fusion.bedpe	08ffa12a-48a7-4e69-9512-45f2b600632b
open	1ad65834-8bac-4b80-8b2e-2588548ea003	TCGA-DX-A6Z2	Transcriptome Profiling	TSV	RNA-Seq	f25cb258-1379-4777-a9ed-e2f1a3604dee	49285c67-b67a-4dd0-9d61-406b204e749d.rna_seq.augmented_star_gene_counts.tsv	f25cb258-1379-4777-a9ed-e2f1a3604dee
controlled	3ea1cbd8-f74a-4b14-aa49-23d5a47716ba	TCGA-IW-A3M6	Sequencing Reads	BAM	RNA-Seq	d600777a-30c9-41e0-a45d-dddd5751cfc8	d1a8858e-45aa-4af5-a864-47d7a8771502.rna_seq.genomic.gdc_realn.bam	d600777a-30c9-41e0-a45d-dddd5751cfc8
open	23409c1c-9fc2-4c54-8c94-e1aabe05c301	TCGA-DX-A2J1	Transcriptome Profiling	TSV	RNA-Seq	86cb8b85-c106-468a-a902-66ad78d899eb	bf09de24-29df-49ce-8fb2-d583b1ade20f.rna_seq.augmented_star_gene_counts.tsv	86cb8b85-c106-468a-a902-66ad78d899eb
controlled	28c50a5c-e0ea-4f93-b34c-b0a651264539	TCGA-HS-A5N7	Transcriptome Profiling	TSV	RNA-Seq	829e7c1b-d078-45f9-aff8-d6f1921b4a29	fc746489-3cdd-440a-be5d-34a8ad85f474.rna_seq.star_splice_junctions.tsv.gz	829e7c1b-d078-45f9-aff8-d6f1921b4a29
controlled	28c50a5c-e0ea-4f93-b34c-b0a651264539	TCGA-HS-A5N7	Sequencing Reads	BAM	RNA-Seq	0200a3a8-ec96-4bf2-8a67-491c2a7a44b5	fc746489-3cdd-440a-be5d-34a8ad85f474.rna_seq.chimeric.gdc_realn.bam	0200a3a8-ec96-4bf2-8a67-491c2a7a44b5
controlled	3ea1cbd8-f74a-4b14-aa49-23d5a47716ba	TCGA-IW-A3M6	Structural Variation	BEDPE	RNA-Seq	3ec334c3-16d2-47fa-80c6-9ffb22fd9741	TCGA-SARC.de788094-94f1-4b5b-ac0f-9742727afd07.star_fusion.rna_fusion.bedpe	3ec334c3-16d2-47fa-80c6-9ffb22fd9741
controlled	239505ce-f2f1-477e-8ae2-b7065989ba79	TCGA-K1-A6RT	Sequencing Reads	BAM	RNA-Seq	42d9918d-1180-481f-8390-54f95a4017c4	bc261dd7-70bd-45dc-b979-d631363ea498.rna_seq.chimeric.gdc_realn.bam	42d9918d-1180-481f-8390-54f95a4017c4
controlled	2e3b8aa0-80db-4cb5-b706-328d1401a65b	TCGA-DX-A48K	Sequencing Reads	BAM	RNA-Seq	d50d14e6-2d54-4066-88a5-f9641b2b2b53	6090ecaa-6910-4740-8582-c6438581097c.rna_seq.genomic.gdc_realn.bam	d50d14e6-2d54-4066-88a5-f9641b2b2b53
controlled	3ea1cbd8-f74a-4b14-aa49-23d5a47716ba	TCGA-IW-A3M6	Structural Variation	BEDPE	RNA-Seq	4c2b2f3b-8ade-4bd6-a8a7-ea5f7e27bbe8	TCGA-SARC.06473d3b-629c-4089-9764-f32fb77d711f.arriba.rna_fusion.bedpe	4c2b2f3b-8ade-4bd6-a8a7-ea5f7e27bbe8
open	2e3b8aa0-80db-4cb5-b706-328d1401a65b	TCGA-DX-A48K	Transcriptome Profiling	TSV	RNA-Seq	0fea0a5d-3188-4d75-b777-3e01f70206e9	6090ecaa-6910-4740-8582-c6438581097c.rna_seq.augmented_star_gene_counts.tsv	0fea0a5d-3188-4d75-b777-3e01f70206e9
controlled	2a2f2663-d813-41ff-a4e2-dfe0f16d236d	TCGA-3B-A9HY	Structural Variation	TSV	RNA-Seq	b9d46306-fe1d-4a6d-b7c4-f5239c9e165e	TCGA-SARC.20ed8e6f-d0c9-4bf9-8423-e0d2c8949ec3.star_fusion.rna_fusion.tsv	b9d46306-fe1d-4a6d-b7c4-f5239c9e165e
controlled	24d08a93-d078-407b-8d93-5f7a099821eb	TCGA-IE-A3OV	Structural Variation	TSV	RNA-Seq	a2c5a4a3-d82a-43bc-b39f-f12ddf246e5b	TCGA-SARC.8decaada-c25f-49e7-860e-af16a0804d29.star_fusion.rna_fusion.tsv	a2c5a4a3-d82a-43bc-b39f-f12ddf246e5b
controlled	32344f23-524b-4182-ae75-6ad6128eeba0	TCGA-IE-A4EH	Structural Variation	TSV	RNA-Seq	0bc40d41-bccd-4258-ae42-9f2eb480d2b3	TCGA-SARC.cde27446-9173-4d38-92b7-b3ecf467b3eb.arriba.rna_fusion.tsv	0bc40d41-bccd-4258-ae42-9f2eb480d2b3
controlled	2ebfbd8e-7db2-4cd7-bf1c-a0c27fcf07e7	TCGA-QC-A7B5	Structural Variation	TSV	RNA-Seq	80ed63fc-78ab-417f-b53c-050c669a467b	TCGA-SARC.0e08192d-131a-462f-bf0f-df63767430c8.star_fusion.rna_fusion.tsv	80ed63fc-78ab-417f-b53c-050c669a467b
open	2ebfbd8e-7db2-4cd7-bf1c-a0c27fcf07e7	TCGA-QC-A7B5	Transcriptome Profiling	TSV	RNA-Seq	c068dfe1-f24a-4fec-b4ff-d5870d47293d	50c3598b-ad7c-403c-bf29-24bffb83651f.rna_seq.augmented_star_gene_counts.tsv	c068dfe1-f24a-4fec-b4ff-d5870d47293d
controlled	2948d657-e5dd-4d6e-91b5-88c54f73ac31	TCGA-HS-A5N9	Structural Variation	BEDPE	RNA-Seq	b1ed454a-5b30-41e6-9b88-97b50c1cd717	TCGA-SARC.ff16638b-f309-417a-93c5-b4366ca10cb4.arriba.rna_fusion.bedpe	b1ed454a-5b30-41e6-9b88-97b50c1cd717
controlled	31397970-59d8-4ee8-83cf-901cd8ba17b3	TCGA-DX-A8BG	Structural Variation	BEDPE	RNA-Seq	aa2d83be-a7de-43b1-85ca-f50af6893c9e	TCGA-SARC.c4e3caa9-ca74-4821-9f20-4e67696930bc.arriba.rna_fusion.bedpe	aa2d83be-a7de-43b1-85ca-f50af6893c9e
controlled	2c9f737b-0d37-4931-aff5-4562a0057bae	TCGA-DX-A7EI	Sequencing Reads	BAM	RNA-Seq	62c765d6-090d-41b9-8aae-661947b93320	a9ca32c0-ef12-4916-b83a-ba64c80f2ba6.rna_seq.chimeric.gdc_realn.bam	62c765d6-090d-41b9-8aae-661947b93320
controlled	31397970-59d8-4ee8-83cf-901cd8ba17b3	TCGA-DX-A8BG	Sequencing Reads	BAM	RNA-Seq	dec16b18-e13c-4ffc-80b1-e55b23f9a4b2	95807a50-5164-4675-bc16-8adf1d07fc8c.rna_seq.transcriptome.gdc_realn.bam	dec16b18-e13c-4ffc-80b1-e55b23f9a4b2
controlled	24d08a93-d078-407b-8d93-5f7a099821eb	TCGA-IE-A3OV	Transcriptome Profiling	TSV	RNA-Seq	e19d6a5a-edbc-4c1a-8cda-032fd4076bbd	cd71a1ed-c28e-4832-a173-4ae907b8a240.rna_seq.star_splice_junctions.tsv.gz	e19d6a5a-edbc-4c1a-8cda-032fd4076bbd
controlled	31397970-59d8-4ee8-83cf-901cd8ba17b3	TCGA-DX-A8BG	Sequencing Reads	BAM	RNA-Seq	0acc3077-02df-4d0b-b921-d8d394b9a897	95807a50-5164-4675-bc16-8adf1d07fc8c.rna_seq.chimeric.gdc_realn.bam	0acc3077-02df-4d0b-b921-d8d394b9a897
controlled	2948d657-e5dd-4d6e-91b5-88c54f73ac31	TCGA-HS-A5N9	Structural Variation	BEDPE	RNA-Seq	56a0fc29-2342-4fef-9caa-d1acd8c2c2bd	TCGA-SARC.bb58a8c9-bc5f-41fc-877b-17fd8d7aba20.star_fusion.rna_fusion.bedpe	56a0fc29-2342-4fef-9caa-d1acd8c2c2bd
controlled	2c9f737b-0d37-4931-aff5-4562a0057bae	TCGA-DX-A7EI	Structural Variation	TSV	RNA-Seq	f7cfc1fa-4170-45a8-a0b7-3753044efa0f	TCGA-SARC.906375a9-4882-4873-9b81-e8b90b9ddad6.arriba.rna_fusion.tsv	f7cfc1fa-4170-45a8-a0b7-3753044efa0f
controlled	2560fb5b-5f49-4d38-8f61-1ab911aed3eb	TCGA-SI-A71P	Transcriptome Profiling	TSV	RNA-Seq	8b534b88-9b5c-4150-90c7-3de26a2108f2	f7fe6797-9e1a-4b0d-a7bd-e18c28383850.rna_seq.star_splice_junctions.tsv.gz	8b534b88-9b5c-4150-90c7-3de26a2108f2
controlled	319243bf-d96f-454f-b007-3468d76869df	TCGA-DX-A23Y	Structural Variation	BEDPE	RNA-Seq	508548f7-3232-4c14-a6a3-d32429d54f26	TCGA-SARC.17c7acd1-70eb-499f-8571-a2d7b7b3d123.arriba.rna_fusion.bedpe	508548f7-3232-4c14-a6a3-d32429d54f26
controlled	3608bfbb-2a92-4ec2-a330-bf4790a8b65c	TCGA-DX-A240	Transcriptome Profiling	TSV	RNA-Seq	13fc5c15-e312-4736-a8da-d235e7efe1e7	0a3dc0f5-18b9-4641-a7f9-e42e33bf2a14.rna_seq.star_splice_junctions.tsv.gz	13fc5c15-e312-4736-a8da-d235e7efe1e7
controlled	2ff01040-5270-4895-bbfa-5819b46ef444	TCGA-DX-A1KZ	Structural Variation	TSV	RNA-Seq	7ed75d42-2ed1-449b-baf7-ae3a2daa9a21	TCGA-SARC.9f3278c8-1acb-44a7-9162-9ee8d58d5dbd.arriba.rna_fusion.tsv	7ed75d42-2ed1-449b-baf7-ae3a2daa9a21
controlled	319243bf-d96f-454f-b007-3468d76869df	TCGA-DX-A23Y	Transcriptome Profiling	TSV	RNA-Seq	e3be4c3c-4950-4da3-bf4b-ba30564bb15a	9072ce75-a6e8-424c-9633-68880fb5d441.rna_seq.star_splice_junctions.tsv.gz	e3be4c3c-4950-4da3-bf4b-ba30564bb15a
controlled	3608bfbb-2a92-4ec2-a330-bf4790a8b65c	TCGA-DX-A240	Structural Variation	TSV	RNA-Seq	86b35489-16b4-4fdf-b83f-12b88da6aab2	TCGA-SARC.0613dadf-33c5-415f-b47d-f3e425bf5976.star_fusion.rna_fusion.tsv	86b35489-16b4-4fdf-b83f-12b88da6aab2
controlled	2ff01040-5270-4895-bbfa-5819b46ef444	TCGA-DX-A1KZ	Structural Variation	BEDPE	RNA-Seq	66032f76-5fb2-4ee1-a64d-3acf0e681236	TCGA-SARC.5d0e1beb-4814-4e4b-b321-9dc6a1147652.star_fusion.rna_fusion.bedpe	66032f76-5fb2-4ee1-a64d-3acf0e681236
controlled	37ecc5e1-2b04-498e-af2d-6cf54e33ba49	TCGA-DX-A6BH	Sequencing Reads	BAM	RNA-Seq	39818166-1c71-4479-83e6-98c8b53c824e	12ffecbe-d932-4f6e-a903-8bb6b021cf54.rna_seq.transcriptome.gdc_realn.bam	39818166-1c71-4479-83e6-98c8b53c824e
controlled	2ff01040-5270-4895-bbfa-5819b46ef444	TCGA-DX-A1KZ	Sequencing Reads	BAM	RNA-Seq	30973b06-0057-42ff-bd5c-ac074e6b7b40	0cc696ce-2d72-437a-80ba-7be1b7aba09c.rna_seq.genomic.gdc_realn.bam	30973b06-0057-42ff-bd5c-ac074e6b7b40
controlled	37ecc5e1-2b04-498e-af2d-6cf54e33ba49	TCGA-DX-A6BH	Structural Variation	BEDPE	RNA-Seq	697ec203-5e87-4b36-a736-adb7d5b75efc	TCGA-SARC.a6a407a2-6da4-412d-9166-cc692487cc97.star_fusion.rna_fusion.bedpe	697ec203-5e87-4b36-a736-adb7d5b75efc
controlled	2cacd9d0-8414-4f17-8259-c9d838597f39	TCGA-DX-A3LW	Sequencing Reads	BAM	RNA-Seq	90fcc7e8-64d6-40d0-a776-d83a92673daa	e7ed5392-da94-468a-8565-917189e12f2e.rna_seq.transcriptome.gdc_realn.bam	90fcc7e8-64d6-40d0-a776-d83a92673daa
controlled	2cacd9d0-8414-4f17-8259-c9d838597f39	TCGA-DX-A3LW	Structural Variation	TSV	RNA-Seq	78052934-4aa3-4622-9c7a-3fb7fc355667	TCGA-SARC.9bef1434-66b2-4ed5-b25c-88586d0ed50c.star_fusion.rna_fusion.tsv	78052934-4aa3-4622-9c7a-3fb7fc355667
open	2ff6aede-7bcd-440b-99ab-7a023faf658e	TCGA-DX-A2J0	Transcriptome Profiling	TSV	RNA-Seq	f27e497e-6c5d-4ab1-b26f-ff4e2603ad27	9e6d451d-7e9f-4a3f-87aa-7e9259c8ba56.rna_seq.augmented_star_gene_counts.tsv	f27e497e-6c5d-4ab1-b26f-ff4e2603ad27
controlled	32377dd2-c2a2-44ff-8938-b8cfb35db79c	TCGA-3B-A9HZ	Sequencing Reads	BAM	RNA-Seq	f81b96ac-c6ad-44fc-b6f4-fcea950af772	b46cefa9-8c2b-401b-845b-d58101807cbd.rna_seq.chimeric.gdc_realn.bam	f81b96ac-c6ad-44fc-b6f4-fcea950af772
controlled	4482da24-bd16-4826-a9ea-1078bcb12411	TCGA-LI-A67I	Structural Variation	TSV	RNA-Seq	38c0f63b-424d-4530-bbf7-49b2c770d30b	TCGA-SARC.5b374e83-018b-4d5c-95b1-e6fc2694f0b6.star_fusion.rna_fusion.tsv	38c0f63b-424d-4530-bbf7-49b2c770d30b
controlled	2d468c02-45f7-4b4b-920a-557ae6c91a43	TCGA-DX-AB2W	Sequencing Reads	BAM	RNA-Seq	cc2b9194-2fc9-41ec-9a0e-ad8f1c243ba2	241021f0-a762-452e-bd15-4550d98ae93e.rna_seq.transcriptome.gdc_realn.bam	cc2b9194-2fc9-41ec-9a0e-ad8f1c243ba2
open	3239cd26-98ef-4470-9e2e-c43f03d9ab0d	TCGA-X6-A8C5	Transcriptome Profiling	TSV	RNA-Seq	73e7ee7c-cc77-4899-a7a8-425e8522b86d	30cbb48b-d8c4-4846-b4d2-c3f5764a12fa.rna_seq.augmented_star_gene_counts.tsv	73e7ee7c-cc77-4899-a7a8-425e8522b86d
controlled	2d468c02-45f7-4b4b-920a-557ae6c91a43	TCGA-DX-AB2W	Sequencing Reads	BAM	RNA-Seq	60ece3f1-5bd5-4f09-b736-3cb2eddf0191	241021f0-a762-452e-bd15-4550d98ae93e.rna_seq.genomic.gdc_realn.bam	60ece3f1-5bd5-4f09-b736-3cb2eddf0191
controlled	30274b4f-13d5-40ac-8929-a986860f38db	TCGA-DX-A8BS	Structural Variation	TSV	RNA-Seq	df7104a2-b056-47d0-8e7f-5b9a6f23fefe	TCGA-SARC.26b3fb24-6406-4fa6-a636-035e55fcda11.star_fusion.rna_fusion.tsv	df7104a2-b056-47d0-8e7f-5b9a6f23fefe
controlled	30274b4f-13d5-40ac-8929-a986860f38db	TCGA-DX-A8BS	Sequencing Reads	BAM	RNA-Seq	8bc625d5-bdc8-433b-96c9-7f88946df27f	29ae98e2-a686-4de5-946c-b0f0f839cd5e.rna_seq.chimeric.gdc_realn.bam	8bc625d5-bdc8-433b-96c9-7f88946df27f
controlled	479d7a5a-63dc-412b-9075-920525334fe7	TCGA-WK-A8XT	Sequencing Reads	BAM	RNA-Seq	f74f0809-38a6-41eb-a022-234fe84e75ee	3677339e-598f-494c-8ca6-3c0341570dec.rna_seq.chimeric.gdc_realn.bam	f74f0809-38a6-41eb-a022-234fe84e75ee
controlled	306c53fb-640d-42ad-889a-abc5fd3ad778	TCGA-K1-A6RU	Transcriptome Profiling	TSV	RNA-Seq	b4d8528e-4b32-4618-bcd0-554f0ac4c8f7	23d26c7a-d497-47c7-a5b2-2fa14d037243.rna_seq.star_splice_junctions.tsv.gz	b4d8528e-4b32-4618-bcd0-554f0ac4c8f7
controlled	479d7a5a-63dc-412b-9075-920525334fe7	TCGA-WK-A8XT	Transcriptome Profiling	TSV	RNA-Seq	196b153e-a17f-4322-88f6-755117e82504	3677339e-598f-494c-8ca6-3c0341570dec.rna_seq.star_splice_junctions.tsv.gz	196b153e-a17f-4322-88f6-755117e82504
open	479d7a5a-63dc-412b-9075-920525334fe7	TCGA-WK-A8XT	Transcriptome Profiling	TSV	RNA-Seq	ee8cacd0-488c-49da-9f08-a347a040b337	3677339e-598f-494c-8ca6-3c0341570dec.rna_seq.augmented_star_gene_counts.tsv	ee8cacd0-488c-49da-9f08-a347a040b337
controlled	39f68467-3d37-4b19-aa43-ed7b120c619d	TCGA-DX-A3LS	Sequencing Reads	BAM	RNA-Seq	1e2104fd-d4a7-449d-9481-38cf9775ec6a	8ecde29f-4330-44be-a062-7e8be94a037c.rna_seq.genomic.gdc_realn.bam	1e2104fd-d4a7-449d-9481-38cf9775ec6a
controlled	306c53fb-640d-42ad-889a-abc5fd3ad778	TCGA-K1-A6RU	Structural Variation	TSV	RNA-Seq	0f359ed4-5f98-4d59-af8f-30a95225ecef	TCGA-SARC.63673f5a-b778-467e-ae5e-76f4d8f626f5.star_fusion.rna_fusion.tsv	0f359ed4-5f98-4d59-af8f-30a95225ecef
controlled	306c53fb-640d-42ad-889a-abc5fd3ad778	TCGA-K1-A6RU	Sequencing Reads	BAM	RNA-Seq	90edcd6c-fc84-4e07-b9a1-eb43715ba28a	23d26c7a-d497-47c7-a5b2-2fa14d037243.rna_seq.transcriptome.gdc_realn.bam	90edcd6c-fc84-4e07-b9a1-eb43715ba28a
controlled	39f68467-3d37-4b19-aa43-ed7b120c619d	TCGA-DX-A3LS	Structural Variation	TSV	RNA-Seq	148cc8bf-b2cc-49ae-a9a2-6e883afdb941	TCGA-SARC.cf2ebc96-d0eb-4fe4-9d30-012b11908112.star_fusion.rna_fusion.tsv	148cc8bf-b2cc-49ae-a9a2-6e883afdb941
open	306c53fb-640d-42ad-889a-abc5fd3ad778	TCGA-K1-A6RU	Transcriptome Profiling	TSV	RNA-Seq	f189fc1e-00de-447f-b3b0-b4bb0d094750	23d26c7a-d497-47c7-a5b2-2fa14d037243.rna_seq.augmented_star_gene_counts.tsv	f189fc1e-00de-447f-b3b0-b4bb0d094750
controlled	34a1c0a8-3af7-48a7-b9dd-91c551ac5ce7	TCGA-DX-AB2G	Structural Variation	TSV	RNA-Seq	9d1c8053-e805-479e-8320-6689925bdab9	TCGA-SARC.ef97606f-6f78-404d-b733-b2a37b16a269.arriba.rna_fusion.tsv	9d1c8053-e805-479e-8320-6689925bdab9
controlled	39f68467-3d37-4b19-aa43-ed7b120c619d	TCGA-DX-A3LS	Sequencing Reads	BAM	RNA-Seq	0a77c543-4ca8-4373-b13c-40fb61f5ca1f	8ecde29f-4330-44be-a062-7e8be94a037c.rna_seq.chimeric.gdc_realn.bam	0a77c543-4ca8-4373-b13c-40fb61f5ca1f
controlled	47a0e4a8-140f-475c-878d-8e03df3f82de	TCGA-DX-A7ET	Structural Variation	BEDPE	RNA-Seq	60dd45bd-ddbc-474e-9776-7df93e31cd91	TCGA-SARC.2e7c1154-4ea4-4758-93bc-99a1a5b69edd.arriba.rna_fusion.bedpe	60dd45bd-ddbc-474e-9776-7df93e31cd91
controlled	34c39a6b-db6a-47e5-b0d4-5fa990ef7eb8	TCGA-3B-A9HI	Transcriptome Profiling	TSV	RNA-Seq	33c9427d-9394-499d-9aa8-926d127f64a9	48b1935e-751d-45b1-a3a7-721716c44066.rna_seq.star_splice_junctions.tsv.gz	33c9427d-9394-499d-9aa8-926d127f64a9
controlled	47a0e4a8-140f-475c-878d-8e03df3f82de	TCGA-DX-A7ET	Sequencing Reads	BAM	RNA-Seq	db8ff7a7-f101-41a2-9c0e-9d8e0a700ae4	cbe51411-2d2f-4126-8630-98fc391e250a.rna_seq.transcriptome.gdc_realn.bam	db8ff7a7-f101-41a2-9c0e-9d8e0a700ae4
controlled	3a473f10-a5e0-4cfa-87dd-f032d74dfa9e	TCGA-DX-A8BX	Structural Variation	BEDPE	RNA-Seq	f3ef4c16-8ee4-469b-b1d8-b9eaadad8a3e	TCGA-SARC.4f6cebc8-6bf6-4b15-aac5-4ebab58e0726.arriba.rna_fusion.bedpe	f3ef4c16-8ee4-469b-b1d8-b9eaadad8a3e
controlled	3a473f10-a5e0-4cfa-87dd-f032d74dfa9e	TCGA-DX-A8BX	Structural Variation	TSV	RNA-Seq	5d9677da-5c85-49ea-b825-c1f2661cc36f	TCGA-SARC.73e6a4dd-dabd-4668-bf78-e3764cf13eba.star_fusion.rna_fusion.tsv	5d9677da-5c85-49ea-b825-c1f2661cc36f
open	30cade9c-a0e0-4be6-9dab-1c495630fd1a	TCGA-FX-A8OO	Transcriptome Profiling	TSV	RNA-Seq	654928c5-1cdc-41a2-a3dc-915f846fb2c3	5d22a34b-7ee2-4d75-baf5-09ec2d99c5a9.rna_seq.augmented_star_gene_counts.tsv	654928c5-1cdc-41a2-a3dc-915f846fb2c3
controlled	30cade9c-a0e0-4be6-9dab-1c495630fd1a	TCGA-FX-A8OO	Structural Variation	BEDPE	RNA-Seq	34200356-aa72-482d-a01d-7b4367ed7b8a	TCGA-SARC.f69aee81-4a9a-4d89-9bd2-45a14f7610ca.arriba.rna_fusion.bedpe	34200356-aa72-482d-a01d-7b4367ed7b8a
controlled	4996e458-db04-4c6d-9ae6-66316240a8ed	TCGA-DX-A8BU	Sequencing Reads	BAM	RNA-Seq	36c45818-a5bd-44fc-b4df-ad13ad88ef0a	ecbf1dc8-8bf2-4d25-90e8-564f442c98d7.rna_seq.genomic.gdc_realn.bam	36c45818-a5bd-44fc-b4df-ad13ad88ef0a
controlled	4996e458-db04-4c6d-9ae6-66316240a8ed	TCGA-DX-A8BU	Sequencing Reads	BAM	RNA-Seq	46bfc0ce-72d3-4412-a3f8-e2f56396a7ea	ecbf1dc8-8bf2-4d25-90e8-564f442c98d7.rna_seq.transcriptome.gdc_realn.bam	46bfc0ce-72d3-4412-a3f8-e2f56396a7ea
controlled	4dc28966-d2c4-4661-b71f-d7f85e536cb6	TCGA-DX-A6BA	Structural Variation	TSV	RNA-Seq	b378ec93-ff8b-421b-ad96-ee55ac477878	TCGA-SARC.6021f4ba-bac1-4421-ad61-0d6b89bdf1ff.arriba.rna_fusion.tsv	b378ec93-ff8b-421b-ad96-ee55ac477878
controlled	4996e458-db04-4c6d-9ae6-66316240a8ed	TCGA-DX-A8BU	Structural Variation	BEDPE	RNA-Seq	fd08c78e-3b24-4804-bfda-001513d08af0	TCGA-SARC.e5ed9911-4aab-46fd-8fc5-7f33ab3ad2d2.arriba.rna_fusion.bedpe	fd08c78e-3b24-4804-bfda-001513d08af0
controlled	4dc28966-d2c4-4661-b71f-d7f85e536cb6	TCGA-DX-A6BA	Sequencing Reads	BAM	RNA-Seq	19266589-6268-44fd-8b2b-bf1a3497753c	461f68d4-e3c0-474f-9487-11d7d22d5619.rna_seq.chimeric.gdc_realn.bam	19266589-6268-44fd-8b2b-bf1a3497753c
controlled	4dc28966-d2c4-4661-b71f-d7f85e536cb6	TCGA-DX-A6BA	Structural Variation	BEDPE	RNA-Seq	15e31675-6d23-41aa-966f-ca450d011a4b	TCGA-SARC.188271b7-703b-4cfb-8c65-e4bd2beab859.star_fusion.rna_fusion.bedpe	15e31675-6d23-41aa-966f-ca450d011a4b
controlled	49fd3506-eb64-4ecd-a367-303b1d7a7fc9	TCGA-MB-A5Y8	Structural Variation	TSV	RNA-Seq	ce49a743-8fc7-4e41-bf72-1aa6b09f3016	TCGA-SARC.62011b0b-3c5d-43f7-9ddf-81df6640351c.star_fusion.rna_fusion.tsv	ce49a743-8fc7-4e41-bf72-1aa6b09f3016
controlled	4e8c570c-3cbe-4878-8b2c-b966868dd60d	TCGA-IF-A4AJ	Structural Variation	BEDPE	RNA-Seq	441d6a91-dc43-4af7-a0dd-54a1f0b2d148	TCGA-SARC.19f920c0-3a52-4dd0-8150-ca8ce10d2f90.arriba.rna_fusion.bedpe	441d6a91-dc43-4af7-a0dd-54a1f0b2d148
controlled	49fd3506-eb64-4ecd-a367-303b1d7a7fc9	TCGA-MB-A5Y8	Structural Variation	TSV	RNA-Seq	63ff1ba2-6310-41f7-8d54-b267de87b4aa	TCGA-SARC.8426f7d5-1483-4c6c-93e7-eb72316c8a7f.arriba.rna_fusion.tsv	63ff1ba2-6310-41f7-8d54-b267de87b4aa
controlled	4b3c152f-a9ea-48cc-9189-f09078a92c48	TCGA-3B-A9HT	Sequencing Reads	BAM	RNA-Seq	d6a46510-f932-4048-9582-ed1489e00f84	7388a63c-9696-4630-af15-e01513340a70.rna_seq.chimeric.gdc_realn.bam	d6a46510-f932-4048-9582-ed1489e00f84
controlled	3ed1862b-c6ef-4744-9123-bb1ee557f068	TCGA-DX-A7EN	Structural Variation	TSV	RNA-Seq	88889d44-1d0e-4a0e-81a0-821bfa79cd54	TCGA-SARC.e60b65c4-9628-47f3-b207-018609b4e257.star_fusion.rna_fusion.tsv	88889d44-1d0e-4a0e-81a0-821bfa79cd54
controlled	52c1d341-94cb-4cb8-948f-bf802fef8bd0	TCGA-DX-AATS	Sequencing Reads	BAM	RNA-Seq	02d542dc-af38-4f45-a194-3393cd252ee4	c31695af-4600-4eeb-8c68-efc98ec19e8f.rna_seq.chimeric.gdc_realn.bam	02d542dc-af38-4f45-a194-3393cd252ee4
controlled	4e8c570c-3cbe-4878-8b2c-b966868dd60d	TCGA-IF-A4AJ	Structural Variation	TSV	RNA-Seq	ca6ed181-0c27-4c6e-baa2-a72729f323bf	TCGA-SARC.19f920c0-3a52-4dd0-8150-ca8ce10d2f90.arriba.rna_fusion.tsv	ca6ed181-0c27-4c6e-baa2-a72729f323bf
controlled	4e8c570c-3cbe-4878-8b2c-b966868dd60d	TCGA-IF-A4AJ	Sequencing Reads	BAM	RNA-Seq	e9afcedc-ff4c-4bca-8038-4e40579eb579	5d9faee2-c374-4734-a104-239f0578890c.rna_seq.genomic.gdc_realn.bam	e9afcedc-ff4c-4bca-8038-4e40579eb579
controlled	4b3c152f-a9ea-48cc-9189-f09078a92c48	TCGA-3B-A9HT	Structural Variation	BEDPE	RNA-Seq	0362d8df-6101-4c91-8261-a24134c5d7ce	TCGA-SARC.a4b058f2-42e6-4c94-94ad-0133db94ca03.star_fusion.rna_fusion.bedpe	0362d8df-6101-4c91-8261-a24134c5d7ce
controlled	52ef31c5-35d8-41cf-8694-4ab4a5debc56	TCGA-SI-AA8B	Structural Variation	BEDPE	RNA-Seq	7d34f771-0b35-488a-b51b-6c9212a56359	TCGA-SARC.7adf3451-96bb-4878-be32-0349188a9f64.arriba.rna_fusion.bedpe	7d34f771-0b35-488a-b51b-6c9212a56359
controlled	4fed8f7a-7ff9-4566-8094-27bdb6ee6b12	TCGA-DX-A8BZ	Sequencing Reads	BAM	RNA-Seq	3d5409b6-3424-4fba-bf74-0ab03810beb5	37ca9503-d056-40b8-9725-2a613bb74d8e.rna_seq.transcriptome.gdc_realn.bam	3d5409b6-3424-4fba-bf74-0ab03810beb5
controlled	4fed8f7a-7ff9-4566-8094-27bdb6ee6b12	TCGA-DX-A8BZ	Structural Variation	TSV	RNA-Seq	1544aeed-43e1-4f4b-80e3-a111a79ea819	TCGA-SARC.1739b9de-caaf-4556-9670-255058d6c8c3.star_fusion.rna_fusion.tsv	1544aeed-43e1-4f4b-80e3-a111a79ea819
controlled	4fed8f7a-7ff9-4566-8094-27bdb6ee6b12	TCGA-DX-A8BZ	Structural Variation	TSV	RNA-Seq	31ae5a04-7d44-4693-91b7-ef7e185c654b	TCGA-SARC.d980cbdd-0f47-4431-a663-7350296b9345.arriba.rna_fusion.tsv	31ae5a04-7d44-4693-91b7-ef7e185c654b
controlled	52ef31c5-35d8-41cf-8694-4ab4a5debc56	TCGA-SI-AA8B	Structural Variation	TSV	RNA-Seq	e0116995-7ce5-450f-b758-27f195089112	TCGA-SARC.7adf3451-96bb-4878-be32-0349188a9f64.arriba.rna_fusion.tsv	e0116995-7ce5-450f-b758-27f195089112
controlled	5370ed4a-eb6b-4eb4-8c71-f5b5d75cfa2d	TCGA-VT-A80J	Transcriptome Profiling	TSV	RNA-Seq	5d946f46-dcea-44a5-b586-3c938bf4806f	a34df46e-6718-478c-8612-be37a5791f7c.rna_seq.star_splice_junctions.tsv.gz	5d946f46-dcea-44a5-b586-3c938bf4806f
controlled	505dc15c-4f74-43de-8eaf-32b7d7515edb	TCGA-DX-A8BH	Sequencing Reads	BAM	RNA-Seq	1dd1e64f-b078-41c4-9e99-55c4eb8708d3	38b72b2d-01ba-4ef3-82e2-f80b3265f6ad.rna_seq.transcriptome.gdc_realn.bam	1dd1e64f-b078-41c4-9e99-55c4eb8708d3
open	590fdb76-20ef-4f95-9783-7d80e7a25e5a	TCGA-IE-A4EK	Transcriptome Profiling	TSV	RNA-Seq	5880c702-620c-4062-aca7-f3a9f6b82e2f	46d6b77c-0796-46f1-9c2d-f67f2a343e22.rna_seq.augmented_star_gene_counts.tsv	5880c702-620c-4062-aca7-f3a9f6b82e2f
controlled	505dc15c-4f74-43de-8eaf-32b7d7515edb	TCGA-DX-A8BH	Sequencing Reads	BAM	RNA-Seq	4671e400-ed25-48c6-8d9f-a637c63e760f	38b72b2d-01ba-4ef3-82e2-f80b3265f6ad.rna_seq.chimeric.gdc_realn.bam	4671e400-ed25-48c6-8d9f-a637c63e760f
open	5370ed4a-eb6b-4eb4-8c71-f5b5d75cfa2d	TCGA-VT-A80J	Transcriptome Profiling	TSV	RNA-Seq	c1345172-5bfe-4813-9341-b3e98977c996	a34df46e-6718-478c-8612-be37a5791f7c.rna_seq.augmented_star_gene_counts.tsv	c1345172-5bfe-4813-9341-b3e98977c996
controlled	5a2b2e1b-b631-40ae-ba41-d8022cddb550	TCGA-QQ-A8VH	Structural Variation	TSV	RNA-Seq	b40cb410-9846-4ce9-8191-f98f66693f59	TCGA-SARC.75d2f6a3-2c71-4664-bc64-4e352c8cb8d7.star_fusion.rna_fusion.tsv	b40cb410-9846-4ce9-8191-f98f66693f59
controlled	5370ed4a-eb6b-4eb4-8c71-f5b5d75cfa2d	TCGA-VT-A80J	Structural Variation	TSV	RNA-Seq	e482e76f-0286-4762-978f-20550ff34063	TCGA-SARC.2139fce3-f2d6-4351-9f57-3e99fa513223.arriba.rna_fusion.tsv	e482e76f-0286-4762-978f-20550ff34063
controlled	505dc15c-4f74-43de-8eaf-32b7d7515edb	TCGA-DX-A8BH	Transcriptome Profiling	TSV	RNA-Seq	e4c9b1e9-0979-4a39-9100-1944bdbec798	38b72b2d-01ba-4ef3-82e2-f80b3265f6ad.rna_seq.star_splice_junctions.tsv.gz	e4c9b1e9-0979-4a39-9100-1944bdbec798
controlled	5370ed4a-eb6b-4eb4-8c71-f5b5d75cfa2d	TCGA-VT-A80J	Structural Variation	BEDPE	RNA-Seq	af4fbc62-b58f-4eaf-9041-55e9ff8e8696	TCGA-SARC.6841386f-24c2-4e5d-8e22-8f626846c140.star_fusion.rna_fusion.bedpe	af4fbc62-b58f-4eaf-9041-55e9ff8e8696
controlled	5a2b2e1b-b631-40ae-ba41-d8022cddb550	TCGA-QQ-A8VH	Sequencing Reads	BAM	RNA-Seq	f33b1336-f517-4844-9e12-108b1b53eb74	545a36e1-8c4b-4f51-a27b-c48456f2eb4c.rna_seq.genomic.gdc_realn.bam	f33b1336-f517-4844-9e12-108b1b53eb74
controlled	5370ed4a-eb6b-4eb4-8c71-f5b5d75cfa2d	TCGA-VT-A80J	Sequencing Reads	BAM	RNA-Seq	8f8aa46d-c344-451b-8356-fb5fc46a3ccf	b56ae9d5-a61f-45dc-831b-bd0d40d83a86.rna_seq.chimeric.gdc_realn.bam	8f8aa46d-c344-451b-8356-fb5fc46a3ccf
open	5a2b2e1b-b631-40ae-ba41-d8022cddb550	TCGA-QQ-A8VH	Transcriptome Profiling	TSV	RNA-Seq	87c0c99f-1eb5-4d35-8aad-1011f7573c2c	545a36e1-8c4b-4f51-a27b-c48456f2eb4c.rna_seq.augmented_star_gene_counts.tsv	87c0c99f-1eb5-4d35-8aad-1011f7573c2c
controlled	5370ed4a-eb6b-4eb4-8c71-f5b5d75cfa2d	TCGA-VT-A80J	Sequencing Reads	BAM	RNA-Seq	4fb69e46-c589-4f01-a9da-31ee8c139530	a34df46e-6718-478c-8612-be37a5791f7c.rna_seq.transcriptome.gdc_realn.bam	4fb69e46-c589-4f01-a9da-31ee8c139530
controlled	685be6b4-1d9c-4539-ae4b-ca658fc83fbc	TCGA-DX-A48J	Structural Variation	BEDPE	RNA-Seq	19f7414f-7f15-49c1-9c85-f93850e54028	TCGA-SARC.87094296-ecd1-4eb1-9d0f-a64b02860cac.arriba.rna_fusion.bedpe	19f7414f-7f15-49c1-9c85-f93850e54028
controlled	5370ed4a-eb6b-4eb4-8c71-f5b5d75cfa2d	TCGA-VT-A80J	Structural Variation	BEDPE	RNA-Seq	ca52e087-a1b5-41d0-9d11-44bbc58b1385	TCGA-SARC.2139fce3-f2d6-4351-9f57-3e99fa513223.arriba.rna_fusion.bedpe	ca52e087-a1b5-41d0-9d11-44bbc58b1385
controlled	506c7c3d-c414-4fc7-963d-e77106b501fb	TCGA-IE-A4EJ	Sequencing Reads	BAM	RNA-Seq	9a1d22dc-081c-4d97-a1d7-05c2bafd3538	fa9b149c-b8a4-49e4-94b3-61ecc6e9d1dd.rna_seq.genomic.gdc_realn.bam	9a1d22dc-081c-4d97-a1d7-05c2bafd3538
controlled	685be6b4-1d9c-4539-ae4b-ca658fc83fbc	TCGA-DX-A48J	Structural Variation	TSV	RNA-Seq	101f8bdd-36a4-4ab7-b068-ff080ec2b439	TCGA-SARC.7e9e9fc2-0743-4e4a-a082-aae722c340ae.star_fusion.rna_fusion.tsv	101f8bdd-36a4-4ab7-b068-ff080ec2b439
controlled	685be6b4-1d9c-4539-ae4b-ca658fc83fbc	TCGA-DX-A48J	Sequencing Reads	BAM	RNA-Seq	6879c852-7b8a-433c-9140-abb5eab43146	c0c6f9a6-ee2f-4d04-9021-8fbfbc94503f.rna_seq.genomic.gdc_realn.bam	6879c852-7b8a-433c-9140-abb5eab43146
controlled	5452ffd8-0408-4a78-b2fd-f1e0b0d05276	TCGA-DX-A8BR	Structural Variation	TSV	RNA-Seq	648d1cd9-d36a-4c8f-8832-432797a382f0	TCGA-SARC.68a5b585-7163-4274-9e52-cdd06a2e3b15.star_fusion.rna_fusion.tsv	648d1cd9-d36a-4c8f-8832-432797a382f0
controlled	5190d965-0d48-4058-83e6-ec5879266be1	TCGA-Z4-A9VC	Sequencing Reads	BAM	RNA-Seq	a3ab2707-b3ba-4278-931e-136dfa70b9f7	7e083096-3209-4f5b-a8df-6b6c7cadd2f4.rna_seq.chimeric.gdc_realn.bam	a3ab2707-b3ba-4278-931e-136dfa70b9f7
controlled	685be6b4-1d9c-4539-ae4b-ca658fc83fbc	TCGA-DX-A48J	Transcriptome Profiling	TSV	RNA-Seq	202b35f1-723c-4e89-becc-fd3a4444f275	c0c6f9a6-ee2f-4d04-9021-8fbfbc94503f.rna_seq.star_splice_junctions.tsv.gz	202b35f1-723c-4e89-becc-fd3a4444f275
controlled	5a64f7e9-3833-4a3c-962b-13eb3e305c69	TCGA-IS-A3K7	Structural Variation	TSV	RNA-Seq	78ed602a-21ba-486e-a9ae-e90ddb6615be	TCGA-SARC.87006a6e-5780-4844-a966-0fabdabc0397.arriba.rna_fusion.tsv	78ed602a-21ba-486e-a9ae-e90ddb6615be
controlled	5a64f7e9-3833-4a3c-962b-13eb3e305c69	TCGA-IS-A3K7	Sequencing Reads	BAM	RNA-Seq	34deb376-33d2-408d-a6c2-29618937ba63	ee8b78b2-a0bd-42cb-a516-96eb5599e95f.rna_seq.transcriptome.gdc_realn.bam	34deb376-33d2-408d-a6c2-29618937ba63
open	685be6b4-1d9c-4539-ae4b-ca658fc83fbc	TCGA-DX-A48J	Transcriptome Profiling	TSV	RNA-Seq	d75cfbc1-35f9-46a5-ab7e-30ddbe026938	c0c6f9a6-ee2f-4d04-9021-8fbfbc94503f.rna_seq.augmented_star_gene_counts.tsv	d75cfbc1-35f9-46a5-ab7e-30ddbe026938
controlled	68c229a9-4c98-495a-b75a-f6f2172b075b	TCGA-QQ-A5VA	Sequencing Reads	BAM	RNA-Seq	b41cf84c-375f-4c19-a555-5d7b450fc420	63f35347-535a-42ad-9415-90dc6b09d977.rna_seq.chimeric.gdc_realn.bam	b41cf84c-375f-4c19-a555-5d7b450fc420
controlled	5452ffd8-0408-4a78-b2fd-f1e0b0d05276	TCGA-DX-A8BR	Structural Variation	BEDPE	RNA-Seq	a78a34ff-c0cf-4a21-8c00-0f928b0dfc3e	TCGA-SARC.68a5b585-7163-4274-9e52-cdd06a2e3b15.star_fusion.rna_fusion.bedpe	a78a34ff-c0cf-4a21-8c00-0f928b0dfc3e
open	5190d965-0d48-4058-83e6-ec5879266be1	TCGA-Z4-A9VC	Transcriptome Profiling	TSV	RNA-Seq	d56e045f-f7b8-4df2-a648-89dfffe43b1f	7e083096-3209-4f5b-a8df-6b6c7cadd2f4.rna_seq.augmented_star_gene_counts.tsv	d56e045f-f7b8-4df2-a648-89dfffe43b1f
controlled	6ac81dec-4802-440b-a5f0-e6eb81a0b22b	TCGA-Z4-AAPG	Structural Variation	BEDPE	RNA-Seq	a5e85475-f846-4312-adee-c29a9ea53095	TCGA-SARC.14bc3e3f-c395-4324-a94f-2a908aedfc63.star_fusion.rna_fusion.bedpe	a5e85475-f846-4312-adee-c29a9ea53095
controlled	6ac81dec-4802-440b-a5f0-e6eb81a0b22b	TCGA-Z4-AAPG	Sequencing Reads	BAM	RNA-Seq	a2b3a0c1-903b-41dd-855f-e05fc3359ac3	91b12476-6108-450e-af54-d182b5b554dd.rna_seq.genomic.gdc_realn.bam	a2b3a0c1-903b-41dd-855f-e05fc3359ac3
controlled	590fdb76-20ef-4f95-9783-7d80e7a25e5a	TCGA-IE-A4EK	Sequencing Reads	BAM	RNA-Seq	80c03a1f-15a2-4ef0-996f-c9ed26ba2cf6	46d6b77c-0796-46f1-9c2d-f67f2a343e22.rna_seq.transcriptome.gdc_realn.bam	80c03a1f-15a2-4ef0-996f-c9ed26ba2cf6
controlled	719fa3f6-0194-423d-8a96-3709e8180565	TCGA-X6-A8C6	Sequencing Reads	BAM	RNA-Seq	f34e28a3-93bc-481a-a779-5c6eee7d694c	a51683df-e7cb-4c81-b0ff-d7d8ae08e113.rna_seq.chimeric.gdc_realn.bam	f34e28a3-93bc-481a-a779-5c6eee7d694c
controlled	6ac81dec-4802-440b-a5f0-e6eb81a0b22b	TCGA-Z4-AAPG	Structural Variation	TSV	RNA-Seq	96207ad4-4aa4-4335-b806-4fc408c8ba14	TCGA-SARC.14bc3e3f-c395-4324-a94f-2a908aedfc63.star_fusion.rna_fusion.tsv	96207ad4-4aa4-4335-b806-4fc408c8ba14
controlled	6037a772-38a4-4f44-95a5-681f90b81684	TCGA-DX-A6YQ	Sequencing Reads	BAM	RNA-Seq	2655d566-d7bd-443d-aebb-e6c18754577e	ab72317d-9a17-4e0b-8c82-b970f6c98fa3.rna_seq.genomic.gdc_realn.bam	2655d566-d7bd-443d-aebb-e6c18754577e
controlled	6b189eff-b919-49d6-8775-dbf32c9ccbba	TCGA-DX-A2IZ	Sequencing Reads	BAM	RNA-Seq	503ae0ea-6fb7-4076-b04e-898fb423ac3e	903bad96-e2c3-4339-832f-87bb2e4c5802.rna_seq.genomic.gdc_realn.bam	503ae0ea-6fb7-4076-b04e-898fb423ac3e
controlled	7b5a66c5-17d2-487e-8ea3-81a00c836738	TCGA-DX-A8BP	Transcriptome Profiling	TSV	RNA-Seq	0a34dc9d-3e53-42c5-94e0-65c4fb0c250d	2eff70d4-ab32-47c4-b5b0-8941e5b5a598.rna_seq.star_splice_junctions.tsv.gz	0a34dc9d-3e53-42c5-94e0-65c4fb0c250d
controlled	7b5a66c5-17d2-487e-8ea3-81a00c836738	TCGA-DX-A8BP	Structural Variation	BEDPE	RNA-Seq	520471fd-9ce4-4005-93d5-690ea865985f	TCGA-SARC.6e39cf42-5e09-41e4-a59e-d06dd98c3a40.star_fusion.rna_fusion.bedpe	520471fd-9ce4-4005-93d5-690ea865985f
controlled	6b189eff-b919-49d6-8775-dbf32c9ccbba	TCGA-DX-A2IZ	Structural Variation	BEDPE	RNA-Seq	bcca7a06-bcaf-4df2-8f6f-265804a8fd79	TCGA-SARC.7f4906c9-90d6-4ab7-8b91-80f853bfd140.star_fusion.rna_fusion.bedpe	bcca7a06-bcaf-4df2-8f6f-265804a8fd79
controlled	60d8a41f-46ae-4ebb-9fac-ab73f1411e55	TCGA-DX-AB2H	Structural Variation	TSV	RNA-Seq	25491510-fa86-4f86-b959-6aae9f3c57cf	TCGA-SARC.a8f609bc-0451-49d4-9a87-10396ddfb0b7.star_fusion.rna_fusion.tsv	25491510-fa86-4f86-b959-6aae9f3c57cf
controlled	60d8a41f-46ae-4ebb-9fac-ab73f1411e55	TCGA-DX-AB2H	Sequencing Reads	BAM	RNA-Seq	fcbdae41-590a-428b-be4b-a93cfcc17174	31532935-f170-4aff-841d-7922f5752ee6.rna_seq.genomic.gdc_realn.bam	fcbdae41-590a-428b-be4b-a93cfcc17174
controlled	6201394f-b70e-4f14-9519-ff9d5f06eb09	TCGA-DX-A3U6	Structural Variation	BEDPE	RNA-Seq	b1ba88a7-d03c-4f5e-b7aa-0f16713b2061	TCGA-SARC.9c2cb920-44b4-4311-9227-ec136d4c4bbc.star_fusion.rna_fusion.bedpe	b1ba88a7-d03c-4f5e-b7aa-0f16713b2061
controlled	724edf28-c9b2-4b11-ae30-70a137f821b8	TCGA-HS-A5N8	Sequencing Reads	BAM	RNA-Seq	e667b750-dbb9-4e7d-8cda-85aab964351e	8acee882-797c-4d8d-908a-b9117890e4d6.rna_seq.genomic.gdc_realn.bam	e667b750-dbb9-4e7d-8cda-85aab964351e
open	724edf28-c9b2-4b11-ae30-70a137f821b8	TCGA-HS-A5N8	Transcriptome Profiling	TSV	RNA-Seq	66d6d209-4fc3-4f94-bee4-ec4844c39b9a	8acee882-797c-4d8d-908a-b9117890e4d6.rna_seq.augmented_star_gene_counts.tsv	66d6d209-4fc3-4f94-bee4-ec4844c39b9a
controlled	724edf28-c9b2-4b11-ae30-70a137f821b8	TCGA-HS-A5N8	Structural Variation	BEDPE	RNA-Seq	88b97ced-3ce0-439d-b905-4e8263a5ec23	TCGA-SARC.7fa6011f-4840-43c3-8034-c1444abc69b3.arriba.rna_fusion.bedpe	88b97ced-3ce0-439d-b905-4e8263a5ec23
controlled	724edf28-c9b2-4b11-ae30-70a137f821b8	TCGA-HS-A5N8	Transcriptome Profiling	TSV	RNA-Seq	a3e9cc17-9057-4963-9a84-2bad6c056ffa	8acee882-797c-4d8d-908a-b9117890e4d6.rna_seq.star_splice_junctions.tsv.gz	a3e9cc17-9057-4963-9a84-2bad6c056ffa
open	6be3885c-219b-44f4-92bc-c055dc843a87	TCGA-DX-A6YV	Transcriptome Profiling	TSV	RNA-Seq	5c037de7-faf0-4bef-a457-1de94bf68a30	e70b6da9-d0d7-4dfa-8956-508d8293b4ad.rna_seq.augmented_star_gene_counts.tsv	5c037de7-faf0-4bef-a457-1de94bf68a30
controlled	724edf28-c9b2-4b11-ae30-70a137f821b8	TCGA-HS-A5N8	Sequencing Reads	BAM	RNA-Seq	5b042183-59d9-4e31-bab3-c529dfb390d9	8acee882-797c-4d8d-908a-b9117890e4d6.rna_seq.transcriptome.gdc_realn.bam	5b042183-59d9-4e31-bab3-c529dfb390d9
controlled	7bab6742-4e3d-4fcf-9b90-d3e0218b4d79	TCGA-FX-A3NJ	Structural Variation	TSV	RNA-Seq	83795399-e7b9-4047-9a57-28a91fa0d6bf	TCGA-SARC.a78ddaf9-bc37-442a-ba1e-09909b61b802.arriba.rna_fusion.tsv	83795399-e7b9-4047-9a57-28a91fa0d6bf
controlled	724edf28-c9b2-4b11-ae30-70a137f821b8	TCGA-HS-A5N8	Sequencing Reads	BAM	RNA-Seq	e66ec4be-2a69-4db6-905b-5e5761dbcc8b	8acee882-797c-4d8d-908a-b9117890e4d6.rna_seq.chimeric.gdc_realn.bam	e66ec4be-2a69-4db6-905b-5e5761dbcc8b
controlled	6201394f-b70e-4f14-9519-ff9d5f06eb09	TCGA-DX-A3U6	Sequencing Reads	BAM	RNA-Seq	8ec3f569-0340-4f96-9f53-d94017035428	43e645e3-3d6a-42c4-ab0e-eaa930fb332c.rna_seq.transcriptome.gdc_realn.bam	8ec3f569-0340-4f96-9f53-d94017035428
controlled	73d2e8ef-4e10-416a-845b-f48374e48ecb	TCGA-DX-A1L2	Transcriptome Profiling	TSV	RNA-Seq	be0a4aff-f907-4c45-8dd6-d9bb0b381d86	2c0edbe3-1432-4a83-8906-ebea48790d7f.rna_seq.star_splice_junctions.tsv.gz	be0a4aff-f907-4c45-8dd6-d9bb0b381d86
controlled	6e82bcfc-a61d-441b-a1ed-cb46dc88a860	TCGA-DX-A7EO	Structural Variation	BEDPE	RNA-Seq	6844a21c-14e0-402e-8b93-7726de4445f2	TCGA-SARC.37f20213-22d1-4f7c-843d-01d6c5ef7e05.star_fusion.rna_fusion.bedpe	6844a21c-14e0-402e-8b93-7726de4445f2
controlled	685be6b4-1d9c-4539-ae4b-ca658fc83fbc	TCGA-DX-A48J	Structural Variation	TSV	RNA-Seq	325559ba-9316-479b-8f69-bf7d2123360a	TCGA-SARC.87094296-ecd1-4eb1-9d0f-a64b02860cac.arriba.rna_fusion.tsv	325559ba-9316-479b-8f69-bf7d2123360a
open	6e82bcfc-a61d-441b-a1ed-cb46dc88a860	TCGA-DX-A7EO	Transcriptome Profiling	TSV	RNA-Seq	1dfaa9f9-bd38-4df7-a761-0a4a45f05239	aef45e03-b0a9-43ed-9d89-1bcec96ada5a.rna_seq.augmented_star_gene_counts.tsv	1dfaa9f9-bd38-4df7-a761-0a4a45f05239
open	7c82e2d6-a768-4078-9084-4b47e8a2ce95	TCGA-DX-A3UB	Transcriptome Profiling	TSV	RNA-Seq	1f1a4087-ad22-412e-8cd9-b4c33e751eb2	5a141afd-e054-4f12-8043-9a72bfa4696d.rna_seq.augmented_star_gene_counts.tsv	1f1a4087-ad22-412e-8cd9-b4c33e751eb2
controlled	73d2e8ef-4e10-416a-845b-f48374e48ecb	TCGA-DX-A1L2	Structural Variation	BEDPE	RNA-Seq	7a7817ac-a45e-4446-aa5a-810b06fa7d75	TCGA-SARC.4ef9e634-107e-44fa-8708-cfb529c20292.arriba.rna_fusion.bedpe	7a7817ac-a45e-4446-aa5a-810b06fa7d75
controlled	6e82bcfc-a61d-441b-a1ed-cb46dc88a860	TCGA-DX-A7EO	Sequencing Reads	BAM	RNA-Seq	5ce90f28-69a1-4c6a-b045-a2f6be31b67c	aef45e03-b0a9-43ed-9d89-1bcec96ada5a.rna_seq.genomic.gdc_realn.bam	5ce90f28-69a1-4c6a-b045-a2f6be31b67c
controlled	6e82bcfc-a61d-441b-a1ed-cb46dc88a860	TCGA-DX-A7EO	Sequencing Reads	BAM	RNA-Seq	f5349d0e-59a3-44d4-a357-ffdea485d753	aef45e03-b0a9-43ed-9d89-1bcec96ada5a.rna_seq.transcriptome.gdc_realn.bam	f5349d0e-59a3-44d4-a357-ffdea485d753
controlled	6e82bcfc-a61d-441b-a1ed-cb46dc88a860	TCGA-DX-A7EO	Sequencing Reads	BAM	RNA-Seq	2cddb82f-eb41-4d93-a0b9-360a8cc25235	aef45e03-b0a9-43ed-9d89-1bcec96ada5a.rna_seq.chimeric.gdc_realn.bam	2cddb82f-eb41-4d93-a0b9-360a8cc25235
controlled	76e3ec27-2c64-4e38-96f1-30307893b825	TCGA-HB-A2OT	Structural Variation	TSV	RNA-Seq	f0e31656-b15f-45b4-8a35-7bb0fc177815	TCGA-SARC.3bed873a-e21c-4e98-a093-3f1a8b56efb7.arriba.rna_fusion.tsv	f0e31656-b15f-45b4-8a35-7bb0fc177815
controlled	7c82e2d6-a768-4078-9084-4b47e8a2ce95	TCGA-DX-A3UB	Structural Variation	TSV	RNA-Seq	a8593b83-443e-4336-930e-d11f7214e361	TCGA-SARC.4532071a-b005-448b-b230-b07f887e7443.arriba.rna_fusion.tsv	a8593b83-443e-4336-930e-d11f7214e361
controlled	7c82e2d6-a768-4078-9084-4b47e8a2ce95	TCGA-DX-A3UB	Structural Variation	BEDPE	RNA-Seq	a3a6a993-245e-4fe2-8a52-62cdd1ba5b79	TCGA-SARC.cfc62b6b-7a30-4173-bb52-d13202fd9d00.star_fusion.rna_fusion.bedpe	a3a6a993-245e-4fe2-8a52-62cdd1ba5b79
controlled	76e3ec27-2c64-4e38-96f1-30307893b825	TCGA-HB-A2OT	Structural Variation	TSV	RNA-Seq	382b0db1-195b-43d3-af69-b8f9b9ebc300	TCGA-SARC.6849f8b4-37c2-4c48-980e-bb401aa2483b.star_fusion.rna_fusion.tsv	382b0db1-195b-43d3-af69-b8f9b9ebc300
controlled	76e3ec27-2c64-4e38-96f1-30307893b825	TCGA-HB-A2OT	Structural Variation	BEDPE	RNA-Seq	81d24fa4-bcf7-48a5-8ee6-e38199690d12	TCGA-SARC.3bed873a-e21c-4e98-a093-3f1a8b56efb7.arriba.rna_fusion.bedpe	81d24fa4-bcf7-48a5-8ee6-e38199690d12
controlled	83a93378-0978-4102-9e4b-09b547b75687	TCGA-K1-A42W	Structural Variation	BEDPE	RNA-Seq	fbe7f44b-aea1-4860-bcc5-09de48684952	TCGA-SARC.2c178b66-391b-4b65-a3e8-3da9eddef5a5.star_fusion.rna_fusion.bedpe	fbe7f44b-aea1-4860-bcc5-09de48684952
controlled	6e9f74a4-2f41-4b2f-b0e1-39c4d779bd40	TCGA-QQ-A8VD	Structural Variation	BEDPE	RNA-Seq	4fec84e5-67d5-4655-9d5c-de171422742c	TCGA-SARC.e4694c50-eecc-4851-bd54-49cd1e859dc5.star_fusion.rna_fusion.bedpe	4fec84e5-67d5-4655-9d5c-de171422742c
controlled	6e9f74a4-2f41-4b2f-b0e1-39c4d779bd40	TCGA-QQ-A8VD	Sequencing Reads	BAM	RNA-Seq	9da3024b-723e-444f-b04d-83aaf55d2658	0d005c0b-3d68-43d2-ad8d-beb9f1328b37.rna_seq.chimeric.gdc_realn.bam	9da3024b-723e-444f-b04d-83aaf55d2658
controlled	851f8905-778c-4016-85e5-bc22817a6a28	TCGA-3B-A9HQ	Sequencing Reads	BAM	RNA-Seq	ba674d18-9512-4d76-afca-5672d1d9c07f	68ef04e1-d5ba-4338-b2f3-5c116569e95a.rna_seq.chimeric.gdc_realn.bam	ba674d18-9512-4d76-afca-5672d1d9c07f
controlled	6e9f74a4-2f41-4b2f-b0e1-39c4d779bd40	TCGA-QQ-A8VD	Sequencing Reads	BAM	RNA-Seq	2780c1e2-12a0-451c-8a14-a6006a4f135f	0d005c0b-3d68-43d2-ad8d-beb9f1328b37.rna_seq.genomic.gdc_realn.bam	2780c1e2-12a0-451c-8a14-a6006a4f135f
controlled	851f8905-778c-4016-85e5-bc22817a6a28	TCGA-3B-A9HQ	Structural Variation	BEDPE	RNA-Seq	ac0baf5d-f7a2-4395-8c11-1c8c9e5e9e17	TCGA-SARC.9004d3b3-160d-4697-9b5e-399907f006f3.arriba.rna_fusion.bedpe	ac0baf5d-f7a2-4395-8c11-1c8c9e5e9e17
controlled	851f8905-778c-4016-85e5-bc22817a6a28	TCGA-3B-A9HQ	Transcriptome Profiling	TSV	RNA-Seq	a990cbb3-ce8d-4fa4-bd7d-34c847fe84d7	68ef04e1-d5ba-4338-b2f3-5c116569e95a.rna_seq.star_splice_junctions.tsv.gz	a990cbb3-ce8d-4fa4-bd7d-34c847fe84d7
open	851f8905-778c-4016-85e5-bc22817a6a28	TCGA-3B-A9HQ	Transcriptome Profiling	TSV	RNA-Seq	bb540c2d-1b6d-4744-83a7-0541a986578c	68ef04e1-d5ba-4338-b2f3-5c116569e95a.rna_seq.augmented_star_gene_counts.tsv	bb540c2d-1b6d-4744-83a7-0541a986578c
controlled	788dbebb-3d1b-4f6d-8a40-869157d25025	TCGA-WK-A8XQ	Sequencing Reads	BAM	RNA-Seq	7c02fcdb-32d8-4882-ac36-4cccbd00e917	b7200fba-1d9e-4337-8105-dddb9074e29b.rna_seq.genomic.gdc_realn.bam	7c02fcdb-32d8-4882-ac36-4cccbd00e917
controlled	788dbebb-3d1b-4f6d-8a40-869157d25025	TCGA-WK-A8XQ	Structural Variation	TSV	RNA-Seq	708ba0ac-31ac-41cc-abec-f3c2348aea02	TCGA-SARC.f185ec01-4061-4514-9a62-a0551a8701a6.star_fusion.rna_fusion.tsv	708ba0ac-31ac-41cc-abec-f3c2348aea02
controlled	89ea0e21-c5af-42b4-9f64-5ba4874ab76e	TCGA-DX-A7EF	Sequencing Reads	BAM	RNA-Seq	05244678-da9b-47a2-a9e9-b733ee6d24df	c6ca7cbb-2be2-4abb-9b66-04069fe6690f.rna_seq.genomic.gdc_realn.bam	05244678-da9b-47a2-a9e9-b733ee6d24df
controlled	85a7da1e-a8d0-4366-890a-79c0461967c6	TCGA-X6-A7WA	Sequencing Reads	BAM	RNA-Seq	cccb2041-d861-42ee-bb49-8fdde8ce1897	b033ac56-6f16-4379-ab54-f3b75ece77ff.rna_seq.transcriptome.gdc_realn.bam	cccb2041-d861-42ee-bb49-8fdde8ce1897
controlled	7fb69277-2aff-45e0-8f44-d2794f831a2a	TCGA-MJ-A68H	Structural Variation	TSV	RNA-Seq	adb5fd1b-5bb6-4d2d-bebd-c030bec2b30a	TCGA-SARC.7c234fcc-a1e1-470a-88f6-f673e5b9d0f5.arriba.rna_fusion.tsv	adb5fd1b-5bb6-4d2d-bebd-c030bec2b30a
open	7fb69277-2aff-45e0-8f44-d2794f831a2a	TCGA-MJ-A68H	Transcriptome Profiling	TSV	RNA-Seq	59b85194-c08f-4bcc-b6d5-89682d20f879	9e5b47bf-fb42-41e2-a135-a17a6eb71f20.rna_seq.augmented_star_gene_counts.tsv	59b85194-c08f-4bcc-b6d5-89682d20f879
controlled	7fb69277-2aff-45e0-8f44-d2794f831a2a	TCGA-MJ-A68H	Sequencing Reads	BAM	RNA-Seq	4979860a-67ce-491d-bd86-a6d7a87d9703	9e5b47bf-fb42-41e2-a135-a17a6eb71f20.rna_seq.transcriptome.gdc_realn.bam	4979860a-67ce-491d-bd86-a6d7a87d9703
controlled	85a7da1e-a8d0-4366-890a-79c0461967c6	TCGA-X6-A7WA	Structural Variation	BEDPE	RNA-Seq	50874c80-bf9c-4592-91e1-f926e75bd513	TCGA-SARC.a4339129-6a3b-41e7-aa29-2884d27de7a4.arriba.rna_fusion.bedpe	50874c80-bf9c-4592-91e1-f926e75bd513
controlled	7fb69277-2aff-45e0-8f44-d2794f831a2a	TCGA-MJ-A68H	Structural Variation	BEDPE	RNA-Seq	308b403f-7324-4316-acc6-ec835fe9284c	TCGA-SARC.3cf64923-aaf6-4cb8-839e-70181dcfed4e.star_fusion.rna_fusion.bedpe	308b403f-7324-4316-acc6-ec835fe9284c
controlled	8b20dd03-46da-4d6b-95b4-f329fdc486cf	TCGA-VT-A80G	Sequencing Reads	BAM	RNA-Seq	f0358ab9-9c6a-45a6-9437-e09f7092b330	ffb03af9-5abb-46d5-820b-1e90fe1c06ad.rna_seq.chimeric.gdc_realn.bam	f0358ab9-9c6a-45a6-9437-e09f7092b330
controlled	78c0d30c-0905-49de-be7f-afc1337f59b7	TCGA-K1-A6RV	Sequencing Reads	BAM	RNA-Seq	680c599e-09d7-4320-afbb-3fe22440947e	49e72bf1-a9b4-4554-8d9d-a4068e7a8fea.rna_seq.genomic.gdc_realn.bam	680c599e-09d7-4320-afbb-3fe22440947e
controlled	85a7da1e-a8d0-4366-890a-79c0461967c6	TCGA-X6-A7WA	Transcriptome Profiling	TSV	RNA-Seq	c124bb3d-a452-4590-b51f-5d01541acb86	b033ac56-6f16-4379-ab54-f3b75ece77ff.rna_seq.star_splice_junctions.tsv.gz	c124bb3d-a452-4590-b51f-5d01541acb86
controlled	78c0d30c-0905-49de-be7f-afc1337f59b7	TCGA-K1-A6RV	Structural Variation	BEDPE	RNA-Seq	6ded1d93-afe2-4d75-b009-4f2fe38ec48d	TCGA-SARC.3af67083-9c44-4fe7-8995-29590bef0049.arriba.rna_fusion.bedpe	6ded1d93-afe2-4d75-b009-4f2fe38ec48d
open	8b20dd03-46da-4d6b-95b4-f329fdc486cf	TCGA-VT-A80G	Transcriptome Profiling	TSV	RNA-Seq	2f0f354b-26af-4566-85b8-c8b6102e4999	ffb03af9-5abb-46d5-820b-1e90fe1c06ad.rna_seq.augmented_star_gene_counts.tsv	2f0f354b-26af-4566-85b8-c8b6102e4999
controlled	8c279bc5-117e-440b-b118-af01fc6c11a2	TCGA-MB-A8JK	Structural Variation	BEDPE	RNA-Seq	7b50bb80-121e-48fc-b85a-da0f693914c7	TCGA-SARC.9f948a09-53c9-4114-9f09-1a1a557fd8f1.star_fusion.rna_fusion.bedpe	7b50bb80-121e-48fc-b85a-da0f693914c7
controlled	7b5a66c5-17d2-487e-8ea3-81a00c836738	TCGA-DX-A8BP	Sequencing Reads	BAM	RNA-Seq	1d001452-d844-4584-9b2e-891eb9df2da2	2eff70d4-ab32-47c4-b5b0-8941e5b5a598.rna_seq.chimeric.gdc_realn.bam	1d001452-d844-4584-9b2e-891eb9df2da2
open	7b5a66c5-17d2-487e-8ea3-81a00c836738	TCGA-DX-A8BP	Transcriptome Profiling	TSV	RNA-Seq	82d3b1c2-8ae5-405a-bdc4-d76663348ab4	2eff70d4-ab32-47c4-b5b0-8941e5b5a598.rna_seq.augmented_star_gene_counts.tsv	82d3b1c2-8ae5-405a-bdc4-d76663348ab4
controlled	872244e2-d1ed-4a1d-9162-365f45e7f1a0	TCGA-DX-AB30	Sequencing Reads	BAM	RNA-Seq	5c22b88f-d441-49da-8812-cf3e178ebe3c	492fd01c-2a0d-4d00-a4a4-bdfe27d36742.rna_seq.genomic.gdc_realn.bam	5c22b88f-d441-49da-8812-cf3e178ebe3c
controlled	83a93378-0978-4102-9e4b-09b547b75687	TCGA-K1-A42W	Structural Variation	TSV	RNA-Seq	5763d958-3a9b-4d96-9c68-3b452a56a0b8	TCGA-SARC.2e69da34-446f-4039-89a2-9bc43effda04.arriba.rna_fusion.tsv	5763d958-3a9b-4d96-9c68-3b452a56a0b8
controlled	872244e2-d1ed-4a1d-9162-365f45e7f1a0	TCGA-DX-AB30	Structural Variation	TSV	RNA-Seq	9fff4915-a8ea-436d-89ba-4a86d224ab83	TCGA-SARC.307b6e20-b0a4-4279-a95b-0ad98d0032f8.arriba.rna_fusion.tsv	9fff4915-a8ea-436d-89ba-4a86d224ab83
open	8fc1fade-42aa-45d9-8ed3-2f7e73cb0936	TCGA-DX-A48N	Transcriptome Profiling	TSV	RNA-Seq	6ee1b27b-59e8-48af-8048-dc17888b7fc5	a9132e93-c833-4d4a-9eac-309f9db438ef.rna_seq.augmented_star_gene_counts.tsv	6ee1b27b-59e8-48af-8048-dc17888b7fc5
controlled	872244e2-d1ed-4a1d-9162-365f45e7f1a0	TCGA-DX-AB30	Structural Variation	BEDPE	RNA-Seq	c541dda2-b606-473d-9655-36c2eb17a0ad	TCGA-SARC.307b6e20-b0a4-4279-a95b-0ad98d0032f8.arriba.rna_fusion.bedpe	c541dda2-b606-473d-9655-36c2eb17a0ad
open	926176c2-0a8f-414a-a7b1-91734bdce6ae	TCGA-DX-A8BJ	Transcriptome Profiling	TSV	RNA-Seq	b6cf784c-0b49-4e92-9987-48639c88d0d6	4160b4a5-e62e-40fa-aa8f-7e87c6e3c783.rna_seq.augmented_star_gene_counts.tsv	b6cf784c-0b49-4e92-9987-48639c88d0d6
controlled	872244e2-d1ed-4a1d-9162-365f45e7f1a0	TCGA-DX-AB30	Structural Variation	BEDPE	RNA-Seq	ddf130ca-b58d-4739-95b5-e83c37c14f22	TCGA-SARC.eeac30f0-0f1b-4575-bb2e-e59798e1658a.star_fusion.rna_fusion.bedpe	ddf130ca-b58d-4739-95b5-e83c37c14f22
controlled	926176c2-0a8f-414a-a7b1-91734bdce6ae	TCGA-DX-A8BJ	Structural Variation	BEDPE	RNA-Seq	f5a87637-bb47-4899-8abc-95aa286e5f9b	TCGA-SARC.003f4eb7-3c2b-4505-9696-84affc83fd48.arriba.rna_fusion.bedpe	f5a87637-bb47-4899-8abc-95aa286e5f9b
controlled	885b1b65-4280-4aab-a7f0-434b0317d86f	TCGA-IE-A6BZ	Transcriptome Profiling	TSV	RNA-Seq	780c4757-a55d-4e8f-b3a2-67513889c699	4bc078e8-e39d-4e54-8209-5ce8ec7b7840.rna_seq.star_splice_junctions.tsv.gz	780c4757-a55d-4e8f-b3a2-67513889c699
controlled	926176c2-0a8f-414a-a7b1-91734bdce6ae	TCGA-DX-A8BJ	Structural Variation	TSV	RNA-Seq	9a671ca3-432b-432a-b68d-153167aafd22	TCGA-SARC.003f4eb7-3c2b-4505-9696-84affc83fd48.arriba.rna_fusion.tsv	9a671ca3-432b-432a-b68d-153167aafd22
controlled	885b1b65-4280-4aab-a7f0-434b0317d86f	TCGA-IE-A6BZ	Structural Variation	TSV	RNA-Seq	4c3bbc8d-3d3a-4812-9703-854c323b3070	TCGA-SARC.cd5c89ed-70ae-4e19-b279-79b967bceeef.star_fusion.rna_fusion.tsv	4c3bbc8d-3d3a-4812-9703-854c323b3070
controlled	90bc0f31-0ec2-4ceb-ad99-6be8f8b19180	TCGA-X6-A8C2	Sequencing Reads	BAM	RNA-Seq	a4fdb716-ae20-4b2d-8243-bd86011e0825	0a72d33c-2513-4472-810f-d3c56f34101e.rna_seq.transcriptome.gdc_realn.bam	a4fdb716-ae20-4b2d-8243-bd86011e0825
controlled	885b1b65-4280-4aab-a7f0-434b0317d86f	TCGA-IE-A6BZ	Sequencing Reads	BAM	RNA-Seq	d4f09784-981e-4774-92b7-eaba15689f74	4bc078e8-e39d-4e54-8209-5ce8ec7b7840.rna_seq.chimeric.gdc_realn.bam	d4f09784-981e-4774-92b7-eaba15689f74
controlled	92da1d84-03a1-4fe9-bc0d-7fe61dfbe904	TCGA-PC-A5DL	Structural Variation	TSV	RNA-Seq	30534e59-69dd-42d1-ae8d-32268a65cd56	TCGA-SARC.3f176885-0fac-4e3e-ab3a-9dfde718db76.arriba.rna_fusion.tsv	30534e59-69dd-42d1-ae8d-32268a65cd56
controlled	8c66f5f5-3e37-4353-b0f8-64b92a733da8	TCGA-DX-A1L4	Transcriptome Profiling	TSV	RNA-Seq	97c6f99d-f076-4110-8623-f3c342202b6e	63df94bf-e0f6-48f7-8a58-c19ad65782e7.rna_seq.star_splice_junctions.tsv.gz	97c6f99d-f076-4110-8623-f3c342202b6e
controlled	89a3ccb1-252a-46f9-97c7-3e44b34d7967	TCGA-X6-A7WB	Structural Variation	BEDPE	RNA-Seq	2059f7e0-8653-49db-be4f-c6e9773b7bea	TCGA-SARC.ee6fc84e-e633-4426-8a18-3f11cba8ad62.star_fusion.rna_fusion.bedpe	2059f7e0-8653-49db-be4f-c6e9773b7bea
open	89a3ccb1-252a-46f9-97c7-3e44b34d7967	TCGA-X6-A7WB	Transcriptome Profiling	TSV	RNA-Seq	1042be7b-5d61-4718-b507-11d6f9c687f9	d0e06eac-e98c-4b6c-af28-900882579f2a.rna_seq.augmented_star_gene_counts.tsv	1042be7b-5d61-4718-b507-11d6f9c687f9
controlled	93dfe3c6-445d-4976-93c0-9a826730fd58	TCGA-QQ-A5V9	Structural Variation	TSV	RNA-Seq	9f280b31-4a44-4b6b-8b6d-20151a044c6c	TCGA-SARC.7e66d6a9-44d4-4bf9-8937-7d39c83bca87.arriba.rna_fusion.tsv	9f280b31-4a44-4b6b-8b6d-20151a044c6c
controlled	90db503c-f9c8-4d31-bed4-e3383b69c89b	TCGA-X9-A973	Structural Variation	TSV	RNA-Seq	accaf538-7ffb-46b9-a42e-32b9ff7cc4e9	TCGA-SARC.2e0a2eb4-6b39-44b4-8a49-b33b2c1dea82.arriba.rna_fusion.tsv	accaf538-7ffb-46b9-a42e-32b9ff7cc4e9
controlled	89a3ccb1-252a-46f9-97c7-3e44b34d7967	TCGA-X6-A7WB	Structural Variation	TSV	RNA-Seq	064c6226-7641-4627-997b-e91b80f178ae	TCGA-SARC.ee6fc84e-e633-4426-8a18-3f11cba8ad62.star_fusion.rna_fusion.tsv	064c6226-7641-4627-997b-e91b80f178ae
controlled	93dfe3c6-445d-4976-93c0-9a826730fd58	TCGA-QQ-A5V9	Sequencing Reads	BAM	RNA-Seq	b4765495-77ff-4a47-886b-edadffe15136	cb0e559c-12ee-4328-9e55-e4e1f8448956.rna_seq.chimeric.gdc_realn.bam	b4765495-77ff-4a47-886b-edadffe15136
controlled	89a3ccb1-252a-46f9-97c7-3e44b34d7967	TCGA-X6-A7WB	Structural Variation	TSV	RNA-Seq	db3f38f8-b383-4fa6-9d5d-78d93eaa200b	TCGA-SARC.20ff7285-ec0a-4d17-8a28-74cbc33a643b.arriba.rna_fusion.tsv	db3f38f8-b383-4fa6-9d5d-78d93eaa200b
controlled	8d8921ac-ca12-4e17-bd5e-982ff0d699a1	TCGA-DX-A23U	Structural Variation	BEDPE	RNA-Seq	43a0763f-25ae-461b-9c0f-4fa881090e8d	TCGA-SARC.4978856b-6d35-4dca-b6e7-9da34da77918.star_fusion.rna_fusion.bedpe	43a0763f-25ae-461b-9c0f-4fa881090e8d
controlled	9bdc3867-2115-4351-af5f-a52a2c20ae5d	TCGA-K1-A42X	Transcriptome Profiling	TSV	RNA-Seq	c6421439-cbc7-4a5d-8b0a-538d1d5265d1	77e1473a-9f6a-481b-8ed0-9b56e8c3a546.rna_seq.star_splice_junctions.tsv.gz	c6421439-cbc7-4a5d-8b0a-538d1d5265d1
controlled	90db503c-f9c8-4d31-bed4-e3383b69c89b	TCGA-X9-A973	Structural Variation	TSV	RNA-Seq	13ae0753-519c-44eb-8640-91b1c8ce2d12	TCGA-SARC.0e6c5367-4399-454e-91a1-e30561a39162.star_fusion.rna_fusion.tsv	13ae0753-519c-44eb-8640-91b1c8ce2d12
controlled	8d8921ac-ca12-4e17-bd5e-982ff0d699a1	TCGA-DX-A23U	Transcriptome Profiling	TSV	RNA-Seq	e3fc489b-a9c3-4a4a-9ed2-ee54b396abd6	2da56f78-6a21-4de6-a5e3-8abfb6e2d418.rna_seq.star_splice_junctions.tsv.gz	e3fc489b-a9c3-4a4a-9ed2-ee54b396abd6
controlled	90db503c-f9c8-4d31-bed4-e3383b69c89b	TCGA-X9-A973	Sequencing Reads	BAM	RNA-Seq	5bb947d5-9154-4259-b960-495d6d268c89	4d95d113-14eb-45f3-9a97-3c6c301fe2a2.rna_seq.chimeric.gdc_realn.bam	5bb947d5-9154-4259-b960-495d6d268c89
open	9bdc3867-2115-4351-af5f-a52a2c20ae5d	TCGA-K1-A42X	Transcriptome Profiling	TSV	RNA-Seq	f7e8190e-dbff-450f-9d02-796cc8ce69de	dc69718f-e389-406d-b59b-089057fa6679.rna_seq.augmented_star_gene_counts.tsv	f7e8190e-dbff-450f-9d02-796cc8ce69de
controlled	8d8921ac-ca12-4e17-bd5e-982ff0d699a1	TCGA-DX-A23U	Structural Variation	TSV	RNA-Seq	684843aa-800a-4bd2-9dcb-dc4088e6bc0e	TCGA-SARC.868d803e-f1ac-4832-b561-0e88feeda63b.arriba.rna_fusion.tsv	684843aa-800a-4bd2-9dcb-dc4088e6bc0e
controlled	9bf78d02-f5e5-4cee-8d4d-57cc567cb510	TCGA-MB-A8JL	Sequencing Reads	BAM	RNA-Seq	49ff4405-50fe-4f02-87c1-4d43476c4fbc	725add0b-85a3-4a47-ba37-7b8e58064c58.rna_seq.genomic.gdc_realn.bam	49ff4405-50fe-4f02-87c1-4d43476c4fbc
controlled	914df75d-25f5-4b2f-96c7-95861d7dfa30	TCGA-DX-A8BM	Structural Variation	BEDPE	RNA-Seq	30242b3f-5d8d-453b-9ebb-f075447a3e51	TCGA-SARC.26462acc-c5e8-47dd-ad4b-32ca435c5b63.star_fusion.rna_fusion.bedpe	30242b3f-5d8d-453b-9ebb-f075447a3e51
controlled	9517413b-b5b8-4130-8ba1-d86d44abe2ec	TCGA-DX-A1L3	Sequencing Reads	BAM	RNA-Seq	8ce2fb68-a6a5-43ee-a74c-33a0ee0c3466	10956a5c-ff2c-4c4b-9fcc-a634668f7988.rna_seq.genomic.gdc_realn.bam	8ce2fb68-a6a5-43ee-a74c-33a0ee0c3466
controlled	9bf78d02-f5e5-4cee-8d4d-57cc567cb510	TCGA-MB-A8JL	Transcriptome Profiling	TSV	RNA-Seq	0b7d268b-eb59-451b-90fe-822432909432	725add0b-85a3-4a47-ba37-7b8e58064c58.rna_seq.star_splice_junctions.tsv.gz	0b7d268b-eb59-451b-90fe-822432909432
controlled	8f4293b0-bafc-4348-a203-9516d6f2dc48	TCGA-UE-A6QT	Transcriptome Profiling	TSV	RNA-Seq	fb845e15-f2b4-4eb4-b78f-bdea0bff48a6	07a8cc94-707a-453f-a34d-97cbb79e6523.rna_seq.star_splice_junctions.tsv.gz	fb845e15-f2b4-4eb4-b78f-bdea0bff48a6
controlled	a7613c60-93a1-4a4c-9b12-dfd2103b0168	TCGA-QC-AA9N	Structural Variation	TSV	RNA-Seq	c3963237-9231-4b68-91d7-4d121c1b72cd	TCGA-SARC.0a596bba-cae2-4ad9-b33e-4b9296d7ae01.arriba.rna_fusion.tsv	c3963237-9231-4b68-91d7-4d121c1b72cd
controlled	8f4c042c-fbe3-4d0c-b2bd-695bc37483f5	TCGA-N1-A6IA	Transcriptome Profiling	TSV	RNA-Seq	bb9f9370-de7d-4230-ba6c-950e28e39882	d6d922a1-f6ae-4190-be36-0ac1e03f85fa.rna_seq.star_splice_junctions.tsv.gz	bb9f9370-de7d-4230-ba6c-950e28e39882
controlled	ac1eb376-ff96-4ed9-929a-03975f72ac15	TCGA-DX-A3UA	Sequencing Reads	BAM	RNA-Seq	f3fd7331-a200-42ce-8e77-ea050c1d593d	2242b925-b7c5-4420-9cc1-af562a0bafe0.rna_seq.genomic.gdc_realn.bam	f3fd7331-a200-42ce-8e77-ea050c1d593d
controlled	ac1eb376-ff96-4ed9-929a-03975f72ac15	TCGA-DX-A3UA	Structural Variation	BEDPE	RNA-Seq	72b60a71-0506-4331-b358-9b06af333b83	TCGA-SARC.7d506acb-26a9-4d03-ba79-67c059eb3339.star_fusion.rna_fusion.bedpe	72b60a71-0506-4331-b358-9b06af333b83
controlled	ac1eb376-ff96-4ed9-929a-03975f72ac15	TCGA-DX-A3UA	Structural Variation	BEDPE	RNA-Seq	60241db2-fe77-4285-8745-3702cf7a18e1	TCGA-SARC.25cc0e52-32ed-40bc-a6fa-ba5248a39533.arriba.rna_fusion.bedpe	60241db2-fe77-4285-8745-3702cf7a18e1
controlled	a7c45269-b693-45c4-81fd-6dd3379877e8	TCGA-DX-A7ER	Structural Variation	TSV	RNA-Seq	3b277018-7c68-44fb-adba-a4e8083c7fd8	TCGA-SARC.a5ceb277-c339-47df-a720-fd53a937c79a.star_fusion.rna_fusion.tsv	3b277018-7c68-44fb-adba-a4e8083c7fd8
controlled	a7c45269-b693-45c4-81fd-6dd3379877e8	TCGA-DX-A7ER	Sequencing Reads	BAM	RNA-Seq	bb7980fb-d4a1-4362-b9c1-56d73cd94619	9365db5a-762a-4e2b-b8a7-7a1e10cc62d2.rna_seq.genomic.gdc_realn.bam	bb7980fb-d4a1-4362-b9c1-56d73cd94619
controlled	ac1eb376-ff96-4ed9-929a-03975f72ac15	TCGA-DX-A3UA	Structural Variation	TSV	RNA-Seq	973c35c0-737b-4020-9054-7ecd84af3c5b	TCGA-SARC.25cc0e52-32ed-40bc-a6fa-ba5248a39533.arriba.rna_fusion.tsv	973c35c0-737b-4020-9054-7ecd84af3c5b
controlled	969954a8-7f15-4052-9e6a-c5956115f3ad	TCGA-DX-A6BG	Structural Variation	TSV	RNA-Seq	1d618446-87c0-4191-acf4-4d8e02177c90	TCGA-SARC.b26382df-96a9-4d03-b7fa-fb577cff226c.star_fusion.rna_fusion.tsv	1d618446-87c0-4191-acf4-4d8e02177c90
controlled	9c58e3b2-1dee-4375-8239-ce69a725e3de	TCGA-DX-A6B8	Sequencing Reads	BAM	RNA-Seq	2087277c-5990-4485-9a8d-faa1521b4c6e	0bde5803-0776-4ccc-b846-e6764f24adaa.rna_seq.genomic.gdc_realn.bam	2087277c-5990-4485-9a8d-faa1521b4c6e
controlled	ac2eeb9d-b5eb-465c-8271-c89bdb1ba136	TCGA-DX-A8BQ	Structural Variation	BEDPE	RNA-Seq	f9ab5d74-19dd-4293-9928-463554188029	TCGA-SARC.e2d0c0d0-a81d-45f0-86cd-e1c454ad1762.arriba.rna_fusion.bedpe	f9ab5d74-19dd-4293-9928-463554188029
controlled	ac2eeb9d-b5eb-465c-8271-c89bdb1ba136	TCGA-DX-A8BQ	Sequencing Reads	BAM	RNA-Seq	fba219fe-08f5-46ca-b7db-bc35eab9eb33	27b1c0c5-931d-410f-964f-8f0dcbec785d.rna_seq.chimeric.gdc_realn.bam	fba219fe-08f5-46ca-b7db-bc35eab9eb33
open	b61e39f5-f0dd-485e-8e22-d4fdea751f55	TCGA-SI-A71Q	Transcriptome Profiling	TSV	RNA-Seq	bcb02530-d915-42d9-a052-34251e454d79	d6367ba7-ab2f-463f-ab02-576c493e5fc1.rna_seq.augmented_star_gene_counts.tsv	bcb02530-d915-42d9-a052-34251e454d79
controlled	98b4dd76-e6c4-4125-ba9e-9dc318ffb61c	TCGA-DX-AB2F	Sequencing Reads	BAM	RNA-Seq	a056b368-3da9-4ba9-9f48-9b721a76bf51	1ca97535-07b9-4c33-9bbc-1c0734aa2824.rna_seq.transcriptome.gdc_realn.bam	a056b368-3da9-4ba9-9f48-9b721a76bf51
open	98b4dd76-e6c4-4125-ba9e-9dc318ffb61c	TCGA-DX-AB2F	Transcriptome Profiling	TSV	RNA-Seq	79293235-39f6-4f49-a467-df96eadc7113	1ca97535-07b9-4c33-9bbc-1c0734aa2824.rna_seq.augmented_star_gene_counts.tsv	79293235-39f6-4f49-a467-df96eadc7113
controlled	91f6eb4c-0143-47b9-bcbd-5332d913a039	TCGA-DX-AB3B	Structural Variation	BEDPE	RNA-Seq	24a4b628-6fa5-446e-9e72-ac09fc3d0b47	TCGA-SARC.dc05ec5c-8bcf-471c-a3c4-a369cbcf6011.arriba.rna_fusion.bedpe	24a4b628-6fa5-446e-9e72-ac09fc3d0b47
controlled	b85e2156-d5ac-486c-93e1-86525ea41a64	TCGA-DX-A3M1	Sequencing Reads	BAM	RNA-Seq	aaba545f-30d3-4bcd-828c-476f2ba9ca5f	09289641-20ec-4f7c-ba72-3c02b9e6b285.rna_seq.chimeric.gdc_realn.bam	aaba545f-30d3-4bcd-828c-476f2ba9ca5f
controlled	91f6eb4c-0143-47b9-bcbd-5332d913a039	TCGA-DX-AB3B	Transcriptome Profiling	TSV	RNA-Seq	ca361c13-980d-4a0a-ad3f-0fdc6668ec6e	7099f710-e5d8-422e-a7c3-4dd513941552.rna_seq.star_splice_junctions.tsv.gz	ca361c13-980d-4a0a-ad3f-0fdc6668ec6e
controlled	9dcdbd1b-2e03-4314-aef2-1f6b6fe18523	TCGA-DX-AB2X	Structural Variation	TSV	RNA-Seq	822ce025-2872-4980-b21a-e84cdeb56e50	TCGA-SARC.6c4a0cdd-36bd-4edb-a5e3-6e21340f89f7.star_fusion.rna_fusion.tsv	822ce025-2872-4980-b21a-e84cdeb56e50
controlled	a857d684-7195-44f9-ba21-b88020bd9633	TCGA-SI-A71O	Structural Variation	TSV	RNA-Seq	fc7c9583-2962-4ff6-ab71-e82f71c8c1a1	TCGA-SARC.326468cb-64bf-418c-95e9-dd1dc5e5ca27.star_fusion.rna_fusion.tsv	fc7c9583-2962-4ff6-ab71-e82f71c8c1a1
controlled	b85e2156-d5ac-486c-93e1-86525ea41a64	TCGA-DX-A3M1	Sequencing Reads	BAM	RNA-Seq	70473c2c-5ca6-4ed5-8bdc-8e248086278f	09289641-20ec-4f7c-ba72-3c02b9e6b285.rna_seq.genomic.gdc_realn.bam	70473c2c-5ca6-4ed5-8bdc-8e248086278f
controlled	a857d684-7195-44f9-ba21-b88020bd9633	TCGA-SI-A71O	Structural Variation	BEDPE	RNA-Seq	5213b31a-a98f-46d2-9b3d-bb72d844a86d	TCGA-SARC.510f9f51-e381-4937-9518-2bd668c7eef2.arriba.rna_fusion.bedpe	5213b31a-a98f-46d2-9b3d-bb72d844a86d
controlled	c1bab0e5-4cb2-4d9a-ae92-673fe7967fde	TCGA-PC-A5DK	Structural Variation	BEDPE	RNA-Seq	eb30a150-4700-4c0f-9338-01977a7cf5ae	TCGA-SARC.91220d5c-e706-4d10-8d1f-76c88467823f.star_fusion.rna_fusion.bedpe	eb30a150-4700-4c0f-9338-01977a7cf5ae
controlled	9b781072-66d8-49f2-80f7-7b020746b6e9	TCGA-SI-AA8C	Sequencing Reads	BAM	RNA-Seq	71f5c533-389d-4059-9a12-6d52048cf40a	1e0b2cd0-4e31-4f12-bd5c-9161a58281cd.rna_seq.transcriptome.gdc_realn.bam	71f5c533-389d-4059-9a12-6d52048cf40a
controlled	9b781072-66d8-49f2-80f7-7b020746b6e9	TCGA-SI-AA8C	Structural Variation	BEDPE	RNA-Seq	d3d4c668-e317-492d-ace3-3e75b196efd5	TCGA-SARC.46a108ae-d802-4e3d-9210-983fce356ccf.star_fusion.rna_fusion.bedpe	d3d4c668-e317-492d-ace3-3e75b196efd5
controlled	b85e2156-d5ac-486c-93e1-86525ea41a64	TCGA-DX-A3M1	Sequencing Reads	BAM	RNA-Seq	740a2d8f-dc70-43e1-8c68-24a87732fe30	09289641-20ec-4f7c-ba72-3c02b9e6b285.rna_seq.transcriptome.gdc_realn.bam	740a2d8f-dc70-43e1-8c68-24a87732fe30
controlled	a8ce2be1-1f15-4e02-9161-5f161447a541	TCGA-3B-A9I0	Structural Variation	TSV	RNA-Seq	0f4ee59d-7133-4066-a6fb-6871cc8d847e	TCGA-SARC.5ed11dcf-d34c-4cbf-a814-0cd60ffc2758.arriba.rna_fusion.tsv	0f4ee59d-7133-4066-a6fb-6871cc8d847e
controlled	b0c194ce-8f60-423f-afca-7f577813421c	TCGA-X9-A971	Sequencing Reads	BAM	RNA-Seq	bc7a0ee9-c45d-4753-b96a-62f9dd86cc8e	d524c684-9f85-4a97-8c77-a037c17367c6.rna_seq.genomic.gdc_realn.bam	bc7a0ee9-c45d-4753-b96a-62f9dd86cc8e
open	9ef5cdda-8aba-4027-8cf0-e53b2f54704a	TCGA-3B-A9HU	Transcriptome Profiling	TSV	RNA-Seq	4d21b190-c85c-4025-a0f5-0f0cbcf8fa8f	54044b5f-4cca-48f1-b0e0-340f6e7dff1e.rna_seq.augmented_star_gene_counts.tsv	4d21b190-c85c-4025-a0f5-0f0cbcf8fa8f
controlled	b8dd67ae-5808-45fc-9a1f-47f18a2f827d	TCGA-DX-A6YS	Structural Variation	BEDPE	RNA-Seq	89382b22-9c0a-4b94-a8a3-88515fd6e3e2	TCGA-SARC.f02e84f4-6fcc-4c81-ab5d-d9a9cb1b60f8.arriba.rna_fusion.bedpe	89382b22-9c0a-4b94-a8a3-88515fd6e3e2
controlled	a93fd240-59c1-4527-854e-dfd042222fcf	TCGA-3B-A9I3	Structural Variation	BEDPE	RNA-Seq	98f3fdb9-2d6d-42ac-9cb3-03f9ff0e7ca7	TCGA-SARC.c9458021-5d2a-4521-92e2-130069563786.star_fusion.rna_fusion.bedpe	98f3fdb9-2d6d-42ac-9cb3-03f9ff0e7ca7
controlled	9ef5cdda-8aba-4027-8cf0-e53b2f54704a	TCGA-3B-A9HU	Sequencing Reads	BAM	RNA-Seq	24527664-706e-4289-b48f-3bdaeba17c99	54044b5f-4cca-48f1-b0e0-340f6e7dff1e.rna_seq.genomic.gdc_realn.bam	24527664-706e-4289-b48f-3bdaeba17c99
controlled	b9a01a64-3c9d-44b3-8ee1-a880b7816fee	TCGA-DX-A7EM	Structural Variation	TSV	RNA-Seq	cbbbed2d-305a-4c4c-afdd-d275f454790a	TCGA-SARC.c43cdba4-a386-4dbc-8b26-a01f2ecab269.arriba.rna_fusion.tsv	cbbbed2d-305a-4c4c-afdd-d275f454790a
controlled	b0c194ce-8f60-423f-afca-7f577813421c	TCGA-X9-A971	Sequencing Reads	BAM	RNA-Seq	4ba3f470-bec7-4296-84b5-5ee1445dda94	d524c684-9f85-4a97-8c77-a037c17367c6.rna_seq.transcriptome.gdc_realn.bam	4ba3f470-bec7-4296-84b5-5ee1445dda94
open	a93fd240-59c1-4527-854e-dfd042222fcf	TCGA-3B-A9I3	Transcriptome Profiling	TSV	RNA-Seq	bc3b8528-b0fd-4d87-870b-6275f7428ebe	d243020d-c8eb-49fe-bd92-e1c622a5382e.rna_seq.augmented_star_gene_counts.tsv	bc3b8528-b0fd-4d87-870b-6275f7428ebe
controlled	cd8637c0-1651-4e8a-9a88-7fb06dc36ff8	TCGA-JV-A75J	Sequencing Reads	BAM	RNA-Seq	f910114c-323f-44aa-85de-2b8267b599c9	59d4607e-766e-44bc-9af3-68f469b0bd4d.rna_seq.chimeric.gdc_realn.bam	f910114c-323f-44aa-85de-2b8267b599c9
open	bc282a61-9e8b-4330-9177-fc515293f051	TCGA-DX-AB2S	Transcriptome Profiling	TSV	RNA-Seq	c2c44255-dd79-4eb1-a5fd-2050b8b266f4	54856284-014a-436c-8ad9-d371d7201c4e.rna_seq.augmented_star_gene_counts.tsv	c2c44255-dd79-4eb1-a5fd-2050b8b266f4
controlled	cd8637c0-1651-4e8a-9a88-7fb06dc36ff8	TCGA-JV-A75J	Structural Variation	BEDPE	RNA-Seq	a8d0d3d5-c419-4d9c-a548-15cc526330d9	TCGA-SARC.58c7a820-6c24-4a6e-bd4e-ca4e9c23dbda.star_fusion.rna_fusion.bedpe	a8d0d3d5-c419-4d9c-a548-15cc526330d9
controlled	c5b0e6be-48b5-40e5-9d90-f9112050aa88	TCGA-HB-A5W3	Structural Variation	TSV	RNA-Seq	d9594de8-290e-4f62-b89c-0d753b8a3ecd	TCGA-SARC.91a88358-7089-4d33-9f73-5d568e8b5657.arriba.rna_fusion.tsv	d9594de8-290e-4f62-b89c-0d753b8a3ecd
controlled	cd8637c0-1651-4e8a-9a88-7fb06dc36ff8	TCGA-JV-A75J	Sequencing Reads	BAM	RNA-Seq	07f6fa88-823c-4258-a2bb-32f8b55fd0ad	59d4607e-766e-44bc-9af3-68f469b0bd4d.rna_seq.genomic.gdc_realn.bam	07f6fa88-823c-4258-a2bb-32f8b55fd0ad
controlled	a1f0e5db-5c73-4b83-8cc4-6208941806de	TCGA-DX-A7ES	Transcriptome Profiling	TSV	RNA-Seq	19be5819-6666-4ddb-be45-b0b7b0766751	b9d9b25f-f6c3-433a-8b3b-1bcc395b2412.rna_seq.star_splice_junctions.tsv.gz	19be5819-6666-4ddb-be45-b0b7b0766751
controlled	aaf93a92-2f93-477d-9ea4-d18ab7d4f258	TCGA-3B-A9HL	Structural Variation	TSV	RNA-Seq	2305bd99-b177-4717-8b63-c5a5c6e3072a	TCGA-SARC.1096e759-5166-4087-9f36-37fa6d76ed10.star_fusion.rna_fusion.tsv	2305bd99-b177-4717-8b63-c5a5c6e3072a
controlled	aaf93a92-2f93-477d-9ea4-d18ab7d4f258	TCGA-3B-A9HL	Sequencing Reads	BAM	RNA-Seq	be293d5f-a95f-4ef3-91c3-c4a9ed91a4c4	8cd6627b-d32b-41b7-9fd5-a931020b3213.rna_seq.genomic.gdc_realn.bam	be293d5f-a95f-4ef3-91c3-c4a9ed91a4c4
controlled	b2ee912a-0a57-4d46-bc25-3594028fe387	TCGA-X6-A8C4	Structural Variation	BEDPE	RNA-Seq	34c98c13-4a0d-4e57-bd1d-6459dfb7f386	TCGA-SARC.eae5e924-7949-40d7-8118-e7c6c470263d.arriba.rna_fusion.bedpe	34c98c13-4a0d-4e57-bd1d-6459dfb7f386
controlled	cedf4099-076d-4ea7-9a86-76fe9530b88c	TCGA-JV-A5VF	Transcriptome Profiling	TSV	RNA-Seq	47ff8879-1416-4489-820c-08590e71c14f	02e2efbf-cd56-48de-8106-dee44354b184.rna_seq.star_splice_junctions.tsv.gz	47ff8879-1416-4489-820c-08590e71c14f
controlled	a1f0e5db-5c73-4b83-8cc4-6208941806de	TCGA-DX-A7ES	Structural Variation	BEDPE	RNA-Seq	1f3eb1fd-23ed-49bd-bfb0-973cc0074139	TCGA-SARC.22a33a44-551f-4b55-bf6d-11dc4b4ebf6f.star_fusion.rna_fusion.bedpe	1f3eb1fd-23ed-49bd-bfb0-973cc0074139
controlled	c5b0e6be-48b5-40e5-9d90-f9112050aa88	TCGA-HB-A5W3	Transcriptome Profiling	TSV	RNA-Seq	9ade605f-9af0-4fb1-853e-d853e13b5682	458c8c03-d9d2-4b8a-8d3c-39ae59b813bd.rna_seq.star_splice_junctions.tsv.gz	9ade605f-9af0-4fb1-853e-d853e13b5682
controlled	b2ee912a-0a57-4d46-bc25-3594028fe387	TCGA-X6-A8C4	Sequencing Reads	BAM	RNA-Seq	1958b4a8-cf66-4b23-8ab4-1e5fe53b0ee4	bf6981c0-7cb3-4370-9ca4-97b939533c8b.rna_seq.chimeric.gdc_realn.bam	1958b4a8-cf66-4b23-8ab4-1e5fe53b0ee4
controlled	bfaafe2d-0e83-43aa-9f81-b34b62a46d38	TCGA-DX-A1KY	Sequencing Reads	BAM	RNA-Seq	06e73926-c906-4454-85e3-458b285f8124	6ad95fa5-b60a-48ba-b1c5-8907326ce53c.rna_seq.transcriptome.gdc_realn.bam	06e73926-c906-4454-85e3-458b285f8124
controlled	a37238f3-55b5-43df-a0c5-3d22ee5156f3	TCGA-DX-A48R	Structural Variation	TSV	RNA-Seq	cecfcddd-2e4e-4196-8afe-c26b9891518f	TCGA-SARC.c46f3be7-2a62-4a27-9304-0c34f7f6cb4c.arriba.rna_fusion.tsv	cecfcddd-2e4e-4196-8afe-c26b9891518f
controlled	bfaafe2d-0e83-43aa-9f81-b34b62a46d38	TCGA-DX-A1KY	Sequencing Reads	BAM	RNA-Seq	a6f0abdb-0502-4ce2-8bfe-b5191ce97e73	6ad95fa5-b60a-48ba-b1c5-8907326ce53c.rna_seq.chimeric.gdc_realn.bam	a6f0abdb-0502-4ce2-8bfe-b5191ce97e73
open	bfb21f9b-31af-4ecc-a4f4-d7d3f5728e01	TCGA-3B-A9HR	Transcriptome Profiling	TSV	RNA-Seq	39d68145-7be1-4898-8888-e6162e2a4255	40f39dd0-1c43-4ecc-a4d9-da32d47f9fcc.rna_seq.augmented_star_gene_counts.tsv	39d68145-7be1-4898-8888-e6162e2a4255
controlled	e4fb6a08-9d3f-4e62-85ce-7ba0dc03c8e2	TCGA-QQ-A5VD	Transcriptome Profiling	TSV	RNA-Seq	6438f0d0-7db7-481c-ade8-1a2c288ba04a	2d591d26-142e-438e-b731-02d757a9bbc2.rna_seq.star_splice_junctions.tsv.gz	6438f0d0-7db7-481c-ade8-1a2c288ba04a
controlled	b61e39f5-f0dd-485e-8e22-d4fdea751f55	TCGA-SI-A71Q	Sequencing Reads	BAM	RNA-Seq	362845a8-d508-400b-bbc3-0dafbddc0913	d6367ba7-ab2f-463f-ab02-576c493e5fc1.rna_seq.transcriptome.gdc_realn.bam	362845a8-d508-400b-bbc3-0dafbddc0913
controlled	d40c99d0-79f6-499d-b7f1-5fc4237cfc57	TCGA-DX-A3U8	Structural Variation	BEDPE	RNA-Seq	bd3f3598-f2de-4a18-be96-7938e5b40294	TCGA-SARC.266a3bc0-2adb-427a-8863-74c6b51a39d6.arriba.rna_fusion.bedpe	bd3f3598-f2de-4a18-be96-7938e5b40294
open	e4fb6a08-9d3f-4e62-85ce-7ba0dc03c8e2	TCGA-QQ-A5VD	Transcriptome Profiling	TSV	RNA-Seq	346981e8-3f00-4072-a0e5-814fb7a0123d	2d591d26-142e-438e-b731-02d757a9bbc2.rna_seq.augmented_star_gene_counts.tsv	346981e8-3f00-4072-a0e5-814fb7a0123d
controlled	d40c99d0-79f6-499d-b7f1-5fc4237cfc57	TCGA-DX-A3U8	Sequencing Reads	BAM	RNA-Seq	97a08ee2-bcd0-4cc8-9923-e647a8e8ab8d	b178c6ad-bf71-417c-b797-01f4c45a3afa.rna_seq.transcriptome.gdc_realn.bam	97a08ee2-bcd0-4cc8-9923-e647a8e8ab8d
controlled	d40c99d0-79f6-499d-b7f1-5fc4237cfc57	TCGA-DX-A3U8	Transcriptome Profiling	TSV	RNA-Seq	ac34f496-f5b4-4f9e-a017-f913b928c9ef	b178c6ad-bf71-417c-b797-01f4c45a3afa.rna_seq.star_splice_junctions.tsv.gz	ac34f496-f5b4-4f9e-a017-f913b928c9ef
controlled	dc18ccea-b332-4fac-b49b-1e0217ad025b	TCGA-PC-A5DN	Transcriptome Profiling	TSV	RNA-Seq	017776ee-35d1-4d7e-8e12-fea7c5116ebb	841359d9-f545-4205-8a90-669d7b7491de.rna_seq.star_splice_junctions.tsv.gz	017776ee-35d1-4d7e-8e12-fea7c5116ebb
controlled	c849127a-2f15-4fab-8815-db09b017f48c	TCGA-X6-A7W8	Transcriptome Profiling	TSV	RNA-Seq	94471866-733f-4137-b5c2-80fb1fd95945	5fdbbbb1-3a95-44b6-ba85-0a2f86114fc0.rna_seq.star_splice_junctions.tsv.gz	94471866-733f-4137-b5c2-80fb1fd95945
open	d40c99d0-79f6-499d-b7f1-5fc4237cfc57	TCGA-DX-A3U8	Transcriptome Profiling	TSV	RNA-Seq	9ee937a8-71a4-492b-b3f0-02bf87026b0d	b178c6ad-bf71-417c-b797-01f4c45a3afa.rna_seq.augmented_star_gene_counts.tsv	9ee937a8-71a4-492b-b3f0-02bf87026b0d
controlled	e5608743-59c4-4846-96b5-b3d36efbed85	TCGA-MB-A5Y9	Structural Variation	BEDPE	RNA-Seq	59cd77d6-a69a-4802-af0b-6ce61e97cd38	TCGA-SARC.28a76664-43cd-4d5a-89cb-4093c3276aaf.arriba.rna_fusion.bedpe	59cd77d6-a69a-4802-af0b-6ce61e97cd38
controlled	dc18ccea-b332-4fac-b49b-1e0217ad025b	TCGA-PC-A5DN	Structural Variation	BEDPE	RNA-Seq	ac6f3362-d2ea-431d-bea8-b68d9ebb41ad	TCGA-SARC.501b5486-3dfb-43e3-bef9-46dd420d05d3.arriba.rna_fusion.bedpe	ac6f3362-d2ea-431d-bea8-b68d9ebb41ad
open	dc18ccea-b332-4fac-b49b-1e0217ad025b	TCGA-PC-A5DN	Transcriptome Profiling	TSV	RNA-Seq	7a3b47c8-3d22-4686-9095-86af35c73d86	841359d9-f545-4205-8a90-669d7b7491de.rna_seq.augmented_star_gene_counts.tsv	7a3b47c8-3d22-4686-9095-86af35c73d86
controlled	bfb21f9b-31af-4ecc-a4f4-d7d3f5728e01	TCGA-3B-A9HR	Structural Variation	TSV	RNA-Seq	1c74c693-81d9-4d06-a3ff-ad82e87d3364	TCGA-SARC.73c2d75b-dffb-4d70-9eba-5683583a6b56.arriba.rna_fusion.tsv	1c74c693-81d9-4d06-a3ff-ad82e87d3364
controlled	d51b9939-aef7-426b-a57f-01c3684e2dc2	TCGA-RN-A68Q	Structural Variation	TSV	RNA-Seq	c1e1ee75-3491-4d8a-b33f-2d2e751f114a	TCGA-SARC.3219bdfb-c1db-411e-964b-3dfe5279933d.arriba.rna_fusion.tsv	c1e1ee75-3491-4d8a-b33f-2d2e751f114a
controlled	c9a5b051-0503-4aae-8bc6-270af3033326	TCGA-DX-A6Z0	Structural Variation	BEDPE	RNA-Seq	50f13d9d-0c47-4040-953c-5725832e602a	TCGA-SARC.a49e6a4f-f295-4dc7-9dac-6cad07ff3c69.arriba.rna_fusion.bedpe	50f13d9d-0c47-4040-953c-5725832e602a
controlled	d51b9939-aef7-426b-a57f-01c3684e2dc2	TCGA-RN-A68Q	Structural Variation	TSV	RNA-Seq	e023228a-2315-4bc5-a4bc-9045a47a13e3	TCGA-SARC.2687c37d-9740-4e07-b6e8-642ad50f0246.star_fusion.rna_fusion.tsv	e023228a-2315-4bc5-a4bc-9045a47a13e3
controlled	cabd63ee-d833-47b0-9a0b-8a046d260af1	TCGA-DX-AB3A	Structural Variation	BEDPE	RNA-Seq	77fcbae9-b27a-4f49-af49-1ae9162a7301	TCGA-SARC.4f0d6a51-13c9-43c2-af66-02c474ce89fc.star_fusion.rna_fusion.bedpe	77fcbae9-b27a-4f49-af49-1ae9162a7301
open	de277edb-4543-4bd7-8f86-206c18b54d8d	TCGA-DX-A48P	Transcriptome Profiling	TSV	RNA-Seq	e1407863-4df2-4bf0-ba3e-6781b838dfc7	af58b4eb-da2f-411f-962a-8deb731c7f74.rna_seq.augmented_star_gene_counts.tsv	e1407863-4df2-4bf0-ba3e-6781b838dfc7
controlled	d680595d-2956-4780-8ea4-e815edb0706d	TCGA-DX-A7EU	Sequencing Reads	BAM	RNA-Seq	5251a312-6cce-4498-903a-62a99b43d615	fe575195-38f5-4ffa-806b-1ec61562b43d.rna_seq.transcriptome.gdc_realn.bam	5251a312-6cce-4498-903a-62a99b43d615
controlled	eea7d707-aeb9-4d00-ab5e-c1ea608517e9	TCGA-DX-A8BT	Structural Variation	TSV	RNA-Seq	5e935d56-e9ed-41d9-bbdb-781328db6d6a	TCGA-SARC.4a229bee-11d6-438f-8a4c-ce89a9229d75.arriba.rna_fusion.tsv	5e935d56-e9ed-41d9-bbdb-781328db6d6a
open	c030f196-9591-4b0e-ad72-2320f277773b	TCGA-QQ-A5V2	Transcriptome Profiling	TSV	RNA-Seq	12479676-5324-433a-a192-b9e9a308590a	829cbc0d-7898-48b6-b6ba-48a47d0f4ccf.rna_seq.augmented_star_gene_counts.tsv	12479676-5324-433a-a192-b9e9a308590a
controlled	e786de34-4c21-460f-89ab-008de4347049	TCGA-DX-A3LU	Sequencing Reads	BAM	RNA-Seq	548365aa-060c-4429-b87e-6216feed3138	303b3d44-f71a-4c7a-bae9-1e2b5e875619.rna_seq.genomic.gdc_realn.bam	548365aa-060c-4429-b87e-6216feed3138
controlled	c05498e7-5b93-4acb-9d91-3a505116558d	TCGA-KD-A5QT	Transcriptome Profiling	TSV	RNA-Seq	eebfea1c-cbd1-4e02-a74e-a3f352d322f9	b6a1af60-1aff-47cf-a983-d3146dc293fd.rna_seq.star_splice_junctions.tsv.gz	eebfea1c-cbd1-4e02-a74e-a3f352d322f9
controlled	e786de34-4c21-460f-89ab-008de4347049	TCGA-DX-A3LU	Structural Variation	TSV	RNA-Seq	e76e0938-2e86-4db6-9f2d-3e9caf15a402	TCGA-SARC.57640f2c-1b9e-40b8-ba14-68bfc77dae62.star_fusion.rna_fusion.tsv	e76e0938-2e86-4db6-9f2d-3e9caf15a402
controlled	d7d9204b-b85e-4260-8a54-c39e7847e982	TCGA-SG-A849	Transcriptome Profiling	TSV	RNA-Seq	9300ddeb-0f17-4641-806e-98bdda67fd02	151226ac-c70a-4932-a9a5-9a1c6d06ec1c.rna_seq.star_splice_junctions.tsv.gz	9300ddeb-0f17-4641-806e-98bdda67fd02
controlled	f693eec9-cd6e-4696-882f-a6dffe481df9	TCGA-DX-A6BF	Structural Variation	TSV	RNA-Seq	c04646bc-6d06-425d-9287-a4a11a75074e	TCGA-SARC.34ed70ed-f930-4bf3-98f9-d1da11231d3c.arriba.rna_fusion.tsv	c04646bc-6d06-425d-9287-a4a11a75074e
controlled	c05498e7-5b93-4acb-9d91-3a505116558d	TCGA-KD-A5QT	Structural Variation	TSV	RNA-Seq	df0033d2-e33c-4780-80cf-473424b78296	TCGA-SARC.b1bbaceb-4c5d-4e5b-820c-2100d4085bf7.star_fusion.rna_fusion.tsv	df0033d2-e33c-4780-80cf-473424b78296
controlled	f693eec9-cd6e-4696-882f-a6dffe481df9	TCGA-DX-A6BF	Structural Variation	BEDPE	RNA-Seq	81b6e717-4145-4c8a-82ce-88e97f70c663	TCGA-SARC.34ed70ed-f930-4bf3-98f9-d1da11231d3c.arriba.rna_fusion.bedpe	81b6e717-4145-4c8a-82ce-88e97f70c663
open	de509aa1-6f20-480f-bf9d-d6bc04a7f72c	TCGA-RN-AAAQ	Transcriptome Profiling	TSV	RNA-Seq	6f133893-0f9c-4f45-a183-7027f613eebe	3a0617d7-2391-44ff-b407-520b16dd57c2.rna_seq.augmented_star_gene_counts.tsv	6f133893-0f9c-4f45-a183-7027f613eebe
controlled	e7a72f7e-77b1-4d95-8f37-39a6cffc35dc	TCGA-DX-A3LT	Structural Variation	TSV	RNA-Seq	b785005b-3dc5-4fd3-b21f-4852dd255cd4	TCGA-SARC.182cbfe5-5c7c-4787-b988-2697ba82a66d.arriba.rna_fusion.tsv	b785005b-3dc5-4fd3-b21f-4852dd255cd4
controlled	de509aa1-6f20-480f-bf9d-d6bc04a7f72c	TCGA-RN-AAAQ	Structural Variation	BEDPE	RNA-Seq	e01c468b-33e0-4401-a42e-5ccaac1b0b81	TCGA-SARC.96bd7bf7-56f9-4535-84a2-cffda1588597.arriba.rna_fusion.bedpe	e01c468b-33e0-4401-a42e-5ccaac1b0b81
controlled	e7a72f7e-77b1-4d95-8f37-39a6cffc35dc	TCGA-DX-A3LT	Structural Variation	TSV	RNA-Seq	d8d4dbe7-f9f7-44cf-ae3e-41aa93d11d86	TCGA-SARC.355fcbf6-4bde-42f9-b8d6-c5293bd91153.star_fusion.rna_fusion.tsv	d8d4dbe7-f9f7-44cf-ae3e-41aa93d11d86
controlled	c1bab0e5-4cb2-4d9a-ae92-673fe7967fde	TCGA-PC-A5DK	Structural Variation	TSV	RNA-Seq	1ae1d59c-49bb-4a3c-ba98-13ecbea365ab	TCGA-SARC.91220d5c-e706-4d10-8d1f-76c88467823f.star_fusion.rna_fusion.tsv	1ae1d59c-49bb-4a3c-ba98-13ecbea365ab
controlled	e7a72f7e-77b1-4d95-8f37-39a6cffc35dc	TCGA-DX-A3LT	Sequencing Reads	BAM	RNA-Seq	f199cb4e-4f66-4eaf-81fe-6781b36b313e	658612d1-8cda-4d69-bd7e-7042393451e0.rna_seq.chimeric.gdc_realn.bam	f199cb4e-4f66-4eaf-81fe-6781b36b313e
controlled	f693eec9-cd6e-4696-882f-a6dffe481df9	TCGA-DX-A6BF	Transcriptome Profiling	TSV	RNA-Seq	4af7e193-a1c2-4d47-90b8-9b7456c92c77	6a4d63d9-8a15-473e-80f4-d11242530d96.rna_seq.star_splice_junctions.tsv.gz	4af7e193-a1c2-4d47-90b8-9b7456c92c77
controlled	f75d2589-fd7b-49a1-a1c8-0b4726b81f3c	TCGA-DX-A2J4	Sequencing Reads	BAM	RNA-Seq	208e095f-3432-4619-9e42-b742bf6b49b4	4a04654e-f230-478f-9523-c8ba4d7b6091.rna_seq.transcriptome.gdc_realn.bam	208e095f-3432-4619-9e42-b742bf6b49b4
controlled	f75d2589-fd7b-49a1-a1c8-0b4726b81f3c	TCGA-DX-A2J4	Structural Variation	BEDPE	RNA-Seq	7480de1e-cc57-44ab-918e-1deda115636f	TCGA-SARC.251314eb-2f69-4765-903f-8f4ee189cae8.star_fusion.rna_fusion.bedpe	7480de1e-cc57-44ab-918e-1deda115636f
controlled	df4954d3-8334-4b0b-a781-43c12d03d604	TCGA-X6-A7WD	Structural Variation	BEDPE	RNA-Seq	b7380959-95a9-4d3a-b4a6-2f36dcf9ca96	TCGA-SARC.87a7a5d5-b9e1-4c47-b1af-b78379c882e9.arriba.rna_fusion.bedpe	b7380959-95a9-4d3a-b4a6-2f36dcf9ca96
controlled	f75d2589-fd7b-49a1-a1c8-0b4726b81f3c	TCGA-DX-A2J4	Transcriptome Profiling	TSV	RNA-Seq	21c91156-df6f-4446-ad6a-bfcd91736595	4a04654e-f230-478f-9523-c8ba4d7b6091.rna_seq.star_splice_junctions.tsv.gz	21c91156-df6f-4446-ad6a-bfcd91736595
controlled	df4954d3-8334-4b0b-a781-43c12d03d604	TCGA-X6-A7WD	Sequencing Reads	BAM	RNA-Seq	160cdfea-5226-4979-b80e-b3bbb576ebdc	45efdc43-0925-4980-aa5f-94d30bf73208.rna_seq.chimeric.gdc_realn.bam	160cdfea-5226-4979-b80e-b3bbb576ebdc
controlled	f39cf57e-e8e6-428b-b1ce-3ecc52eecf92	TCGA-3R-A8YX	Structural Variation	TSV	RNA-Seq	de4fa443-75c7-4510-83ff-8414e16862e6	TCGA-SARC.3d63b826-c2f0-413a-932e-d09c110b2c88.star_fusion.rna_fusion.tsv	de4fa443-75c7-4510-83ff-8414e16862e6
controlled	f75d2589-fd7b-49a1-a1c8-0b4726b81f3c	TCGA-DX-A2J4	Structural Variation	TSV	RNA-Seq	ace26c26-2c4a-4d8a-8e3a-87708f2fc9a7	TCGA-SARC.8dd3bf26-c0f8-44a2-ba9f-121dd1b91a6e.arriba.rna_fusion.tsv	ace26c26-2c4a-4d8a-8e3a-87708f2fc9a7
controlled	f39cf57e-e8e6-428b-b1ce-3ecc52eecf92	TCGA-3R-A8YX	Sequencing Reads	BAM	RNA-Seq	03c7d07d-76cb-4851-992e-845c23b338be	54a83f9c-5152-4da8-8f03-cd49bea12204.rna_seq.transcriptome.gdc_realn.bam	03c7d07d-76cb-4851-992e-845c23b338be
controlled	f94615ea-551c-4f63-af0d-5e49c87fc66e	TCGA-3B-A9HP	Transcriptome Profiling	TSV	RNA-Seq	a6a673f5-8c57-4bff-85b7-5b6d79a701ba	dc331183-2017-4979-a080-b10ce3ce4c7e.rna_seq.star_splice_junctions.tsv.gz	a6a673f5-8c57-4bff-85b7-5b6d79a701ba
controlled	f94615ea-551c-4f63-af0d-5e49c87fc66e	TCGA-3B-A9HP	Structural Variation	TSV	RNA-Seq	91007bdc-e298-4d73-8388-4bd8f8a95bc7	TCGA-SARC.858b1a6d-b6d5-4776-86dc-0a52fcf46b05.arriba.rna_fusion.tsv	91007bdc-e298-4d73-8388-4bd8f8a95bc7
controlled	e987c47d-6ecb-41bb-a66f-a0489e56449f	TCGA-DX-A8BL	Structural Variation	TSV	RNA-Seq	50b32c8d-6566-45ce-b62a-e219e9a0148b	TCGA-SARC.5da446f4-8b33-4220-b229-4348b00e1e18.star_fusion.rna_fusion.tsv	50b32c8d-6566-45ce-b62a-e219e9a0148b
open	f94615ea-551c-4f63-af0d-5e49c87fc66e	TCGA-3B-A9HP	Transcriptome Profiling	TSV	RNA-Seq	3f907fca-d223-47a3-970f-1a9e2a4407ef	dc331183-2017-4979-a080-b10ce3ce4c7e.rna_seq.augmented_star_gene_counts.tsv	3f907fca-d223-47a3-970f-1a9e2a4407ef
controlled	e0b298e0-0d11-4cc8-a9fa-7f2cc9f1d6e9	TCGA-Z4-AAPF	Sequencing Reads	BAM	RNA-Seq	a732c3ec-04f9-4183-bf8e-844cf5080359	f1105d35-2d57-43bb-998a-538ac0718233.rna_seq.transcriptome.gdc_realn.bam	a732c3ec-04f9-4183-bf8e-844cf5080359
controlled	ea0e5ae7-1f15-4504-aea3-efd1f6733304	TCGA-DX-A1KU	Structural Variation	BEDPE	RNA-Seq	4499508a-66a6-4825-835d-af8ad5f9e2a5	TCGA-SARC.64125f35-58d4-4e8f-846a-0c3a278a3396.star_fusion.rna_fusion.bedpe	4499508a-66a6-4825-835d-af8ad5f9e2a5
controlled	ea0e5ae7-1f15-4504-aea3-efd1f6733304	TCGA-DX-A1KU	Transcriptome Profiling	TSV	RNA-Seq	4e932843-1f09-4a71-9365-172a2e687765	a9ec0435-a3f0-4801-85f2-25d886904376.rna_seq.star_splice_junctions.tsv.gz	4e932843-1f09-4a71-9365-172a2e687765
controlled	e119dc43-9ba7-43ad-add0-1ce8a01e3b06	TCGA-JV-A5VE	Structural Variation	BEDPE	RNA-Seq	83489f3a-054e-433c-a746-93f56d2026f0	TCGA-SARC.454aed66-1e52-400d-9567-e3ed2b4e0f13.arriba.rna_fusion.bedpe	83489f3a-054e-433c-a746-93f56d2026f0
controlled	f9ceee8b-aa08-4123-ba70-76b3cbfc50e6	TCGA-DX-A6YT	Transcriptome Profiling	TSV	RNA-Seq	01e2fed8-6289-4699-b61b-edb9d590be6a	a7bec419-7c8d-495d-9cb3-f810ff08c8b4.rna_seq.star_splice_junctions.tsv.gz	01e2fed8-6289-4699-b61b-edb9d590be6a
controlled	f9ceee8b-aa08-4123-ba70-76b3cbfc50e6	TCGA-DX-A6YT	Structural Variation	TSV	RNA-Seq	6f07a923-2ba3-4f55-a68a-4f773d3a448e	TCGA-SARC.07803bef-9055-475e-ab9a-5c9cef26e3c6.star_fusion.rna_fusion.tsv	6f07a923-2ba3-4f55-a68a-4f773d3a448e
controlled	f9ceee8b-aa08-4123-ba70-76b3cbfc50e6	TCGA-DX-A6YT	Structural Variation	BEDPE	RNA-Seq	3afdbae4-7078-47ce-9899-fe4ff24b7e62	TCGA-SARC.07803bef-9055-475e-ab9a-5c9cef26e3c6.star_fusion.rna_fusion.bedpe	3afdbae4-7078-47ce-9899-fe4ff24b7e62
controlled	ea3a524b-6ee3-4904-8924-29fcaa20985c	TCGA-DX-A3U7	Sequencing Reads	BAM	RNA-Seq	0d1b236b-61bb-42ed-9ac2-68706391d958	bbfc820d-bc32-4816-8ccf-a0b24eb7097c.rna_seq.chimeric.gdc_realn.bam	0d1b236b-61bb-42ed-9ac2-68706391d958
controlled	f9ceee8b-aa08-4123-ba70-76b3cbfc50e6	TCGA-DX-A6YT	Structural Variation	TSV	RNA-Seq	a6d08088-a89b-4663-9131-529e85551116	TCGA-SARC.9899c7db-e3c3-46b3-97ff-266b33535a60.arriba.rna_fusion.tsv	a6d08088-a89b-4663-9131-529e85551116
controlled	f9ceee8b-aa08-4123-ba70-76b3cbfc50e6	TCGA-DX-A6YT	Sequencing Reads	BAM	RNA-Seq	eb5ba78b-aae2-4237-8abc-5d559469e0a1	a7bec419-7c8d-495d-9cb3-f810ff08c8b4.rna_seq.transcriptome.gdc_realn.bam	eb5ba78b-aae2-4237-8abc-5d559469e0a1
controlled	ea3a524b-6ee3-4904-8924-29fcaa20985c	TCGA-DX-A3U7	Sequencing Reads	BAM	RNA-Seq	de9c03ba-eb63-4637-870a-bd2381263b9b	bbfc820d-bc32-4816-8ccf-a0b24eb7097c.rna_seq.genomic.gdc_realn.bam	de9c03ba-eb63-4637-870a-bd2381263b9b
open	ea3a524b-6ee3-4904-8924-29fcaa20985c	TCGA-DX-A3U7	Transcriptome Profiling	TSV	RNA-Seq	f35e5c00-cb65-4a56-82f6-be6aef15306c	bbfc820d-bc32-4816-8ccf-a0b24eb7097c.rna_seq.augmented_star_gene_counts.tsv	f35e5c00-cb65-4a56-82f6-be6aef15306c
open	fbc32608-52ae-48ca-bb4a-ec29c1d82b8b	TCGA-WK-A8XO	Transcriptome Profiling	TSV	RNA-Seq	2a7af127-9201-4850-b8a6-0c0a41d22da4	1db3c803-8b6b-4ddf-82ef-96d538495293.rna_seq.augmented_star_gene_counts.tsv	2a7af127-9201-4850-b8a6-0c0a41d22da4
controlled	ea3a524b-6ee3-4904-8924-29fcaa20985c	TCGA-DX-A3U7	Sequencing Reads	BAM	RNA-Seq	af918a05-8ebe-4d44-b189-5e6d61db638e	bbfc820d-bc32-4816-8ccf-a0b24eb7097c.rna_seq.transcriptome.gdc_realn.bam	af918a05-8ebe-4d44-b189-5e6d61db638e
controlled	f519be07-434e-4eb2-acf9-318565b83d50	TCGA-K1-A3PN	Sequencing Reads	BAM	RNA-Seq	1477998e-1397-464e-a213-77fb91ea6bd9	265d60b1-986b-4bc5-9c96-88a8fdfe8394.rna_seq.transcriptome.gdc_realn.bam	1477998e-1397-464e-a213-77fb91ea6bd9
open	f519be07-434e-4eb2-acf9-318565b83d50	TCGA-K1-A3PN	Transcriptome Profiling	TSV	RNA-Seq	db97a5df-16b7-46d7-9e00-cd06f4a41cc3	51a6a81d-837e-4e0b-9b37-b0c3173ec1d2.rna_seq.augmented_star_gene_counts.tsv	db97a5df-16b7-46d7-9e00-cd06f4a41cc3
controlled	fbc32608-52ae-48ca-bb4a-ec29c1d82b8b	TCGA-WK-A8XO	Structural Variation	TSV	RNA-Seq	4e655569-6d63-4d4d-89db-fc32bc871fd7	TCGA-SARC.e768977d-c7b3-4a2b-b7da-d1b47e32f473.star_fusion.rna_fusion.tsv	4e655569-6d63-4d4d-89db-fc32bc871fd7
controlled	fd93cabe-fb8d-4a46-97ee-60051110237a	TCGA-DX-A48O	Sequencing Reads	BAM	RNA-Seq	ed0e08bd-5e5a-4512-bc9c-03f1a56cd158	7a68d421-1310-4b1d-b5be-71751cd44f9e.rna_seq.genomic.gdc_realn.bam	ed0e08bd-5e5a-4512-bc9c-03f1a56cd158
controlled	fd93cabe-fb8d-4a46-97ee-60051110237a	TCGA-DX-A48O	Structural Variation	TSV	RNA-Seq	191ab90a-557f-4575-b9dd-149138541b41	TCGA-SARC.79fba34c-0f94-44de-a14b-a7c05d4f5120.arriba.rna_fusion.tsv	191ab90a-557f-4575-b9dd-149138541b41
controlled	f6534e53-ea96-4e51-b93f-8aa045f6775d	TCGA-DX-AB2O	Sequencing Reads	BAM	RNA-Seq	373e7c03-38e3-4885-b11e-e0553ef1b00c	8c3d734b-1fba-41e3-ac3e-240afeef43b3.rna_seq.chimeric.gdc_realn.bam	373e7c03-38e3-4885-b11e-e0553ef1b00c
controlled	ecc74d54-d929-4dd0-b9ec-e03163343f9a	TCGA-DX-A6YX	Structural Variation	BEDPE	RNA-Seq	b397f9c0-4341-4fc3-a49d-db46196894dc	TCGA-SARC.c469a3b4-15b2-41b8-a5d4-41954dd2a167.arriba.rna_fusion.bedpe	b397f9c0-4341-4fc3-a49d-db46196894dc
controlled	ecc74d54-d929-4dd0-b9ec-e03163343f9a	TCGA-DX-A6YX	Sequencing Reads	BAM	RNA-Seq	6e047afe-a762-41d1-abb0-02f2564e7d48	0916a18c-2f0f-4b7c-8570-ac8931a16c33.rna_seq.genomic.gdc_realn.bam	6e047afe-a762-41d1-abb0-02f2564e7d48
open	ecc74d54-d929-4dd0-b9ec-e03163343f9a	TCGA-DX-A6YX	Transcriptome Profiling	TSV	RNA-Seq	95512d5a-0b4b-45a0-8678-19c48edc28e7	0916a18c-2f0f-4b7c-8570-ac8931a16c33.rna_seq.augmented_star_gene_counts.tsv	95512d5a-0b4b-45a0-8678-19c48edc28e7
open	fd93cabe-fb8d-4a46-97ee-60051110237a	TCGA-DX-A48O	Transcriptome Profiling	TSV	RNA-Seq	10644317-2aaf-467f-8959-e177921dafc2	7a68d421-1310-4b1d-b5be-71751cd44f9e.rna_seq.augmented_star_gene_counts.tsv	10644317-2aaf-467f-8959-e177921dafc2
controlled	f6534e53-ea96-4e51-b93f-8aa045f6775d	TCGA-DX-AB2O	Structural Variation	BEDPE	RNA-Seq	9f85384f-d4c5-4c4c-a82c-51b8b9c473e5	TCGA-SARC.c6ccf989-0a06-4c33-9fa4-d4b1aa2954d2.arriba.rna_fusion.bedpe	9f85384f-d4c5-4c4c-a82c-51b8b9c473e5
controlled	ecc74d54-d929-4dd0-b9ec-e03163343f9a	TCGA-DX-A6YX	Transcriptome Profiling	TSV	RNA-Seq	aa42577a-d6d2-47c4-9bcd-2582c2a43e84	0916a18c-2f0f-4b7c-8570-ac8931a16c33.rna_seq.star_splice_junctions.tsv.gz	aa42577a-d6d2-47c4-9bcd-2582c2a43e84
controlled	f6534e53-ea96-4e51-b93f-8aa045f6775d	TCGA-DX-AB2O	Transcriptome Profiling	TSV	RNA-Seq	01304188-cc53-4a0e-92a4-a116e86b9f17	8c3d734b-1fba-41e3-ac3e-240afeef43b3.rna_seq.star_splice_junctions.tsv.gz	01304188-cc53-4a0e-92a4-a116e86b9f17
controlled	f6534e53-ea96-4e51-b93f-8aa045f6775d	TCGA-DX-AB2O	Sequencing Reads	BAM	RNA-Seq	8e3a5048-c87f-4edd-ae04-0fd3ede513a7	8c3d734b-1fba-41e3-ac3e-240afeef43b3.rna_seq.genomic.gdc_realn.bam	8e3a5048-c87f-4edd-ae04-0fd3ede513a7
controlled	ff4b354c-1e9a-4724-91cb-9b33d1b3050e	TCGA-DX-A23T	Sequencing Reads	BAM	RNA-Seq	ef847dcc-df62-421b-9458-bcb20c3de6c9	b7a5006c-90bd-4dff-b8df-338ff599862f.rna_seq.genomic.gdc_realn.bam	ef847dcc-df62-421b-9458-bcb20c3de6c9
controlled	f6534e53-ea96-4e51-b93f-8aa045f6775d	TCGA-DX-AB2O	Structural Variation	TSV	RNA-Seq	228b8a7e-5d5a-4b23-8b48-ee07b9df20de	TCGA-SARC.3ebf3422-1970-4aeb-8f68-5b719ad8bab4.star_fusion.rna_fusion.tsv	228b8a7e-5d5a-4b23-8b48-ee07b9df20de
controlled	ff4b354c-1e9a-4724-91cb-9b33d1b3050e	TCGA-DX-A23T	Structural Variation	TSV	RNA-Seq	0388a045-1a6f-4e45-8c92-b14772c68ef5	TCGA-SARC.8a46f98c-c433-44c9-b41a-cb7be4b950f3.arriba.rna_fusion.tsv	0388a045-1a6f-4e45-8c92-b14772c68ef5
controlled	ff4b354c-1e9a-4724-91cb-9b33d1b3050e	TCGA-DX-A23T	Sequencing Reads	BAM	RNA-Seq	7aee3e01-c940-406e-adeb-a4aade282b0d	b7a5006c-90bd-4dff-b8df-338ff599862f.rna_seq.transcriptome.gdc_realn.bam	7aee3e01-c940-406e-adeb-a4aade282b0d
controlled	ff4b354c-1e9a-4724-91cb-9b33d1b3050e	TCGA-DX-A23T	Structural Variation	BEDPE	RNA-Seq	0dba2ef2-ac73-401d-9bb0-6f07d5a3ed1a	TCGA-SARC.8a46f98c-c433-44c9-b41a-cb7be4b950f3.arriba.rna_fusion.bedpe	0dba2ef2-ac73-401d-9bb0-6f07d5a3ed1a
controlled	ff4b354c-1e9a-4724-91cb-9b33d1b3050e	TCGA-DX-A23T	Structural Variation	BEDPE	RNA-Seq	466a2aed-567e-448b-a3d7-a46ee621d667	TCGA-SARC.b8378663-8f9a-4b49-b829-764f0f0821ce.star_fusion.rna_fusion.bedpe	466a2aed-567e-448b-a3d7-a46ee621d667
open	ff4b354c-1e9a-4724-91cb-9b33d1b3050e	TCGA-DX-A23T	Transcriptome Profiling	TSV	RNA-Seq	71443e5c-6ba7-44cd-9c7b-610abb34a8fd	b7a5006c-90bd-4dff-b8df-338ff599862f.rna_seq.augmented_star_gene_counts.tsv	71443e5c-6ba7-44cd-9c7b-610abb34a8fd
controlled	ff4b354c-1e9a-4724-91cb-9b33d1b3050e	TCGA-DX-A23T	Structural Variation	TSV	RNA-Seq	a544e48f-6cce-4014-842b-6d5b2aec231d	TCGA-SARC.b8378663-8f9a-4b49-b829-764f0f0821ce.star_fusion.rna_fusion.tsv	a544e48f-6cce-4014-842b-6d5b2aec231d
controlled	ff4b354c-1e9a-4724-91cb-9b33d1b3050e	TCGA-DX-A23T	Transcriptome Profiling	TSV	RNA-Seq	2a7e01d9-63b8-448b-b12e-82005cabd830	b7a5006c-90bd-4dff-b8df-338ff599862f.rna_seq.star_splice_junctions.tsv.gz	2a7e01d9-63b8-448b-b12e-82005cabd830
controlled	ff4b354c-1e9a-4724-91cb-9b33d1b3050e	TCGA-DX-A23T	Sequencing Reads	BAM	RNA-Seq	c8703503-ec46-43bf-b306-fd52073d4f26	b7a5006c-90bd-4dff-b8df-338ff599862f.rna_seq.chimeric.gdc_realn.bam	c8703503-ec46-43bf-b306-fd52073d4f26
controlled	f0cbc2a4-c1f7-4b32-bce1-57eb59d351cc	TCGA-PC-A5DP	Structural Variation	BEDPE	RNA-Seq	3b679da8-2524-45da-a4ac-a232b45be3c5	TCGA-SARC.161cf39b-efbc-4f26-bc82-a48b8b9385c1.star_fusion.rna_fusion.bedpe	3b679da8-2524-45da-a4ac-a232b45be3c5
controlled	2948d657-e5dd-4d6e-91b5-88c54f73ac31	TCGA-HS-A5N9	Transcriptome Profiling	TSV	RNA-Seq	b0f851d2-659b-4db9-abde-9edc9c700976	8e3ba195-d539-4876-a300-4f5855b145c6.rna_seq.star_splice_junctions.tsv.gz	b0f851d2-659b-4db9-abde-9edc9c700976
controlled	f6509c51-3bdc-45cc-81fe-5e775236305a	TCGA-3B-A9HO	Structural Variation	TSV	RNA-Seq	5c736419-e8ae-4256-ba3d-b269f0d49bb9	TCGA-SARC.1deab279-467f-4854-a9fb-5b009e642809.arriba.rna_fusion.tsv	5c736419-e8ae-4256-ba3d-b269f0d49bb9
controlled	a692aa06-e081-4b62-bc01-a5b0a296290d	TCGA-PC-A5DM	Structural Variation	TSV	RNA-Seq	92a9a5d9-3aef-486b-9b05-79a4e9cca595	TCGA-SARC.7a307c57-635f-4a0e-8065-cce0cc6d5f64.arriba.rna_fusion.tsv	92a9a5d9-3aef-486b-9b05-79a4e9cca595
controlled	a692aa06-e081-4b62-bc01-a5b0a296290d	TCGA-PC-A5DM	Sequencing Reads	BAM	RNA-Seq	3796f1e8-11b8-43ac-8a80-7cbcad6db5de	04800473-f727-4923-a231-e0b20f0558f6.rna_seq.transcriptome.gdc_realn.bam	3796f1e8-11b8-43ac-8a80-7cbcad6db5de
controlled	a692aa06-e081-4b62-bc01-a5b0a296290d	TCGA-PC-A5DM	Structural Variation	BEDPE	RNA-Seq	61abc3f3-10db-4b0d-88b6-eff85608ea8b	TCGA-SARC.f922b263-fe07-43da-8273-87cd8b601cb1.star_fusion.rna_fusion.bedpe	61abc3f3-10db-4b0d-88b6-eff85608ea8b
controlled	a692aa06-e081-4b62-bc01-a5b0a296290d	TCGA-PC-A5DM	Structural Variation	TSV	RNA-Seq	c90f2ff3-2aa4-483a-84f6-ac09b22c0904	TCGA-SARC.f922b263-fe07-43da-8273-87cd8b601cb1.star_fusion.rna_fusion.tsv	c90f2ff3-2aa4-483a-84f6-ac09b22c0904
open	2905cbd1-719b-46d9-b8af-8fe4927bc473	TCGA-FX-A2QS	Transcriptome Profiling	TSV	RNA-Seq	1d27ffc8-c857-44fe-be5d-ebc73095912f	98fc3c8c-ec11-4b78-89d0-dfcd5f9093b3.rna_seq.augmented_star_gene_counts.tsv	1d27ffc8-c857-44fe-be5d-ebc73095912f
open	2905cbd1-719b-46d9-b8af-8fe4927bc473	TCGA-FX-A2QS	Transcriptome Profiling	TSV	RNA-Seq	58d057d9-2c76-49e7-825b-93f273b5f920	eac71dee-8ad1-43d1-9207-fc1060c67ff4.rna_seq.augmented_star_gene_counts.tsv	58d057d9-2c76-49e7-825b-93f273b5f920
controlled	2905cbd1-719b-46d9-b8af-8fe4927bc473	TCGA-FX-A2QS	Structural Variation	BEDPE	RNA-Seq	dd06a4f8-98e1-45bb-8b10-e33d215575b1	TCGA-SARC.aabffb8b-986f-4c32-99c5-7a17121ad45c.arriba.rna_fusion.bedpe	dd06a4f8-98e1-45bb-8b10-e33d215575b1
controlled	2905cbd1-719b-46d9-b8af-8fe4927bc473	TCGA-FX-A2QS	Structural Variation	TSV	RNA-Seq	3e99ff08-f074-4bd0-a29e-1ffc5a4f39dd	TCGA-SARC.ac295b8c-2d1e-468e-b26a-952e73ec600c.star_fusion.rna_fusion.tsv	3e99ff08-f074-4bd0-a29e-1ffc5a4f39dd
controlled	2905cbd1-719b-46d9-b8af-8fe4927bc473	TCGA-FX-A2QS	Structural Variation	BEDPE	RNA-Seq	79ab13e6-0a8a-4bca-ad92-c1fa6c5b6ab3	TCGA-SARC.9c3619be-3f62-406e-a367-08e7a633596c.star_fusion.rna_fusion.bedpe	79ab13e6-0a8a-4bca-ad92-c1fa6c5b6ab3
controlled	9c9b53e5-cdbe-4510-a839-4a3b5039681b	TCGA-HB-A43Z	Sequencing Reads	BAM	RNA-Seq	0813f9a7-b1bb-41be-900b-a22a3f77208f	1418c12d-e57a-4ace-bd8a-32b1f15c56e2.rna_seq.chimeric.gdc_realn.bam	0813f9a7-b1bb-41be-900b-a22a3f77208f
controlled	eaadfe2a-23fb-400b-86b3-4fba6d968aa3	TCGA-IS-A3K6	Sequencing Reads	BAM	RNA-Seq	be3d0fc5-f736-4c11-8bc2-a4886e7d7871	bbed0a6e-3790-4e40-87a2-ab6ce5600e2e.rna_seq.genomic.gdc_realn.bam	be3d0fc5-f736-4c11-8bc2-a4886e7d7871
controlled	9c9b53e5-cdbe-4510-a839-4a3b5039681b	TCGA-HB-A43Z	Structural Variation	TSV	RNA-Seq	8b9feca1-5cf1-47c5-90c7-fd1b7c27374e	TCGA-SARC.c4c4e4f0-78d5-48c1-8ebe-ebd73c73b6a9.star_fusion.rna_fusion.tsv	8b9feca1-5cf1-47c5-90c7-fd1b7c27374e
controlled	eaadfe2a-23fb-400b-86b3-4fba6d968aa3	TCGA-IS-A3K6	Sequencing Reads	BAM	RNA-Seq	86d9402b-25c7-4d48-bb02-fddc552a9392	bbed0a6e-3790-4e40-87a2-ab6ce5600e2e.rna_seq.transcriptome.gdc_realn.bam	86d9402b-25c7-4d48-bb02-fddc552a9392
controlled	eaadfe2a-23fb-400b-86b3-4fba6d968aa3	TCGA-IS-A3K6	Structural Variation	BEDPE	RNA-Seq	f075fad1-685d-4c4f-baa4-c7d7685e731e	TCGA-SARC.c64ae042-4efc-4256-9d7d-27fcd6025538.star_fusion.rna_fusion.bedpe	f075fad1-685d-4c4f-baa4-c7d7685e731e
controlled	eaadfe2a-23fb-400b-86b3-4fba6d968aa3	TCGA-IS-A3K6	Transcriptome Profiling	TSV	RNA-Seq	b8877495-2eea-42a5-bc74-9c23ad342983	bbed0a6e-3790-4e40-87a2-ab6ce5600e2e.rna_seq.star_splice_junctions.tsv.gz	b8877495-2eea-42a5-bc74-9c23ad342983
open	eaadfe2a-23fb-400b-86b3-4fba6d968aa3	TCGA-IS-A3K6	Transcriptome Profiling	TSV	RNA-Seq	3d099e95-416f-4da7-b448-b37fba3e218a	bbed0a6e-3790-4e40-87a2-ab6ce5600e2e.rna_seq.augmented_star_gene_counts.tsv	3d099e95-416f-4da7-b448-b37fba3e218a
controlled	27818e2c-aa23-4be3-a1d6-d6a7aa88795d	TCGA-K1-A3PO	Sequencing Reads	BAM	RNA-Seq	366c2076-9be8-4669-9caf-c7a31d435f0e	bc81e175-7bc8-4f39-b9bc-92f8237c77ad.rna_seq.transcriptome.gdc_realn.bam	366c2076-9be8-4669-9caf-c7a31d435f0e
controlled	8488bb97-bf11-45cc-b1bd-52969598448d	TCGA-IF-A3RQ	Structural Variation	BEDPE	RNA-Seq	49e8ca34-46c0-468d-ad39-fc2e74cca99d	TCGA-SARC.949646ad-bf27-4bc5-a457-f54a0dfe52f1.arriba.rna_fusion.bedpe	49e8ca34-46c0-468d-ad39-fc2e74cca99d
controlled	8488bb97-bf11-45cc-b1bd-52969598448d	TCGA-IF-A3RQ	Structural Variation	TSV	RNA-Seq	88531cee-5c2a-4704-8cc6-5abcc50052db	TCGA-SARC.949646ad-bf27-4bc5-a457-f54a0dfe52f1.arriba.rna_fusion.tsv	88531cee-5c2a-4704-8cc6-5abcc50052db
controlled	27818e2c-aa23-4be3-a1d6-d6a7aa88795d	TCGA-K1-A3PO	Sequencing Reads	BAM	RNA-Seq	ce42753c-932d-4342-aee1-a3ac3f5cdce5	bc81e175-7bc8-4f39-b9bc-92f8237c77ad.rna_seq.genomic.gdc_realn.bam	ce42753c-932d-4342-aee1-a3ac3f5cdce5
controlled	8488bb97-bf11-45cc-b1bd-52969598448d	TCGA-IF-A3RQ	Sequencing Reads	BAM	RNA-Seq	6aa7a03c-b77e-4eee-b685-69c38e07c597	c20abb77-a696-4df4-b673-c2d99e765963.rna_seq.chimeric.gdc_realn.bam	6aa7a03c-b77e-4eee-b685-69c38e07c597
controlled	8488bb97-bf11-45cc-b1bd-52969598448d	TCGA-IF-A3RQ	Structural Variation	TSV	RNA-Seq	0f658ab3-c9bd-45da-933e-d6c2ffee113a	TCGA-SARC.f59311fa-83d7-4084-8b3f-4e5874abeec7.star_fusion.rna_fusion.tsv	0f658ab3-c9bd-45da-933e-d6c2ffee113a
open	27818e2c-aa23-4be3-a1d6-d6a7aa88795d	TCGA-K1-A3PO	Transcriptome Profiling	TSV	RNA-Seq	4e4f85fa-28f9-4405-b5c5-dbadcc95e437	bc81e175-7bc8-4f39-b9bc-92f8237c77ad.rna_seq.augmented_star_gene_counts.tsv	4e4f85fa-28f9-4405-b5c5-dbadcc95e437
controlled	9393e4f1-6a1b-4181-b928-72b6f335bec2	TCGA-IF-A4AK	Sequencing Reads	BAM	RNA-Seq	6f5a7c1e-f7a5-4453-9bea-7900ae668b3b	c9b1259e-841d-4971-a8d9-5e287bebe2e4.rna_seq.chimeric.gdc_realn.bam	6f5a7c1e-f7a5-4453-9bea-7900ae668b3b
controlled	27818e2c-aa23-4be3-a1d6-d6a7aa88795d	TCGA-K1-A3PO	Structural Variation	TSV	RNA-Seq	ecafe367-9696-48a3-9435-f15f7913d4cf	TCGA-SARC.944935d0-9668-4151-ab2e-d75bc6575597.star_fusion.rna_fusion.tsv	ecafe367-9696-48a3-9435-f15f7913d4cf
controlled	9393e4f1-6a1b-4181-b928-72b6f335bec2	TCGA-IF-A4AK	Structural Variation	TSV	RNA-Seq	e409920f-b830-4b2d-8247-910babc26044	TCGA-SARC.2dcc3350-c1c3-490d-8a04-4d09bbd7cd73.arriba.rna_fusion.tsv	e409920f-b830-4b2d-8247-910babc26044
controlled	cd73a55f-03c1-4da0-9fa7-1ae4a263664e	TCGA-DX-A1KW	Structural Variation	BEDPE	RNA-Seq	29842778-4ff8-462a-a7a0-ceda604586cf	TCGA-SARC.7e9f02e6-46ff-4499-8e6d-0b4f8c3992c0.star_fusion.rna_fusion.bedpe	29842778-4ff8-462a-a7a0-ceda604586cf
controlled	cd73a55f-03c1-4da0-9fa7-1ae4a263664e	TCGA-DX-A1KW	Structural Variation	TSV	RNA-Seq	d20968a7-1795-4cd3-8a40-3c044acbe9d3	TCGA-SARC.7e9f02e6-46ff-4499-8e6d-0b4f8c3992c0.star_fusion.rna_fusion.tsv	d20968a7-1795-4cd3-8a40-3c044acbe9d3
controlled	9393e4f1-6a1b-4181-b928-72b6f335bec2	TCGA-IF-A4AK	Sequencing Reads	BAM	RNA-Seq	73d137eb-331a-4f3b-9b3e-39faf1338d56	c9b1259e-841d-4971-a8d9-5e287bebe2e4.rna_seq.genomic.gdc_realn.bam	73d137eb-331a-4f3b-9b3e-39faf1338d56
controlled	9393e4f1-6a1b-4181-b928-72b6f335bec2	TCGA-IF-A4AK	Transcriptome Profiling	TSV	RNA-Seq	eb3d9433-e9d2-4d00-bfd8-f61214c0f7cb	c9b1259e-841d-4971-a8d9-5e287bebe2e4.rna_seq.star_splice_junctions.tsv.gz	eb3d9433-e9d2-4d00-bfd8-f61214c0f7cb
controlled	9393e4f1-6a1b-4181-b928-72b6f335bec2	TCGA-IF-A4AK	Structural Variation	TSV	RNA-Seq	a8402c00-4475-43aa-a633-acf5cb77d0ab	TCGA-SARC.19e753c7-8bbc-4e28-9845-465be2eb53ff.star_fusion.rna_fusion.tsv	a8402c00-4475-43aa-a633-acf5cb77d0ab
open	cd73a55f-03c1-4da0-9fa7-1ae4a263664e	TCGA-DX-A1KW	Transcriptome Profiling	TSV	RNA-Seq	90efa5e5-fb24-44eb-85e0-b9ce83ae698f	7bda671c-95d4-4f58-8d10-323308710256.rna_seq.augmented_star_gene_counts.tsv	90efa5e5-fb24-44eb-85e0-b9ce83ae698f
controlled	e9e4731a-a7ca-455c-868c-a6d53d0aa749	TCGA-DX-AB35	Structural Variation	BEDPE	RNA-Seq	0652d5b5-98a8-483d-b56b-bbb0289743cc	TCGA-SARC.462f7cdd-a7f2-46e6-b50b-c09e7e9a351b.star_fusion.rna_fusion.bedpe	0652d5b5-98a8-483d-b56b-bbb0289743cc
controlled	cd73a55f-03c1-4da0-9fa7-1ae4a263664e	TCGA-DX-A1KW	Structural Variation	TSV	RNA-Seq	671f3878-df4c-4539-b528-b92fbf3f30ef	TCGA-SARC.79393071-cea7-4bd9-9130-121ea9b9f0ce.arriba.rna_fusion.tsv	671f3878-df4c-4539-b528-b92fbf3f30ef
controlled	a46c2122-9eb3-429c-aaf7-24fcb1f7a6a1	TCGA-FX-A3NK	Sequencing Reads	BAM	RNA-Seq	4f7bba07-58e3-490d-835b-44267483f8fe	d81ad264-0c65-45bc-8394-fd24832737bb.rna_seq.genomic.gdc_realn.bam	4f7bba07-58e3-490d-835b-44267483f8fe
controlled	e9e4731a-a7ca-455c-868c-a6d53d0aa749	TCGA-DX-AB35	Sequencing Reads	BAM	RNA-Seq	fda44bf5-d7b6-4ade-b060-bdc3946c1376	d159e5c3-7517-4510-a948-054f8b4a88ef.rna_seq.transcriptome.gdc_realn.bam	fda44bf5-d7b6-4ade-b060-bdc3946c1376
controlled	e9e4731a-a7ca-455c-868c-a6d53d0aa749	TCGA-DX-AB35	Structural Variation	BEDPE	RNA-Seq	5aea022c-410e-46a7-b56b-e71e00747b77	TCGA-SARC.04bc2ca1-0a91-4359-837a-6e1e97443067.arriba.rna_fusion.bedpe	5aea022c-410e-46a7-b56b-e71e00747b77
controlled	9ff814f6-4a05-4471-8492-41574fa3eeeb	TCGA-3B-A9HX	Structural Variation	BEDPE	RNA-Seq	a7f4eda1-e66d-48e7-8162-584ce51e585e	TCGA-SARC.9102e5bb-210f-4d10-8dad-0654d023bfc9.arriba.rna_fusion.bedpe	a7f4eda1-e66d-48e7-8162-584ce51e585e
controlled	9ff814f6-4a05-4471-8492-41574fa3eeeb	TCGA-3B-A9HX	Transcriptome Profiling	TSV	RNA-Seq	b4b8e6d9-bc41-4828-a45c-4abce2a6bb45	f5a5de6f-52df-419d-9ea3-27383a6b53a0.rna_seq.star_splice_junctions.tsv.gz	b4b8e6d9-bc41-4828-a45c-4abce2a6bb45
controlled	5d9608fd-e3eb-4bf9-911f-7656d6814b98	TCGA-DX-AB2J	Sequencing Reads	BAM	RNA-Seq	f637859c-2008-4a7d-bfee-b885e5202b41	b7ac9da3-7fbe-4618-a852-8d614cabd9aa.rna_seq.genomic.gdc_realn.bam	f637859c-2008-4a7d-bfee-b885e5202b41
controlled	5d9608fd-e3eb-4bf9-911f-7656d6814b98	TCGA-DX-AB2J	Sequencing Reads	BAM	RNA-Seq	89a6c3f5-5087-4e4d-b864-aacbe9d3af5b	b7ac9da3-7fbe-4618-a852-8d614cabd9aa.rna_seq.transcriptome.gdc_realn.bam	89a6c3f5-5087-4e4d-b864-aacbe9d3af5b
controlled	5d9608fd-e3eb-4bf9-911f-7656d6814b98	TCGA-DX-AB2J	Structural Variation	BEDPE	RNA-Seq	30552240-0da0-43e9-875f-5d5d461c4d39	TCGA-SARC.3b63fa4e-a15a-4c94-bc06-9e48c020d6b2.arriba.rna_fusion.bedpe	30552240-0da0-43e9-875f-5d5d461c4d39
controlled	5d9608fd-e3eb-4bf9-911f-7656d6814b98	TCGA-DX-AB2J	Sequencing Reads	BAM	RNA-Seq	87474779-45a3-4423-aaca-e86f4589eae0	b7ac9da3-7fbe-4618-a852-8d614cabd9aa.rna_seq.chimeric.gdc_realn.bam	87474779-45a3-4423-aaca-e86f4589eae0
controlled	9f7b8012-3dee-44b2-8159-f96a6eb5036a	TCGA-DX-A6BE	Structural Variation	TSV	RNA-Seq	5e0b42ec-ae5d-4383-bb3f-142c0d75eabd	TCGA-SARC.43576906-8002-4237-b6db-9a22df6f3cee.arriba.rna_fusion.tsv	5e0b42ec-ae5d-4383-bb3f-142c0d75eabd
controlled	9f7b8012-3dee-44b2-8159-f96a6eb5036a	TCGA-DX-A6BE	Sequencing Reads	BAM	RNA-Seq	0dae0fbf-d245-496b-a709-de9977835d0d	d82d2860-588c-4ad9-b3c0-867fc61ab152.rna_seq.chimeric.gdc_realn.bam	0dae0fbf-d245-496b-a709-de9977835d0d
controlled	0a4af73d-3c12-4740-bf92-c0eedd3dd135	TCGA-WK-A8XZ	Sequencing Reads	BAM	RNA-Seq	b4a4d98a-43dd-4956-a8aa-49f3b70326cb	ab2a645d-322d-46e8-9872-1ecf9ee72891.rna_seq.transcriptome.gdc_realn.bam	b4a4d98a-43dd-4956-a8aa-49f3b70326cb
controlled	00eaaf62-c43e-4555-9134-1e5593386fdb	TCGA-3B-A9HS	Sequencing Reads	BAM	RNA-Seq	8a04f959-6db8-4291-937a-4411b7825977	ba674556-bd06-4ad1-b873-74f3f4491c1e.rna_seq.chimeric.gdc_realn.bam	8a04f959-6db8-4291-937a-4411b7825977
controlled	9f7b8012-3dee-44b2-8159-f96a6eb5036a	TCGA-DX-A6BE	Transcriptome Profiling	TSV	RNA-Seq	76a31f1e-e013-4a5e-90e5-4352c223d2ca	d82d2860-588c-4ad9-b3c0-867fc61ab152.rna_seq.star_splice_junctions.tsv.gz	76a31f1e-e013-4a5e-90e5-4352c223d2ca
controlled	01c5f902-ec3c-4eb7-9e38-1d29ae6ab959	TCGA-WK-A8XY	Sequencing Reads	BAM	RNA-Seq	d54f80ed-ea63-429c-9462-3e2ddd31d29d	f8a47640-9b0f-4d1b-94fd-dacc75fb2e96.rna_seq.transcriptome.gdc_realn.bam	d54f80ed-ea63-429c-9462-3e2ddd31d29d
controlled	9f7b8012-3dee-44b2-8159-f96a6eb5036a	TCGA-DX-A6BE	Sequencing Reads	BAM	RNA-Seq	71ab1405-1af1-44c3-ac7d-b98a0911f072	d82d2860-588c-4ad9-b3c0-867fc61ab152.rna_seq.transcriptome.gdc_realn.bam	71ab1405-1af1-44c3-ac7d-b98a0911f072
open	01c5f902-ec3c-4eb7-9e38-1d29ae6ab959	TCGA-WK-A8XY	Transcriptome Profiling	TSV	RNA-Seq	71c113f1-e40b-4c12-b5c7-0853e5147b95	f8a47640-9b0f-4d1b-94fd-dacc75fb2e96.rna_seq.augmented_star_gene_counts.tsv	71c113f1-e40b-4c12-b5c7-0853e5147b95
controlled	0a4af73d-3c12-4740-bf92-c0eedd3dd135	TCGA-WK-A8XZ	Transcriptome Profiling	TSV	RNA-Seq	6b786208-e010-42bf-8f41-f53a6935855c	ab2a645d-322d-46e8-9872-1ecf9ee72891.rna_seq.star_splice_junctions.tsv.gz	6b786208-e010-42bf-8f41-f53a6935855c
controlled	0a4af73d-3c12-4740-bf92-c0eedd3dd135	TCGA-WK-A8XZ	Structural Variation	TSV	RNA-Seq	6371a8d1-b28a-413a-a844-b08186d54e9b	TCGA-SARC.ced40ba5-7ee2-40fe-b449-2919830ff2eb.star_fusion.rna_fusion.tsv	6371a8d1-b28a-413a-a844-b08186d54e9b
controlled	0a4af73d-3c12-4740-bf92-c0eedd3dd135	TCGA-WK-A8XZ	Sequencing Reads	BAM	RNA-Seq	74b62903-458a-462b-b635-b4bdaca13a55	ab2a645d-322d-46e8-9872-1ecf9ee72891.rna_seq.chimeric.gdc_realn.bam	74b62903-458a-462b-b635-b4bdaca13a55
controlled	f0cbc2a4-c1f7-4b32-bce1-57eb59d351cc	TCGA-PC-A5DP	Structural Variation	BEDPE	RNA-Seq	36a4e4ed-1082-4a14-ae5f-dd436c943e5b	TCGA-SARC.37f0fcee-7d21-46dc-9a15-924f0e3bec28.arriba.rna_fusion.bedpe	36a4e4ed-1082-4a14-ae5f-dd436c943e5b
controlled	07778870-d400-4495-b786-c63ff33fc29d	TCGA-DX-AB2V	Transcriptome Profiling	TSV	RNA-Seq	be504566-0509-4298-b7a5-3610f86b275b	38a95d74-a928-40b3-9856-9bef8c77b7f7.rna_seq.star_splice_junctions.tsv.gz	be504566-0509-4298-b7a5-3610f86b275b
controlled	02b7b0c5-dad6-4270-b56b-3d04285e8147	TCGA-KD-A5QU	Structural Variation	BEDPE	RNA-Seq	d58def50-c7e5-4288-8d9a-bcfdd45bbe2f	TCGA-SARC.e2ed9305-2752-4002-8802-d41be8ac7e16.arriba.rna_fusion.bedpe	d58def50-c7e5-4288-8d9a-bcfdd45bbe2f
controlled	8372e154-c9c1-4382-8120-7e14dd426367	TCGA-X2-A95T	Sequencing Reads	BAM	RNA-Seq	9657755b-ff9c-473c-9e8d-88160091c20c	6008ff0b-cb5b-4b7d-a438-dfa992f224a8.rna_seq.transcriptome.gdc_realn.bam	9657755b-ff9c-473c-9e8d-88160091c20c
controlled	07778870-d400-4495-b786-c63ff33fc29d	TCGA-DX-AB2V	Sequencing Reads	BAM	RNA-Seq	2c426d40-b61c-4581-aa18-1775cc3d4bc6	38a95d74-a928-40b3-9856-9bef8c77b7f7.rna_seq.transcriptome.gdc_realn.bam	2c426d40-b61c-4581-aa18-1775cc3d4bc6
open	07778870-d400-4495-b786-c63ff33fc29d	TCGA-DX-AB2V	Transcriptome Profiling	TSV	RNA-Seq	87d946eb-845c-438e-ae46-dfc43a078c55	38a95d74-a928-40b3-9856-9bef8c77b7f7.rna_seq.augmented_star_gene_counts.tsv	87d946eb-845c-438e-ae46-dfc43a078c55
open	0494a8ea-ecf3-4f3e-8b3c-26a9254b6755	TCGA-QQ-A5VC	Transcriptome Profiling	TSV	RNA-Seq	85b7d2b7-6d3b-41d1-a387-141239e7ccc1	42aca376-bcbe-486e-ad7e-79e6c2073d41.rna_seq.augmented_star_gene_counts.tsv	85b7d2b7-6d3b-41d1-a387-141239e7ccc1
controlled	0494a8ea-ecf3-4f3e-8b3c-26a9254b6755	TCGA-QQ-A5VC	Transcriptome Profiling	TSV	RNA-Seq	dab420fd-db6b-41e8-aed6-84a863b2f2bc	42aca376-bcbe-486e-ad7e-79e6c2073d41.rna_seq.star_splice_junctions.tsv.gz	dab420fd-db6b-41e8-aed6-84a863b2f2bc
controlled	0494a8ea-ecf3-4f3e-8b3c-26a9254b6755	TCGA-QQ-A5VC	Structural Variation	BEDPE	RNA-Seq	9b7e48ea-af96-4a52-9e0c-807797a27793	TCGA-SARC.aea6d453-23a5-4bea-b6bf-f0b88358fed1.arriba.rna_fusion.bedpe	9b7e48ea-af96-4a52-9e0c-807797a27793
controlled	07a6bbce-012b-48fe-8c62-e79a1b200eb6	TCGA-DX-A8BV	Structural Variation	TSV	RNA-Seq	619a4bcc-13ef-4a46-ba43-b786ffc301e3	TCGA-SARC.9ceec7c5-dd31-47bb-bf65-fd1a8576bafd.arriba.rna_fusion.tsv	619a4bcc-13ef-4a46-ba43-b786ffc301e3
controlled	0494a8ea-ecf3-4f3e-8b3c-26a9254b6755	TCGA-QQ-A5VC	Sequencing Reads	BAM	RNA-Seq	f3f1aabd-1cc7-4e26-a4a4-017f98d44bd1	42aca376-bcbe-486e-ad7e-79e6c2073d41.rna_seq.transcriptome.gdc_realn.bam	f3f1aabd-1cc7-4e26-a4a4-017f98d44bd1
controlled	07a6bbce-012b-48fe-8c62-e79a1b200eb6	TCGA-DX-A8BV	Structural Variation	BEDPE	RNA-Seq	1ea041b5-9145-4f94-b017-09257e15a8e3	TCGA-SARC.2ee67e92-cbfd-4542-abfd-f6d6ccc3f8fd.star_fusion.rna_fusion.bedpe	1ea041b5-9145-4f94-b017-09257e15a8e3
controlled	e2272de4-02b8-4a94-b8ee-c7454996a2da	TCGA-DX-AB2Q	Structural Variation	TSV	RNA-Seq	c086c8ba-0678-4178-91eb-4ee08f232ac7	TCGA-SARC.0eeaf0b7-5819-471a-ae89-b276335ffcec.star_fusion.rna_fusion.tsv	c086c8ba-0678-4178-91eb-4ee08f232ac7
controlled	e2272de4-02b8-4a94-b8ee-c7454996a2da	TCGA-DX-AB2Q	Sequencing Reads	BAM	RNA-Seq	da60bcaa-5e53-4dfb-adfb-3a80377c727b	1ef19de4-2416-4852-ba66-76854ed9d748.rna_seq.genomic.gdc_realn.bam	da60bcaa-5e53-4dfb-adfb-3a80377c727b
controlled	0ac700f3-c9cf-4ed7-a8bd-975527750024	TCGA-DX-A6B7	Structural Variation	BEDPE	RNA-Seq	494425ca-ec13-4313-af45-7d1b67915cfe	TCGA-SARC.d519a58c-498c-4db9-8194-8a89a5d8a107.arriba.rna_fusion.bedpe	494425ca-ec13-4313-af45-7d1b67915cfe
controlled	e2272de4-02b8-4a94-b8ee-c7454996a2da	TCGA-DX-AB2Q	Sequencing Reads	BAM	RNA-Seq	8e14131e-be53-4963-8224-c42890d4ffe5	1ef19de4-2416-4852-ba66-76854ed9d748.rna_seq.chimeric.gdc_realn.bam	8e14131e-be53-4963-8224-c42890d4ffe5
controlled	0ac700f3-c9cf-4ed7-a8bd-975527750024	TCGA-DX-A6B7	Structural Variation	TSV	RNA-Seq	3dd9e092-0f90-4adf-be0a-22c5529620be	TCGA-SARC.85d1c55f-8c83-4186-a5e1-7abac117020e.star_fusion.rna_fusion.tsv	3dd9e092-0f90-4adf-be0a-22c5529620be
controlled	0ac700f3-c9cf-4ed7-a8bd-975527750024	TCGA-DX-A6B7	Sequencing Reads	BAM	RNA-Seq	0cfadaee-f777-4161-b8c1-f4fc613f76bd	7f4d714a-728a-4c11-b77c-d524df0281fe.rna_seq.genomic.gdc_realn.bam	0cfadaee-f777-4161-b8c1-f4fc613f76bd
controlled	04d45a95-4282-42e7-8e2f-2b7a5082e1b5	TCGA-WK-A8XX	Structural Variation	BEDPE	RNA-Seq	1edc7ebe-b810-42b6-ab7b-8b49e965608c	TCGA-SARC.f0d08926-b564-4291-b36b-30b8af8891d3.star_fusion.rna_fusion.bedpe	1edc7ebe-b810-42b6-ab7b-8b49e965608c
controlled	0ac700f3-c9cf-4ed7-a8bd-975527750024	TCGA-DX-A6B7	Structural Variation	TSV	RNA-Seq	62bf5df1-36f2-4d6e-b266-957ec127da62	TCGA-SARC.d519a58c-498c-4db9-8194-8a89a5d8a107.arriba.rna_fusion.tsv	62bf5df1-36f2-4d6e-b266-957ec127da62
controlled	f0cbc2a4-c1f7-4b32-bce1-57eb59d351cc	TCGA-PC-A5DP	Sequencing Reads	BAM	RNA-Seq	d8dfa934-e358-4566-a9c6-26fda5e6af18	de4338e5-2dc7-469a-a8fc-460fe85df933.rna_seq.chimeric.gdc_realn.bam	d8dfa934-e358-4566-a9c6-26fda5e6af18
controlled	04d45a95-4282-42e7-8e2f-2b7a5082e1b5	TCGA-WK-A8XX	Sequencing Reads	BAM	RNA-Seq	a54272c0-b782-48f9-bc66-db72ade25db6	56a42dfb-1b30-41df-9fcf-19bd3266687a.rna_seq.transcriptome.gdc_realn.bam	a54272c0-b782-48f9-bc66-db72ade25db6
controlled	0ac700f3-c9cf-4ed7-a8bd-975527750024	TCGA-DX-A6B7	Structural Variation	BEDPE	RNA-Seq	0c75e770-1eaa-4adb-9040-e0a134b9ca3f	TCGA-SARC.85d1c55f-8c83-4186-a5e1-7abac117020e.star_fusion.rna_fusion.bedpe	0c75e770-1eaa-4adb-9040-e0a134b9ca3f
controlled	0b6418fc-c775-4baa-8776-74ffcc492e9a	TCGA-DX-A7EQ	Sequencing Reads	BAM	RNA-Seq	1a2d19ac-85bd-4b35-90ba-9e869f42cb37	959c6fc3-d893-4e2f-9867-2e58e63da4fb.rna_seq.transcriptome.gdc_realn.bam	1a2d19ac-85bd-4b35-90ba-9e869f42cb37
controlled	0b6418fc-c775-4baa-8776-74ffcc492e9a	TCGA-DX-A7EQ	Structural Variation	BEDPE	RNA-Seq	fb3514b4-4102-4ac6-a10b-f0e2ae280f33	TCGA-SARC.2b20c348-470b-4655-8a1a-64221345c7aa.arriba.rna_fusion.bedpe	fb3514b4-4102-4ac6-a10b-f0e2ae280f33
controlled	0b6418fc-c775-4baa-8776-74ffcc492e9a	TCGA-DX-A7EQ	Structural Variation	TSV	RNA-Seq	e0a86979-2866-4a38-9480-cc50771550b0	TCGA-SARC.2b20c348-470b-4655-8a1a-64221345c7aa.arriba.rna_fusion.tsv	e0a86979-2866-4a38-9480-cc50771550b0
open	0b6418fc-c775-4baa-8776-74ffcc492e9a	TCGA-DX-A7EQ	Transcriptome Profiling	TSV	RNA-Seq	67fcf0d7-e1eb-4f8a-8dd8-d2e05a6b2892	959c6fc3-d893-4e2f-9867-2e58e63da4fb.rna_seq.augmented_star_gene_counts.tsv	67fcf0d7-e1eb-4f8a-8dd8-d2e05a6b2892
controlled	0b6418fc-c775-4baa-8776-74ffcc492e9a	TCGA-DX-A7EQ	Transcriptome Profiling	TSV	RNA-Seq	9e2eb175-a4ea-4704-a8ae-c76e7c522a04	959c6fc3-d893-4e2f-9867-2e58e63da4fb.rna_seq.star_splice_junctions.tsv.gz	9e2eb175-a4ea-4704-a8ae-c76e7c522a04
controlled	051a8605-e674-4b66-a142-11ec36a96454	TCGA-DX-AB2P	Sequencing Reads	BAM	RNA-Seq	58cadcf4-9280-4f92-98a5-85195a7bca40	8085d691-eaee-4327-83ca-bd6f5a98fa99.rna_seq.genomic.gdc_realn.bam	58cadcf4-9280-4f92-98a5-85195a7bca40
controlled	10a6de43-a681-4cbc-821d-08335ed65320	TCGA-MJ-A68J	Sequencing Reads	BAM	RNA-Seq	6a600925-22e3-4fc7-a7aa-6c0841dda823	33450ab2-7748-4ef7-b83b-2ed3de7104d3.rna_seq.genomic.gdc_realn.bam	6a600925-22e3-4fc7-a7aa-6c0841dda823
controlled	10a6de43-a681-4cbc-821d-08335ed65320	TCGA-MJ-A68J	Transcriptome Profiling	TSV	RNA-Seq	d9049f6d-3b93-4252-999f-0270e38b123e	33450ab2-7748-4ef7-b83b-2ed3de7104d3.rna_seq.star_splice_junctions.tsv.gz	d9049f6d-3b93-4252-999f-0270e38b123e
open	10a6de43-a681-4cbc-821d-08335ed65320	TCGA-MJ-A68J	Transcriptome Profiling	TSV	RNA-Seq	7f644454-bc83-40c5-b48f-bb4c37cba0e1	33450ab2-7748-4ef7-b83b-2ed3de7104d3.rna_seq.augmented_star_gene_counts.tsv	7f644454-bc83-40c5-b48f-bb4c37cba0e1
controlled	059f7eb8-6e42-4f57-8248-ff82896aab54	TCGA-DX-A3UE	Structural Variation	BEDPE	RNA-Seq	c9b1e9ba-e17d-4e35-9090-c7ac9740bdb0	TCGA-SARC.5ed8edfe-bde0-4488-909e-81f58755fa68.arriba.rna_fusion.bedpe	c9b1e9ba-e17d-4e35-9090-c7ac9740bdb0
controlled	10a6de43-a681-4cbc-821d-08335ed65320	TCGA-MJ-A68J	Structural Variation	TSV	RNA-Seq	8f55a924-2702-4963-a7c0-c2e398c410b9	TCGA-SARC.ad8db3b1-9031-4b95-9bea-4544d323abfb.arriba.rna_fusion.tsv	8f55a924-2702-4963-a7c0-c2e398c410b9
controlled	12b45061-9ed6-46cd-971a-b81d79bc88ec	TCGA-DX-A6YU	Sequencing Reads	BAM	RNA-Seq	75ec7f4e-5931-4886-865d-c4d22ca35a0e	ab324d27-f3fd-4f35-99b9-76099c8a7d0b.rna_seq.genomic.gdc_realn.bam	75ec7f4e-5931-4886-865d-c4d22ca35a0e
controlled	12b45061-9ed6-46cd-971a-b81d79bc88ec	TCGA-DX-A6YU	Structural Variation	TSV	RNA-Seq	5d4d487d-046f-4eaf-8b18-dd36d4cd87a9	TCGA-SARC.64197685-4115-4ff8-a1d6-4a556997d118.star_fusion.rna_fusion.tsv	5d4d487d-046f-4eaf-8b18-dd36d4cd87a9
controlled	05d4099f-521a-4df6-abac-f86f84b3af7f	TCGA-WP-A9GB	Structural Variation	BEDPE	RNA-Seq	5d7c1c98-05c6-4639-b7a8-dad7f044347b	TCGA-SARC.4f432b95-e9f9-4ac9-b930-324e094762a2.arriba.rna_fusion.bedpe	5d7c1c98-05c6-4639-b7a8-dad7f044347b
controlled	0f94362d-368f-4570-b8c1-70fc4b1f5e35	TCGA-QQ-A5VB	Structural Variation	TSV	RNA-Seq	8e093681-9b7d-4eaf-99d4-9f8468f93026	TCGA-SARC.0922c400-1d91-45cc-9a29-1c6e3f879976.arriba.rna_fusion.tsv	8e093681-9b7d-4eaf-99d4-9f8468f93026
controlled	1c89da99-9e89-4726-b196-97eeab46d504	TCGA-X6-A7WC	Structural Variation	TSV	RNA-Seq	1682b8e5-662a-4986-9e9d-3d96c006566d	TCGA-SARC.9b6cdd2d-7b8d-4410-a833-25cae9f8e9d1.arriba.rna_fusion.tsv	1682b8e5-662a-4986-9e9d-3d96c006566d
controlled	1c89da99-9e89-4726-b196-97eeab46d504	TCGA-X6-A7WC	Structural Variation	TSV	RNA-Seq	cd68dd2e-a614-4d15-a4ec-eb0c44d63a55	TCGA-SARC.38db68db-2d7d-436d-9d97-99efcaa08732.star_fusion.rna_fusion.tsv	cd68dd2e-a614-4d15-a4ec-eb0c44d63a55
controlled	05d4099f-521a-4df6-abac-f86f84b3af7f	TCGA-WP-A9GB	Sequencing Reads	BAM	RNA-Seq	1570ac52-4a63-4af3-839f-a982c51c7293	204b4c83-bba2-48bd-9c13-61a346f26b01.rna_seq.chimeric.gdc_realn.bam	1570ac52-4a63-4af3-839f-a982c51c7293
controlled	0f94362d-368f-4570-b8c1-70fc4b1f5e35	TCGA-QQ-A5VB	Structural Variation	BEDPE	RNA-Seq	4a5df1b1-9d4c-45ef-8afb-84a78f9a29b1	TCGA-SARC.e8c23a44-c2e2-4489-af20-ccea5809e852.star_fusion.rna_fusion.bedpe	4a5df1b1-9d4c-45ef-8afb-84a78f9a29b1
open	0f94362d-368f-4570-b8c1-70fc4b1f5e35	TCGA-QQ-A5VB	Transcriptome Profiling	TSV	RNA-Seq	9d8e262f-ba64-4cf1-9639-1dbe2dab5780	2ce41ff1-effd-44aa-b1ce-865543e3d160.rna_seq.augmented_star_gene_counts.tsv	9d8e262f-ba64-4cf1-9639-1dbe2dab5780
controlled	1c89da99-9e89-4726-b196-97eeab46d504	TCGA-X6-A7WC	Sequencing Reads	BAM	RNA-Seq	71c0b9d2-8a98-438d-9b1d-12a8a0db2cd6	3111638f-e826-40aa-8f07-484ba9bf9998.rna_seq.transcriptome.gdc_realn.bam	71c0b9d2-8a98-438d-9b1d-12a8a0db2cd6
controlled	1c89da99-9e89-4726-b196-97eeab46d504	TCGA-X6-A7WC	Structural Variation	BEDPE	RNA-Seq	5cbcc342-591d-4d9d-8b1c-21a248d9e8c4	TCGA-SARC.9b6cdd2d-7b8d-4410-a833-25cae9f8e9d1.arriba.rna_fusion.bedpe	5cbcc342-591d-4d9d-8b1c-21a248d9e8c4
controlled	12bfd446-2ee5-4664-a492-c023d134f60f	TCGA-FX-A48G	Transcriptome Profiling	TSV	RNA-Seq	6386ba1c-3447-496c-a726-1dddc6a672e9	4c4bf17d-7fc4-4c97-aa93-bd076d311d66.rna_seq.star_splice_junctions.tsv.gz	6386ba1c-3447-496c-a726-1dddc6a672e9
controlled	1c89da99-9e89-4726-b196-97eeab46d504	TCGA-X6-A7WC	Sequencing Reads	BAM	RNA-Seq	30dbb934-4b92-4f38-86a3-7eb57c2aa078	3111638f-e826-40aa-8f07-484ba9bf9998.rna_seq.genomic.gdc_realn.bam	30dbb934-4b92-4f38-86a3-7eb57c2aa078
controlled	12bfd446-2ee5-4664-a492-c023d134f60f	TCGA-FX-A48G	Structural Variation	TSV	RNA-Seq	a2f22908-6965-455f-95eb-4358edfe0d8a	TCGA-SARC.d135e111-5e95-46b1-9f85-25e1af8a341d.star_fusion.rna_fusion.tsv	a2f22908-6965-455f-95eb-4358edfe0d8a
controlled	12bfd446-2ee5-4664-a492-c023d134f60f	TCGA-FX-A48G	Sequencing Reads	BAM	RNA-Seq	c0d7808d-c4eb-498b-8b4b-29838e9cd618	4c4bf17d-7fc4-4c97-aa93-bd076d311d66.rna_seq.genomic.gdc_realn.bam	c0d7808d-c4eb-498b-8b4b-29838e9cd618
open	12bfd446-2ee5-4664-a492-c023d134f60f	TCGA-FX-A48G	Transcriptome Profiling	TSV	RNA-Seq	f67a8591-712d-42d9-88cc-66def7f42b55	4c4bf17d-7fc4-4c97-aa93-bd076d311d66.rna_seq.augmented_star_gene_counts.tsv	f67a8591-712d-42d9-88cc-66def7f42b55
controlled	1c89da99-9e89-4726-b196-97eeab46d504	TCGA-X6-A7WC	Structural Variation	BEDPE	RNA-Seq	8bd4c1f0-e754-4f53-a278-d9652882e29f	TCGA-SARC.38db68db-2d7d-436d-9d97-99efcaa08732.star_fusion.rna_fusion.bedpe	8bd4c1f0-e754-4f53-a278-d9652882e29f
controlled	1cbcfbb0-fcad-4ccd-8e83-120faa3e0df3	TCGA-UE-A6QU	Structural Variation	TSV	RNA-Seq	2414ebad-3993-4e8f-bbd6-d486ac4091e6	TCGA-SARC.a1f38608-2ddd-4c2b-9e4c-c3ede659662a.star_fusion.rna_fusion.tsv	2414ebad-3993-4e8f-bbd6-d486ac4091e6
open	1cbcfbb0-fcad-4ccd-8e83-120faa3e0df3	TCGA-UE-A6QU	Transcriptome Profiling	TSV	RNA-Seq	6e274483-b379-4289-9eb4-58a57c34be70	6c551199-3c5b-4365-8510-46710e960819.rna_seq.augmented_star_gene_counts.tsv	6e274483-b379-4289-9eb4-58a57c34be70
controlled	1007195a-7b6a-4575-b6d1-075d76a997ff	TCGA-DX-A6YR	Structural Variation	BEDPE	RNA-Seq	8e15c184-b766-492b-bd2a-2ea4aa231a5e	TCGA-SARC.f09150f8-1553-4edf-bd41-7ab4a10c51a6.arriba.rna_fusion.bedpe	8e15c184-b766-492b-bd2a-2ea4aa231a5e
controlled	1007195a-7b6a-4575-b6d1-075d76a997ff	TCGA-DX-A6YR	Transcriptome Profiling	TSV	RNA-Seq	445c1524-3638-4347-b1b8-cced9545e9b1	477e1ddd-9a50-4f0f-bc8e-141b0f9363a6.rna_seq.star_splice_junctions.tsv.gz	445c1524-3638-4347-b1b8-cced9545e9b1
controlled	16a4412f-0256-498d-b77b-4aecfed34091	TCGA-FX-A3TO	Structural Variation	TSV	RNA-Seq	4feb4bf1-e3df-44cd-a2b4-eb017601cc90	TCGA-SARC.54a61ab7-f197-4d0c-ac42-ae9d9669f372.arriba.rna_fusion.tsv	4feb4bf1-e3df-44cd-a2b4-eb017601cc90
controlled	16a4412f-0256-498d-b77b-4aecfed34091	TCGA-FX-A3TO	Structural Variation	BEDPE	RNA-Seq	0abf7084-25a8-4cde-88b5-658e408a5628	TCGA-SARC.54a61ab7-f197-4d0c-ac42-ae9d9669f372.arriba.rna_fusion.bedpe	0abf7084-25a8-4cde-88b5-658e408a5628
controlled	2560fb5b-5f49-4d38-8f61-1ab911aed3eb	TCGA-SI-A71P	Sequencing Reads	BAM	RNA-Seq	87a0e450-5ca1-42dc-be3b-62247b57fd8d	f7fe6797-9e1a-4b0d-a7bd-e18c28383850.rna_seq.chimeric.gdc_realn.bam	87a0e450-5ca1-42dc-be3b-62247b57fd8d
controlled	1d03c1e5-8ab1-46b7-a46c-3738d463fd1c	TCGA-DX-AB37	Structural Variation	BEDPE	RNA-Seq	bc775341-addd-465a-a932-6dd0044e28f3	TCGA-SARC.f2774e1a-d13a-4b9c-869c-9207b717ce07.arriba.rna_fusion.bedpe	bc775341-addd-465a-a932-6dd0044e28f3
controlled	17cecba9-37ed-4967-8756-e0f7c20c8209	TCGA-MJ-A850	Structural Variation	TSV	RNA-Seq	957352ae-77ce-47b6-9619-562223178e57	TCGA-SARC.a2c84ce0-04f1-4ebd-91fe-2e0010407410.star_fusion.rna_fusion.tsv	957352ae-77ce-47b6-9619-562223178e57
controlled	1d03c1e5-8ab1-46b7-a46c-3738d463fd1c	TCGA-DX-AB37	Structural Variation	TSV	RNA-Seq	483f66e4-0ab9-4d79-901f-2faaac4b16ae	TCGA-SARC.f2774e1a-d13a-4b9c-869c-9207b717ce07.arriba.rna_fusion.tsv	483f66e4-0ab9-4d79-901f-2faaac4b16ae
controlled	2560fb5b-5f49-4d38-8f61-1ab911aed3eb	TCGA-SI-A71P	Structural Variation	BEDPE	RNA-Seq	81ac0727-9b89-4fa1-9917-0711a3448c69	TCGA-SARC.81d0998a-bab4-43e1-b744-d6b8bd8b4cc9.star_fusion.rna_fusion.bedpe	81ac0727-9b89-4fa1-9917-0711a3448c69
controlled	1db4962a-3cf7-4f36-bd60-46a1b63b6c20	TCGA-SG-A6Z4	Structural Variation	BEDPE	RNA-Seq	07a79577-fe06-418a-9509-8b20a3a2acd0	TCGA-SARC.fb22e92b-b4cb-42ed-9a10-f5ef417f3749.star_fusion.rna_fusion.bedpe	07a79577-fe06-418a-9509-8b20a3a2acd0
open	1db4962a-3cf7-4f36-bd60-46a1b63b6c20	TCGA-SG-A6Z4	Transcriptome Profiling	TSV	RNA-Seq	35d38b36-b84d-4718-a185-019d11a4926e	b7ebf1e6-862c-419b-8cdc-33ddb5814c91.rna_seq.augmented_star_gene_counts.tsv	35d38b36-b84d-4718-a185-019d11a4926e
controlled	257dc623-41e1-4fa3-859c-c787db10bd60	TCGA-IS-A3KA	Sequencing Reads	BAM	RNA-Seq	e3c68981-744b-44c0-bcba-65fe88d00438	3d174fee-a4f6-4d8e-8bc8-0f87c38d6893.rna_seq.genomic.gdc_realn.bam	e3c68981-744b-44c0-bcba-65fe88d00438
controlled	1db4962a-3cf7-4f36-bd60-46a1b63b6c20	TCGA-SG-A6Z4	Structural Variation	BEDPE	RNA-Seq	49310ae5-f8de-443f-8425-f5c695904893	TCGA-SARC.ae0a74a6-5850-4909-b523-6ae077d71d70.arriba.rna_fusion.bedpe	49310ae5-f8de-443f-8425-f5c695904893
open	ca0f032b-a34c-4a92-a403-bc7dc6eca8e9	TCGA-KF-A41W	Transcriptome Profiling	TSV	RNA-Seq	e8e47325-44f9-4d5a-b529-e53df9102fbd	6d1989dc-922b-4b6e-bf2a-662ee16a3725.rna_seq.augmented_star_gene_counts.tsv	e8e47325-44f9-4d5a-b529-e53df9102fbd
controlled	257dc623-41e1-4fa3-859c-c787db10bd60	TCGA-IS-A3KA	Sequencing Reads	BAM	RNA-Seq	5feff315-a8f0-4390-b106-a956fc5117db	3d174fee-a4f6-4d8e-8bc8-0f87c38d6893.rna_seq.transcriptome.gdc_realn.bam	5feff315-a8f0-4390-b106-a956fc5117db
controlled	ca0f032b-a34c-4a92-a403-bc7dc6eca8e9	TCGA-KF-A41W	Transcriptome Profiling	TSV	RNA-Seq	b43c24bd-b50b-4927-a8d8-c3be777dbb39	6d1989dc-922b-4b6e-bf2a-662ee16a3725.rna_seq.star_splice_junctions.tsv.gz	b43c24bd-b50b-4927-a8d8-c3be777dbb39
controlled	1db4962a-3cf7-4f36-bd60-46a1b63b6c20	TCGA-SG-A6Z4	Sequencing Reads	BAM	RNA-Seq	a2fe7259-1973-4a29-87dd-578bafdae05d	b7ebf1e6-862c-419b-8cdc-33ddb5814c91.rna_seq.chimeric.gdc_realn.bam	a2fe7259-1973-4a29-87dd-578bafdae05d
controlled	1a319d92-d5d4-41f7-8a10-2afb52513d83	TCGA-DX-A3U9	Structural Variation	TSV	RNA-Seq	572044b9-1d55-448a-b18f-900521ca4c93	TCGA-SARC.dff5f12b-afda-4a47-96ad-f3cdda7cdb56.star_fusion.rna_fusion.tsv	572044b9-1d55-448a-b18f-900521ca4c93
controlled	1a319d92-d5d4-41f7-8a10-2afb52513d83	TCGA-DX-A3U9	Transcriptome Profiling	TSV	RNA-Seq	4ce9b528-981f-4f54-89c0-998f0b12f496	f9585e77-53fd-4136-8370-684d5f67603e.rna_seq.star_splice_junctions.tsv.gz	4ce9b528-981f-4f54-89c0-998f0b12f496
open	1a319d92-d5d4-41f7-8a10-2afb52513d83	TCGA-DX-A3U9	Transcriptome Profiling	TSV	RNA-Seq	48904207-8fc0-4944-88de-2e4093d57818	f9585e77-53fd-4136-8370-684d5f67603e.rna_seq.augmented_star_gene_counts.tsv	48904207-8fc0-4944-88de-2e4093d57818
controlled	1a319d92-d5d4-41f7-8a10-2afb52513d83	TCGA-DX-A3U9	Sequencing Reads	BAM	RNA-Seq	b7c6be2b-88ae-4bcb-a3ae-c5d58761004c	f9585e77-53fd-4136-8370-684d5f67603e.rna_seq.genomic.gdc_realn.bam	b7c6be2b-88ae-4bcb-a3ae-c5d58761004c
controlled	212c9acc-d5ad-4b31-91bc-7ab72233aec6	TCGA-DX-A23V	Structural Variation	TSV	RNA-Seq	7394e646-c19d-4f5a-96be-770f0acb5c44	TCGA-SARC.49ee8988-c85e-46c2-b887-f147afa0edd2.star_fusion.rna_fusion.tsv	7394e646-c19d-4f5a-96be-770f0acb5c44
open	212c9acc-d5ad-4b31-91bc-7ab72233aec6	TCGA-DX-A23V	Transcriptome Profiling	TSV	RNA-Seq	9d836b20-4931-4fee-ab85-121001eed23d	e1acdc3b-522d-48b1-985f-3ab7292bbe4e.rna_seq.augmented_star_gene_counts.tsv	9d836b20-4931-4fee-ab85-121001eed23d
controlled	a34cfb9c-44dd-4617-bbd1-28edc8d527c4	TCGA-MO-A47P	Sequencing Reads	BAM	RNA-Seq	0b2158a6-b712-4836-ae08-620d8f72a065	d4feb535-fd31-4b22-b3dd-3db99227a658.rna_seq.chimeric.gdc_realn.bam	0b2158a6-b712-4836-ae08-620d8f72a065
controlled	23409c1c-9fc2-4c54-8c94-e1aabe05c301	TCGA-DX-A2J1	Sequencing Reads	BAM	RNA-Seq	fe522bce-bc81-4371-8bc3-8e3720654d16	bf09de24-29df-49ce-8fb2-d583b1ade20f.rna_seq.chimeric.gdc_realn.bam	fe522bce-bc81-4371-8bc3-8e3720654d16
controlled	1ad65834-8bac-4b80-8b2e-2588548ea003	TCGA-DX-A6Z2	Structural Variation	BEDPE	RNA-Seq	d404ccb5-1d3d-483a-8e73-6443472f0e1c	TCGA-SARC.b22777cf-1aae-43d1-8490-5f8b4f2ddcb3.star_fusion.rna_fusion.bedpe	d404ccb5-1d3d-483a-8e73-6443472f0e1c
controlled	a34cfb9c-44dd-4617-bbd1-28edc8d527c4	TCGA-MO-A47P	Structural Variation	BEDPE	RNA-Seq	d258fd48-4cee-4be6-8e24-0bfcd658f1c8	TCGA-SARC.bcc74c0e-f0e2-45d3-ac54-bcffc0cb8506.star_fusion.rna_fusion.bedpe	d258fd48-4cee-4be6-8e24-0bfcd658f1c8
controlled	23409c1c-9fc2-4c54-8c94-e1aabe05c301	TCGA-DX-A2J1	Transcriptome Profiling	TSV	RNA-Seq	b9dd0f82-61ba-4b88-bbb2-309ad1101cfd	bf09de24-29df-49ce-8fb2-d583b1ade20f.rna_seq.star_splice_junctions.tsv.gz	b9dd0f82-61ba-4b88-bbb2-309ad1101cfd
controlled	a34cfb9c-44dd-4617-bbd1-28edc8d527c4	TCGA-MO-A47P	Sequencing Reads	BAM	RNA-Seq	647268db-1678-4c90-b9bc-640242b9ea13	d4feb535-fd31-4b22-b3dd-3db99227a658.rna_seq.transcriptome.gdc_realn.bam	647268db-1678-4c90-b9bc-640242b9ea13
open	28c50a5c-e0ea-4f93-b34c-b0a651264539	TCGA-HS-A5N7	Transcriptome Profiling	TSV	RNA-Seq	44c95a23-f832-40f2-9743-01f6a2612e5c	fc746489-3cdd-440a-be5d-34a8ad85f474.rna_seq.augmented_star_gene_counts.tsv	44c95a23-f832-40f2-9743-01f6a2612e5c
controlled	1ad65834-8bac-4b80-8b2e-2588548ea003	TCGA-DX-A6Z2	Structural Variation	TSV	RNA-Seq	86f1fbd9-4522-40fc-a047-d527d8665fc7	TCGA-SARC.b22777cf-1aae-43d1-8490-5f8b4f2ddcb3.star_fusion.rna_fusion.tsv	86f1fbd9-4522-40fc-a047-d527d8665fc7
controlled	3ea1cbd8-f74a-4b14-aa49-23d5a47716ba	TCGA-IW-A3M6	Transcriptome Profiling	TSV	RNA-Seq	c9e6e494-55c7-43d4-97c7-a2934ae770c6	d1a8858e-45aa-4af5-a864-47d7a8771502.rna_seq.star_splice_junctions.tsv.gz	c9e6e494-55c7-43d4-97c7-a2934ae770c6
controlled	23409c1c-9fc2-4c54-8c94-e1aabe05c301	TCGA-DX-A2J1	Structural Variation	TSV	RNA-Seq	cc99d9f0-6a15-40cd-af47-42e6482dfde6	TCGA-SARC.bd9ddbd0-2303-443c-a9f2-1be8ada8356e.arriba.rna_fusion.tsv	cc99d9f0-6a15-40cd-af47-42e6482dfde6
controlled	28c50a5c-e0ea-4f93-b34c-b0a651264539	TCGA-HS-A5N7	Sequencing Reads	BAM	RNA-Seq	a489e987-473c-41bd-8c83-c124b651d6e7	fc746489-3cdd-440a-be5d-34a8ad85f474.rna_seq.genomic.gdc_realn.bam	a489e987-473c-41bd-8c83-c124b651d6e7
controlled	2e3b8aa0-80db-4cb5-b706-328d1401a65b	TCGA-DX-A48K	Structural Variation	TSV	RNA-Seq	f63b7829-41c1-42fd-864d-5319d4e04f6d	TCGA-SARC.a0728e21-49bb-4b9c-a2ed-606c13491364.arriba.rna_fusion.tsv	f63b7829-41c1-42fd-864d-5319d4e04f6d
controlled	28c50a5c-e0ea-4f93-b34c-b0a651264539	TCGA-HS-A5N7	Structural Variation	BEDPE	RNA-Seq	870895ca-de64-4b4c-9f7f-ec50b0022e61	TCGA-SARC.67ceb7ba-5f2f-4347-8987-89ca9dd8b773.arriba.rna_fusion.bedpe	870895ca-de64-4b4c-9f7f-ec50b0022e61
controlled	2e3b8aa0-80db-4cb5-b706-328d1401a65b	TCGA-DX-A48K	Sequencing Reads	BAM	RNA-Seq	cd9ba5ec-fa6e-41fa-b031-7d493af56946	6090ecaa-6910-4740-8582-c6438581097c.rna_seq.transcriptome.gdc_realn.bam	cd9ba5ec-fa6e-41fa-b031-7d493af56946
controlled	239505ce-f2f1-477e-8ae2-b7065989ba79	TCGA-K1-A6RT	Structural Variation	BEDPE	RNA-Seq	4bcc5a96-5c66-41a7-aaa0-4dd7ec2204a8	TCGA-SARC.40f36c1e-334d-41b2-ab7e-6ffec93e711a.arriba.rna_fusion.bedpe	4bcc5a96-5c66-41a7-aaa0-4dd7ec2204a8
open	239505ce-f2f1-477e-8ae2-b7065989ba79	TCGA-K1-A6RT	Transcriptome Profiling	TSV	RNA-Seq	b1655ffe-dbfc-4921-b3ce-b35d6ebb3fcb	bc261dd7-70bd-45dc-b979-d631363ea498.rna_seq.augmented_star_gene_counts.tsv	b1655ffe-dbfc-4921-b3ce-b35d6ebb3fcb
controlled	239505ce-f2f1-477e-8ae2-b7065989ba79	TCGA-K1-A6RT	Structural Variation	TSV	RNA-Seq	e9b97603-9f2c-4b19-8f5a-97c12c6d6d2f	TCGA-SARC.a4a8d63e-3e9d-44ac-89a2-4c04790a2041.star_fusion.rna_fusion.tsv	e9b97603-9f2c-4b19-8f5a-97c12c6d6d2f
controlled	32344f23-524b-4182-ae75-6ad6128eeba0	TCGA-IE-A4EH	Transcriptome Profiling	TSV	RNA-Seq	61e56da8-48bb-4737-82a8-6576be687351	0c548b67-ee0e-415b-9abe-3adfa907aa5b.rna_seq.star_splice_junctions.tsv.gz	61e56da8-48bb-4737-82a8-6576be687351
controlled	2e3b8aa0-80db-4cb5-b706-328d1401a65b	TCGA-DX-A48K	Transcriptome Profiling	TSV	RNA-Seq	fa2fb4ea-ff50-4465-a039-dce447164928	6090ecaa-6910-4740-8582-c6438581097c.rna_seq.star_splice_junctions.tsv.gz	fa2fb4ea-ff50-4465-a039-dce447164928
controlled	2ebfbd8e-7db2-4cd7-bf1c-a0c27fcf07e7	TCGA-QC-A7B5	Structural Variation	BEDPE	RNA-Seq	832a0d88-2736-453d-b031-8ae1576542fd	TCGA-SARC.0e08192d-131a-462f-bf0f-df63767430c8.star_fusion.rna_fusion.bedpe	832a0d88-2736-453d-b031-8ae1576542fd
open	2a2f2663-d813-41ff-a4e2-dfe0f16d236d	TCGA-3B-A9HY	Transcriptome Profiling	TSV	RNA-Seq	d538daee-8250-4469-be27-22f42148f502	9f9a0df0-55d0-4156-a8f3-887aa35bec2f.rna_seq.augmented_star_gene_counts.tsv	d538daee-8250-4469-be27-22f42148f502
controlled	239505ce-f2f1-477e-8ae2-b7065989ba79	TCGA-K1-A6RT	Sequencing Reads	BAM	RNA-Seq	caafa6a4-cf51-498c-8fd6-f161c4dfefc8	bc261dd7-70bd-45dc-b979-d631363ea498.rna_seq.genomic.gdc_realn.bam	caafa6a4-cf51-498c-8fd6-f161c4dfefc8
controlled	32344f23-524b-4182-ae75-6ad6128eeba0	TCGA-IE-A4EH	Structural Variation	BEDPE	RNA-Seq	aeac5c09-b913-4111-b1fc-16c8a00d5fbc	TCGA-SARC.cde27446-9173-4d38-92b7-b3ecf467b3eb.arriba.rna_fusion.bedpe	aeac5c09-b913-4111-b1fc-16c8a00d5fbc
controlled	32344f23-524b-4182-ae75-6ad6128eeba0	TCGA-IE-A4EH	Sequencing Reads	BAM	RNA-Seq	cd4d291f-f085-465c-ac5d-4a019eeba8d7	0c548b67-ee0e-415b-9abe-3adfa907aa5b.rna_seq.chimeric.gdc_realn.bam	cd4d291f-f085-465c-ac5d-4a019eeba8d7
controlled	32344f23-524b-4182-ae75-6ad6128eeba0	TCGA-IE-A4EH	Sequencing Reads	BAM	RNA-Seq	82a48db8-7911-4ce8-97eb-7ff2b8fdc404	0c548b67-ee0e-415b-9abe-3adfa907aa5b.rna_seq.genomic.gdc_realn.bam	82a48db8-7911-4ce8-97eb-7ff2b8fdc404
controlled	2a2f2663-d813-41ff-a4e2-dfe0f16d236d	TCGA-3B-A9HY	Sequencing Reads	BAM	RNA-Seq	8906ed77-eb5a-456d-8140-855d7bb1b4c9	9f9a0df0-55d0-4156-a8f3-887aa35bec2f.rna_seq.chimeric.gdc_realn.bam	8906ed77-eb5a-456d-8140-855d7bb1b4c9
controlled	2c9f737b-0d37-4931-aff5-4562a0057bae	TCGA-DX-A7EI	Structural Variation	BEDPE	RNA-Seq	7fd0e943-cf01-45f6-9857-b2604b53d46a	TCGA-SARC.906375a9-4882-4873-9b81-e8b90b9ddad6.arriba.rna_fusion.bedpe	7fd0e943-cf01-45f6-9857-b2604b53d46a
controlled	2ebfbd8e-7db2-4cd7-bf1c-a0c27fcf07e7	TCGA-QC-A7B5	Sequencing Reads	BAM	RNA-Seq	0d9d22fc-6d29-4a51-9a75-8ef1b763a3cf	50c3598b-ad7c-403c-bf29-24bffb83651f.rna_seq.transcriptome.gdc_realn.bam	0d9d22fc-6d29-4a51-9a75-8ef1b763a3cf
controlled	2948d657-e5dd-4d6e-91b5-88c54f73ac31	TCGA-HS-A5N9	Sequencing Reads	BAM	RNA-Seq	fd688dda-5174-4d1d-95b2-5093baf9b242	8e3ba195-d539-4876-a300-4f5855b145c6.rna_seq.chimeric.gdc_realn.bam	fd688dda-5174-4d1d-95b2-5093baf9b242
controlled	31397970-59d8-4ee8-83cf-901cd8ba17b3	TCGA-DX-A8BG	Sequencing Reads	BAM	RNA-Seq	0787bc31-2487-4fac-809b-1a68c0103d84	95807a50-5164-4675-bc16-8adf1d07fc8c.rna_seq.genomic.gdc_realn.bam	0787bc31-2487-4fac-809b-1a68c0103d84
controlled	31397970-59d8-4ee8-83cf-901cd8ba17b3	TCGA-DX-A8BG	Structural Variation	BEDPE	RNA-Seq	15d71bf1-7114-457d-b264-e8a73be3d959	TCGA-SARC.a2d97aab-fafb-4ef9-b11e-8c7f15f285da.star_fusion.rna_fusion.bedpe	15d71bf1-7114-457d-b264-e8a73be3d959
controlled	2cacd9d0-8414-4f17-8259-c9d838597f39	TCGA-DX-A3LW	Structural Variation	TSV	RNA-Seq	78629981-1109-424d-8155-e83e8af8cb8e	TCGA-SARC.b0aeb5ae-e657-4de3-b7e8-989fe5008981.arriba.rna_fusion.tsv	78629981-1109-424d-8155-e83e8af8cb8e
open	2cacd9d0-8414-4f17-8259-c9d838597f39	TCGA-DX-A3LW	Transcriptome Profiling	TSV	RNA-Seq	970565bc-15e4-43d9-bbec-f2e36c0bbfa0	e7ed5392-da94-468a-8565-917189e12f2e.rna_seq.augmented_star_gene_counts.tsv	970565bc-15e4-43d9-bbec-f2e36c0bbfa0
controlled	2ff01040-5270-4895-bbfa-5819b46ef444	TCGA-DX-A1KZ	Structural Variation	BEDPE	RNA-Seq	e3abfe8a-e00a-4540-993a-fd25dfe5abdb	TCGA-SARC.9f3278c8-1acb-44a7-9162-9ee8d58d5dbd.arriba.rna_fusion.bedpe	e3abfe8a-e00a-4540-993a-fd25dfe5abdb
controlled	2ff01040-5270-4895-bbfa-5819b46ef444	TCGA-DX-A1KZ	Transcriptome Profiling	TSV	RNA-Seq	5888e8ba-3c2c-44f1-be58-723608517b48	0cc696ce-2d72-437a-80ba-7be1b7aba09c.rna_seq.star_splice_junctions.tsv.gz	5888e8ba-3c2c-44f1-be58-723608517b48
controlled	37ecc5e1-2b04-498e-af2d-6cf54e33ba49	TCGA-DX-A6BH	Structural Variation	TSV	RNA-Seq	dfa85852-506f-40df-ae82-80fb369eb53e	TCGA-SARC.a6a407a2-6da4-412d-9166-cc692487cc97.star_fusion.rna_fusion.tsv	dfa85852-506f-40df-ae82-80fb369eb53e
controlled	32377dd2-c2a2-44ff-8938-b8cfb35db79c	TCGA-3B-A9HZ	Structural Variation	TSV	RNA-Seq	66ef6d58-8999-4a99-9dc1-ce2260b09931	TCGA-SARC.aaef7a9a-7785-4bac-8e00-39bde3cbfc59.star_fusion.rna_fusion.tsv	66ef6d58-8999-4a99-9dc1-ce2260b09931
controlled	2cacd9d0-8414-4f17-8259-c9d838597f39	TCGA-DX-A3LW	Transcriptome Profiling	TSV	RNA-Seq	38576e54-6a12-42b3-959b-7c60a464323d	e7ed5392-da94-468a-8565-917189e12f2e.rna_seq.star_splice_junctions.tsv.gz	38576e54-6a12-42b3-959b-7c60a464323d
open	37ecc5e1-2b04-498e-af2d-6cf54e33ba49	TCGA-DX-A6BH	Transcriptome Profiling	TSV	RNA-Seq	088a556a-d374-4829-a562-f33ddb5999f0	12ffecbe-d932-4f6e-a903-8bb6b021cf54.rna_seq.augmented_star_gene_counts.tsv	088a556a-d374-4829-a562-f33ddb5999f0
controlled	2ff6aede-7bcd-440b-99ab-7a023faf658e	TCGA-DX-A2J0	Structural Variation	BEDPE	RNA-Seq	e2204fe2-ad07-40c7-ba7f-85586a5ff042	TCGA-SARC.22af23f4-e29e-465b-a5e6-7cd6133933b0.arriba.rna_fusion.bedpe	e2204fe2-ad07-40c7-ba7f-85586a5ff042
controlled	2ff6aede-7bcd-440b-99ab-7a023faf658e	TCGA-DX-A2J0	Structural Variation	TSV	RNA-Seq	3139f9fc-d2d2-448f-8429-3a2878f81ea5	TCGA-SARC.79c67d0c-5b7e-499e-b53f-2e94a048b190.star_fusion.rna_fusion.tsv	3139f9fc-d2d2-448f-8429-3a2878f81ea5
controlled	32377dd2-c2a2-44ff-8938-b8cfb35db79c	TCGA-3B-A9HZ	Structural Variation	BEDPE	RNA-Seq	95eee94f-0f3b-4bbd-a9ed-7b2852719fdc	TCGA-SARC.aaef7a9a-7785-4bac-8e00-39bde3cbfc59.star_fusion.rna_fusion.bedpe	95eee94f-0f3b-4bbd-a9ed-7b2852719fdc
controlled	2ff6aede-7bcd-440b-99ab-7a023faf658e	TCGA-DX-A2J0	Sequencing Reads	BAM	RNA-Seq	d861b0f9-831d-49d9-b7d5-1b1e3d11c2bf	9e6d451d-7e9f-4a3f-87aa-7e9259c8ba56.rna_seq.chimeric.gdc_realn.bam	d861b0f9-831d-49d9-b7d5-1b1e3d11c2bf
controlled	2d468c02-45f7-4b4b-920a-557ae6c91a43	TCGA-DX-AB2W	Structural Variation	TSV	RNA-Seq	416aea4d-3913-4fa3-90f6-61a476488b28	TCGA-SARC.d6fb234a-5cdf-49d7-b25c-874616d807d5.arriba.rna_fusion.tsv	416aea4d-3913-4fa3-90f6-61a476488b28
controlled	2ff6aede-7bcd-440b-99ab-7a023faf658e	TCGA-DX-A2J0	Transcriptome Profiling	TSV	RNA-Seq	c2755e2c-d0d9-477b-a1f1-5f47a95feeed	9e6d451d-7e9f-4a3f-87aa-7e9259c8ba56.rna_seq.star_splice_junctions.tsv.gz	c2755e2c-d0d9-477b-a1f1-5f47a95feeed
controlled	2ff6aede-7bcd-440b-99ab-7a023faf658e	TCGA-DX-A2J0	Sequencing Reads	BAM	RNA-Seq	cb139677-8233-4af3-a224-a36414451798	9e6d451d-7e9f-4a3f-87aa-7e9259c8ba56.rna_seq.transcriptome.gdc_realn.bam	cb139677-8233-4af3-a224-a36414451798
controlled	30274b4f-13d5-40ac-8929-a986860f38db	TCGA-DX-A8BS	Transcriptome Profiling	TSV	RNA-Seq	5893e24f-6fae-4eb2-b15c-8d6f3635092c	29ae98e2-a686-4de5-946c-b0f0f839cd5e.rna_seq.star_splice_junctions.tsv.gz	5893e24f-6fae-4eb2-b15c-8d6f3635092c
controlled	39e24241-cb1f-445e-b167-82ee44bfc14e	TCGA-X6-A8C3	Sequencing Reads	BAM	RNA-Seq	7860deea-2a81-4e41-8145-03621b737242	fd7280bf-b8d7-436a-a5f7-e3ae29d0e4a1.rna_seq.genomic.gdc_realn.bam	7860deea-2a81-4e41-8145-03621b737242
controlled	30274b4f-13d5-40ac-8929-a986860f38db	TCGA-DX-A8BS	Sequencing Reads	BAM	RNA-Seq	64c9536a-354a-4bfc-941f-0c565fbdf029	29ae98e2-a686-4de5-946c-b0f0f839cd5e.rna_seq.transcriptome.gdc_realn.bam	64c9536a-354a-4bfc-941f-0c565fbdf029
controlled	479d7a5a-63dc-412b-9075-920525334fe7	TCGA-WK-A8XT	Structural Variation	TSV	RNA-Seq	d7d4668d-57f6-4ab5-aac1-858e95659a29	TCGA-SARC.b9104fba-0e22-4355-8172-97f9b15d566c.star_fusion.rna_fusion.tsv	d7d4668d-57f6-4ab5-aac1-858e95659a29
controlled	39e24241-cb1f-445e-b167-82ee44bfc14e	TCGA-X6-A8C3	Transcriptome Profiling	TSV	RNA-Seq	bcd5ddad-1998-451d-9012-eac028196e42	fd7280bf-b8d7-436a-a5f7-e3ae29d0e4a1.rna_seq.star_splice_junctions.tsv.gz	bcd5ddad-1998-451d-9012-eac028196e42
controlled	30274b4f-13d5-40ac-8929-a986860f38db	TCGA-DX-A8BS	Structural Variation	TSV	RNA-Seq	7184bf70-12ca-4037-b1d9-b910af512b30	TCGA-SARC.9ce1419b-b386-472a-a3e9-a1e86ca9b5b9.arriba.rna_fusion.tsv	7184bf70-12ca-4037-b1d9-b910af512b30
controlled	39f68467-3d37-4b19-aa43-ed7b120c619d	TCGA-DX-A3LS	Sequencing Reads	BAM	RNA-Seq	b4a9a87d-ffdc-4c1a-9bf9-b08e160c3df3	8ecde29f-4330-44be-a062-7e8be94a037c.rna_seq.transcriptome.gdc_realn.bam	b4a9a87d-ffdc-4c1a-9bf9-b08e160c3df3
controlled	34a1c0a8-3af7-48a7-b9dd-91c551ac5ce7	TCGA-DX-AB2G	Structural Variation	BEDPE	RNA-Seq	acf2717d-e287-4e75-8fff-f48adf8edb6c	TCGA-SARC.ef97606f-6f78-404d-b733-b2a37b16a269.arriba.rna_fusion.bedpe	acf2717d-e287-4e75-8fff-f48adf8edb6c
controlled	34a1c0a8-3af7-48a7-b9dd-91c551ac5ce7	TCGA-DX-AB2G	Sequencing Reads	BAM	RNA-Seq	5c84bc73-8657-469f-9c72-5a0e74c068f5	7814e43b-53ac-4485-bbda-a00b8cdb7734.rna_seq.genomic.gdc_realn.bam	5c84bc73-8657-469f-9c72-5a0e74c068f5
controlled	34a1c0a8-3af7-48a7-b9dd-91c551ac5ce7	TCGA-DX-AB2G	Sequencing Reads	BAM	RNA-Seq	2c53d500-034d-4625-9520-2703e0944687	7814e43b-53ac-4485-bbda-a00b8cdb7734.rna_seq.chimeric.gdc_realn.bam	2c53d500-034d-4625-9520-2703e0944687
controlled	306c53fb-640d-42ad-889a-abc5fd3ad778	TCGA-K1-A6RU	Sequencing Reads	BAM	RNA-Seq	351ff848-b4ad-4321-8c5d-0067172a00b2	23d26c7a-d497-47c7-a5b2-2fa14d037243.rna_seq.chimeric.gdc_realn.bam	351ff848-b4ad-4321-8c5d-0067172a00b2
controlled	34a1c0a8-3af7-48a7-b9dd-91c551ac5ce7	TCGA-DX-AB2G	Sequencing Reads	BAM	RNA-Seq	950f1eea-6d99-4156-9a66-46d9f988c91c	7814e43b-53ac-4485-bbda-a00b8cdb7734.rna_seq.transcriptome.gdc_realn.bam	950f1eea-6d99-4156-9a66-46d9f988c91c
controlled	30cade9c-a0e0-4be6-9dab-1c495630fd1a	TCGA-FX-A8OO	Structural Variation	BEDPE	RNA-Seq	48b6053b-63f6-4984-b739-3cd72e437617	TCGA-SARC.5e8e01aa-1d35-49e0-a644-5012631a23c4.star_fusion.rna_fusion.bedpe	48b6053b-63f6-4984-b739-3cd72e437617
controlled	47a0e4a8-140f-475c-878d-8e03df3f82de	TCGA-DX-A7ET	Structural Variation	TSV	RNA-Seq	34bd6959-c562-4458-807f-1a431d83cb3d	TCGA-SARC.2e7c1154-4ea4-4758-93bc-99a1a5b69edd.arriba.rna_fusion.tsv	34bd6959-c562-4458-807f-1a431d83cb3d
controlled	34c39a6b-db6a-47e5-b0d4-5fa990ef7eb8	TCGA-3B-A9HI	Structural Variation	BEDPE	RNA-Seq	4c72222d-c307-41b7-b2af-864da7245608	TCGA-SARC.b38d275e-a2da-44bd-98fb-fb1ed57335c1.star_fusion.rna_fusion.bedpe	4c72222d-c307-41b7-b2af-864da7245608
controlled	30cade9c-a0e0-4be6-9dab-1c495630fd1a	TCGA-FX-A8OO	Structural Variation	TSV	RNA-Seq	b7326256-20ea-4477-b7f7-b252e693b9ec	TCGA-SARC.5e8e01aa-1d35-49e0-a644-5012631a23c4.star_fusion.rna_fusion.tsv	b7326256-20ea-4477-b7f7-b252e693b9ec
controlled	30cade9c-a0e0-4be6-9dab-1c495630fd1a	TCGA-FX-A8OO	Transcriptome Profiling	TSV	RNA-Seq	dd785320-5e20-4e8f-ad28-053a8928c87d	5d22a34b-7ee2-4d75-baf5-09ec2d99c5a9.rna_seq.star_splice_junctions.tsv.gz	dd785320-5e20-4e8f-ad28-053a8928c87d
open	3a473f10-a5e0-4cfa-87dd-f032d74dfa9e	TCGA-DX-A8BX	Transcriptome Profiling	TSV	RNA-Seq	137f1a3e-ae88-4a4d-91b7-2130e6669942	a4317c1e-b564-46ab-8a90-d45cbd77a2d3.rna_seq.augmented_star_gene_counts.tsv	137f1a3e-ae88-4a4d-91b7-2130e6669942
open	4b3c152f-a9ea-48cc-9189-f09078a92c48	TCGA-3B-A9HT	Transcriptome Profiling	TSV	RNA-Seq	a14a2057-efb9-43a0-843a-86814d7cb13b	7388a63c-9696-4630-af15-e01513340a70.rna_seq.augmented_star_gene_counts.tsv	a14a2057-efb9-43a0-843a-86814d7cb13b
open	47a0e4a8-140f-475c-878d-8e03df3f82de	TCGA-DX-A7ET	Transcriptome Profiling	TSV	RNA-Seq	0b0a3a92-c190-40ac-a8db-e01b2795f594	cbe51411-2d2f-4126-8630-98fc391e250a.rna_seq.augmented_star_gene_counts.tsv	0b0a3a92-c190-40ac-a8db-e01b2795f594
controlled	4d016bd8-006c-4a90-ace7-28f151624112	TCGA-QQ-A8VF	Sequencing Reads	BAM	RNA-Seq	e85e184e-26e8-44d5-aa94-3c354643a760	e5e00619-a18a-4039-be25-74e8e6ca7420.rna_seq.transcriptome.gdc_realn.bam	e85e184e-26e8-44d5-aa94-3c354643a760
controlled	47f18eee-3e56-4388-aac3-9ac141bcb414	TCGA-DX-A8BN	Sequencing Reads	BAM	RNA-Seq	1ea8d2dd-02b6-4b94-be02-818893ff87d6	46ee6c04-443e-495b-b9d7-ea8f3c50b594.rna_seq.transcriptome.gdc_realn.bam	1ea8d2dd-02b6-4b94-be02-818893ff87d6
controlled	47f18eee-3e56-4388-aac3-9ac141bcb414	TCGA-DX-A8BN	Structural Variation	TSV	RNA-Seq	22eccc0b-09b9-40b9-872d-f94ce2d18d59	TCGA-SARC.59d2ead8-55ff-4284-96b9-086a8202c342.arriba.rna_fusion.tsv	22eccc0b-09b9-40b9-872d-f94ce2d18d59
controlled	3a835214-6fc7-4921-b014-f91decfc25f4	TCGA-DX-A23Z	Sequencing Reads	BAM	RNA-Seq	e6828295-ed4a-46fa-aae5-9890c0bc711a	bd6ba2eb-198d-452f-9cb2-b8b79ff09275.rna_seq.transcriptome.gdc_realn.bam	e6828295-ed4a-46fa-aae5-9890c0bc711a
controlled	4d016bd8-006c-4a90-ace7-28f151624112	TCGA-QQ-A8VF	Structural Variation	TSV	RNA-Seq	47b991a7-b411-4967-b390-9682bbf7296e	TCGA-SARC.b4580e5a-3955-4a7e-b89c-f931d3ef5057.arriba.rna_fusion.tsv	47b991a7-b411-4967-b390-9682bbf7296e
controlled	4d67b910-6681-45a4-9dac-6a12d67287a8	TCGA-VT-AB3D	Structural Variation	TSV	RNA-Seq	b3699a88-1a15-4f3a-83e0-25130560bade	TCGA-SARC.ed22aaf5-b5cf-4743-ac9b-778d1481c770.star_fusion.rna_fusion.tsv	b3699a88-1a15-4f3a-83e0-25130560bade
controlled	3a835214-6fc7-4921-b014-f91decfc25f4	TCGA-DX-A23Z	Structural Variation	BEDPE	RNA-Seq	faa0ff50-ccb4-4c63-aa03-852426a38eee	TCGA-SARC.6990de1a-67e7-4ee0-9b25-96427cf4b07d.star_fusion.rna_fusion.bedpe	faa0ff50-ccb4-4c63-aa03-852426a38eee
controlled	4d67b910-6681-45a4-9dac-6a12d67287a8	TCGA-VT-AB3D	Structural Variation	BEDPE	RNA-Seq	50e6b851-c8ef-4d34-9630-5ec021008374	TCGA-SARC.a99472f7-5d2c-46c8-8d1f-3fdec873cd5a.arriba.rna_fusion.bedpe	50e6b851-c8ef-4d34-9630-5ec021008374
controlled	47fb776c-7839-4590-8f2d-6d149a0f1782	TCGA-3B-A9HV	Structural Variation	TSV	RNA-Seq	3f65f0b5-6dea-4a74-ab44-d3ff82120970	TCGA-SARC.f8bfdefd-027b-4de7-ac09-e91ecdaaeccf.arriba.rna_fusion.tsv	3f65f0b5-6dea-4a74-ab44-d3ff82120970
controlled	3a835214-6fc7-4921-b014-f91decfc25f4	TCGA-DX-A23Z	Sequencing Reads	BAM	RNA-Seq	0e559a37-f200-4403-93bf-9f56ca79fe01	bd6ba2eb-198d-452f-9cb2-b8b79ff09275.rna_seq.genomic.gdc_realn.bam	0e559a37-f200-4403-93bf-9f56ca79fe01
controlled	4d67b910-6681-45a4-9dac-6a12d67287a8	TCGA-VT-AB3D	Sequencing Reads	BAM	RNA-Seq	307706cb-53ae-4616-906a-a0df9d1aa47f	fb0cd443-5e32-4933-b8d0-27985f883f6e.rna_seq.chimeric.gdc_realn.bam	307706cb-53ae-4616-906a-a0df9d1aa47f
open	3a835214-6fc7-4921-b014-f91decfc25f4	TCGA-DX-A23Z	Transcriptome Profiling	TSV	RNA-Seq	5bf4c36c-9a98-458c-8417-8f7b4dc70b81	bd6ba2eb-198d-452f-9cb2-b8b79ff09275.rna_seq.augmented_star_gene_counts.tsv	5bf4c36c-9a98-458c-8417-8f7b4dc70b81
controlled	3a96e833-996a-4319-83f1-326b96f4ee80	TCGA-FX-A76Y	Structural Variation	BEDPE	RNA-Seq	178f5b1c-459f-4e7f-80e4-89278440c5dc	TCGA-SARC.43f39486-d5c8-4a40-9b79-735697b5bcd8.arriba.rna_fusion.bedpe	178f5b1c-459f-4e7f-80e4-89278440c5dc
controlled	3a96e833-996a-4319-83f1-326b96f4ee80	TCGA-FX-A76Y	Structural Variation	TSV	RNA-Seq	96565cab-3fc6-4a76-8445-63a1f0af070a	TCGA-SARC.d7c9cb59-e6cd-415e-abe8-2f358f4ca6b3.star_fusion.rna_fusion.tsv	96565cab-3fc6-4a76-8445-63a1f0af070a
open	3505f91d-bc66-4732-84b6-18c5b32ca6b8	TCGA-DX-A3LY	Transcriptome Profiling	TSV	RNA-Seq	541bf788-72bd-420d-807b-07b38f1940ae	d7a15e3e-e8fc-4798-8bb8-e48f32ec7f68.rna_seq.augmented_star_gene_counts.tsv	541bf788-72bd-420d-807b-07b38f1940ae
controlled	3a96e833-996a-4319-83f1-326b96f4ee80	TCGA-FX-A76Y	Structural Variation	TSV	RNA-Seq	3ba7e4b9-ac49-45fe-9689-ae7f662d971f	TCGA-SARC.43f39486-d5c8-4a40-9b79-735697b5bcd8.arriba.rna_fusion.tsv	3ba7e4b9-ac49-45fe-9689-ae7f662d971f
controlled	4d67b910-6681-45a4-9dac-6a12d67287a8	TCGA-VT-AB3D	Structural Variation	BEDPE	RNA-Seq	92eb9fc6-9cfa-4fde-8235-dd9527175856	TCGA-SARC.ed22aaf5-b5cf-4743-ac9b-778d1481c770.star_fusion.rna_fusion.bedpe	92eb9fc6-9cfa-4fde-8235-dd9527175856
controlled	4d67b910-6681-45a4-9dac-6a12d67287a8	TCGA-VT-AB3D	Structural Variation	TSV	RNA-Seq	d609fa62-9456-4bd8-9903-e0bc08467beb	TCGA-SARC.a99472f7-5d2c-46c8-8d1f-3fdec873cd5a.arriba.rna_fusion.tsv	d609fa62-9456-4bd8-9903-e0bc08467beb
controlled	3608bfbb-2a92-4ec2-a330-bf4790a8b65c	TCGA-DX-A240	Sequencing Reads	BAM	RNA-Seq	da0c703f-c619-4a03-8b07-712965e852a7	0a3dc0f5-18b9-4641-a7f9-e42e33bf2a14.rna_seq.genomic.gdc_realn.bam	da0c703f-c619-4a03-8b07-712965e852a7
controlled	4d67b910-6681-45a4-9dac-6a12d67287a8	TCGA-VT-AB3D	Transcriptome Profiling	TSV	RNA-Seq	637e2975-3e55-4c84-b025-c3e7c0e473c2	fb0cd443-5e32-4933-b8d0-27985f883f6e.rna_seq.star_splice_junctions.tsv.gz	637e2975-3e55-4c84-b025-c3e7c0e473c2
open	47fb776c-7839-4590-8f2d-6d149a0f1782	TCGA-3B-A9HV	Transcriptome Profiling	TSV	RNA-Seq	7a863300-a002-40e9-a928-8fc7bb15142a	33c4c223-a5af-410d-a873-59326313c5ee.rna_seq.augmented_star_gene_counts.tsv	7a863300-a002-40e9-a928-8fc7bb15142a
controlled	4dc28966-d2c4-4661-b71f-d7f85e536cb6	TCGA-DX-A6BA	Sequencing Reads	BAM	RNA-Seq	09de8c86-9e9f-4c62-8ca5-ee1eef066928	461f68d4-e3c0-474f-9487-11d7d22d5619.rna_seq.transcriptome.gdc_realn.bam	09de8c86-9e9f-4c62-8ca5-ee1eef066928
controlled	4dc28966-d2c4-4661-b71f-d7f85e536cb6	TCGA-DX-A6BA	Structural Variation	TSV	RNA-Seq	dcae80b7-250a-4b3d-97c4-9942c0db66e8	TCGA-SARC.188271b7-703b-4cfb-8c65-e4bd2beab859.star_fusion.rna_fusion.tsv	dcae80b7-250a-4b3d-97c4-9942c0db66e8
controlled	4dc28966-d2c4-4661-b71f-d7f85e536cb6	TCGA-DX-A6BA	Transcriptome Profiling	TSV	RNA-Seq	67a47f01-7337-47ce-aa74-10104c86131b	461f68d4-e3c0-474f-9487-11d7d22d5619.rna_seq.star_splice_junctions.tsv.gz	67a47f01-7337-47ce-aa74-10104c86131b
controlled	4996e458-db04-4c6d-9ae6-66316240a8ed	TCGA-DX-A8BU	Structural Variation	TSV	RNA-Seq	ba547563-18d0-478b-98a2-ef60977ec249	TCGA-SARC.e5ed9911-4aab-46fd-8fc5-7f33ab3ad2d2.arriba.rna_fusion.tsv	ba547563-18d0-478b-98a2-ef60977ec249
controlled	5190d965-0d48-4058-83e6-ec5879266be1	TCGA-Z4-A9VC	Structural Variation	TSV	RNA-Seq	bbccee03-b978-4000-bded-276251e42d6a	TCGA-SARC.5ff0ab76-8856-41de-a40a-e4162b78ae34.arriba.rna_fusion.tsv	bbccee03-b978-4000-bded-276251e42d6a
controlled	78c0d30c-0905-49de-be7f-afc1337f59b7	TCGA-K1-A6RV	Sequencing Reads	BAM	RNA-Seq	c8b1c72e-01e5-41b0-9b07-08caff619978	49e72bf1-a9b4-4554-8d9d-a4068e7a8fea.rna_seq.transcriptome.gdc_realn.bam	c8b1c72e-01e5-41b0-9b07-08caff619978
open	8fabdaf2-00b1-4d41-a27b-f4aa13f7b451	TCGA-DX-A3M2	Transcriptome Profiling	TSV	RNA-Seq	efd46276-8283-46a0-8da8-6580bbd96b51	09215f3e-278e-431d-be9d-f3c6d56aca0e.rna_seq.augmented_star_gene_counts.tsv	efd46276-8283-46a0-8da8-6580bbd96b51
controlled	83488a9c-6b28-4a48-850a-2a2fa47ce25e	TCGA-DX-A8BK	Structural Variation	BEDPE	RNA-Seq	b8f39a3f-17a6-4277-9741-7f21dd02033f	TCGA-SARC.667dda7f-c70c-498b-8a67-15dea44128c5.arriba.rna_fusion.bedpe	b8f39a3f-17a6-4277-9741-7f21dd02033f
controlled	8c279bc5-117e-440b-b118-af01fc6c11a2	TCGA-MB-A8JK	Structural Variation	TSV	RNA-Seq	bba28763-fe8b-46bf-b9a4-4909dc868b5f	TCGA-SARC.9f948a09-53c9-4114-9f09-1a1a557fd8f1.star_fusion.rna_fusion.tsv	bba28763-fe8b-46bf-b9a4-4909dc868b5f
open	83488a9c-6b28-4a48-850a-2a2fa47ce25e	TCGA-DX-A8BK	Transcriptome Profiling	TSV	RNA-Seq	f9f17014-cb4f-41e2-abb8-11a1582448c3	13e89811-619e-4bc8-91b7-c4d41dc26c48.rna_seq.augmented_star_gene_counts.tsv	f9f17014-cb4f-41e2-abb8-11a1582448c3
controlled	8654c2b5-27d7-43c5-9a39-7fdefd7a0324	TCGA-MO-A47R	Structural Variation	TSV	RNA-Seq	16d4fb1d-1d7c-4980-9d07-f42b288c02f3	TCGA-SARC.3b99a7e1-8f5c-474d-b5e6-d67c5dc32c76.star_fusion.rna_fusion.tsv	16d4fb1d-1d7c-4980-9d07-f42b288c02f3
controlled	8fabdaf2-00b1-4d41-a27b-f4aa13f7b451	TCGA-DX-A3M2	Sequencing Reads	BAM	RNA-Seq	29dcc07d-1cf9-449e-8343-4a80d76b5981	09215f3e-278e-431d-be9d-f3c6d56aca0e.rna_seq.genomic.gdc_realn.bam	29dcc07d-1cf9-449e-8343-4a80d76b5981
controlled	8c279bc5-117e-440b-b118-af01fc6c11a2	TCGA-MB-A8JK	Sequencing Reads	BAM	RNA-Seq	65c2f341-8594-4e7c-9a50-922bcf79540c	5f69833b-b0c5-4d6e-9d71-381c555557d7.rna_seq.chimeric.gdc_realn.bam	65c2f341-8594-4e7c-9a50-922bcf79540c
controlled	8fabdaf2-00b1-4d41-a27b-f4aa13f7b451	TCGA-DX-A3M2	Transcriptome Profiling	TSV	RNA-Seq	db92db14-72f5-41bb-9c91-7420ede94c42	09215f3e-278e-431d-be9d-f3c6d56aca0e.rna_seq.star_splice_junctions.tsv.gz	db92db14-72f5-41bb-9c91-7420ede94c42
controlled	83488a9c-6b28-4a48-850a-2a2fa47ce25e	TCGA-DX-A8BK	Sequencing Reads	BAM	RNA-Seq	1e5cb433-d45a-4aa8-8710-ebcdd20a5f58	13e89811-619e-4bc8-91b7-c4d41dc26c48.rna_seq.chimeric.gdc_realn.bam	1e5cb433-d45a-4aa8-8710-ebcdd20a5f58
controlled	83a93378-0978-4102-9e4b-09b547b75687	TCGA-K1-A42W	Sequencing Reads	BAM	RNA-Seq	dafbd6a2-d115-46c1-9428-2a06d75bbc6d	c060d2ba-280c-48a3-b2e1-487d85790c4b.rna_seq.genomic.gdc_realn.bam	dafbd6a2-d115-46c1-9428-2a06d75bbc6d
controlled	872244e2-d1ed-4a1d-9162-365f45e7f1a0	TCGA-DX-AB30	Sequencing Reads	BAM	RNA-Seq	d1517db6-beaf-4457-8af1-4785ca3e1e93	492fd01c-2a0d-4d00-a4a4-bdfe27d36742.rna_seq.transcriptome.gdc_realn.bam	d1517db6-beaf-4457-8af1-4785ca3e1e93
controlled	8fc1fade-42aa-45d9-8ed3-2f7e73cb0936	TCGA-DX-A48N	Transcriptome Profiling	TSV	RNA-Seq	268c522e-268b-4819-9131-1a85bd3480a8	a9132e93-c833-4d4a-9eac-309f9db438ef.rna_seq.star_splice_junctions.tsv.gz	268c522e-268b-4819-9131-1a85bd3480a8
controlled	8c279bc5-117e-440b-b118-af01fc6c11a2	TCGA-MB-A8JK	Transcriptome Profiling	TSV	RNA-Seq	4f8ef677-97c1-4f5b-91fb-e0c957200910	5f69833b-b0c5-4d6e-9d71-381c555557d7.rna_seq.star_splice_junctions.tsv.gz	4f8ef677-97c1-4f5b-91fb-e0c957200910
controlled	83a93378-0978-4102-9e4b-09b547b75687	TCGA-K1-A42W	Sequencing Reads	BAM	RNA-Seq	29f1d537-6718-446f-9cc7-c6b9c23db68a	c060d2ba-280c-48a3-b2e1-487d85790c4b.rna_seq.chimeric.gdc_realn.bam	29f1d537-6718-446f-9cc7-c6b9c23db68a
controlled	926176c2-0a8f-414a-a7b1-91734bdce6ae	TCGA-DX-A8BJ	Structural Variation	TSV	RNA-Seq	6f8849c7-fafd-45ed-8ae8-4e5c936c59f9	TCGA-SARC.37014c8d-9a0b-498a-91ee-5220d94087fd.star_fusion.rna_fusion.tsv	6f8849c7-fafd-45ed-8ae8-4e5c936c59f9
controlled	885b1b65-4280-4aab-a7f0-434b0317d86f	TCGA-IE-A6BZ	Structural Variation	BEDPE	RNA-Seq	a4996264-b2de-4867-8c7c-733d38659e68	TCGA-SARC.cd5c89ed-70ae-4e19-b279-79b967bceeef.star_fusion.rna_fusion.bedpe	a4996264-b2de-4867-8c7c-733d38659e68
controlled	885b1b65-4280-4aab-a7f0-434b0317d86f	TCGA-IE-A6BZ	Sequencing Reads	BAM	RNA-Seq	a0331eda-4143-4244-8af2-417a3afbb294	4bc078e8-e39d-4e54-8209-5ce8ec7b7840.rna_seq.genomic.gdc_realn.bam	a0331eda-4143-4244-8af2-417a3afbb294
controlled	8c66f5f5-3e37-4353-b0f8-64b92a733da8	TCGA-DX-A1L4	Structural Variation	TSV	RNA-Seq	dcffb0b8-32c4-46ed-a9af-516ce6871e18	TCGA-SARC.c7708cde-c017-4283-a050-bbc93b599a06.arriba.rna_fusion.tsv	dcffb0b8-32c4-46ed-a9af-516ce6871e18
controlled	8c66f5f5-3e37-4353-b0f8-64b92a733da8	TCGA-DX-A1L4	Sequencing Reads	BAM	RNA-Seq	3a55df7d-dd50-4be3-9f4d-359b63694d70	63df94bf-e0f6-48f7-8a58-c19ad65782e7.rna_seq.genomic.gdc_realn.bam	3a55df7d-dd50-4be3-9f4d-359b63694d70
controlled	8c66f5f5-3e37-4353-b0f8-64b92a733da8	TCGA-DX-A1L4	Structural Variation	BEDPE	RNA-Seq	5ade9cd9-4bd6-42bc-93c9-0554ff50d9ab	TCGA-SARC.c7708cde-c017-4283-a050-bbc93b599a06.arriba.rna_fusion.bedpe	5ade9cd9-4bd6-42bc-93c9-0554ff50d9ab
controlled	90bc0f31-0ec2-4ceb-ad99-6be8f8b19180	TCGA-X6-A8C2	Structural Variation	TSV	RNA-Seq	a5f1d155-282b-4577-bfd2-ad18980ffb34	TCGA-SARC.37f4bdb6-35a5-40d7-bf7d-98c45c92c5e2.star_fusion.rna_fusion.tsv	a5f1d155-282b-4577-bfd2-ad18980ffb34
controlled	90bc0f31-0ec2-4ceb-ad99-6be8f8b19180	TCGA-X6-A8C2	Sequencing Reads	BAM	RNA-Seq	898cddad-2835-438e-aada-1b00007fd340	0a72d33c-2513-4472-810f-d3c56f34101e.rna_seq.chimeric.gdc_realn.bam	898cddad-2835-438e-aada-1b00007fd340
controlled	9bdc3867-2115-4351-af5f-a52a2c20ae5d	TCGA-K1-A42X	Structural Variation	TSV	RNA-Seq	fb8e7f89-70bd-47a7-a427-43a22f248b76	TCGA-SARC.8aafe2af-0add-49cd-9cf9-586d2bba2b51.arriba.rna_fusion.tsv	fb8e7f89-70bd-47a7-a427-43a22f248b76
open	92da1d84-03a1-4fe9-bc0d-7fe61dfbe904	TCGA-PC-A5DL	Transcriptome Profiling	TSV	RNA-Seq	7809a835-a7c2-40de-a4f7-327297dee9a2	c46e1adc-5afe-4402-af5f-af47778eebf8.rna_seq.augmented_star_gene_counts.tsv	7809a835-a7c2-40de-a4f7-327297dee9a2
controlled	90db503c-f9c8-4d31-bed4-e3383b69c89b	TCGA-X9-A973	Sequencing Reads	BAM	RNA-Seq	1a25f6f4-abdb-4b96-8cde-ccb60d276dad	4d95d113-14eb-45f3-9a97-3c6c301fe2a2.rna_seq.transcriptome.gdc_realn.bam	1a25f6f4-abdb-4b96-8cde-ccb60d276dad
controlled	93dfe3c6-445d-4976-93c0-9a826730fd58	TCGA-QQ-A5V9	Structural Variation	TSV	RNA-Seq	f044c91a-9a97-48be-af50-adf410c890b8	TCGA-SARC.9a48e049-bcf2-4d3b-a78d-ba6eeed71a12.star_fusion.rna_fusion.tsv	f044c91a-9a97-48be-af50-adf410c890b8
controlled	89a3ccb1-252a-46f9-97c7-3e44b34d7967	TCGA-X6-A7WB	Sequencing Reads	BAM	RNA-Seq	ec92a297-e84e-438f-9b1c-249abd50cefd	d0e06eac-e98c-4b6c-af28-900882579f2a.rna_seq.genomic.gdc_realn.bam	ec92a297-e84e-438f-9b1c-249abd50cefd
controlled	93dfe3c6-445d-4976-93c0-9a826730fd58	TCGA-QQ-A5V9	Structural Variation	BEDPE	RNA-Seq	2d319279-8b04-418f-b1bb-e8e926c9bfc3	TCGA-SARC.9a48e049-bcf2-4d3b-a78d-ba6eeed71a12.star_fusion.rna_fusion.bedpe	2d319279-8b04-418f-b1bb-e8e926c9bfc3
controlled	9bdc3867-2115-4351-af5f-a52a2c20ae5d	TCGA-K1-A42X	Sequencing Reads	BAM	RNA-Seq	63b3d1d8-fc4d-4aef-91d3-fe76f727ce6c	dc69718f-e389-406d-b59b-089057fa6679.rna_seq.transcriptome.gdc_realn.bam	63b3d1d8-fc4d-4aef-91d3-fe76f727ce6c
controlled	90db503c-f9c8-4d31-bed4-e3383b69c89b	TCGA-X9-A973	Structural Variation	BEDPE	RNA-Seq	24ddadfb-840e-4ce6-b75d-8940b5d3a0cc	TCGA-SARC.2e0a2eb4-6b39-44b4-8a49-b33b2c1dea82.arriba.rna_fusion.bedpe	24ddadfb-840e-4ce6-b75d-8940b5d3a0cc
controlled	93dfe3c6-445d-4976-93c0-9a826730fd58	TCGA-QQ-A5V9	Sequencing Reads	BAM	RNA-Seq	36485260-9fdc-47d7-b395-8327eb90b680	cb0e559c-12ee-4328-9e55-e4e1f8448956.rna_seq.transcriptome.gdc_realn.bam	36485260-9fdc-47d7-b395-8327eb90b680
controlled	8d8921ac-ca12-4e17-bd5e-982ff0d699a1	TCGA-DX-A23U	Sequencing Reads	BAM	RNA-Seq	570269d9-7202-419c-a7f2-872b3f470faa	2da56f78-6a21-4de6-a5e3-8abfb6e2d418.rna_seq.chimeric.gdc_realn.bam	570269d9-7202-419c-a7f2-872b3f470faa
controlled	89ea0e21-c5af-42b4-9f64-5ba4874ab76e	TCGA-DX-A7EF	Transcriptome Profiling	TSV	RNA-Seq	c553c2fb-1689-4dde-8d0f-b7fe088dfff8	c6ca7cbb-2be2-4abb-9b66-04069fe6690f.rna_seq.star_splice_junctions.tsv.gz	c553c2fb-1689-4dde-8d0f-b7fe088dfff8
controlled	9111759f-a0b7-452d-a0de-838fe010245e	TCGA-LI-A9QH	Structural Variation	TSV	RNA-Seq	4f2269a6-95d0-4401-a72c-3b8630e3cb3f	TCGA-SARC.c58084a5-9b5a-4cba-8784-59c360de5351.star_fusion.rna_fusion.tsv	4f2269a6-95d0-4401-a72c-3b8630e3cb3f
controlled	9bdc3867-2115-4351-af5f-a52a2c20ae5d	TCGA-K1-A42X	Sequencing Reads	BAM	RNA-Seq	52c61f1d-ab6e-4f82-a3ce-592883a56ad3	77e1473a-9f6a-481b-8ed0-9b56e8c3a546.rna_seq.transcriptome.gdc_realn.bam	52c61f1d-ab6e-4f82-a3ce-592883a56ad3
controlled	94359edf-7208-4b4c-ad7c-4064974de818	TCGA-DX-AB3C	Structural Variation	TSV	RNA-Seq	f691ebe6-5522-446f-a4d5-2d94092ec941	TCGA-SARC.4ee8421c-11fe-4bc4-8771-03c207f1d30f.star_fusion.rna_fusion.tsv	f691ebe6-5522-446f-a4d5-2d94092ec941
controlled	8f3f6f7c-4b50-467e-a6e8-d836735913f6	TCGA-DX-A3U5	Sequencing Reads	BAM	RNA-Seq	7c7a3046-e414-4e80-bc95-9095103a2fc0	a7400b7d-094a-4148-b97e-eea0ad3eff5a.rna_seq.genomic.gdc_realn.bam	7c7a3046-e414-4e80-bc95-9095103a2fc0
open	9bdc3867-2115-4351-af5f-a52a2c20ae5d	TCGA-K1-A42X	Transcriptome Profiling	TSV	RNA-Seq	92a58eb2-b92e-47ea-b513-df78c7d732fe	77e1473a-9f6a-481b-8ed0-9b56e8c3a546.rna_seq.augmented_star_gene_counts.tsv	92a58eb2-b92e-47ea-b513-df78c7d732fe
controlled	8f3f6f7c-4b50-467e-a6e8-d836735913f6	TCGA-DX-A3U5	Structural Variation	TSV	RNA-Seq	1d6e468f-827f-4e93-a69f-cef935e0ef11	TCGA-SARC.f695752d-5990-452a-b25d-2b9c3c02360a.arriba.rna_fusion.tsv	1d6e468f-827f-4e93-a69f-cef935e0ef11
controlled	914df75d-25f5-4b2f-96c7-95861d7dfa30	TCGA-DX-A8BM	Structural Variation	BEDPE	RNA-Seq	9ff7421e-a2de-48f8-babf-5b6923f36dcd	TCGA-SARC.0101816a-e188-4af1-8732-9990cf8b16f1.arriba.rna_fusion.bedpe	9ff7421e-a2de-48f8-babf-5b6923f36dcd
controlled	9bdc3867-2115-4351-af5f-a52a2c20ae5d	TCGA-K1-A42X	Structural Variation	TSV	RNA-Seq	770c98c0-e8cd-43d6-aa5f-a81f6dcf1926	TCGA-SARC.59f701db-39ec-4644-8f7f-859f20eceb5f.arriba.rna_fusion.tsv	770c98c0-e8cd-43d6-aa5f-a81f6dcf1926
controlled	a4f68239-5b9f-40d7-9e52-b68efa170c1c	TCGA-3B-A9I1	Structural Variation	BEDPE	RNA-Seq	b565bd9a-9225-448b-a401-95b61f8eeff7	TCGA-SARC.48551e0e-371f-4436-83cf-94a9ba6b673e.star_fusion.rna_fusion.bedpe	b565bd9a-9225-448b-a401-95b61f8eeff7
controlled	a7613c60-93a1-4a4c-9b12-dfd2103b0168	TCGA-QC-AA9N	Sequencing Reads	BAM	RNA-Seq	69c99e46-0da6-4999-81ad-2a4307f905b3	11109910-f64e-4c34-b99b-a84657295bfc.rna_seq.genomic.gdc_realn.bam	69c99e46-0da6-4999-81ad-2a4307f905b3
controlled	9bf78d02-f5e5-4cee-8d4d-57cc567cb510	TCGA-MB-A8JL	Structural Variation	TSV	RNA-Seq	66d617af-ed87-47c8-a246-1cdb11e7cf73	TCGA-SARC.006c921d-d120-498d-bcb4-99d9fc6d6fe9.star_fusion.rna_fusion.tsv	66d617af-ed87-47c8-a246-1cdb11e7cf73
controlled	9bf78d02-f5e5-4cee-8d4d-57cc567cb510	TCGA-MB-A8JL	Sequencing Reads	BAM	RNA-Seq	7efa1d37-1074-432a-b4bf-194ad2fd4154	725add0b-85a3-4a47-ba37-7b8e58064c58.rna_seq.transcriptome.gdc_realn.bam	7efa1d37-1074-432a-b4bf-194ad2fd4154
controlled	9bf78d02-f5e5-4cee-8d4d-57cc567cb510	TCGA-MB-A8JL	Structural Variation	BEDPE	RNA-Seq	363a50be-6204-47a2-b687-3ed1ce50a3ea	TCGA-SARC.006c921d-d120-498d-bcb4-99d9fc6d6fe9.star_fusion.rna_fusion.bedpe	363a50be-6204-47a2-b687-3ed1ce50a3ea
controlled	8f4293b0-bafc-4348-a203-9516d6f2dc48	TCGA-UE-A6QT	Sequencing Reads	BAM	RNA-Seq	c509c9f9-7963-4179-a3d9-bd331c2751d5	07a8cc94-707a-453f-a34d-97cbb79e6523.rna_seq.genomic.gdc_realn.bam	c509c9f9-7963-4179-a3d9-bd331c2751d5
controlled	8f4293b0-bafc-4348-a203-9516d6f2dc48	TCGA-UE-A6QT	Structural Variation	BEDPE	RNA-Seq	0a1519a3-cffd-47f6-a756-dc9d0fc6ddba	TCGA-SARC.145f1627-c9a4-41ad-9b4d-81db079fe38e.star_fusion.rna_fusion.bedpe	0a1519a3-cffd-47f6-a756-dc9d0fc6ddba
controlled	ab706ea0-d642-4f58-ba8d-f5d930b91286	TCGA-WK-A8Y0	Structural Variation	TSV	RNA-Seq	46e260fd-9ffa-4de4-8ceb-0ab16c9b2b42	TCGA-SARC.c1018621-b560-4067-ab5c-1b4a174556a1.arriba.rna_fusion.tsv	46e260fd-9ffa-4de4-8ceb-0ab16c9b2b42
controlled	ab706ea0-d642-4f58-ba8d-f5d930b91286	TCGA-WK-A8Y0	Sequencing Reads	BAM	RNA-Seq	735c3df7-bef6-4bca-92e7-9cf987d3804c	40aef268-f856-44be-b886-04ae0c72b54c.rna_seq.chimeric.gdc_realn.bam	735c3df7-bef6-4bca-92e7-9cf987d3804c
controlled	a7c45269-b693-45c4-81fd-6dd3379877e8	TCGA-DX-A7ER	Structural Variation	BEDPE	RNA-Seq	639a3238-f3e8-4ef4-b57a-365a413eb2ed	TCGA-SARC.c083a7f8-1646-4ed0-95b8-57bc183f9ce3.arriba.rna_fusion.bedpe	639a3238-f3e8-4ef4-b57a-365a413eb2ed
controlled	a7c45269-b693-45c4-81fd-6dd3379877e8	TCGA-DX-A7ER	Sequencing Reads	BAM	RNA-Seq	081e70af-8a37-4e70-a9e5-45d79fd21db4	9365db5a-762a-4e2b-b8a7-7a1e10cc62d2.rna_seq.chimeric.gdc_realn.bam	081e70af-8a37-4e70-a9e5-45d79fd21db4
controlled	ac1eb376-ff96-4ed9-929a-03975f72ac15	TCGA-DX-A3UA	Structural Variation	TSV	RNA-Seq	9b027ee9-7f82-4c05-8d3c-857fa2448918	TCGA-SARC.7d506acb-26a9-4d03-ba79-67c059eb3339.star_fusion.rna_fusion.tsv	9b027ee9-7f82-4c05-8d3c-857fa2448918
controlled	ac2eeb9d-b5eb-465c-8271-c89bdb1ba136	TCGA-DX-A8BQ	Sequencing Reads	BAM	RNA-Seq	ce833520-a3eb-4f3f-9acc-5cc9d4a8b858	27b1c0c5-931d-410f-964f-8f0dcbec785d.rna_seq.genomic.gdc_realn.bam	ce833520-a3eb-4f3f-9acc-5cc9d4a8b858
controlled	98b4dd76-e6c4-4125-ba9e-9dc318ffb61c	TCGA-DX-AB2F	Structural Variation	TSV	RNA-Seq	7603fc0e-853c-4f43-9c64-5bef683c5e1c	TCGA-SARC.e0183a1e-6307-462e-8fb5-05ec517d39d4.arriba.rna_fusion.tsv	7603fc0e-853c-4f43-9c64-5bef683c5e1c
controlled	91f6eb4c-0143-47b9-bcbd-5332d913a039	TCGA-DX-AB3B	Structural Variation	TSV	RNA-Seq	7602b040-7b59-4682-9b36-23eb1e6b51bd	TCGA-SARC.ea7e5f67-704b-4a2f-bd69-173f38e54fa2.star_fusion.rna_fusion.tsv	7602b040-7b59-4682-9b36-23eb1e6b51bd
controlled	a857d684-7195-44f9-ba21-b88020bd9633	TCGA-SI-A71O	Structural Variation	BEDPE	RNA-Seq	88dfa2c3-769a-415b-84ad-62ffedf4ef80	TCGA-SARC.01924260-42d0-4b2a-9534-dd58921c8fcd.star_fusion.rna_fusion.bedpe	88dfa2c3-769a-415b-84ad-62ffedf4ef80
controlled	98b4dd76-e6c4-4125-ba9e-9dc318ffb61c	TCGA-DX-AB2F	Structural Variation	BEDPE	RNA-Seq	addd47c8-0734-442e-bad8-3bf63a96f81f	TCGA-SARC.234129a5-18f6-4d9e-a5f9-152098465b0a.star_fusion.rna_fusion.bedpe	addd47c8-0734-442e-bad8-3bf63a96f81f
controlled	91f6eb4c-0143-47b9-bcbd-5332d913a039	TCGA-DX-AB3B	Sequencing Reads	BAM	RNA-Seq	6561d471-227e-4121-b6d2-8ae8dbbd63ec	7099f710-e5d8-422e-a7c3-4dd513941552.rna_seq.chimeric.gdc_realn.bam	6561d471-227e-4121-b6d2-8ae8dbbd63ec
controlled	a857d684-7195-44f9-ba21-b88020bd9633	TCGA-SI-A71O	Sequencing Reads	BAM	RNA-Seq	a861024c-5b91-4f5b-9cf0-a9040dd82cf9	e19a93d9-667c-4189-a339-026bc944fb99.rna_seq.genomic.gdc_realn.bam	a861024c-5b91-4f5b-9cf0-a9040dd82cf9
controlled	a857d684-7195-44f9-ba21-b88020bd9633	TCGA-SI-A71O	Transcriptome Profiling	TSV	RNA-Seq	b9943712-81e3-44c5-98de-a20076571732	e19a93d9-667c-4189-a339-026bc944fb99.rna_seq.star_splice_junctions.tsv.gz	b9943712-81e3-44c5-98de-a20076571732
controlled	91f6eb4c-0143-47b9-bcbd-5332d913a039	TCGA-DX-AB3B	Sequencing Reads	BAM	RNA-Seq	6f754d9e-ea52-4b3a-a0f4-7a7fb856cdcf	7099f710-e5d8-422e-a7c3-4dd513941552.rna_seq.genomic.gdc_realn.bam	6f754d9e-ea52-4b3a-a0f4-7a7fb856cdcf
controlled	b85e2156-d5ac-486c-93e1-86525ea41a64	TCGA-DX-A3M1	Structural Variation	BEDPE	RNA-Seq	ab18c8da-05cf-43d3-8c15-f43dc6c963dd	TCGA-SARC.ebcd9757-0867-422a-9082-c296521b9113.arriba.rna_fusion.bedpe	ab18c8da-05cf-43d3-8c15-f43dc6c963dd
controlled	9b781072-66d8-49f2-80f7-7b020746b6e9	TCGA-SI-AA8C	Sequencing Reads	BAM	RNA-Seq	14d8be05-1822-41c1-b4f9-2935b1a00b92	1e0b2cd0-4e31-4f12-bd5c-9161a58281cd.rna_seq.chimeric.gdc_realn.bam	14d8be05-1822-41c1-b4f9-2935b1a00b92
controlled	91f6eb4c-0143-47b9-bcbd-5332d913a039	TCGA-DX-AB3B	Structural Variation	BEDPE	RNA-Seq	2c19f21a-6821-4df0-b381-4a76556dcf0b	TCGA-SARC.ea7e5f67-704b-4a2f-bd69-173f38e54fa2.star_fusion.rna_fusion.bedpe	2c19f21a-6821-4df0-b381-4a76556dcf0b
controlled	a857d684-7195-44f9-ba21-b88020bd9633	TCGA-SI-A71O	Structural Variation	TSV	RNA-Seq	2ce99bfe-1a32-4373-9e0b-e390a9b0e637	TCGA-SARC.510f9f51-e381-4937-9518-2bd668c7eef2.arriba.rna_fusion.tsv	2ce99bfe-1a32-4373-9e0b-e390a9b0e637
controlled	9b781072-66d8-49f2-80f7-7b020746b6e9	TCGA-SI-AA8C	Structural Variation	TSV	RNA-Seq	7d6c326e-f5f8-4de4-ad1b-285082fd978a	TCGA-SARC.46a108ae-d802-4e3d-9210-983fce356ccf.star_fusion.rna_fusion.tsv	7d6c326e-f5f8-4de4-ad1b-285082fd978a
open	a857d684-7195-44f9-ba21-b88020bd9633	TCGA-SI-A71O	Transcriptome Profiling	TSV	RNA-Seq	8b170abf-135f-4889-9f60-cc4665debc16	e19a93d9-667c-4189-a339-026bc944fb99.rna_seq.augmented_star_gene_counts.tsv	8b170abf-135f-4889-9f60-cc4665debc16
controlled	a857d684-7195-44f9-ba21-b88020bd9633	TCGA-SI-A71O	Sequencing Reads	BAM	RNA-Seq	61f4925c-733d-445b-a2ee-32d4f7e4d115	e19a93d9-667c-4189-a339-026bc944fb99.rna_seq.chimeric.gdc_realn.bam	61f4925c-733d-445b-a2ee-32d4f7e4d115
open	9ebda267-a475-408a-a512-cd3761de83b4	TCGA-QC-A6FX	Transcriptome Profiling	TSV	RNA-Seq	bbf22690-0709-4881-b314-741e8b0a227a	2485fa0a-b3e8-4524-8566-d7dd5a423b49.rna_seq.augmented_star_gene_counts.tsv	bbf22690-0709-4881-b314-741e8b0a227a
controlled	9bdc3867-2115-4351-af5f-a52a2c20ae5d	TCGA-K1-A42X	Structural Variation	BEDPE	RNA-Seq	72b8289b-99bd-4001-a463-9c9f0b1cf54d	TCGA-SARC.8aafe2af-0add-49cd-9cf9-586d2bba2b51.arriba.rna_fusion.bedpe	72b8289b-99bd-4001-a463-9c9f0b1cf54d
controlled	9bdc3867-2115-4351-af5f-a52a2c20ae5d	TCGA-K1-A42X	Sequencing Reads	BAM	RNA-Seq	f6ef2313-4545-4563-b647-663f90a7a4f7	77e1473a-9f6a-481b-8ed0-9b56e8c3a546.rna_seq.chimeric.gdc_realn.bam	f6ef2313-4545-4563-b647-663f90a7a4f7
controlled	cc891960-42a2-4d76-b93b-c2914c929154	TCGA-DX-A6B9	Structural Variation	TSV	RNA-Seq	ed85991f-c508-4b7c-a098-aeeaa86c56b3	TCGA-SARC.d74214cd-4f2e-4b68-905f-a5c3fb98d81a.star_fusion.rna_fusion.tsv	ed85991f-c508-4b7c-a098-aeeaa86c56b3
controlled	c20682a1-f340-430d-99f9-077fe093ed19	TCGA-IW-A3M5	Structural Variation	TSV	RNA-Seq	80bb1ae2-9ea0-476f-8bd7-a6cf7c09fbc7	TCGA-SARC.d656e081-56ad-4b69-bfbf-43ba0cce533b.arriba.rna_fusion.tsv	80bb1ae2-9ea0-476f-8bd7-a6cf7c09fbc7
controlled	b8dd67ae-5808-45fc-9a1f-47f18a2f827d	TCGA-DX-A6YS	Sequencing Reads	BAM	RNA-Seq	9ed3f6c6-e139-452e-93bf-636edfec74dd	7adc764d-9ed6-401c-8ad0-8a520feefd91.rna_seq.transcriptome.gdc_realn.bam	9ed3f6c6-e139-452e-93bf-636edfec74dd
controlled	9ef5cdda-8aba-4027-8cf0-e53b2f54704a	TCGA-3B-A9HU	Structural Variation	TSV	RNA-Seq	c9f5cb08-4a6e-426d-a5ef-3c252ea389f6	TCGA-SARC.98b4c72d-4e61-4ed2-ae3b-18b5ba60a370.arriba.rna_fusion.tsv	c9f5cb08-4a6e-426d-a5ef-3c252ea389f6
controlled	cc891960-42a2-4d76-b93b-c2914c929154	TCGA-DX-A6B9	Transcriptome Profiling	TSV	RNA-Seq	0e05a2e6-809c-475c-b5a0-26eac5c7806d	66f3a0b4-0702-4a27-8711-e434bcb68935.rna_seq.star_splice_junctions.tsv.gz	0e05a2e6-809c-475c-b5a0-26eac5c7806d
controlled	c25a0746-d2cf-47cc-82fc-8547cd9f89b0	TCGA-WK-A8XS	Sequencing Reads	BAM	RNA-Seq	1b6906fc-4571-4c46-a71b-25eef9c504aa	706db449-7dce-48ba-85cf-786add750631.rna_seq.transcriptome.gdc_realn.bam	1b6906fc-4571-4c46-a71b-25eef9c504aa
controlled	c25a0746-d2cf-47cc-82fc-8547cd9f89b0	TCGA-WK-A8XS	Structural Variation	TSV	RNA-Seq	40416dce-c0f2-4304-8bc2-b7112aaf96b6	TCGA-SARC.5ca058d4-8e3a-4ef9-8652-13a12ce655c0.arriba.rna_fusion.tsv	40416dce-c0f2-4304-8bc2-b7112aaf96b6
controlled	c25a0746-d2cf-47cc-82fc-8547cd9f89b0	TCGA-WK-A8XS	Structural Variation	BEDPE	RNA-Seq	8c6dbb69-adc6-4af6-b02e-0825d4e9462f	TCGA-SARC.5ca058d4-8e3a-4ef9-8652-13a12ce655c0.arriba.rna_fusion.bedpe	8c6dbb69-adc6-4af6-b02e-0825d4e9462f
controlled	b0c194ce-8f60-423f-afca-7f577813421c	TCGA-X9-A971	Structural Variation	TSV	RNA-Seq	6eb6903a-da2c-4e7e-b938-b561d0a7986a	TCGA-SARC.6cb0e212-0264-41e6-8456-6459366c6ee0.star_fusion.rna_fusion.tsv	6eb6903a-da2c-4e7e-b938-b561d0a7986a
controlled	b9a01a64-3c9d-44b3-8ee1-a880b7816fee	TCGA-DX-A7EM	Structural Variation	BEDPE	RNA-Seq	ec4ae618-820f-4b23-8868-e791ac08fe4e	TCGA-SARC.c43cdba4-a386-4dbc-8b26-a01f2ecab269.arriba.rna_fusion.bedpe	ec4ae618-820f-4b23-8868-e791ac08fe4e
controlled	bc282a61-9e8b-4330-9177-fc515293f051	TCGA-DX-AB2S	Structural Variation	TSV	RNA-Seq	531a30b5-a6f0-4e0b-b96c-16d49b86950f	TCGA-SARC.f20fa108-bbb1-4800-9125-9ad3e143ebdb.arriba.rna_fusion.tsv	531a30b5-a6f0-4e0b-b96c-16d49b86950f
controlled	b1a92728-e119-4f5f-a303-2ebb8ea3db88	TCGA-PC-A5DO	Structural Variation	BEDPE	RNA-Seq	904afc1a-c56a-4877-865c-fa85371731c8	TCGA-SARC.cc9cc46c-32b5-4caf-86ca-645197cdf252.star_fusion.rna_fusion.bedpe	904afc1a-c56a-4877-865c-fa85371731c8
open	b1a92728-e119-4f5f-a303-2ebb8ea3db88	TCGA-PC-A5DO	Transcriptome Profiling	TSV	RNA-Seq	8c453971-aa9f-4c50-a702-64b16418bac0	ed43dc49-ca57-4c57-a06d-8a1dbf3993c5.rna_seq.augmented_star_gene_counts.tsv	8c453971-aa9f-4c50-a702-64b16418bac0
controlled	bc282a61-9e8b-4330-9177-fc515293f051	TCGA-DX-AB2S	Sequencing Reads	BAM	RNA-Seq	9be01d38-b297-4103-a51a-5044af9bd5af	54856284-014a-436c-8ad9-d371d7201c4e.rna_seq.transcriptome.gdc_realn.bam	9be01d38-b297-4103-a51a-5044af9bd5af
controlled	aaf93a92-2f93-477d-9ea4-d18ab7d4f258	TCGA-3B-A9HL	Sequencing Reads	BAM	RNA-Seq	5a1886c6-350b-451e-aba3-3cea29e92dbe	8cd6627b-d32b-41b7-9fd5-a931020b3213.rna_seq.chimeric.gdc_realn.bam	5a1886c6-350b-451e-aba3-3cea29e92dbe
controlled	bc282a61-9e8b-4330-9177-fc515293f051	TCGA-DX-AB2S	Structural Variation	BEDPE	RNA-Seq	6c81d0a1-e260-4f3f-8c2e-a22da304dd76	TCGA-SARC.f20fa108-bbb1-4800-9125-9ad3e143ebdb.arriba.rna_fusion.bedpe	6c81d0a1-e260-4f3f-8c2e-a22da304dd76
controlled	b1a92728-e119-4f5f-a303-2ebb8ea3db88	TCGA-PC-A5DO	Transcriptome Profiling	TSV	RNA-Seq	93327546-dc86-4f81-ab68-b2d443560c09	ed43dc49-ca57-4c57-a06d-8a1dbf3993c5.rna_seq.star_splice_junctions.tsv.gz	93327546-dc86-4f81-ab68-b2d443560c09
controlled	c5b0e6be-48b5-40e5-9d90-f9112050aa88	TCGA-HB-A5W3	Structural Variation	BEDPE	RNA-Seq	9fcdaba0-91f8-4918-a53f-78a379013b39	TCGA-SARC.02f88ba0-1e97-4396-90da-3463d2a0fb87.star_fusion.rna_fusion.bedpe	9fcdaba0-91f8-4918-a53f-78a379013b39
controlled	a1f0e5db-5c73-4b83-8cc4-6208941806de	TCGA-DX-A7ES	Structural Variation	BEDPE	RNA-Seq	924028de-9066-409e-a66f-b2352e3d04f4	TCGA-SARC.23278a18-1d16-4f21-8085-66ff70870a7b.arriba.rna_fusion.bedpe	924028de-9066-409e-a66f-b2352e3d04f4
controlled	a37238f3-55b5-43df-a0c5-3d22ee5156f3	TCGA-DX-A48R	Structural Variation	BEDPE	RNA-Seq	d7c92ff3-cc3e-4511-906f-3e862ed2df5f	TCGA-SARC.c46f3be7-2a62-4a27-9304-0c34f7f6cb4c.arriba.rna_fusion.bedpe	d7c92ff3-cc3e-4511-906f-3e862ed2df5f
open	ab706ea0-d642-4f58-ba8d-f5d930b91286	TCGA-WK-A8Y0	Transcriptome Profiling	TSV	RNA-Seq	a0401be9-d27f-43fd-b1ca-76ed5dd46f8f	40aef268-f856-44be-b886-04ae0c72b54c.rna_seq.augmented_star_gene_counts.tsv	a0401be9-d27f-43fd-b1ca-76ed5dd46f8f
controlled	a37238f3-55b5-43df-a0c5-3d22ee5156f3	TCGA-DX-A48R	Sequencing Reads	BAM	RNA-Seq	20dbe3bb-d03b-4489-a477-3b97b9d53890	1378619e-4196-48ec-a823-b1de339ec37b.rna_seq.genomic.gdc_realn.bam	20dbe3bb-d03b-4489-a477-3b97b9d53890
controlled	ab706ea0-d642-4f58-ba8d-f5d930b91286	TCGA-WK-A8Y0	Sequencing Reads	BAM	RNA-Seq	a4a5e986-e07d-4cd0-bb63-87945df52bf3	40aef268-f856-44be-b886-04ae0c72b54c.rna_seq.genomic.gdc_realn.bam	a4a5e986-e07d-4cd0-bb63-87945df52bf3
controlled	d0d989cb-a50f-4ed9-8478-ae300ebc0970	TCGA-DX-AB32	Structural Variation	BEDPE	RNA-Seq	5e6dc3bd-2231-490b-85e3-1c7a500d9111	TCGA-SARC.115f11e8-a95c-49a3-9892-4e81eea76b19.star_fusion.rna_fusion.bedpe	5e6dc3bd-2231-490b-85e3-1c7a500d9111
controlled	d7d9204b-b85e-4260-8a54-c39e7847e982	TCGA-SG-A849	Structural Variation	BEDPE	RNA-Seq	7d8d8613-aeda-4c2f-b30d-a7c3ad1fa11a	TCGA-SARC.fb499a3f-c2b3-41f0-8fe3-e008ad257b15.star_fusion.rna_fusion.bedpe	7d8d8613-aeda-4c2f-b30d-a7c3ad1fa11a
controlled	b5f27002-4277-418d-90b0-cc5a2742692e	TCGA-DX-A23R	Structural Variation	TSV	RNA-Seq	563dc722-e953-4fe8-b09f-e238f8de5d5e	TCGA-SARC.df6a0b02-5f2a-4264-92fa-73cb35a827dc.star_fusion.rna_fusion.tsv	563dc722-e953-4fe8-b09f-e238f8de5d5e
controlled	b5f27002-4277-418d-90b0-cc5a2742692e	TCGA-DX-A23R	Sequencing Reads	BAM	RNA-Seq	aef50336-3d0c-4667-807d-001116c21fcb	52860698-dc9e-41bd-adbd-d427a72d81c7.rna_seq.chimeric.gdc_realn.bam	aef50336-3d0c-4667-807d-001116c21fcb
controlled	d7d9204b-b85e-4260-8a54-c39e7847e982	TCGA-SG-A849	Structural Variation	BEDPE	RNA-Seq	0a398d62-5039-4226-aa00-311084be5a66	TCGA-SARC.9e4d6db8-26fd-4b06-86a1-8e2cc4cbb905.arriba.rna_fusion.bedpe	0a398d62-5039-4226-aa00-311084be5a66
controlled	b5f27002-4277-418d-90b0-cc5a2742692e	TCGA-DX-A23R	Sequencing Reads	BAM	RNA-Seq	a579a0a4-3276-48ea-9eac-e2085b397ceb	52860698-dc9e-41bd-adbd-d427a72d81c7.rna_seq.genomic.gdc_realn.bam	a579a0a4-3276-48ea-9eac-e2085b397ceb
controlled	d7dc8efc-30d9-4d86-84a2-f39f4e1ea50e	TCGA-DX-A48L	Sequencing Reads	BAM	RNA-Seq	55b8e6b1-a2bb-4116-81c1-7d784a3ceab4	4d2236a8-cde8-4fe1-80ca-24c051407da0.rna_seq.genomic.gdc_realn.bam	55b8e6b1-a2bb-4116-81c1-7d784a3ceab4
controlled	d40c99d0-79f6-499d-b7f1-5fc4237cfc57	TCGA-DX-A3U8	Sequencing Reads	BAM	RNA-Seq	365e6d36-180c-4f07-b11b-8935b9886c91	b178c6ad-bf71-417c-b797-01f4c45a3afa.rna_seq.genomic.gdc_realn.bam	365e6d36-180c-4f07-b11b-8935b9886c91
controlled	d7dc8efc-30d9-4d86-84a2-f39f4e1ea50e	TCGA-DX-A48L	Structural Variation	TSV	RNA-Seq	ff35d233-b7ba-42e1-ada1-045ea5f892b0	TCGA-SARC.3d12282c-068c-427b-9f39-4cb3c2580866.arriba.rna_fusion.tsv	ff35d233-b7ba-42e1-ada1-045ea5f892b0
controlled	d7dc8efc-30d9-4d86-84a2-f39f4e1ea50e	TCGA-DX-A48L	Sequencing Reads	BAM	RNA-Seq	acf5bbc4-8893-4b6e-b728-896db9296ec8	4d2236a8-cde8-4fe1-80ca-24c051407da0.rna_seq.chimeric.gdc_realn.bam	acf5bbc4-8893-4b6e-b728-896db9296ec8
controlled	d7dc8efc-30d9-4d86-84a2-f39f4e1ea50e	TCGA-DX-A48L	Structural Variation	BEDPE	RNA-Seq	bd99cd7b-afc5-4c0f-ad8c-9fbec175bb2f	TCGA-SARC.27bb0349-7928-4015-a6cb-85ee4e10597f.star_fusion.rna_fusion.bedpe	bd99cd7b-afc5-4c0f-ad8c-9fbec175bb2f
controlled	dc18ccea-b332-4fac-b49b-1e0217ad025b	TCGA-PC-A5DN	Structural Variation	BEDPE	RNA-Seq	4db7407d-4ac2-4509-879d-71767b3b7666	TCGA-SARC.1b7befaf-09bc-4cf2-9b61-09eebc57d673.star_fusion.rna_fusion.bedpe	4db7407d-4ac2-4509-879d-71767b3b7666
controlled	b61e39f5-f0dd-485e-8e22-d4fdea751f55	TCGA-SI-A71Q	Transcriptome Profiling	TSV	RNA-Seq	21d68770-a08f-45bc-908b-830ed38636f2	d6367ba7-ab2f-463f-ab02-576c493e5fc1.rna_seq.star_splice_junctions.tsv.gz	21d68770-a08f-45bc-908b-830ed38636f2
controlled	c9a5b051-0503-4aae-8bc6-270af3033326	TCGA-DX-A6Z0	Structural Variation	TSV	RNA-Seq	2ff6d469-06c3-413d-acae-6ec8e75a91d3	TCGA-SARC.a49e6a4f-f295-4dc7-9dac-6cad07ff3c69.arriba.rna_fusion.tsv	2ff6d469-06c3-413d-acae-6ec8e75a91d3
controlled	dc18ccea-b332-4fac-b49b-1e0217ad025b	TCGA-PC-A5DN	Sequencing Reads	BAM	RNA-Seq	d6cddab4-4535-4fda-ad28-78965c46c768	841359d9-f545-4205-8a90-669d7b7491de.rna_seq.transcriptome.gdc_realn.bam	d6cddab4-4535-4fda-ad28-78965c46c768
controlled	c9a5b051-0503-4aae-8bc6-270af3033326	TCGA-DX-A6Z0	Structural Variation	BEDPE	RNA-Seq	7c9963c1-85d5-47e0-baea-4d4468c729a7	TCGA-SARC.e48b86d3-ca13-4909-bbc2-7c32aff137fb.star_fusion.rna_fusion.bedpe	7c9963c1-85d5-47e0-baea-4d4468c729a7
controlled	c9a5b051-0503-4aae-8bc6-270af3033326	TCGA-DX-A6Z0	Structural Variation	TSV	RNA-Seq	2c2653c8-718d-4424-bb2b-95c4866bca12	TCGA-SARC.e48b86d3-ca13-4909-bbc2-7c32aff137fb.star_fusion.rna_fusion.tsv	2c2653c8-718d-4424-bb2b-95c4866bca12
controlled	d51b9939-aef7-426b-a57f-01c3684e2dc2	TCGA-RN-A68Q	Transcriptome Profiling	TSV	RNA-Seq	4debacbb-fac9-46bf-8db9-084c76e43796	80cc71e5-41f2-48a1-9d91-4dd5d97b8e13.rna_seq.star_splice_junctions.tsv.gz	4debacbb-fac9-46bf-8db9-084c76e43796
controlled	d51b9939-aef7-426b-a57f-01c3684e2dc2	TCGA-RN-A68Q	Structural Variation	BEDPE	RNA-Seq	95b5e85d-8d4d-4d44-85a5-34b6b0db86b9	TCGA-SARC.2687c37d-9740-4e07-b6e8-642ad50f0246.star_fusion.rna_fusion.bedpe	95b5e85d-8d4d-4d44-85a5-34b6b0db86b9
controlled	d680595d-2956-4780-8ea4-e815edb0706d	TCGA-DX-A7EU	Structural Variation	TSV	RNA-Seq	e50c9ef2-9199-421c-9d27-8a746ebeda96	TCGA-SARC.e2e893d1-6f5c-4b44-bc57-df10d7da4b30.arriba.rna_fusion.tsv	e50c9ef2-9199-421c-9d27-8a746ebeda96
controlled	eea7d707-aeb9-4d00-ab5e-c1ea608517e9	TCGA-DX-A8BT	Transcriptome Profiling	TSV	RNA-Seq	3cf776f2-5477-4c94-820b-c73db00e9b02	759a476c-94db-4be9-be54-267e733d7136.rna_seq.star_splice_junctions.tsv.gz	3cf776f2-5477-4c94-820b-c73db00e9b02
controlled	ef273fe6-aab0-41eb-94f7-cca980bf789e	TCGA-DX-A7EL	Transcriptome Profiling	TSV	RNA-Seq	53ff813e-372d-4c1a-9d37-6b2f4b68f449	0c389e19-e3fb-4345-a754-6267912ea70d.rna_seq.star_splice_junctions.tsv.gz	53ff813e-372d-4c1a-9d37-6b2f4b68f449
open	ef273fe6-aab0-41eb-94f7-cca980bf789e	TCGA-DX-A7EL	Transcriptome Profiling	TSV	RNA-Seq	d465f8c9-94fc-40cc-aa35-c3eb94466aee	0c389e19-e3fb-4345-a754-6267912ea70d.rna_seq.augmented_star_gene_counts.tsv	d465f8c9-94fc-40cc-aa35-c3eb94466aee
controlled	c05498e7-5b93-4acb-9d91-3a505116558d	TCGA-KD-A5QT	Structural Variation	TSV	RNA-Seq	2264ad89-f028-41be-b822-37be1cd59a43	TCGA-SARC.8ae35d00-f401-45d7-8b69-c484e376299e.arriba.rna_fusion.tsv	2264ad89-f028-41be-b822-37be1cd59a43
open	d7d9204b-b85e-4260-8a54-c39e7847e982	TCGA-SG-A849	Transcriptome Profiling	TSV	RNA-Seq	2d14a9fe-d04d-4bf9-97ef-90ed3da31985	151226ac-c70a-4932-a9a5-9a1c6d06ec1c.rna_seq.augmented_star_gene_counts.tsv	2d14a9fe-d04d-4bf9-97ef-90ed3da31985
controlled	cabd63ee-d833-47b0-9a0b-8a046d260af1	TCGA-DX-AB3A	Transcriptome Profiling	TSV	RNA-Seq	a52212ee-2f83-40ac-866a-a8ac936663eb	2715cda3-22d3-4088-9354-63b7bea6011f.rna_seq.star_splice_junctions.tsv.gz	a52212ee-2f83-40ac-866a-a8ac936663eb
controlled	ef273fe6-aab0-41eb-94f7-cca980bf789e	TCGA-DX-A7EL	Structural Variation	TSV	RNA-Seq	79c4a631-457c-4662-b5ca-876a3f0a8f30	TCGA-SARC.31084861-f3e3-417f-ace0-706eb4843bcb.star_fusion.rna_fusion.tsv	79c4a631-457c-4662-b5ca-876a3f0a8f30
controlled	cc891960-42a2-4d76-b93b-c2914c929154	TCGA-DX-A6B9	Structural Variation	BEDPE	RNA-Seq	5ea7859f-6be1-4f6c-8a05-7b7bba7b3d1c	TCGA-SARC.d74214cd-4f2e-4b68-905f-a5c3fb98d81a.star_fusion.rna_fusion.bedpe	5ea7859f-6be1-4f6c-8a05-7b7bba7b3d1c
controlled	f693eec9-cd6e-4696-882f-a6dffe481df9	TCGA-DX-A6BF	Sequencing Reads	BAM	RNA-Seq	e5f581e1-0972-441c-931a-34cfaab491be	6a4d63d9-8a15-473e-80f4-d11242530d96.rna_seq.chimeric.gdc_realn.bam	e5f581e1-0972-441c-931a-34cfaab491be
controlled	c05498e7-5b93-4acb-9d91-3a505116558d	TCGA-KD-A5QT	Sequencing Reads	BAM	RNA-Seq	c0722496-b16a-4869-b666-ea60cabb7823	b6a1af60-1aff-47cf-a983-d3146dc293fd.rna_seq.chimeric.gdc_realn.bam	c0722496-b16a-4869-b666-ea60cabb7823
controlled	f2fcb8c3-4679-4753-8887-bf4c2781df3a	TCGA-DX-A48U	Structural Variation	BEDPE	RNA-Seq	9f4d86fb-0b4a-4def-8b51-54df18d119b9	TCGA-SARC.b84e809e-dbaa-44ba-b9fd-febed48de0d0.arriba.rna_fusion.bedpe	9f4d86fb-0b4a-4def-8b51-54df18d119b9
controlled	f693eec9-cd6e-4696-882f-a6dffe481df9	TCGA-DX-A6BF	Structural Variation	TSV	RNA-Seq	1329250b-9a42-4a07-babb-9fc3c968f907	TCGA-SARC.1cf0bd4e-2b9f-41f7-91d5-ed3325d2b07d.star_fusion.rna_fusion.tsv	1329250b-9a42-4a07-babb-9fc3c968f907
controlled	f2fcb8c3-4679-4753-8887-bf4c2781df3a	TCGA-DX-A48U	Sequencing Reads	BAM	RNA-Seq	8065e7d0-94c3-4656-aad2-367dfaa4d41b	323cb777-7ac4-4bb2-b417-f4f8c2a7200a.rna_seq.genomic.gdc_realn.bam	8065e7d0-94c3-4656-aad2-367dfaa4d41b
controlled	f39cf57e-e8e6-428b-b1ce-3ecc52eecf92	TCGA-3R-A8YX	Transcriptome Profiling	TSV	RNA-Seq	7c4a16b3-ec56-4f91-a8f6-ee87dcd8633c	54a83f9c-5152-4da8-8f03-cd49bea12204.rna_seq.star_splice_junctions.tsv.gz	7c4a16b3-ec56-4f91-a8f6-ee87dcd8633c
open	f75d2589-fd7b-49a1-a1c8-0b4726b81f3c	TCGA-DX-A2J4	Transcriptome Profiling	TSV	RNA-Seq	2f4f360d-d36f-4744-8e74-bbfe8bb47e04	4a04654e-f230-478f-9523-c8ba4d7b6091.rna_seq.augmented_star_gene_counts.tsv	2f4f360d-d36f-4744-8e74-bbfe8bb47e04
controlled	e987c47d-6ecb-41bb-a66f-a0489e56449f	TCGA-DX-A8BL	Sequencing Reads	BAM	RNA-Seq	cc34312d-2997-4969-887d-d8b7a105c12d	490700e9-fc4f-4548-8ea5-8e2b9dd22010.rna_seq.transcriptome.gdc_realn.bam	cc34312d-2997-4969-887d-d8b7a105c12d
controlled	e987c47d-6ecb-41bb-a66f-a0489e56449f	TCGA-DX-A8BL	Structural Variation	BEDPE	RNA-Seq	e5e2b1b0-f865-484d-8edf-c07d2b67ea96	TCGA-SARC.c1facc27-6f61-4492-871b-07313f065d8f.arriba.rna_fusion.bedpe	e5e2b1b0-f865-484d-8edf-c07d2b67ea96
controlled	f75d2589-fd7b-49a1-a1c8-0b4726b81f3c	TCGA-DX-A2J4	Structural Variation	TSV	RNA-Seq	6a3f3ad9-b7d8-4bd3-b2e3-685d662183ab	TCGA-SARC.251314eb-2f69-4765-903f-8f4ee189cae8.star_fusion.rna_fusion.tsv	6a3f3ad9-b7d8-4bd3-b2e3-685d662183ab
controlled	e987c47d-6ecb-41bb-a66f-a0489e56449f	TCGA-DX-A8BL	Sequencing Reads	BAM	RNA-Seq	0b51611b-8e2b-446d-bd8f-dac6616b5c53	490700e9-fc4f-4548-8ea5-8e2b9dd22010.rna_seq.chimeric.gdc_realn.bam	0b51611b-8e2b-446d-bd8f-dac6616b5c53
controlled	df4954d3-8334-4b0b-a781-43c12d03d604	TCGA-X6-A7WD	Transcriptome Profiling	TSV	RNA-Seq	e18d9d75-fc76-46f0-a2e1-429b7283ce45	45efdc43-0925-4980-aa5f-94d30bf73208.rna_seq.star_splice_junctions.tsv.gz	e18d9d75-fc76-46f0-a2e1-429b7283ce45
controlled	f39cf57e-e8e6-428b-b1ce-3ecc52eecf92	TCGA-3R-A8YX	Sequencing Reads	BAM	RNA-Seq	741e573a-824e-4cbb-8c84-446d80a2c650	54a83f9c-5152-4da8-8f03-cd49bea12204.rna_seq.chimeric.gdc_realn.bam	741e573a-824e-4cbb-8c84-446d80a2c650
controlled	f39cf57e-e8e6-428b-b1ce-3ecc52eecf92	TCGA-3R-A8YX	Structural Variation	TSV	RNA-Seq	25355ad7-5f52-4a15-8990-a366280c23b1	TCGA-SARC.8f72572e-469d-4a33-a4d6-cbe7881235d1.arriba.rna_fusion.tsv	25355ad7-5f52-4a15-8990-a366280c23b1
open	e0b298e0-0d11-4cc8-a9fa-7f2cc9f1d6e9	TCGA-Z4-AAPF	Transcriptome Profiling	TSV	RNA-Seq	5898b5ad-633d-4872-80bc-875a3380cbe1	f1105d35-2d57-43bb-998a-538ac0718233.rna_seq.augmented_star_gene_counts.tsv	5898b5ad-633d-4872-80bc-875a3380cbe1
open	f4852819-6c2d-45f7-8479-5e79f143c7b5	TCGA-KD-A5QS	Transcriptome Profiling	TSV	RNA-Seq	8fa9c02a-9d7d-470a-93ec-1e4c0c5bd8a4	eebd8d7d-4797-4fa2-a0f5-c479ba8c2104.rna_seq.augmented_star_gene_counts.tsv	8fa9c02a-9d7d-470a-93ec-1e4c0c5bd8a4
controlled	f94615ea-551c-4f63-af0d-5e49c87fc66e	TCGA-3B-A9HP	Sequencing Reads	BAM	RNA-Seq	e82de430-74dc-4126-8b57-0b2441950ccc	dc331183-2017-4979-a080-b10ce3ce4c7e.rna_seq.chimeric.gdc_realn.bam	e82de430-74dc-4126-8b57-0b2441950ccc
controlled	f94615ea-551c-4f63-af0d-5e49c87fc66e	TCGA-3B-A9HP	Structural Variation	BEDPE	RNA-Seq	ef53e3c5-7537-4ab1-95e5-88b86ee2ffa8	TCGA-SARC.858b1a6d-b6d5-4776-86dc-0a52fcf46b05.arriba.rna_fusion.bedpe	ef53e3c5-7537-4ab1-95e5-88b86ee2ffa8
controlled	e0b298e0-0d11-4cc8-a9fa-7f2cc9f1d6e9	TCGA-Z4-AAPF	Structural Variation	BEDPE	RNA-Seq	b8e761e5-f152-4dcb-b5ed-6c8711e13169	TCGA-SARC.92533d2b-6d5a-4ac8-9761-0e214b9e287d.arriba.rna_fusion.bedpe	b8e761e5-f152-4dcb-b5ed-6c8711e13169
controlled	f9ceee8b-aa08-4123-ba70-76b3cbfc50e6	TCGA-DX-A6YT	Sequencing Reads	BAM	RNA-Seq	b9fb1872-a167-4acb-a3cc-3ee0601de1f5	a7bec419-7c8d-495d-9cb3-f810ff08c8b4.rna_seq.genomic.gdc_realn.bam	b9fb1872-a167-4acb-a3cc-3ee0601de1f5
controlled	f9ceee8b-aa08-4123-ba70-76b3cbfc50e6	TCGA-DX-A6YT	Structural Variation	BEDPE	RNA-Seq	bcc7dd61-b0ff-4794-aea1-00dea412efb8	TCGA-SARC.9899c7db-e3c3-46b3-97ff-266b33535a60.arriba.rna_fusion.bedpe	bcc7dd61-b0ff-4794-aea1-00dea412efb8
open	ea0e5ae7-1f15-4504-aea3-efd1f6733304	TCGA-DX-A1KU	Transcriptome Profiling	TSV	RNA-Seq	d5fbc58a-1b91-49a3-bf9b-2504477d22c2	a9ec0435-a3f0-4801-85f2-25d886904376.rna_seq.augmented_star_gene_counts.tsv	d5fbc58a-1b91-49a3-bf9b-2504477d22c2
controlled	ea0e5ae7-1f15-4504-aea3-efd1f6733304	TCGA-DX-A1KU	Sequencing Reads	BAM	RNA-Seq	9b30d67d-ba29-4d68-a3a4-f2f1ea966b20	a9ec0435-a3f0-4801-85f2-25d886904376.rna_seq.genomic.gdc_realn.bam	9b30d67d-ba29-4d68-a3a4-f2f1ea966b20
controlled	ea0e5ae7-1f15-4504-aea3-efd1f6733304	TCGA-DX-A1KU	Sequencing Reads	BAM	RNA-Seq	afed1dbc-bbf9-442c-a5ee-f3b3415617ca	a9ec0435-a3f0-4801-85f2-25d886904376.rna_seq.transcriptome.gdc_realn.bam	afed1dbc-bbf9-442c-a5ee-f3b3415617ca
controlled	e119dc43-9ba7-43ad-add0-1ce8a01e3b06	TCGA-JV-A5VE	Structural Variation	TSV	RNA-Seq	6070bf22-90f2-4473-bfac-2b0d865cd38e	TCGA-SARC.454aed66-1e52-400d-9567-e3ed2b4e0f13.arriba.rna_fusion.tsv	6070bf22-90f2-4473-bfac-2b0d865cd38e
controlled	ea3a524b-6ee3-4904-8924-29fcaa20985c	TCGA-DX-A3U7	Structural Variation	TSV	RNA-Seq	25c3ff40-6b7e-4903-a3b3-a7434b313de4	TCGA-SARC.a576aa6e-aa50-46ba-b668-8fc61c480ff4.arriba.rna_fusion.tsv	25c3ff40-6b7e-4903-a3b3-a7434b313de4
controlled	ea3a524b-6ee3-4904-8924-29fcaa20985c	TCGA-DX-A3U7	Structural Variation	BEDPE	RNA-Seq	d7cd84d9-16e2-4278-b5b1-f2dd86af1daa	TCGA-SARC.a576aa6e-aa50-46ba-b668-8fc61c480ff4.arriba.rna_fusion.bedpe	d7cd84d9-16e2-4278-b5b1-f2dd86af1daa
controlled	f519be07-434e-4eb2-acf9-318565b83d50	TCGA-K1-A3PN	Sequencing Reads	BAM	RNA-Seq	3ad640d3-fee8-4237-a8e9-a201d7317904	51a6a81d-837e-4e0b-9b37-b0c3173ec1d2.rna_seq.genomic.gdc_realn.bam	3ad640d3-fee8-4237-a8e9-a201d7317904
controlled	f519be07-434e-4eb2-acf9-318565b83d50	TCGA-K1-A3PN	Sequencing Reads	BAM	RNA-Seq	119472b0-be8d-406e-a6bc-78d2f78df7e3	265d60b1-986b-4bc5-9c96-88a8fdfe8394.rna_seq.chimeric.gdc_realn.bam	119472b0-be8d-406e-a6bc-78d2f78df7e3
controlled	f519be07-434e-4eb2-acf9-318565b83d50	TCGA-K1-A3PN	Transcriptome Profiling	TSV	RNA-Seq	ac1aab45-4f65-4709-9193-7b509d77a2d7	265d60b1-986b-4bc5-9c96-88a8fdfe8394.rna_seq.star_splice_junctions.tsv.gz	ac1aab45-4f65-4709-9193-7b509d77a2d7
controlled	fbc32608-52ae-48ca-bb4a-ec29c1d82b8b	TCGA-WK-A8XO	Sequencing Reads	BAM	RNA-Seq	9767598a-9150-4da8-b3ff-9a6e3acb7097	1db3c803-8b6b-4ddf-82ef-96d538495293.rna_seq.transcriptome.gdc_realn.bam	9767598a-9150-4da8-b3ff-9a6e3acb7097
controlled	fbc32608-52ae-48ca-bb4a-ec29c1d82b8b	TCGA-WK-A8XO	Structural Variation	BEDPE	RNA-Seq	f3b457e9-11f2-49f4-8d47-a5ab116b36c8	TCGA-SARC.18840acf-7be8-4193-b84c-66058edb4e8e.arriba.rna_fusion.bedpe	f3b457e9-11f2-49f4-8d47-a5ab116b36c8
controlled	f519be07-434e-4eb2-acf9-318565b83d50	TCGA-K1-A3PN	Structural Variation	BEDPE	RNA-Seq	53833d26-ec4b-41fd-9f94-a9b3c913a143	TCGA-SARC.024c7154-d1e3-414e-a2dc-9e72ea3d94f0.arriba.rna_fusion.bedpe	53833d26-ec4b-41fd-9f94-a9b3c913a143
controlled	f519be07-434e-4eb2-acf9-318565b83d50	TCGA-K1-A3PN	Structural Variation	BEDPE	RNA-Seq	b68353f5-fd4e-4c31-b98f-6ecf3e0790d1	TCGA-SARC.56e73322-339f-4ce7-b228-e49b2b89a164.arriba.rna_fusion.bedpe	b68353f5-fd4e-4c31-b98f-6ecf3e0790d1
controlled	fbc32608-52ae-48ca-bb4a-ec29c1d82b8b	TCGA-WK-A8XO	Sequencing Reads	BAM	RNA-Seq	d5913216-dd28-456f-8d78-9016d44f80c7	1db3c803-8b6b-4ddf-82ef-96d538495293.rna_seq.genomic.gdc_realn.bam	d5913216-dd28-456f-8d78-9016d44f80c7
controlled	f519be07-434e-4eb2-acf9-318565b83d50	TCGA-K1-A3PN	Structural Variation	TSV	RNA-Seq	7417bdc9-42a8-44c6-911c-e7d787398c6c	TCGA-SARC.024c7154-d1e3-414e-a2dc-9e72ea3d94f0.arriba.rna_fusion.tsv	7417bdc9-42a8-44c6-911c-e7d787398c6c
controlled	f519be07-434e-4eb2-acf9-318565b83d50	TCGA-K1-A3PN	Structural Variation	TSV	RNA-Seq	f9fa1bd9-88e1-4167-aca8-32cae29e9d2e	TCGA-SARC.56e73322-339f-4ce7-b228-e49b2b89a164.arriba.rna_fusion.tsv	f9fa1bd9-88e1-4167-aca8-32cae29e9d2e
controlled	ecc74d54-d929-4dd0-b9ec-e03163343f9a	TCGA-DX-A6YX	Structural Variation	TSV	RNA-Seq	0873e943-26bc-4d78-89ac-d150e232a71c	TCGA-SARC.57496d26-c082-4424-b212-5221d588c846.star_fusion.rna_fusion.tsv	0873e943-26bc-4d78-89ac-d150e232a71c
controlled	fd93cabe-fb8d-4a46-97ee-60051110237a	TCGA-DX-A48O	Transcriptome Profiling	TSV	RNA-Seq	15bc339e-7db6-4d9c-9bdb-108bd0863ff0	7a68d421-1310-4b1d-b5be-71751cd44f9e.rna_seq.star_splice_junctions.tsv.gz	15bc339e-7db6-4d9c-9bdb-108bd0863ff0
controlled	fd93cabe-fb8d-4a46-97ee-60051110237a	TCGA-DX-A48O	Structural Variation	BEDPE	RNA-Seq	2f387d69-1155-4fbe-8380-397d2ec771b9	TCGA-SARC.b60621e7-22a2-400a-85d5-29489f6501d6.star_fusion.rna_fusion.bedpe	2f387d69-1155-4fbe-8380-397d2ec771b9
controlled	ecc74d54-d929-4dd0-b9ec-e03163343f9a	TCGA-DX-A6YX	Sequencing Reads	BAM	RNA-Seq	26685b46-ef74-4fb7-8ac0-1b975aaafab2	0916a18c-2f0f-4b7c-8570-ac8931a16c33.rna_seq.transcriptome.gdc_realn.bam	26685b46-ef74-4fb7-8ac0-1b975aaafab2
controlled	ecc74d54-d929-4dd0-b9ec-e03163343f9a	TCGA-DX-A6YX	Structural Variation	BEDPE	RNA-Seq	3a9d71c1-84f1-4a2d-86e4-6bb4b95444e7	TCGA-SARC.57496d26-c082-4424-b212-5221d588c846.star_fusion.rna_fusion.bedpe	3a9d71c1-84f1-4a2d-86e4-6bb4b95444e7
controlled	f6534e53-ea96-4e51-b93f-8aa045f6775d	TCGA-DX-AB2O	Structural Variation	TSV	RNA-Seq	f6fbd946-2850-4147-9458-517e065b0f88	TCGA-SARC.c6ccf989-0a06-4c33-9fa4-d4b1aa2954d2.arriba.rna_fusion.tsv	f6fbd946-2850-4147-9458-517e065b0f88
open	f6534e53-ea96-4e51-b93f-8aa045f6775d	TCGA-DX-AB2O	Transcriptome Profiling	TSV	RNA-Seq	abd71316-4e42-47d3-a33f-4964a52b1739	8c3d734b-1fba-41e3-ac3e-240afeef43b3.rna_seq.augmented_star_gene_counts.tsv	abd71316-4e42-47d3-a33f-4964a52b1739
controlled	f6534e53-ea96-4e51-b93f-8aa045f6775d	TCGA-DX-AB2O	Structural Variation	BEDPE	RNA-Seq	23ec21e3-c91e-4e1c-8555-f39168ef843d	TCGA-SARC.3ebf3422-1970-4aeb-8f68-5b719ad8bab4.star_fusion.rna_fusion.bedpe	23ec21e3-c91e-4e1c-8555-f39168ef843d
controlled	0f94362d-368f-4570-b8c1-70fc4b1f5e35	TCGA-QQ-A5VB	Sequencing Reads	BAM	RNA-Seq	5a0b4685-78ab-4d24-be6a-ad1b17bcf1c3	2ce41ff1-effd-44aa-b1ce-865543e3d160.rna_seq.genomic.gdc_realn.bam	5a0b4685-78ab-4d24-be6a-ad1b17bcf1c3
controlled	1cbcfbb0-fcad-4ccd-8e83-120faa3e0df3	TCGA-UE-A6QU	Transcriptome Profiling	TSV	RNA-Seq	718117bd-bb12-46d0-a83c-66204bb0255a	6c551199-3c5b-4365-8510-46710e960819.rna_seq.star_splice_junctions.tsv.gz	718117bd-bb12-46d0-a83c-66204bb0255a
controlled	1cbcfbb0-fcad-4ccd-8e83-120faa3e0df3	TCGA-UE-A6QU	Structural Variation	TSV	RNA-Seq	d8556b6c-21ce-4052-9998-284cfae2c451	TCGA-SARC.1c1a8645-ba63-455f-b86f-4e8e7a8bb889.arriba.rna_fusion.tsv	d8556b6c-21ce-4052-9998-284cfae2c451
controlled	1cbcfbb0-fcad-4ccd-8e83-120faa3e0df3	TCGA-UE-A6QU	Sequencing Reads	BAM	RNA-Seq	4e9f75ff-3d73-42d7-8baa-579f093157e5	6c551199-3c5b-4365-8510-46710e960819.rna_seq.chimeric.gdc_realn.bam	4e9f75ff-3d73-42d7-8baa-579f093157e5
controlled	16a4412f-0256-498d-b77b-4aecfed34091	TCGA-FX-A3TO	Transcriptome Profiling	TSV	RNA-Seq	be189327-aa57-4a84-8a13-0cfffcc9203f	98404a70-14a1-4d8f-a4cb-d5a9d2fedb02.rna_seq.star_splice_junctions.tsv.gz	be189327-aa57-4a84-8a13-0cfffcc9203f
controlled	4c323272-2e94-4910-a894-7836570852cd	TCGA-QQ-A8VB	Structural Variation	BEDPE	RNA-Seq	6df6334c-27d5-4a04-a48a-d5eacdf5a3bf	TCGA-SARC.e8498e57-2a0d-490c-bb81-c9c6064a3c5b.arriba.rna_fusion.bedpe	6df6334c-27d5-4a04-a48a-d5eacdf5a3bf
controlled	1cbcfbb0-fcad-4ccd-8e83-120faa3e0df3	TCGA-UE-A6QU	Sequencing Reads	BAM	RNA-Seq	60eb59b8-a389-42bf-b281-ab540efb6533	6c551199-3c5b-4365-8510-46710e960819.rna_seq.genomic.gdc_realn.bam	60eb59b8-a389-42bf-b281-ab540efb6533
controlled	1007195a-7b6a-4575-b6d1-075d76a997ff	TCGA-DX-A6YR	Structural Variation	BEDPE	RNA-Seq	41a8f9e1-e24b-47e6-bbda-c587c538de52	TCGA-SARC.e9a3dfac-aebd-4ece-9fb6-ec7ef41ad3b1.star_fusion.rna_fusion.bedpe	41a8f9e1-e24b-47e6-bbda-c587c538de52
controlled	1007195a-7b6a-4575-b6d1-075d76a997ff	TCGA-DX-A6YR	Structural Variation	TSV	RNA-Seq	f6c1a100-e531-4cc6-bd5c-8aaa09928821	TCGA-SARC.f09150f8-1553-4edf-bd41-7ab4a10c51a6.arriba.rna_fusion.tsv	f6c1a100-e531-4cc6-bd5c-8aaa09928821
controlled	4c323272-2e94-4910-a894-7836570852cd	TCGA-QQ-A8VB	Sequencing Reads	BAM	RNA-Seq	09ee0b59-cc07-4d67-8622-58d641b697eb	33f7c52f-9c7a-4b5e-a864-d3c65eb1a8cb.rna_seq.chimeric.gdc_realn.bam	09ee0b59-cc07-4d67-8622-58d641b697eb
open	1007195a-7b6a-4575-b6d1-075d76a997ff	TCGA-DX-A6YR	Transcriptome Profiling	TSV	RNA-Seq	910bd331-fe82-4a3c-ac82-376d13733169	477e1ddd-9a50-4f0f-bc8e-141b0f9363a6.rna_seq.augmented_star_gene_counts.tsv	910bd331-fe82-4a3c-ac82-376d13733169
controlled	16a4412f-0256-498d-b77b-4aecfed34091	TCGA-FX-A3TO	Structural Variation	BEDPE	RNA-Seq	0b18cbe6-cea8-4a8e-b7c8-cd989dbb1c6e	TCGA-SARC.d02e7695-75d8-4003-b2f8-eee55e689b24.star_fusion.rna_fusion.bedpe	0b18cbe6-cea8-4a8e-b7c8-cd989dbb1c6e
controlled	1d03c1e5-8ab1-46b7-a46c-3738d463fd1c	TCGA-DX-AB37	Sequencing Reads	BAM	RNA-Seq	8a34f422-bacd-4bd9-bdcb-de89b433a143	380689c7-524b-4d73-80a9-3f07e8459ac1.rna_seq.genomic.gdc_realn.bam	8a34f422-bacd-4bd9-bdcb-de89b433a143
controlled	dcd4d76e-4e41-4a84-b87c-6c94586e73f4	TCGA-IS-A3K8	Structural Variation	BEDPE	RNA-Seq	4a7a9e25-2ca7-490f-96c5-89cd062d0a95	TCGA-SARC.abd4e798-b17f-450b-b347-d0eec8f57562.star_fusion.rna_fusion.bedpe	4a7a9e25-2ca7-490f-96c5-89cd062d0a95
controlled	17cecba9-37ed-4967-8756-e0f7c20c8209	TCGA-MJ-A850	Sequencing Reads	BAM	RNA-Seq	abe0d633-62d0-48e3-a8b1-8af4aff4f4bf	aad84d92-e1da-4de9-a35c-1c99585341b6.rna_seq.genomic.gdc_realn.bam	abe0d633-62d0-48e3-a8b1-8af4aff4f4bf
controlled	17cecba9-37ed-4967-8756-e0f7c20c8209	TCGA-MJ-A850	Structural Variation	TSV	RNA-Seq	3f1067e0-f5f3-4ad0-b545-6f7c785b7379	TCGA-SARC.7efe7a5d-58c9-454b-8f85-b8b89080d7bc.arriba.rna_fusion.tsv	3f1067e0-f5f3-4ad0-b545-6f7c785b7379
controlled	dcd4d76e-4e41-4a84-b87c-6c94586e73f4	TCGA-IS-A3K8	Structural Variation	BEDPE	RNA-Seq	afd29580-406b-4dd1-93ea-d2c80170c640	TCGA-SARC.720ebac4-9e4e-442f-96ac-3e388e8a5c97.arriba.rna_fusion.bedpe	afd29580-406b-4dd1-93ea-d2c80170c640
controlled	17cecba9-37ed-4967-8756-e0f7c20c8209	TCGA-MJ-A850	Sequencing Reads	BAM	RNA-Seq	7132766e-b205-4165-8221-e6f15c095560	aad84d92-e1da-4de9-a35c-1c99585341b6.rna_seq.chimeric.gdc_realn.bam	7132766e-b205-4165-8221-e6f15c095560
open	257dc623-41e1-4fa3-859c-c787db10bd60	TCGA-IS-A3KA	Transcriptome Profiling	TSV	RNA-Seq	142bc2b0-8b47-4ff9-a338-d2015ef90c33	3d174fee-a4f6-4d8e-8bc8-0f87c38d6893.rna_seq.augmented_star_gene_counts.tsv	142bc2b0-8b47-4ff9-a338-d2015ef90c33
controlled	1db4962a-3cf7-4f36-bd60-46a1b63b6c20	TCGA-SG-A6Z4	Sequencing Reads	BAM	RNA-Seq	a7d7a9dc-f902-4312-9dfd-65a5e520dd0a	b7ebf1e6-862c-419b-8cdc-33ddb5814c91.rna_seq.transcriptome.gdc_realn.bam	a7d7a9dc-f902-4312-9dfd-65a5e520dd0a
controlled	109df703-2865-4b4c-8e4b-badff8eb3f22	TCGA-HB-A3YV	Structural Variation	TSV	RNA-Seq	4e05b8b5-495f-4370-b3c7-e17973b6a451	TCGA-SARC.d1276a4f-cfd1-4bf4-a99b-3885897d7ac0.arriba.rna_fusion.tsv	4e05b8b5-495f-4370-b3c7-e17973b6a451
controlled	2892ee84-ac7c-4e0e-8311-ce721d6afc32	TCGA-SG-A6Z7	Sequencing Reads	BAM	RNA-Seq	8f013877-10d6-4e71-9f81-33c4abe4bd3b	35af0e07-3397-4843-9a78-23b33535b8a3.rna_seq.transcriptome.gdc_realn.bam	8f013877-10d6-4e71-9f81-33c4abe4bd3b
controlled	212c9acc-d5ad-4b31-91bc-7ab72233aec6	TCGA-DX-A23V	Structural Variation	TSV	RNA-Seq	d19f7329-d6f2-42c0-aea2-53752c4248c9	TCGA-SARC.f5590e73-dd40-4f07-9f81-4260f65b9846.arriba.rna_fusion.tsv	d19f7329-d6f2-42c0-aea2-53752c4248c9
controlled	1ad65834-8bac-4b80-8b2e-2588548ea003	TCGA-DX-A6Z2	Sequencing Reads	BAM	RNA-Seq	667014f3-1049-4336-94a3-bd4bcc829d83	49285c67-b67a-4dd0-9d61-406b204e749d.rna_seq.genomic.gdc_realn.bam	667014f3-1049-4336-94a3-bd4bcc829d83
controlled	a34cfb9c-44dd-4617-bbd1-28edc8d527c4	TCGA-MO-A47P	Sequencing Reads	BAM	RNA-Seq	a1419672-57d6-41e1-a544-fc552f3a9b0e	d4feb535-fd31-4b22-b3dd-3db99227a658.rna_seq.genomic.gdc_realn.bam	a1419672-57d6-41e1-a544-fc552f3a9b0e
controlled	2892ee84-ac7c-4e0e-8311-ce721d6afc32	TCGA-SG-A6Z7	Structural Variation	BEDPE	RNA-Seq	8cecfccf-2287-4d55-be0e-a1a2d93ea7cb	TCGA-SARC.6d1537df-cae3-46fc-b119-dc7f7e445c1f.star_fusion.rna_fusion.bedpe	8cecfccf-2287-4d55-be0e-a1a2d93ea7cb
controlled	212c9acc-d5ad-4b31-91bc-7ab72233aec6	TCGA-DX-A23V	Transcriptome Profiling	TSV	RNA-Seq	235f9051-3bda-4bb1-b4e3-b1675b4a3e91	e1acdc3b-522d-48b1-985f-3ab7292bbe4e.rna_seq.star_splice_junctions.tsv.gz	235f9051-3bda-4bb1-b4e3-b1675b4a3e91
controlled	2892ee84-ac7c-4e0e-8311-ce721d6afc32	TCGA-SG-A6Z7	Structural Variation	BEDPE	RNA-Seq	965262c8-1be6-490a-ad6e-8fc220a14e60	TCGA-SARC.1450adb5-e715-4a57-841e-f9532ef17518.arriba.rna_fusion.bedpe	965262c8-1be6-490a-ad6e-8fc220a14e60
open	2e3665ef-d572-478f-9415-db61c3753613	TCGA-MB-A5YA	Transcriptome Profiling	TSV	RNA-Seq	a93bec2d-9e64-46ee-a57a-2e53c36298a8	a8c98035-15f9-4ca8-9fd1-6918c978fb76.rna_seq.augmented_star_gene_counts.tsv	a93bec2d-9e64-46ee-a57a-2e53c36298a8
controlled	a34cfb9c-44dd-4617-bbd1-28edc8d527c4	TCGA-MO-A47P	Transcriptome Profiling	TSV	RNA-Seq	25048a4b-99f0-4eba-8e42-e747a247b791	d4feb535-fd31-4b22-b3dd-3db99227a658.rna_seq.star_splice_junctions.tsv.gz	25048a4b-99f0-4eba-8e42-e747a247b791
controlled	2892ee84-ac7c-4e0e-8311-ce721d6afc32	TCGA-SG-A6Z7	Transcriptome Profiling	TSV	RNA-Seq	5ab857de-afcb-4195-9f2b-d0fbee2ce17e	35af0e07-3397-4843-9a78-23b33535b8a3.rna_seq.star_splice_junctions.tsv.gz	5ab857de-afcb-4195-9f2b-d0fbee2ce17e
controlled	23409c1c-9fc2-4c54-8c94-e1aabe05c301	TCGA-DX-A2J1	Sequencing Reads	BAM	RNA-Seq	444a0739-b058-42ae-9d30-803e266b18bd	bf09de24-29df-49ce-8fb2-d583b1ade20f.rna_seq.transcriptome.gdc_realn.bam	444a0739-b058-42ae-9d30-803e266b18bd
controlled	1ad65834-8bac-4b80-8b2e-2588548ea003	TCGA-DX-A6Z2	Structural Variation	BEDPE	RNA-Seq	9dfb4075-bedd-4231-8414-3a4f98842bcc	TCGA-SARC.4d254b05-4810-482c-b9b0-863956b90c9a.arriba.rna_fusion.bedpe	9dfb4075-bedd-4231-8414-3a4f98842bcc
controlled	a34cfb9c-44dd-4617-bbd1-28edc8d527c4	TCGA-MO-A47P	Structural Variation	TSV	RNA-Seq	3e9f5dc8-1361-4510-8608-fd24818841a4	TCGA-SARC.24c53c1a-d562-40af-9b04-22b64ae18e40.arriba.rna_fusion.tsv	3e9f5dc8-1361-4510-8608-fd24818841a4
controlled	2e3665ef-d572-478f-9415-db61c3753613	TCGA-MB-A5YA	Sequencing Reads	BAM	RNA-Seq	4e668104-3bec-4bba-a55e-ed8bd909045a	a8c98035-15f9-4ca8-9fd1-6918c978fb76.rna_seq.genomic.gdc_realn.bam	4e668104-3bec-4bba-a55e-ed8bd909045a
controlled	1ad65834-8bac-4b80-8b2e-2588548ea003	TCGA-DX-A6Z2	Sequencing Reads	BAM	RNA-Seq	575b8f2a-c0a8-4e36-baad-54c42b6b4e58	49285c67-b67a-4dd0-9d61-406b204e749d.rna_seq.transcriptome.gdc_realn.bam	575b8f2a-c0a8-4e36-baad-54c42b6b4e58
controlled	23409c1c-9fc2-4c54-8c94-e1aabe05c301	TCGA-DX-A2J1	Structural Variation	TSV	RNA-Seq	6a453a8e-d71f-48fa-ad0f-b9c249474133	TCGA-SARC.5bb50f3c-790b-42ce-88ca-d2767c5b7045.star_fusion.rna_fusion.tsv	6a453a8e-d71f-48fa-ad0f-b9c249474133
controlled	239505ce-f2f1-477e-8ae2-b7065989ba79	TCGA-K1-A6RT	Transcriptome Profiling	TSV	RNA-Seq	6f6a620e-e8dc-4dca-b393-6ee421a9e72d	bc261dd7-70bd-45dc-b979-d631363ea498.rna_seq.star_splice_junctions.tsv.gz	6f6a620e-e8dc-4dca-b393-6ee421a9e72d
controlled	3ea1cbd8-f74a-4b14-aa49-23d5a47716ba	TCGA-IW-A3M6	Structural Variation	TSV	RNA-Seq	13bb87f7-d8de-4054-b85e-c96d7e75c462	TCGA-SARC.de788094-94f1-4b5b-ac0f-9742727afd07.star_fusion.rna_fusion.tsv	13bb87f7-d8de-4054-b85e-c96d7e75c462
controlled	28c50a5c-e0ea-4f93-b34c-b0a651264539	TCGA-HS-A5N7	Structural Variation	BEDPE	RNA-Seq	21109897-98c7-47ee-b0bd-a8ca7adf7073	TCGA-SARC.f057cb91-e6e1-4b01-bfe8-a8cd48ef1db9.star_fusion.rna_fusion.bedpe	21109897-98c7-47ee-b0bd-a8ca7adf7073
controlled	3ea1cbd8-f74a-4b14-aa49-23d5a47716ba	TCGA-IW-A3M6	Sequencing Reads	BAM	RNA-Seq	dc247f28-bc4b-4ac5-baf5-abe249b79048	d1a8858e-45aa-4af5-a864-47d7a8771502.rna_seq.transcriptome.gdc_realn.bam	dc247f28-bc4b-4ac5-baf5-abe249b79048
controlled	2a2f2663-d813-41ff-a4e2-dfe0f16d236d	TCGA-3B-A9HY	Sequencing Reads	BAM	RNA-Seq	70211a1f-314c-4a52-9c14-59b58e4a5e92	9f9a0df0-55d0-4156-a8f3-887aa35bec2f.rna_seq.transcriptome.gdc_realn.bam	70211a1f-314c-4a52-9c14-59b58e4a5e92
controlled	2a2f2663-d813-41ff-a4e2-dfe0f16d236d	TCGA-3B-A9HY	Structural Variation	BEDPE	RNA-Seq	53a7aff8-2d46-44f3-acdf-0d6eccf758e8	TCGA-SARC.3e5fd447-36d2-4470-a113-2422d16a43ee.arriba.rna_fusion.bedpe	53a7aff8-2d46-44f3-acdf-0d6eccf758e8
controlled	2ebfbd8e-7db2-4cd7-bf1c-a0c27fcf07e7	TCGA-QC-A7B5	Structural Variation	BEDPE	RNA-Seq	80613c66-5de6-4e35-a25c-d4d841beeb2e	TCGA-SARC.102c8344-eda3-42e2-90e9-b87b34d009dc.arriba.rna_fusion.bedpe	80613c66-5de6-4e35-a25c-d4d841beeb2e
controlled	2a2f2663-d813-41ff-a4e2-dfe0f16d236d	TCGA-3B-A9HY	Structural Variation	BEDPE	RNA-Seq	7fae1980-8b37-4510-b01d-1ab2eeafec40	TCGA-SARC.20ed8e6f-d0c9-4bf9-8423-e0d2c8949ec3.star_fusion.rna_fusion.bedpe	7fae1980-8b37-4510-b01d-1ab2eeafec40
controlled	24d08a93-d078-407b-8d93-5f7a099821eb	TCGA-IE-A3OV	Sequencing Reads	BAM	RNA-Seq	383a545e-028a-4b3c-8a5e-8cd8eb59f155	cd71a1ed-c28e-4832-a173-4ae907b8a240.rna_seq.genomic.gdc_realn.bam	383a545e-028a-4b3c-8a5e-8cd8eb59f155
open	32344f23-524b-4182-ae75-6ad6128eeba0	TCGA-IE-A4EH	Transcriptome Profiling	TSV	RNA-Seq	841bc733-99d8-4670-b202-4873c8522401	0c548b67-ee0e-415b-9abe-3adfa907aa5b.rna_seq.augmented_star_gene_counts.tsv	841bc733-99d8-4670-b202-4873c8522401
controlled	2a2f2663-d813-41ff-a4e2-dfe0f16d236d	TCGA-3B-A9HY	Structural Variation	TSV	RNA-Seq	c1fdde2d-3310-408f-a96e-ac0c021f32c9	TCGA-SARC.3e5fd447-36d2-4470-a113-2422d16a43ee.arriba.rna_fusion.tsv	c1fdde2d-3310-408f-a96e-ac0c021f32c9
controlled	24d08a93-d078-407b-8d93-5f7a099821eb	TCGA-IE-A3OV	Structural Variation	BEDPE	RNA-Seq	d2fcd5b6-b8e0-4798-aebf-a86c2aaf9b29	TCGA-SARC.190973f0-823b-4179-9590-51fa3d010569.arriba.rna_fusion.bedpe	d2fcd5b6-b8e0-4798-aebf-a86c2aaf9b29
controlled	2ebfbd8e-7db2-4cd7-bf1c-a0c27fcf07e7	TCGA-QC-A7B5	Transcriptome Profiling	TSV	RNA-Seq	5b19c73b-8ea4-45c1-bb9b-2060504493d6	50c3598b-ad7c-403c-bf29-24bffb83651f.rna_seq.star_splice_junctions.tsv.gz	5b19c73b-8ea4-45c1-bb9b-2060504493d6
controlled	2c9f737b-0d37-4931-aff5-4562a0057bae	TCGA-DX-A7EI	Transcriptome Profiling	TSV	RNA-Seq	c9646dae-1458-4a26-a8eb-11d4bbc67903	a9ca32c0-ef12-4916-b83a-ba64c80f2ba6.rna_seq.star_splice_junctions.tsv.gz	c9646dae-1458-4a26-a8eb-11d4bbc67903
controlled	2ebfbd8e-7db2-4cd7-bf1c-a0c27fcf07e7	TCGA-QC-A7B5	Structural Variation	TSV	RNA-Seq	847866f3-9166-4bce-9bd2-70141c7d0664	TCGA-SARC.102c8344-eda3-42e2-90e9-b87b34d009dc.arriba.rna_fusion.tsv	847866f3-9166-4bce-9bd2-70141c7d0664
controlled	2948d657-e5dd-4d6e-91b5-88c54f73ac31	TCGA-HS-A5N9	Sequencing Reads	BAM	RNA-Seq	bebc9eb1-58f4-45a3-bf95-238881e6f394	8e3ba195-d539-4876-a300-4f5855b145c6.rna_seq.genomic.gdc_realn.bam	bebc9eb1-58f4-45a3-bf95-238881e6f394
open	2c9f737b-0d37-4931-aff5-4562a0057bae	TCGA-DX-A7EI	Transcriptome Profiling	TSV	RNA-Seq	d8dba5b3-e988-4b4c-8b21-86b56d523673	a9ca32c0-ef12-4916-b83a-ba64c80f2ba6.rna_seq.augmented_star_gene_counts.tsv	d8dba5b3-e988-4b4c-8b21-86b56d523673
controlled	2c9f737b-0d37-4931-aff5-4562a0057bae	TCGA-DX-A7EI	Sequencing Reads	BAM	RNA-Seq	25f26c77-ff55-4d67-abba-7a8bdbbebd08	a9ca32c0-ef12-4916-b83a-ba64c80f2ba6.rna_seq.genomic.gdc_realn.bam	25f26c77-ff55-4d67-abba-7a8bdbbebd08
controlled	2ebfbd8e-7db2-4cd7-bf1c-a0c27fcf07e7	TCGA-QC-A7B5	Sequencing Reads	BAM	RNA-Seq	a91b0165-04fd-4e19-8e4e-9cc96f20c06b	50c3598b-ad7c-403c-bf29-24bffb83651f.rna_seq.genomic.gdc_realn.bam	a91b0165-04fd-4e19-8e4e-9cc96f20c06b
open	2ff01040-5270-4895-bbfa-5819b46ef444	TCGA-DX-A1KZ	Transcriptome Profiling	TSV	RNA-Seq	5686cbac-5829-4b9d-8edc-fddbfe85358d	0cc696ce-2d72-437a-80ba-7be1b7aba09c.rna_seq.augmented_star_gene_counts.tsv	5686cbac-5829-4b9d-8edc-fddbfe85358d
controlled	319243bf-d96f-454f-b007-3468d76869df	TCGA-DX-A23Y	Sequencing Reads	BAM	RNA-Seq	5e3fa059-e295-4948-94b5-c40eb911bbed	9072ce75-a6e8-424c-9633-68880fb5d441.rna_seq.chimeric.gdc_realn.bam	5e3fa059-e295-4948-94b5-c40eb911bbed
controlled	319243bf-d96f-454f-b007-3468d76869df	TCGA-DX-A23Y	Structural Variation	TSV	RNA-Seq	edac7484-8a6b-4a7b-afac-141b4ecabfbf	TCGA-SARC.17c7acd1-70eb-499f-8571-a2d7b7b3d123.arriba.rna_fusion.tsv	edac7484-8a6b-4a7b-afac-141b4ecabfbf
controlled	319243bf-d96f-454f-b007-3468d76869df	TCGA-DX-A23Y	Sequencing Reads	BAM	RNA-Seq	fff170d0-0ac9-4998-ad41-0eb234914fa2	9072ce75-a6e8-424c-9633-68880fb5d441.rna_seq.genomic.gdc_realn.bam	fff170d0-0ac9-4998-ad41-0eb234914fa2
controlled	2ff6aede-7bcd-440b-99ab-7a023faf658e	TCGA-DX-A2J0	Sequencing Reads	BAM	RNA-Seq	c38f1d3c-ceb2-48e2-bb46-60491bb245e3	9e6d451d-7e9f-4a3f-87aa-7e9259c8ba56.rna_seq.genomic.gdc_realn.bam	c38f1d3c-ceb2-48e2-bb46-60491bb245e3
controlled	2cacd9d0-8414-4f17-8259-c9d838597f39	TCGA-DX-A3LW	Sequencing Reads	BAM	RNA-Seq	24e0cbbb-64ee-4a3b-843f-0df3c9994593	e7ed5392-da94-468a-8565-917189e12f2e.rna_seq.chimeric.gdc_realn.bam	24e0cbbb-64ee-4a3b-843f-0df3c9994593
controlled	2cacd9d0-8414-4f17-8259-c9d838597f39	TCGA-DX-A3LW	Structural Variation	BEDPE	RNA-Seq	08025691-1ea2-415d-8a48-3fb7d6e4392a	TCGA-SARC.b0aeb5ae-e657-4de3-b7e8-989fe5008981.arriba.rna_fusion.bedpe	08025691-1ea2-415d-8a48-3fb7d6e4392a
open	32377dd2-c2a2-44ff-8938-b8cfb35db79c	TCGA-3B-A9HZ	Transcriptome Profiling	TSV	RNA-Seq	c3d3d5e9-8ece-4274-a540-d9ea47bd32d8	b46cefa9-8c2b-401b-845b-d58101807cbd.rna_seq.augmented_star_gene_counts.tsv	c3d3d5e9-8ece-4274-a540-d9ea47bd32d8
controlled	32377dd2-c2a2-44ff-8938-b8cfb35db79c	TCGA-3B-A9HZ	Structural Variation	TSV	RNA-Seq	3f21b8b7-67e4-4d96-8123-5f61135b197c	TCGA-SARC.a79aabeb-ebb4-475f-8be0-b0bca8beba0b.arriba.rna_fusion.tsv	3f21b8b7-67e4-4d96-8123-5f61135b197c
controlled	32377dd2-c2a2-44ff-8938-b8cfb35db79c	TCGA-3B-A9HZ	Sequencing Reads	BAM	RNA-Seq	c4975bbd-b6fa-4bfc-8548-7da9d0616d99	b46cefa9-8c2b-401b-845b-d58101807cbd.rna_seq.genomic.gdc_realn.bam	c4975bbd-b6fa-4bfc-8548-7da9d0616d99
controlled	39e24241-cb1f-445e-b167-82ee44bfc14e	TCGA-X6-A8C3	Sequencing Reads	BAM	RNA-Seq	421a0f2d-71fb-4f78-b89b-03c5eaf4f2ab	fd7280bf-b8d7-436a-a5f7-e3ae29d0e4a1.rna_seq.transcriptome.gdc_realn.bam	421a0f2d-71fb-4f78-b89b-03c5eaf4f2ab
controlled	39e24241-cb1f-445e-b167-82ee44bfc14e	TCGA-X6-A8C3	Sequencing Reads	BAM	RNA-Seq	c9a66698-668d-4e72-9226-13a11318970e	fd7280bf-b8d7-436a-a5f7-e3ae29d0e4a1.rna_seq.chimeric.gdc_realn.bam	c9a66698-668d-4e72-9226-13a11318970e
controlled	2ff6aede-7bcd-440b-99ab-7a023faf658e	TCGA-DX-A2J0	Structural Variation	BEDPE	RNA-Seq	f779f135-77dc-4d93-b11f-04a848c15880	TCGA-SARC.79c67d0c-5b7e-499e-b53f-2e94a048b190.star_fusion.rna_fusion.bedpe	f779f135-77dc-4d93-b11f-04a848c15880
controlled	3239cd26-98ef-4470-9e2e-c43f03d9ab0d	TCGA-X6-A8C5	Structural Variation	BEDPE	RNA-Seq	5f8a19ff-8310-4d43-9e1d-c1b1f64942e3	TCGA-SARC.bb8df6f0-6771-4603-b19d-39c270f5be5a.star_fusion.rna_fusion.bedpe	5f8a19ff-8310-4d43-9e1d-c1b1f64942e3
controlled	3239cd26-98ef-4470-9e2e-c43f03d9ab0d	TCGA-X6-A8C5	Structural Variation	TSV	RNA-Seq	9dd545b5-287a-455d-8a25-1e628ed0e884	TCGA-SARC.f9f9f697-1bce-4001-8fd2-730dd1f91c28.arriba.rna_fusion.tsv	9dd545b5-287a-455d-8a25-1e628ed0e884
controlled	2d468c02-45f7-4b4b-920a-557ae6c91a43	TCGA-DX-AB2W	Structural Variation	BEDPE	RNA-Seq	9e603d7e-7a61-4a63-8ea1-17d1ee3f7bbe	TCGA-SARC.d6fb234a-5cdf-49d7-b25c-874616d807d5.arriba.rna_fusion.bedpe	9e603d7e-7a61-4a63-8ea1-17d1ee3f7bbe
controlled	2d468c02-45f7-4b4b-920a-557ae6c91a43	TCGA-DX-AB2W	Structural Variation	TSV	RNA-Seq	93d848f9-9827-4814-90a0-427faec2997e	TCGA-SARC.0fd9b7f9-5af6-4989-a4fc-b42b6f2ba2a6.star_fusion.rna_fusion.tsv	93d848f9-9827-4814-90a0-427faec2997e
controlled	30274b4f-13d5-40ac-8929-a986860f38db	TCGA-DX-A8BS	Sequencing Reads	BAM	RNA-Seq	9f8d0c4a-3ac5-41f5-8d98-b12e957c01e2	29ae98e2-a686-4de5-946c-b0f0f839cd5e.rna_seq.genomic.gdc_realn.bam	9f8d0c4a-3ac5-41f5-8d98-b12e957c01e2
controlled	39f68467-3d37-4b19-aa43-ed7b120c619d	TCGA-DX-A3LS	Transcriptome Profiling	TSV	RNA-Seq	b9de065b-142c-4dd8-806d-660e8861989c	8ecde29f-4330-44be-a062-7e8be94a037c.rna_seq.star_splice_junctions.tsv.gz	b9de065b-142c-4dd8-806d-660e8861989c
controlled	39f68467-3d37-4b19-aa43-ed7b120c619d	TCGA-DX-A3LS	Structural Variation	BEDPE	RNA-Seq	6de5d1c3-e4e1-4366-97bf-dbb8eeb43092	TCGA-SARC.cf2ebc96-d0eb-4fe4-9d30-012b11908112.star_fusion.rna_fusion.bedpe	6de5d1c3-e4e1-4366-97bf-dbb8eeb43092
open	39f68467-3d37-4b19-aa43-ed7b120c619d	TCGA-DX-A3LS	Transcriptome Profiling	TSV	RNA-Seq	88436e6d-ba99-484a-9ee4-ec7b771cb0ad	8ecde29f-4330-44be-a062-7e8be94a037c.rna_seq.augmented_star_gene_counts.tsv	88436e6d-ba99-484a-9ee4-ec7b771cb0ad
controlled	3239cd26-98ef-4470-9e2e-c43f03d9ab0d	TCGA-X6-A8C5	Sequencing Reads	BAM	RNA-Seq	2bfa89f9-f022-4229-8680-61e58d927c52	30cbb48b-d8c4-4846-b4d2-c3f5764a12fa.rna_seq.genomic.gdc_realn.bam	2bfa89f9-f022-4229-8680-61e58d927c52
controlled	47a0e4a8-140f-475c-878d-8e03df3f82de	TCGA-DX-A7ET	Sequencing Reads	BAM	RNA-Seq	a004ccc5-2ad6-49db-a80c-d4dc809c1a5e	cbe51411-2d2f-4126-8630-98fc391e250a.rna_seq.genomic.gdc_realn.bam	a004ccc5-2ad6-49db-a80c-d4dc809c1a5e
controlled	4d016bd8-006c-4a90-ace7-28f151624112	TCGA-QQ-A8VF	Sequencing Reads	BAM	RNA-Seq	b137e4be-ca0c-4441-9153-6b508b127a8c	e5e00619-a18a-4039-be25-74e8e6ca7420.rna_seq.chimeric.gdc_realn.bam	b137e4be-ca0c-4441-9153-6b508b127a8c
controlled	4d016bd8-006c-4a90-ace7-28f151624112	TCGA-QQ-A8VF	Transcriptome Profiling	TSV	RNA-Seq	d0648889-0f98-454e-be5d-12e3a99c52d6	e5e00619-a18a-4039-be25-74e8e6ca7420.rna_seq.star_splice_junctions.tsv.gz	d0648889-0f98-454e-be5d-12e3a99c52d6
controlled	4d016bd8-006c-4a90-ace7-28f151624112	TCGA-QQ-A8VF	Structural Variation	BEDPE	RNA-Seq	bc7bd9dc-67eb-4e17-912d-3d5de26f3db3	TCGA-SARC.b4580e5a-3955-4a7e-b89c-f931d3ef5057.arriba.rna_fusion.bedpe	bc7bd9dc-67eb-4e17-912d-3d5de26f3db3
controlled	47f18eee-3e56-4388-aac3-9ac141bcb414	TCGA-DX-A8BN	Sequencing Reads	BAM	RNA-Seq	d855fd57-e1ae-483c-b3bb-76056ced2560	46ee6c04-443e-495b-b9d7-ea8f3c50b594.rna_seq.chimeric.gdc_realn.bam	d855fd57-e1ae-483c-b3bb-76056ced2560
controlled	3505f91d-bc66-4732-84b6-18c5b32ca6b8	TCGA-DX-A3LY	Sequencing Reads	BAM	RNA-Seq	53db639f-780d-4122-a2fc-46ba42c00481	d7a15e3e-e8fc-4798-8bb8-e48f32ec7f68.rna_seq.genomic.gdc_realn.bam	53db639f-780d-4122-a2fc-46ba42c00481
controlled	47f18eee-3e56-4388-aac3-9ac141bcb414	TCGA-DX-A8BN	Transcriptome Profiling	TSV	RNA-Seq	bd9d6ef8-b54f-46ba-9a4f-e55c673fc081	46ee6c04-443e-495b-b9d7-ea8f3c50b594.rna_seq.star_splice_junctions.tsv.gz	bd9d6ef8-b54f-46ba-9a4f-e55c673fc081
controlled	47f18eee-3e56-4388-aac3-9ac141bcb414	TCGA-DX-A8BN	Structural Variation	BEDPE	RNA-Seq	c7b3c871-d2e1-470e-aac5-fb22e0659532	TCGA-SARC.23dc7a4f-6f2a-456c-9181-8fa176fb3aa4.star_fusion.rna_fusion.bedpe	c7b3c871-d2e1-470e-aac5-fb22e0659532
controlled	4d016bd8-006c-4a90-ace7-28f151624112	TCGA-QQ-A8VF	Sequencing Reads	BAM	RNA-Seq	27982f82-7bf4-409f-ae30-87f4b1e92d99	e5e00619-a18a-4039-be25-74e8e6ca7420.rna_seq.genomic.gdc_realn.bam	27982f82-7bf4-409f-ae30-87f4b1e92d99
controlled	4d016bd8-006c-4a90-ace7-28f151624112	TCGA-QQ-A8VF	Structural Variation	BEDPE	RNA-Seq	292ce020-c68d-442a-8e8c-7780566f79af	TCGA-SARC.969fe260-3ee7-4e3f-bae2-0f3bf6bf0242.star_fusion.rna_fusion.bedpe	292ce020-c68d-442a-8e8c-7780566f79af
controlled	3505f91d-bc66-4732-84b6-18c5b32ca6b8	TCGA-DX-A3LY	Structural Variation	TSV	RNA-Seq	54bb2a0c-b5a1-4bef-834a-355f39cbc035	TCGA-SARC.055b6fea-f854-4590-b380-6a57fda9cd66.arriba.rna_fusion.tsv	54bb2a0c-b5a1-4bef-834a-355f39cbc035
controlled	47fb776c-7839-4590-8f2d-6d149a0f1782	TCGA-3B-A9HV	Sequencing Reads	BAM	RNA-Seq	dcf7f15c-f3ce-4ed5-8062-0451d063b68e	33c4c223-a5af-410d-a873-59326313c5ee.rna_seq.chimeric.gdc_realn.bam	dcf7f15c-f3ce-4ed5-8062-0451d063b68e
controlled	3505f91d-bc66-4732-84b6-18c5b32ca6b8	TCGA-DX-A3LY	Transcriptome Profiling	TSV	RNA-Seq	5884b30c-f728-47cb-8bce-e0869662751a	d7a15e3e-e8fc-4798-8bb8-e48f32ec7f68.rna_seq.star_splice_junctions.tsv.gz	5884b30c-f728-47cb-8bce-e0869662751a
controlled	4d67b910-6681-45a4-9dac-6a12d67287a8	TCGA-VT-AB3D	Sequencing Reads	BAM	RNA-Seq	ccb7770e-a1cc-4728-a733-0fad5ecb7c08	fb0cd443-5e32-4933-b8d0-27985f883f6e.rna_seq.transcriptome.gdc_realn.bam	ccb7770e-a1cc-4728-a733-0fad5ecb7c08
controlled	3a835214-6fc7-4921-b014-f91decfc25f4	TCGA-DX-A23Z	Structural Variation	TSV	RNA-Seq	88f20d4b-b880-40a9-b485-514e68edf5b0	TCGA-SARC.6990de1a-67e7-4ee0-9b25-96427cf4b07d.star_fusion.rna_fusion.tsv	88f20d4b-b880-40a9-b485-514e68edf5b0
controlled	3a835214-6fc7-4921-b014-f91decfc25f4	TCGA-DX-A23Z	Transcriptome Profiling	TSV	RNA-Seq	7b09693e-9cce-41e9-b51c-1072d79e4123	bd6ba2eb-198d-452f-9cb2-b8b79ff09275.rna_seq.star_splice_junctions.tsv.gz	7b09693e-9cce-41e9-b51c-1072d79e4123
controlled	3a96e833-996a-4319-83f1-326b96f4ee80	TCGA-FX-A76Y	Sequencing Reads	BAM	RNA-Seq	90a3a271-0e68-433f-9fed-d1169205369e	f860b98e-e4cf-45d5-848e-a74ab81bd19a.rna_seq.chimeric.gdc_realn.bam	90a3a271-0e68-433f-9fed-d1169205369e
controlled	3608bfbb-2a92-4ec2-a330-bf4790a8b65c	TCGA-DX-A240	Structural Variation	TSV	RNA-Seq	2a27c3ec-b824-44da-85cf-fcba94967136	TCGA-SARC.f630c523-a28f-417e-87c3-66a0fd6d745e.arriba.rna_fusion.tsv	2a27c3ec-b824-44da-85cf-fcba94967136
controlled	47fb776c-7839-4590-8f2d-6d149a0f1782	TCGA-3B-A9HV	Structural Variation	BEDPE	RNA-Seq	7ac2ce5b-8117-49bb-b3a1-09c32254e054	TCGA-SARC.f8bfdefd-027b-4de7-ac09-e91ecdaaeccf.arriba.rna_fusion.bedpe	7ac2ce5b-8117-49bb-b3a1-09c32254e054
controlled	3a96e833-996a-4319-83f1-326b96f4ee80	TCGA-FX-A76Y	Sequencing Reads	BAM	RNA-Seq	d4a01115-a8d0-4877-bdb6-45149df07f69	f860b98e-e4cf-45d5-848e-a74ab81bd19a.rna_seq.genomic.gdc_realn.bam	d4a01115-a8d0-4877-bdb6-45149df07f69
controlled	3608bfbb-2a92-4ec2-a330-bf4790a8b65c	TCGA-DX-A240	Sequencing Reads	BAM	RNA-Seq	32fba6b4-1c8b-460f-9fb5-c873bcc204b5	0a3dc0f5-18b9-4641-a7f9-e42e33bf2a14.rna_seq.transcriptome.gdc_realn.bam	32fba6b4-1c8b-460f-9fb5-c873bcc204b5
open	3a96e833-996a-4319-83f1-326b96f4ee80	TCGA-FX-A76Y	Transcriptome Profiling	TSV	RNA-Seq	b7c79f46-8070-42a6-a2fa-ea950e41f118	f860b98e-e4cf-45d5-848e-a74ab81bd19a.rna_seq.augmented_star_gene_counts.tsv	b7c79f46-8070-42a6-a2fa-ea950e41f118
controlled	5190d965-0d48-4058-83e6-ec5879266be1	TCGA-Z4-A9VC	Structural Variation	BEDPE	RNA-Seq	c1a90711-64d7-4786-a902-809c53f63c5d	TCGA-SARC.19bdda3f-0f2c-4be1-be90-30e2a197bc95.star_fusion.rna_fusion.bedpe	c1a90711-64d7-4786-a902-809c53f63c5d
controlled	3608bfbb-2a92-4ec2-a330-bf4790a8b65c	TCGA-DX-A240	Structural Variation	BEDPE	RNA-Seq	2dc58bba-8af5-4b59-aecc-b2654b7dd5ca	TCGA-SARC.f630c523-a28f-417e-87c3-66a0fd6d745e.arriba.rna_fusion.bedpe	2dc58bba-8af5-4b59-aecc-b2654b7dd5ca
controlled	4dc28966-d2c4-4661-b71f-d7f85e536cb6	TCGA-DX-A6BA	Structural Variation	BEDPE	RNA-Seq	f8c2a65c-5e34-41b7-a322-c4c00589c97f	TCGA-SARC.6021f4ba-bac1-4421-ad61-0d6b89bdf1ff.arriba.rna_fusion.bedpe	f8c2a65c-5e34-41b7-a322-c4c00589c97f
controlled	520088b0-ffc0-4ecd-b1ed-2339811d7ad2	TCGA-HB-A3L4	Sequencing Reads	BAM	RNA-Seq	1c7083c1-3964-4def-b5d2-4d12608c221b	e62ec8a4-c371-47ec-8194-4932ffdba6d4.rna_seq.chimeric.gdc_realn.bam	1c7083c1-3964-4def-b5d2-4d12608c221b
controlled	4996e458-db04-4c6d-9ae6-66316240a8ed	TCGA-DX-A8BU	Structural Variation	TSV	RNA-Seq	131cb49e-ab3b-4dc9-8afb-b77acced00f4	TCGA-SARC.c66d4b94-e9e6-4d69-a68f-a834d4617a5d.star_fusion.rna_fusion.tsv	131cb49e-ab3b-4dc9-8afb-b77acced00f4
controlled	49fd3506-eb64-4ecd-a367-303b1d7a7fc9	TCGA-MB-A5Y8	Structural Variation	BEDPE	RNA-Seq	f9ac0860-07f1-406e-b8e4-a8ea8e0f93ef	TCGA-SARC.62011b0b-3c5d-43f7-9ddf-81df6640351c.star_fusion.rna_fusion.bedpe	f9ac0860-07f1-406e-b8e4-a8ea8e0f93ef
controlled	520088b0-ffc0-4ecd-b1ed-2339811d7ad2	TCGA-HB-A3L4	Sequencing Reads	BAM	RNA-Seq	0ef74bf8-c65b-4ec4-8c6f-ed4d5ed517ff	e62ec8a4-c371-47ec-8194-4932ffdba6d4.rna_seq.genomic.gdc_realn.bam	0ef74bf8-c65b-4ec4-8c6f-ed4d5ed517ff
controlled	3b1666cf-879d-4910-a0af-e5c9acbcc109	TCGA-DX-A6BB	Sequencing Reads	BAM	RNA-Seq	5c52d61b-10b3-4800-b2c6-86f5bb5ce573	2d63e353-f97d-43dc-b07c-705b583a06a5.rna_seq.chimeric.gdc_realn.bam	5c52d61b-10b3-4800-b2c6-86f5bb5ce573
open	3b1666cf-879d-4910-a0af-e5c9acbcc109	TCGA-DX-A6BB	Transcriptome Profiling	TSV	RNA-Seq	03ae7a6a-a7fe-4dc1-9320-21450b15b449	2d63e353-f97d-43dc-b07c-705b583a06a5.rna_seq.augmented_star_gene_counts.tsv	03ae7a6a-a7fe-4dc1-9320-21450b15b449
controlled	3b1666cf-879d-4910-a0af-e5c9acbcc109	TCGA-DX-A6BB	Structural Variation	TSV	RNA-Seq	f5af59b2-1791-4ff8-970d-73ee0acdb294	TCGA-SARC.6d7b29ba-4d2b-4c0c-a507-9e68626b10bb.arriba.rna_fusion.tsv	f5af59b2-1791-4ff8-970d-73ee0acdb294
controlled	3ed1862b-c6ef-4744-9123-bb1ee557f068	TCGA-DX-A7EN	Transcriptome Profiling	TSV	RNA-Seq	fbe093ce-2c07-4965-a6e7-9678b6853f35	f4f0b310-a2bf-4b83-bde9-e4883a55047a.rna_seq.star_splice_junctions.tsv.gz	fbe093ce-2c07-4965-a6e7-9678b6853f35
controlled	3ed1862b-c6ef-4744-9123-bb1ee557f068	TCGA-DX-A7EN	Sequencing Reads	BAM	RNA-Seq	5116004f-3170-4427-9df7-ba8ce69034d3	f4f0b310-a2bf-4b83-bde9-e4883a55047a.rna_seq.transcriptome.gdc_realn.bam	5116004f-3170-4427-9df7-ba8ce69034d3
controlled	4e8c570c-3cbe-4878-8b2c-b966868dd60d	TCGA-IF-A4AJ	Sequencing Reads	BAM	RNA-Seq	6b1818a4-16f2-47ad-a72d-37d541882095	5d9faee2-c374-4734-a104-239f0578890c.rna_seq.chimeric.gdc_realn.bam	6b1818a4-16f2-47ad-a72d-37d541882095
controlled	52c1d341-94cb-4cb8-948f-bf802fef8bd0	TCGA-DX-AATS	Sequencing Reads	BAM	RNA-Seq	274c4106-d49a-4293-b4c3-113e730ae753	c31695af-4600-4eeb-8c68-efc98ec19e8f.rna_seq.genomic.gdc_realn.bam	274c4106-d49a-4293-b4c3-113e730ae753
open	52c1d341-94cb-4cb8-948f-bf802fef8bd0	TCGA-DX-AATS	Transcriptome Profiling	TSV	RNA-Seq	f8b0316d-7047-4411-baf7-ecfc73978377	c31695af-4600-4eeb-8c68-efc98ec19e8f.rna_seq.augmented_star_gene_counts.tsv	f8b0316d-7047-4411-baf7-ecfc73978377
controlled	52c1d341-94cb-4cb8-948f-bf802fef8bd0	TCGA-DX-AATS	Transcriptome Profiling	TSV	RNA-Seq	0be7fdf5-b11a-47db-8f4d-5af316bd69de	c31695af-4600-4eeb-8c68-efc98ec19e8f.rna_seq.star_splice_junctions.tsv.gz	0be7fdf5-b11a-47db-8f4d-5af316bd69de
controlled	52c1d341-94cb-4cb8-948f-bf802fef8bd0	TCGA-DX-AATS	Structural Variation	TSV	RNA-Seq	835d22c9-d89d-47cd-b131-4bf059763994	TCGA-SARC.be5f88f7-3ce7-46d3-8bb5-38a299d00ce4.arriba.rna_fusion.tsv	835d22c9-d89d-47cd-b131-4bf059763994
controlled	3ed1862b-c6ef-4744-9123-bb1ee557f068	TCGA-DX-A7EN	Sequencing Reads	BAM	RNA-Seq	987a9b49-b3b9-486b-b20d-7677b7c1b930	f4f0b310-a2bf-4b83-bde9-e4883a55047a.rna_seq.chimeric.gdc_realn.bam	987a9b49-b3b9-486b-b20d-7677b7c1b930
controlled	506c7c3d-c414-4fc7-963d-e77106b501fb	TCGA-IE-A4EJ	Structural Variation	BEDPE	RNA-Seq	670e86ed-e0f4-46ee-84af-d7c5e0198d78	TCGA-SARC.8fd6bc20-b0b3-4aab-8531-83a222e574c0.arriba.rna_fusion.bedpe	670e86ed-e0f4-46ee-84af-d7c5e0198d78
open	506c7c3d-c414-4fc7-963d-e77106b501fb	TCGA-IE-A4EJ	Transcriptome Profiling	TSV	RNA-Seq	11c6f1af-8d4f-4034-beea-3f1625577bf8	fa9b149c-b8a4-49e4-94b3-61ecc6e9d1dd.rna_seq.augmented_star_gene_counts.tsv	11c6f1af-8d4f-4034-beea-3f1625577bf8
controlled	5452ffd8-0408-4a78-b2fd-f1e0b0d05276	TCGA-DX-A8BR	Sequencing Reads	BAM	RNA-Seq	09db5670-9c52-41d7-81c2-1ad64a613d9b	fcec5c6d-e5d3-45a9-b99e-bbbaea39b8c3.rna_seq.genomic.gdc_realn.bam	09db5670-9c52-41d7-81c2-1ad64a613d9b
controlled	5190d965-0d48-4058-83e6-ec5879266be1	TCGA-Z4-A9VC	Sequencing Reads	BAM	RNA-Seq	d88aa891-9e30-45f0-bdae-0e2875798fa9	7e083096-3209-4f5b-a8df-6b6c7cadd2f4.rna_seq.genomic.gdc_realn.bam	d88aa891-9e30-45f0-bdae-0e2875798fa9
open	5452ffd8-0408-4a78-b2fd-f1e0b0d05276	TCGA-DX-A8BR	Transcriptome Profiling	TSV	RNA-Seq	32e947e8-24cc-4286-a956-5aabc917ddb5	fcec5c6d-e5d3-45a9-b99e-bbbaea39b8c3.rna_seq.augmented_star_gene_counts.tsv	32e947e8-24cc-4286-a956-5aabc917ddb5
controlled	5a64f7e9-3833-4a3c-962b-13eb3e305c69	TCGA-IS-A3K7	Sequencing Reads	BAM	RNA-Seq	b7288e4d-5e56-489b-91bc-bd51b4706673	ee8b78b2-a0bd-42cb-a516-96eb5599e95f.rna_seq.genomic.gdc_realn.bam	b7288e4d-5e56-489b-91bc-bd51b4706673
controlled	5190d965-0d48-4058-83e6-ec5879266be1	TCGA-Z4-A9VC	Structural Variation	BEDPE	RNA-Seq	12fd73e2-c20c-46ae-a2c1-fbaebbd179c0	TCGA-SARC.5ff0ab76-8856-41de-a40a-e4162b78ae34.arriba.rna_fusion.bedpe	12fd73e2-c20c-46ae-a2c1-fbaebbd179c0
controlled	5a64f7e9-3833-4a3c-962b-13eb3e305c69	TCGA-IS-A3K7	Structural Variation	TSV	RNA-Seq	0a366827-78c1-4507-a44c-a30e9b1a542b	TCGA-SARC.508391e3-c1b2-42d7-809e-11dc386b9e03.star_fusion.rna_fusion.tsv	0a366827-78c1-4507-a44c-a30e9b1a542b
controlled	5452ffd8-0408-4a78-b2fd-f1e0b0d05276	TCGA-DX-A8BR	Sequencing Reads	BAM	RNA-Seq	02078772-4039-4f5c-a554-731c4f6b903a	fcec5c6d-e5d3-45a9-b99e-bbbaea39b8c3.rna_seq.chimeric.gdc_realn.bam	02078772-4039-4f5c-a554-731c4f6b903a
controlled	68c229a9-4c98-495a-b75a-f6f2172b075b	TCGA-QQ-A5VA	Structural Variation	TSV	RNA-Seq	d454f7b5-831a-43e6-8189-ad87abd21b25	TCGA-SARC.92889a8c-6edc-44c4-ac24-41df0667388f.star_fusion.rna_fusion.tsv	d454f7b5-831a-43e6-8189-ad87abd21b25
controlled	68c229a9-4c98-495a-b75a-f6f2172b075b	TCGA-QQ-A5VA	Structural Variation	TSV	RNA-Seq	cb0e4227-c319-4d78-b263-e0fe676045ec	TCGA-SARC.2c18b2c0-e3ba-4507-bcf7-93982f9178c2.arriba.rna_fusion.tsv	cb0e4227-c319-4d78-b263-e0fe676045ec
controlled	5467fb35-7cb4-4d13-a0bb-fe727d5b7bb1	TCGA-DX-A1L1	Sequencing Reads	BAM	RNA-Seq	19152a81-58b7-4c0e-b3f6-125af4607ea1	2e2c77d1-cd34-473a-b3ed-b326a57e7b75.rna_seq.genomic.gdc_realn.bam	19152a81-58b7-4c0e-b3f6-125af4607ea1
open	5b9d27a3-7483-4118-a719-a164800ba957	TCGA-DX-A3UF	Transcriptome Profiling	TSV	RNA-Seq	76e42a4f-6a41-46b6-b803-f12cda6cf84c	d776b2ab-5750-439e-a6f0-8e5b945438c3.rna_seq.augmented_star_gene_counts.tsv	76e42a4f-6a41-46b6-b803-f12cda6cf84c
controlled	5467fb35-7cb4-4d13-a0bb-fe727d5b7bb1	TCGA-DX-A1L1	Structural Variation	BEDPE	RNA-Seq	a8c31f34-66db-47d7-9b8d-4c2227256ab7	TCGA-SARC.cd26977f-e0a9-4bd4-ac5a-fa990a1485fa.star_fusion.rna_fusion.bedpe	a8c31f34-66db-47d7-9b8d-4c2227256ab7
controlled	5b9d27a3-7483-4118-a719-a164800ba957	TCGA-DX-A3UF	Transcriptome Profiling	TSV	RNA-Seq	184ebc0f-f8a7-4282-b46a-6912842a5f0d	d776b2ab-5750-439e-a6f0-8e5b945438c3.rna_seq.star_splice_junctions.tsv.gz	184ebc0f-f8a7-4282-b46a-6912842a5f0d
controlled	6a25aeca-126b-408b-ae13-e7df29f552b4	TCGA-DX-AB36	Sequencing Reads	BAM	RNA-Seq	4f45063b-a18b-43e1-826b-219e66a2a4c2	3cc433bc-750f-4e20-88ed-73d5f9e52c6f.rna_seq.genomic.gdc_realn.bam	4f45063b-a18b-43e1-826b-219e66a2a4c2
controlled	5b9d27a3-7483-4118-a719-a164800ba957	TCGA-DX-A3UF	Structural Variation	TSV	RNA-Seq	8a67d955-ef5a-4aa2-83c1-f092c37643d9	TCGA-SARC.664b8a01-184d-4122-b253-73ccdbb4d6a1.arriba.rna_fusion.tsv	8a67d955-ef5a-4aa2-83c1-f092c37643d9
controlled	6a25aeca-126b-408b-ae13-e7df29f552b4	TCGA-DX-AB36	Transcriptome Profiling	TSV	RNA-Seq	61b8b45b-ebff-471c-a2b9-2213c6df312a	3cc433bc-750f-4e20-88ed-73d5f9e52c6f.rna_seq.star_splice_junctions.tsv.gz	61b8b45b-ebff-471c-a2b9-2213c6df312a
open	5467fb35-7cb4-4d13-a0bb-fe727d5b7bb1	TCGA-DX-A1L1	Transcriptome Profiling	TSV	RNA-Seq	0654a78f-c19c-49e4-8477-c6bd3ba94055	2e2c77d1-cd34-473a-b3ed-b326a57e7b75.rna_seq.augmented_star_gene_counts.tsv	0654a78f-c19c-49e4-8477-c6bd3ba94055
controlled	6a25aeca-126b-408b-ae13-e7df29f552b4	TCGA-DX-AB36	Sequencing Reads	BAM	RNA-Seq	f93b7f2f-4ac7-451e-bb3e-982873cb3e72	3cc433bc-750f-4e20-88ed-73d5f9e52c6f.rna_seq.transcriptome.gdc_realn.bam	f93b7f2f-4ac7-451e-bb3e-982873cb3e72
controlled	5dbd1eed-523e-48cc-b69b-ac905a1116eb	TCGA-PT-A8TR	Sequencing Reads	BAM	RNA-Seq	9bba86be-7be9-4aae-afa0-f33d594a699b	d477e42e-b641-496e-8353-d5091df09c1e.rna_seq.transcriptome.gdc_realn.bam	9bba86be-7be9-4aae-afa0-f33d594a699b
controlled	5dbd1eed-523e-48cc-b69b-ac905a1116eb	TCGA-PT-A8TR	Sequencing Reads	BAM	RNA-Seq	9eadd2b0-98f1-4258-a589-50811403a826	d477e42e-b641-496e-8353-d5091df09c1e.rna_seq.genomic.gdc_realn.bam	9eadd2b0-98f1-4258-a589-50811403a826
controlled	5dbd1eed-523e-48cc-b69b-ac905a1116eb	TCGA-PT-A8TR	Structural Variation	BEDPE	RNA-Seq	9eb340ee-25dc-4c77-8891-cc41fcac25e0	TCGA-SARC.96add43c-7778-4abf-b343-46a023c5ee5a.star_fusion.rna_fusion.bedpe	9eb340ee-25dc-4c77-8891-cc41fcac25e0
controlled	5dbd1eed-523e-48cc-b69b-ac905a1116eb	TCGA-PT-A8TR	Structural Variation	TSV	RNA-Seq	c07ba4f7-36b2-4e7d-a2b3-59e5502f0011	TCGA-SARC.96add43c-7778-4abf-b343-46a023c5ee5a.star_fusion.rna_fusion.tsv	c07ba4f7-36b2-4e7d-a2b3-59e5502f0011
open	6a25aeca-126b-408b-ae13-e7df29f552b4	TCGA-DX-AB36	Transcriptome Profiling	TSV	RNA-Seq	6219bb3a-3d9d-45d7-8440-ba06da1ed74a	3cc433bc-750f-4e20-88ed-73d5f9e52c6f.rna_seq.augmented_star_gene_counts.tsv	6219bb3a-3d9d-45d7-8440-ba06da1ed74a
controlled	6a25aeca-126b-408b-ae13-e7df29f552b4	TCGA-DX-AB36	Structural Variation	TSV	RNA-Seq	d4ebe40f-02d8-473a-882f-78b2aaa6909d	TCGA-SARC.6dca335f-3f28-4de7-a49a-feb99fb27e2e.star_fusion.rna_fusion.tsv	d4ebe40f-02d8-473a-882f-78b2aaa6909d
controlled	6037a772-38a4-4f44-95a5-681f90b81684	TCGA-DX-A6YQ	Structural Variation	BEDPE	RNA-Seq	1df84d0a-a461-4f53-8cb8-628c3bd9c602	TCGA-SARC.1cc016c6-0794-44bc-9af3-cac7a17c9233.star_fusion.rna_fusion.bedpe	1df84d0a-a461-4f53-8cb8-628c3bd9c602
controlled	6ac81dec-4802-440b-a5f0-e6eb81a0b22b	TCGA-Z4-AAPG	Structural Variation	BEDPE	RNA-Seq	44926f37-c2f7-469f-8b6c-2360e7e1a457	TCGA-SARC.1fe1507e-26c2-49e6-9de0-f485d5567ae8.arriba.rna_fusion.bedpe	44926f37-c2f7-469f-8b6c-2360e7e1a457
controlled	6037a772-38a4-4f44-95a5-681f90b81684	TCGA-DX-A6YQ	Sequencing Reads	BAM	RNA-Seq	dd54a877-ebb5-450b-bf98-28782715e2ad	ab72317d-9a17-4e0b-8c82-b970f6c98fa3.rna_seq.chimeric.gdc_realn.bam	dd54a877-ebb5-450b-bf98-28782715e2ad
controlled	6037a772-38a4-4f44-95a5-681f90b81684	TCGA-DX-A6YQ	Structural Variation	TSV	RNA-Seq	16480180-4670-4b69-aae8-2ce295a293dc	TCGA-SARC.1cc016c6-0794-44bc-9af3-cac7a17c9233.star_fusion.rna_fusion.tsv	16480180-4670-4b69-aae8-2ce295a293dc
controlled	6037a772-38a4-4f44-95a5-681f90b81684	TCGA-DX-A6YQ	Structural Variation	BEDPE	RNA-Seq	f404341d-98e4-4b82-9945-0c80bed61695	TCGA-SARC.17729878-c04f-41a4-ab67-24ce187ee994.arriba.rna_fusion.bedpe	f404341d-98e4-4b82-9945-0c80bed61695
controlled	590fdb76-20ef-4f95-9783-7d80e7a25e5a	TCGA-IE-A4EK	Structural Variation	TSV	RNA-Seq	d72e7ef6-7c72-43f5-ac51-667553436633	TCGA-SARC.540c0071-7899-405d-b4e8-8d4e99234254.arriba.rna_fusion.tsv	d72e7ef6-7c72-43f5-ac51-667553436633
controlled	6ac81dec-4802-440b-a5f0-e6eb81a0b22b	TCGA-Z4-AAPG	Structural Variation	TSV	RNA-Seq	5cd744d7-fa71-49f2-9fd6-47ba4542dc84	TCGA-SARC.1fe1507e-26c2-49e6-9de0-f485d5567ae8.arriba.rna_fusion.tsv	5cd744d7-fa71-49f2-9fd6-47ba4542dc84
controlled	6037a772-38a4-4f44-95a5-681f90b81684	TCGA-DX-A6YQ	Sequencing Reads	BAM	RNA-Seq	13187a5b-56ed-478b-806f-c8097fcb91d7	ab72317d-9a17-4e0b-8c82-b970f6c98fa3.rna_seq.transcriptome.gdc_realn.bam	13187a5b-56ed-478b-806f-c8097fcb91d7
controlled	590fdb76-20ef-4f95-9783-7d80e7a25e5a	TCGA-IE-A4EK	Structural Variation	BEDPE	RNA-Seq	3a73030c-ed57-4709-8283-f22aa9c96f95	TCGA-SARC.540c0071-7899-405d-b4e8-8d4e99234254.arriba.rna_fusion.bedpe	3a73030c-ed57-4709-8283-f22aa9c96f95
controlled	60d8a41f-46ae-4ebb-9fac-ab73f1411e55	TCGA-DX-AB2H	Structural Variation	TSV	RNA-Seq	e2340f19-88ef-4d11-b621-3b061c9ea0e4	TCGA-SARC.20d57a2e-441b-4928-be6a-0a66a6dfe5cc.arriba.rna_fusion.tsv	e2340f19-88ef-4d11-b621-3b061c9ea0e4
controlled	6b189eff-b919-49d6-8775-dbf32c9ccbba	TCGA-DX-A2IZ	Structural Variation	TSV	RNA-Seq	8c34b4e4-cae2-47c2-903a-3a5c76bfbc1c	TCGA-SARC.7f4906c9-90d6-4ab7-8b91-80f853bfd140.star_fusion.rna_fusion.tsv	8c34b4e4-cae2-47c2-903a-3a5c76bfbc1c
controlled	719fa3f6-0194-423d-8a96-3709e8180565	TCGA-X6-A8C6	Sequencing Reads	BAM	RNA-Seq	e87615fd-27ac-4c29-b0a9-5b3804e1e11d	a51683df-e7cb-4c81-b0ff-d7d8ae08e113.rna_seq.transcriptome.gdc_realn.bam	e87615fd-27ac-4c29-b0a9-5b3804e1e11d
controlled	6b189eff-b919-49d6-8775-dbf32c9ccbba	TCGA-DX-A2IZ	Transcriptome Profiling	TSV	RNA-Seq	2986f0a0-e386-4324-8971-951c79100640	903bad96-e2c3-4339-832f-87bb2e4c5802.rna_seq.star_splice_junctions.tsv.gz	2986f0a0-e386-4324-8971-951c79100640
controlled	60d8a41f-46ae-4ebb-9fac-ab73f1411e55	TCGA-DX-AB2H	Sequencing Reads	BAM	RNA-Seq	a0b703d4-67f4-4338-83b6-0b783f6bbd29	31532935-f170-4aff-841d-7922f5752ee6.rna_seq.transcriptome.gdc_realn.bam	a0b703d4-67f4-4338-83b6-0b783f6bbd29
controlled	7b5a66c5-17d2-487e-8ea3-81a00c836738	TCGA-DX-A8BP	Structural Variation	BEDPE	RNA-Seq	4f3e6e2d-4d8e-45c6-9567-cac9216b75ef	TCGA-SARC.175b4de8-2c3d-4f5d-9dd6-70666f671d29.arriba.rna_fusion.bedpe	4f3e6e2d-4d8e-45c6-9567-cac9216b75ef
controlled	719fa3f6-0194-423d-8a96-3709e8180565	TCGA-X6-A8C6	Structural Variation	TSV	RNA-Seq	3b91e47a-c675-48a5-97a1-3748e007b003	TCGA-SARC.650c4470-276d-40d8-8bf0-265c4614984b.star_fusion.rna_fusion.tsv	3b91e47a-c675-48a5-97a1-3748e007b003
open	7bab6742-4e3d-4fcf-9b90-d3e0218b4d79	TCGA-FX-A3NJ	Transcriptome Profiling	TSV	RNA-Seq	be377c23-02c8-427c-b009-b400678edeeb	e7b81a69-7f24-4f81-a006-cffc9bf3fd8e.rna_seq.augmented_star_gene_counts.tsv	be377c23-02c8-427c-b009-b400678edeeb
controlled	7bab6742-4e3d-4fcf-9b90-d3e0218b4d79	TCGA-FX-A3NJ	Structural Variation	BEDPE	RNA-Seq	c358c2ae-a5c3-4433-8577-5a5d0f19ea2d	TCGA-SARC.a78ddaf9-bc37-442a-ba1e-09909b61b802.arriba.rna_fusion.bedpe	c358c2ae-a5c3-4433-8577-5a5d0f19ea2d
controlled	6201394f-b70e-4f14-9519-ff9d5f06eb09	TCGA-DX-A3U6	Structural Variation	TSV	RNA-Seq	27c0e06e-efe2-4be5-af96-eb401de5313c	TCGA-SARC.9c2cb920-44b4-4311-9227-ec136d4c4bbc.star_fusion.rna_fusion.tsv	27c0e06e-efe2-4be5-af96-eb401de5313c
controlled	6be3885c-219b-44f4-92bc-c055dc843a87	TCGA-DX-A6YV	Sequencing Reads	BAM	RNA-Seq	0d64ae92-bd45-411d-bf39-31e541d2a6ed	e70b6da9-d0d7-4dfa-8956-508d8293b4ad.rna_seq.genomic.gdc_realn.bam	0d64ae92-bd45-411d-bf39-31e541d2a6ed
controlled	7bab6742-4e3d-4fcf-9b90-d3e0218b4d79	TCGA-FX-A3NJ	Sequencing Reads	BAM	RNA-Seq	5199a03e-a8ea-4e91-9b0a-01eeef8ffa93	e7b81a69-7f24-4f81-a006-cffc9bf3fd8e.rna_seq.genomic.gdc_realn.bam	5199a03e-a8ea-4e91-9b0a-01eeef8ffa93
controlled	724edf28-c9b2-4b11-ae30-70a137f821b8	TCGA-HS-A5N8	Structural Variation	TSV	RNA-Seq	935cec3b-7dfc-4413-886e-da9dba0b813a	TCGA-SARC.7fa6011f-4840-43c3-8034-c1444abc69b3.arriba.rna_fusion.tsv	935cec3b-7dfc-4413-886e-da9dba0b813a
controlled	6201394f-b70e-4f14-9519-ff9d5f06eb09	TCGA-DX-A3U6	Structural Variation	BEDPE	RNA-Seq	44f95f65-3632-4923-8f21-e0c243fce90e	TCGA-SARC.584e4779-7372-414b-815e-5edf7e5161f0.arriba.rna_fusion.bedpe	44f95f65-3632-4923-8f21-e0c243fce90e
controlled	6be3885c-219b-44f4-92bc-c055dc843a87	TCGA-DX-A6YV	Sequencing Reads	BAM	RNA-Seq	0c1e083d-3d18-4b86-a884-1706ce33c984	e70b6da9-d0d7-4dfa-8956-508d8293b4ad.rna_seq.transcriptome.gdc_realn.bam	0c1e083d-3d18-4b86-a884-1706ce33c984
controlled	6201394f-b70e-4f14-9519-ff9d5f06eb09	TCGA-DX-A3U6	Sequencing Reads	BAM	RNA-Seq	2e35fef4-6159-4470-b31b-05f3eeec1025	43e645e3-3d6a-42c4-ab0e-eaa930fb332c.rna_seq.chimeric.gdc_realn.bam	2e35fef4-6159-4470-b31b-05f3eeec1025
controlled	6be3885c-219b-44f4-92bc-c055dc843a87	TCGA-DX-A6YV	Structural Variation	TSV	RNA-Seq	73dc124b-f8cf-4894-b59c-adf363b91b5e	TCGA-SARC.5387f477-7bfd-457d-a0bc-d3d1dc094b96.arriba.rna_fusion.tsv	73dc124b-f8cf-4894-b59c-adf363b91b5e
controlled	6be3885c-219b-44f4-92bc-c055dc843a87	TCGA-DX-A6YV	Sequencing Reads	BAM	RNA-Seq	001b0038-80b8-4d8a-a0d2-0d50000258f1	e70b6da9-d0d7-4dfa-8956-508d8293b4ad.rna_seq.chimeric.gdc_realn.bam	001b0038-80b8-4d8a-a0d2-0d50000258f1
controlled	73d2e8ef-4e10-416a-845b-f48374e48ecb	TCGA-DX-A1L2	Sequencing Reads	BAM	RNA-Seq	399e10fb-7c92-410e-8517-587645e1f377	2c0edbe3-1432-4a83-8906-ebea48790d7f.rna_seq.chimeric.gdc_realn.bam	399e10fb-7c92-410e-8517-587645e1f377
controlled	7c82e2d6-a768-4078-9084-4b47e8a2ce95	TCGA-DX-A3UB	Sequencing Reads	BAM	RNA-Seq	af461419-649a-4129-9d4f-88b3066ec3c8	5a141afd-e054-4f12-8043-9a72bfa4696d.rna_seq.genomic.gdc_realn.bam	af461419-649a-4129-9d4f-88b3066ec3c8
controlled	685be6b4-1d9c-4539-ae4b-ca658fc83fbc	TCGA-DX-A48J	Sequencing Reads	BAM	RNA-Seq	b7132cbb-5430-4815-8476-e78327e89070	c0c6f9a6-ee2f-4d04-9021-8fbfbc94503f.rna_seq.chimeric.gdc_realn.bam	b7132cbb-5430-4815-8476-e78327e89070
controlled	7c82e2d6-a768-4078-9084-4b47e8a2ce95	TCGA-DX-A3UB	Transcriptome Profiling	TSV	RNA-Seq	b7783266-997c-437a-bba4-e0e7b7160300	5a141afd-e054-4f12-8043-9a72bfa4696d.rna_seq.star_splice_junctions.tsv.gz	b7783266-997c-437a-bba4-e0e7b7160300
controlled	7c82e2d6-a768-4078-9084-4b47e8a2ce95	TCGA-DX-A3UB	Structural Variation	TSV	RNA-Seq	ca2f1d78-18b1-4091-9738-c3363ec0fae2	TCGA-SARC.cfc62b6b-7a30-4173-bb52-d13202fd9d00.star_fusion.rna_fusion.tsv	ca2f1d78-18b1-4091-9738-c3363ec0fae2
open	73d2e8ef-4e10-416a-845b-f48374e48ecb	TCGA-DX-A1L2	Transcriptome Profiling	TSV	RNA-Seq	d061f298-c952-440a-b6a4-0d9aa118e000	2c0edbe3-1432-4a83-8906-ebea48790d7f.rna_seq.augmented_star_gene_counts.tsv	d061f298-c952-440a-b6a4-0d9aa118e000
controlled	6e82bcfc-a61d-441b-a1ed-cb46dc88a860	TCGA-DX-A7EO	Transcriptome Profiling	TSV	RNA-Seq	2975834d-31ba-46cb-9aaa-5b35b40b235f	aef45e03-b0a9-43ed-9d89-1bcec96ada5a.rna_seq.star_splice_junctions.tsv.gz	2975834d-31ba-46cb-9aaa-5b35b40b235f
controlled	6e82bcfc-a61d-441b-a1ed-cb46dc88a860	TCGA-DX-A7EO	Structural Variation	BEDPE	RNA-Seq	89404048-6f9d-4650-b771-c9592dd8a73b	TCGA-SARC.c05864e6-f1a7-43cf-8c17-bd3791a053c2.arriba.rna_fusion.bedpe	89404048-6f9d-4650-b771-c9592dd8a73b
controlled	76e3ec27-2c64-4e38-96f1-30307893b825	TCGA-HB-A2OT	Sequencing Reads	BAM	RNA-Seq	b423ab51-8fb7-4f82-b697-f6cbb9ff3bb5	178d64ef-e441-4280-9cff-ecc0987f2603.rna_seq.chimeric.gdc_realn.bam	b423ab51-8fb7-4f82-b697-f6cbb9ff3bb5
controlled	76e3ec27-2c64-4e38-96f1-30307893b825	TCGA-HB-A2OT	Sequencing Reads	BAM	RNA-Seq	b2cce392-4996-4786-9c3d-6b8b4e064fa3	178d64ef-e441-4280-9cff-ecc0987f2603.rna_seq.transcriptome.gdc_realn.bam	b2cce392-4996-4786-9c3d-6b8b4e064fa3
controlled	7c82e2d6-a768-4078-9084-4b47e8a2ce95	TCGA-DX-A3UB	Sequencing Reads	BAM	RNA-Seq	3a0c0e2c-2ada-4146-860e-4c493c357f9a	5a141afd-e054-4f12-8043-9a72bfa4696d.rna_seq.transcriptome.gdc_realn.bam	3a0c0e2c-2ada-4146-860e-4c493c357f9a
controlled	7cbfe175-9329-496e-adc7-6b8ed2bdd113	TCGA-DX-A3UD	Sequencing Reads	BAM	RNA-Seq	7d8f14e2-ec82-4132-b4fb-a0092890b277	62eaa0d0-5dfe-4e74-814e-d43a4ebef19a.rna_seq.chimeric.gdc_realn.bam	7d8f14e2-ec82-4132-b4fb-a0092890b277
controlled	6e9f74a4-2f41-4b2f-b0e1-39c4d779bd40	TCGA-QQ-A8VD	Sequencing Reads	BAM	RNA-Seq	f0ddfb99-6dad-4421-ba42-5a5f3775b42f	0d005c0b-3d68-43d2-ad8d-beb9f1328b37.rna_seq.transcriptome.gdc_realn.bam	f0ddfb99-6dad-4421-ba42-5a5f3775b42f
controlled	76e3ec27-2c64-4e38-96f1-30307893b825	TCGA-HB-A2OT	Transcriptome Profiling	TSV	RNA-Seq	0d0e69b3-3e09-4855-8430-b91779bb9a04	178d64ef-e441-4280-9cff-ecc0987f2603.rna_seq.star_splice_junctions.tsv.gz	0d0e69b3-3e09-4855-8430-b91779bb9a04
controlled	6e9f74a4-2f41-4b2f-b0e1-39c4d779bd40	TCGA-QQ-A8VD	Structural Variation	TSV	RNA-Seq	ce98cba0-7458-4bd1-a84b-ad88d33bbeb7	TCGA-SARC.cc66c6ab-39cf-4289-81e4-bc34a53a5a71.arriba.rna_fusion.tsv	ce98cba0-7458-4bd1-a84b-ad88d33bbeb7
controlled	7cbfe175-9329-496e-adc7-6b8ed2bdd113	TCGA-DX-A3UD	Structural Variation	TSV	RNA-Seq	68e5c16c-2117-441e-9cc3-76e512b6efc9	TCGA-SARC.118f63fc-1af3-4e31-a3de-f57803b2b1dd.star_fusion.rna_fusion.tsv	68e5c16c-2117-441e-9cc3-76e512b6efc9
controlled	76e3ec27-2c64-4e38-96f1-30307893b825	TCGA-HB-A2OT	Structural Variation	BEDPE	RNA-Seq	8f9c74f9-ad65-43af-921b-e5804a16b14b	TCGA-SARC.6849f8b4-37c2-4c48-980e-bb401aa2483b.star_fusion.rna_fusion.bedpe	8f9c74f9-ad65-43af-921b-e5804a16b14b
controlled	6e9f74a4-2f41-4b2f-b0e1-39c4d779bd40	TCGA-QQ-A8VD	Structural Variation	TSV	RNA-Seq	792c7199-d965-4c28-a5bb-41af72011d76	TCGA-SARC.e4694c50-eecc-4851-bd54-49cd1e859dc5.star_fusion.rna_fusion.tsv	792c7199-d965-4c28-a5bb-41af72011d76
controlled	7cbfe175-9329-496e-adc7-6b8ed2bdd113	TCGA-DX-A3UD	Structural Variation	BEDPE	RNA-Seq	714e9e79-a86c-42dc-940a-723aa6a55113	TCGA-SARC.118f63fc-1af3-4e31-a3de-f57803b2b1dd.star_fusion.rna_fusion.bedpe	714e9e79-a86c-42dc-940a-723aa6a55113
controlled	851f8905-778c-4016-85e5-bc22817a6a28	TCGA-3B-A9HQ	Structural Variation	BEDPE	RNA-Seq	a7b27f90-ec16-4890-9af3-be144cdaeeb8	TCGA-SARC.8c313cd2-8dc4-4887-a255-b03e3a4a12c3.star_fusion.rna_fusion.bedpe	a7b27f90-ec16-4890-9af3-be144cdaeeb8
controlled	851f8905-778c-4016-85e5-bc22817a6a28	TCGA-3B-A9HQ	Structural Variation	TSV	RNA-Seq	7b82cd2d-8b3f-4ed2-996f-e20b0e709635	TCGA-SARC.9004d3b3-160d-4697-9b5e-399907f006f3.arriba.rna_fusion.tsv	7b82cd2d-8b3f-4ed2-996f-e20b0e709635
controlled	771b35b6-e0a9-427e-8c67-e934f5e0d9bd	TCGA-DX-A1KX	Transcriptome Profiling	TSV	RNA-Seq	88312a27-3b1f-4870-93e5-14a87f759f39	9bfa4486-3b37-4ef8-9b25-61158658e6ca.rna_seq.star_splice_junctions.tsv.gz	88312a27-3b1f-4870-93e5-14a87f759f39
controlled	851f8905-778c-4016-85e5-bc22817a6a28	TCGA-3B-A9HQ	Structural Variation	TSV	RNA-Seq	3f654af7-184d-442c-8133-65b6c41ea18f	TCGA-SARC.8c313cd2-8dc4-4887-a255-b03e3a4a12c3.star_fusion.rna_fusion.tsv	3f654af7-184d-442c-8133-65b6c41ea18f
controlled	771b35b6-e0a9-427e-8c67-e934f5e0d9bd	TCGA-DX-A1KX	Structural Variation	TSV	RNA-Seq	863318b0-6d96-4b8b-a0b3-3dc4c5a759b4	TCGA-SARC.8165fe4c-e9b9-4329-bb3a-3b64464f6240.arriba.rna_fusion.tsv	863318b0-6d96-4b8b-a0b3-3dc4c5a759b4
controlled	771b35b6-e0a9-427e-8c67-e934f5e0d9bd	TCGA-DX-A1KX	Structural Variation	TSV	RNA-Seq	b5e2617a-ab11-4dd6-ae11-d497bdb66e15	TCGA-SARC.9a13e7bc-ea11-4c4a-b106-b7fac3208391.star_fusion.rna_fusion.tsv	b5e2617a-ab11-4dd6-ae11-d497bdb66e15
open	771b35b6-e0a9-427e-8c67-e934f5e0d9bd	TCGA-DX-A1KX	Transcriptome Profiling	TSV	RNA-Seq	2207109b-2b58-4800-becb-0c178c976ef4	9bfa4486-3b37-4ef8-9b25-61158658e6ca.rna_seq.augmented_star_gene_counts.tsv	2207109b-2b58-4800-becb-0c178c976ef4
controlled	778dc00a-0b94-45a8-ae13-9c80f0c1dfd6	TCGA-DX-A3UC	Sequencing Reads	BAM	RNA-Seq	74d3c669-ace9-4b3f-bbf5-ca491d05a6b3	bce2a059-0a75-4106-a768-39584ac9d855.rna_seq.transcriptome.gdc_realn.bam	74d3c669-ace9-4b3f-bbf5-ca491d05a6b3
controlled	854e42bc-95b2-4b77-a4b2-ffbd6c28b281	TCGA-DX-A1L0	Structural Variation	TSV	RNA-Seq	e7b416fd-1f8b-41e9-9f0c-99a8175e2760	TCGA-SARC.ac5c8ea9-4e16-4373-99e7-605a081b716f.star_fusion.rna_fusion.tsv	e7b416fd-1f8b-41e9-9f0c-99a8175e2760
controlled	7f9031da-124a-4a38-83e6-878a50e58c24	TCGA-FX-A3RE	Sequencing Reads	BAM	RNA-Seq	5922a02f-265c-4c38-b950-9fdb3e270d86	a59aa7a4-b3c0-4c91-9776-8ebe8f710ba1.rna_seq.genomic.gdc_realn.bam	5922a02f-265c-4c38-b950-9fdb3e270d86
open	778dc00a-0b94-45a8-ae13-9c80f0c1dfd6	TCGA-DX-A3UC	Transcriptome Profiling	TSV	RNA-Seq	e88f79ab-d9ae-473a-bb95-90bdd5f72fa8	bce2a059-0a75-4106-a768-39584ac9d855.rna_seq.augmented_star_gene_counts.tsv	e88f79ab-d9ae-473a-bb95-90bdd5f72fa8
controlled	89ea0e21-c5af-42b4-9f64-5ba4874ab76e	TCGA-DX-A7EF	Sequencing Reads	BAM	RNA-Seq	99e470e0-6194-40ad-a07d-1a55e700b68f	c6ca7cbb-2be2-4abb-9b66-04069fe6690f.rna_seq.transcriptome.gdc_realn.bam	99e470e0-6194-40ad-a07d-1a55e700b68f
controlled	89ea0e21-c5af-42b4-9f64-5ba4874ab76e	TCGA-DX-A7EF	Structural Variation	BEDPE	RNA-Seq	f4d63825-ee0a-44ac-beee-9d3f047aa174	TCGA-SARC.905d2f86-7d01-4341-aab5-f0d391de2a2d.arriba.rna_fusion.bedpe	f4d63825-ee0a-44ac-beee-9d3f047aa174
controlled	89ea0e21-c5af-42b4-9f64-5ba4874ab76e	TCGA-DX-A7EF	Structural Variation	BEDPE	RNA-Seq	fe76387c-04ce-42b2-be71-ea4ddcde0db3	TCGA-SARC.17e30440-66be-40b9-ac44-c729e80a70aa.star_fusion.rna_fusion.bedpe	fe76387c-04ce-42b2-be71-ea4ddcde0db3
controlled	7fb69277-2aff-45e0-8f44-d2794f831a2a	TCGA-MJ-A68H	Structural Variation	TSV	RNA-Seq	4f5648b0-9986-471a-ac8e-c8bda3779cd7	TCGA-SARC.3cf64923-aaf6-4cb8-839e-70181dcfed4e.star_fusion.rna_fusion.tsv	4f5648b0-9986-471a-ac8e-c8bda3779cd7
controlled	7fb69277-2aff-45e0-8f44-d2794f831a2a	TCGA-MJ-A68H	Structural Variation	BEDPE	RNA-Seq	aedcd831-e60d-441c-ad8b-acbc56891c87	TCGA-SARC.7c234fcc-a1e1-470a-88f6-f673e5b9d0f5.arriba.rna_fusion.bedpe	aedcd831-e60d-441c-ad8b-acbc56891c87
controlled	788dbebb-3d1b-4f6d-8a40-869157d25025	TCGA-WK-A8XQ	Structural Variation	BEDPE	RNA-Seq	17a5424f-a89e-4ee4-91f0-f6def5e3afe9	TCGA-SARC.77e642e3-6660-43cc-82dd-cae7dece3fae.arriba.rna_fusion.bedpe	17a5424f-a89e-4ee4-91f0-f6def5e3afe9
controlled	89ea0e21-c5af-42b4-9f64-5ba4874ab76e	TCGA-DX-A7EF	Structural Variation	TSV	RNA-Seq	65e44e94-258d-4572-92ae-62856440e1e1	TCGA-SARC.905d2f86-7d01-4341-aab5-f0d391de2a2d.arriba.rna_fusion.tsv	65e44e94-258d-4572-92ae-62856440e1e1
controlled	7fb69277-2aff-45e0-8f44-d2794f831a2a	TCGA-MJ-A68H	Transcriptome Profiling	TSV	RNA-Seq	904a976d-d707-48b1-8cb1-863b38d5c2df	9e5b47bf-fb42-41e2-a135-a17a6eb71f20.rna_seq.star_splice_junctions.tsv.gz	904a976d-d707-48b1-8cb1-863b38d5c2df
controlled	8b20dd03-46da-4d6b-95b4-f329fdc486cf	TCGA-VT-A80G	Sequencing Reads	BAM	RNA-Seq	2a05df35-0990-4a34-b209-549993359e0e	ffb03af9-5abb-46d5-820b-1e90fe1c06ad.rna_seq.transcriptome.gdc_realn.bam	2a05df35-0990-4a34-b209-549993359e0e
controlled	8b20dd03-46da-4d6b-95b4-f329fdc486cf	TCGA-VT-A80G	Structural Variation	BEDPE	RNA-Seq	5a06f723-0b43-4db1-a235-61375ebc6163	TCGA-SARC.1347d878-9f80-4fcf-bc9e-41ca17a9dbf5.arriba.rna_fusion.bedpe	5a06f723-0b43-4db1-a235-61375ebc6163
controlled	7fb69277-2aff-45e0-8f44-d2794f831a2a	TCGA-MJ-A68H	Sequencing Reads	BAM	RNA-Seq	4af10dc3-75b7-413b-a317-b13ca963fb39	9e5b47bf-fb42-41e2-a135-a17a6eb71f20.rna_seq.chimeric.gdc_realn.bam	4af10dc3-75b7-413b-a317-b13ca963fb39
open	85a7da1e-a8d0-4366-890a-79c0461967c6	TCGA-X6-A7WA	Transcriptome Profiling	TSV	RNA-Seq	40688162-c855-4ba5-9bb4-3874e0cfe4c0	b033ac56-6f16-4379-ab54-f3b75ece77ff.rna_seq.augmented_star_gene_counts.tsv	40688162-c855-4ba5-9bb4-3874e0cfe4c0
controlled	788dbebb-3d1b-4f6d-8a40-869157d25025	TCGA-WK-A8XQ	Structural Variation	BEDPE	RNA-Seq	3090cd4d-4c47-4a76-8760-f833d7f77690	TCGA-SARC.f185ec01-4061-4514-9a62-a0551a8701a6.star_fusion.rna_fusion.bedpe	3090cd4d-4c47-4a76-8760-f833d7f77690
controlled	8b20dd03-46da-4d6b-95b4-f329fdc486cf	TCGA-VT-A80G	Structural Variation	BEDPE	RNA-Seq	a3342531-a862-47ee-8406-51caacc37e2e	TCGA-SARC.2f90f7fc-3b1a-482c-b2d2-4a9219f7bb13.star_fusion.rna_fusion.bedpe	a3342531-a862-47ee-8406-51caacc37e2e
controlled	78c0d30c-0905-49de-be7f-afc1337f59b7	TCGA-K1-A6RV	Sequencing Reads	BAM	RNA-Seq	4fa17df1-bad7-40d4-a7d6-9ad7d9b5b79a	49e72bf1-a9b4-4554-8d9d-a4068e7a8fea.rna_seq.chimeric.gdc_realn.bam	4fa17df1-bad7-40d4-a7d6-9ad7d9b5b79a
controlled	78c0d30c-0905-49de-be7f-afc1337f59b7	TCGA-K1-A6RV	Structural Variation	TSV	RNA-Seq	5e77249d-b2d3-4857-b240-b8460ab2cb29	TCGA-SARC.3af67083-9c44-4fe7-8995-29590bef0049.arriba.rna_fusion.tsv	5e77249d-b2d3-4857-b240-b8460ab2cb29
controlled	8c279bc5-117e-440b-b118-af01fc6c11a2	TCGA-MB-A8JK	Structural Variation	TSV	RNA-Seq	3d8507dc-60eb-489a-bd6a-60378cf052b1	TCGA-SARC.28968b36-c896-4df8-b7d6-bd2ad0c06419.arriba.rna_fusion.tsv	3d8507dc-60eb-489a-bd6a-60378cf052b1
controlled	8c279bc5-117e-440b-b118-af01fc6c11a2	TCGA-MB-A8JK	Sequencing Reads	BAM	RNA-Seq	b3ff7431-14dd-4e3a-899c-71ab42adf5ea	5f69833b-b0c5-4d6e-9d71-381c555557d7.rna_seq.transcriptome.gdc_realn.bam	b3ff7431-14dd-4e3a-899c-71ab42adf5ea
controlled	83488a9c-6b28-4a48-850a-2a2fa47ce25e	TCGA-DX-A8BK	Structural Variation	BEDPE	RNA-Seq	4798507a-caae-4ab3-86c2-783ab58beb1e	TCGA-SARC.de3e61af-60e5-43ce-be4d-86c46100f788.star_fusion.rna_fusion.bedpe	4798507a-caae-4ab3-86c2-783ab58beb1e
controlled	8654c2b5-27d7-43c5-9a39-7fdefd7a0324	TCGA-MO-A47R	Sequencing Reads	BAM	RNA-Seq	be0883d2-11f0-443c-904f-e9ea4615638b	d8875678-60f3-4998-8455-e7d877eeb8a5.rna_seq.transcriptome.gdc_realn.bam	be0883d2-11f0-443c-904f-e9ea4615638b
controlled	7b5a66c5-17d2-487e-8ea3-81a00c836738	TCGA-DX-A8BP	Structural Variation	TSV	RNA-Seq	67e59121-06bf-4f3b-8fcf-3b6f33c21299	TCGA-SARC.6e39cf42-5e09-41e4-a59e-d06dd98c3a40.star_fusion.rna_fusion.tsv	67e59121-06bf-4f3b-8fcf-3b6f33c21299
controlled	83488a9c-6b28-4a48-850a-2a2fa47ce25e	TCGA-DX-A8BK	Transcriptome Profiling	TSV	RNA-Seq	8f905b81-bbc6-4522-a63b-816a1de09612	13e89811-619e-4bc8-91b7-c4d41dc26c48.rna_seq.star_splice_junctions.tsv.gz	8f905b81-bbc6-4522-a63b-816a1de09612
controlled	926176c2-0a8f-414a-a7b1-91734bdce6ae	TCGA-DX-A8BJ	Sequencing Reads	BAM	RNA-Seq	b4f6b818-19e7-4fd0-8a9b-fadfffdcee77	4160b4a5-e62e-40fa-aa8f-7e87c6e3c783.rna_seq.transcriptome.gdc_realn.bam	b4f6b818-19e7-4fd0-8a9b-fadfffdcee77
controlled	926176c2-0a8f-414a-a7b1-91734bdce6ae	TCGA-DX-A8BJ	Sequencing Reads	BAM	RNA-Seq	1384f69b-81fe-4b27-8995-a27fc9d39ba8	4160b4a5-e62e-40fa-aa8f-7e87c6e3c783.rna_seq.chimeric.gdc_realn.bam	1384f69b-81fe-4b27-8995-a27fc9d39ba8
controlled	926176c2-0a8f-414a-a7b1-91734bdce6ae	TCGA-DX-A8BJ	Structural Variation	BEDPE	RNA-Seq	56378520-d559-46f3-b089-f72a0e85cd5c	TCGA-SARC.37014c8d-9a0b-498a-91ee-5220d94087fd.star_fusion.rna_fusion.bedpe	56378520-d559-46f3-b089-f72a0e85cd5c
controlled	885b1b65-4280-4aab-a7f0-434b0317d86f	TCGA-IE-A6BZ	Sequencing Reads	BAM	RNA-Seq	43cf1af5-359a-4329-b778-c205db55d3dd	4bc078e8-e39d-4e54-8209-5ce8ec7b7840.rna_seq.transcriptome.gdc_realn.bam	43cf1af5-359a-4329-b778-c205db55d3dd
open	885b1b65-4280-4aab-a7f0-434b0317d86f	TCGA-IE-A6BZ	Transcriptome Profiling	TSV	RNA-Seq	0b12c71f-67e4-4441-ae73-ceff00dbf334	4bc078e8-e39d-4e54-8209-5ce8ec7b7840.rna_seq.augmented_star_gene_counts.tsv	0b12c71f-67e4-4441-ae73-ceff00dbf334
open	90bc0f31-0ec2-4ceb-ad99-6be8f8b19180	TCGA-X6-A8C2	Transcriptome Profiling	TSV	RNA-Seq	051e2f12-683a-43b1-983f-ffbdc87fd847	0a72d33c-2513-4472-810f-d3c56f34101e.rna_seq.augmented_star_gene_counts.tsv	051e2f12-683a-43b1-983f-ffbdc87fd847
controlled	885b1b65-4280-4aab-a7f0-434b0317d86f	TCGA-IE-A6BZ	Structural Variation	TSV	RNA-Seq	47cddcad-bb91-44aa-a7e5-6823afd70c65	TCGA-SARC.442a856c-d7eb-4db9-82f7-6d90e02b98fe.arriba.rna_fusion.tsv	47cddcad-bb91-44aa-a7e5-6823afd70c65
controlled	90bc0f31-0ec2-4ceb-ad99-6be8f8b19180	TCGA-X6-A8C2	Sequencing Reads	BAM	RNA-Seq	be75c228-5b05-4e8c-988e-4ab3b00a8842	0a72d33c-2513-4472-810f-d3c56f34101e.rna_seq.genomic.gdc_realn.bam	be75c228-5b05-4e8c-988e-4ab3b00a8842
controlled	92da1d84-03a1-4fe9-bc0d-7fe61dfbe904	TCGA-PC-A5DL	Sequencing Reads	BAM	RNA-Seq	3161a7b1-ece0-4792-bffc-5f3dcaef2fa2	c46e1adc-5afe-4402-af5f-af47778eebf8.rna_seq.transcriptome.gdc_realn.bam	3161a7b1-ece0-4792-bffc-5f3dcaef2fa2
controlled	92da1d84-03a1-4fe9-bc0d-7fe61dfbe904	TCGA-PC-A5DL	Structural Variation	BEDPE	RNA-Seq	2d4b1d90-80f9-40b0-a84f-315e1f7bbae8	TCGA-SARC.a0f0d066-3715-4f7b-89bf-21073f349bfc.star_fusion.rna_fusion.bedpe	2d4b1d90-80f9-40b0-a84f-315e1f7bbae8
controlled	885b1b65-4280-4aab-a7f0-434b0317d86f	TCGA-IE-A6BZ	Structural Variation	BEDPE	RNA-Seq	afe862b6-b6be-47cf-bebb-c9e39d504715	TCGA-SARC.442a856c-d7eb-4db9-82f7-6d90e02b98fe.arriba.rna_fusion.bedpe	afe862b6-b6be-47cf-bebb-c9e39d504715
controlled	90bc0f31-0ec2-4ceb-ad99-6be8f8b19180	TCGA-X6-A8C2	Structural Variation	TSV	RNA-Seq	364ed3e7-7203-4342-a590-bbba7f3b6860	TCGA-SARC.bab9db58-d2cb-428a-8897-b0106e909012.arriba.rna_fusion.tsv	364ed3e7-7203-4342-a590-bbba7f3b6860
controlled	89a3ccb1-252a-46f9-97c7-3e44b34d7967	TCGA-X6-A7WB	Sequencing Reads	BAM	RNA-Seq	cb4680f1-ece3-4a98-95a7-4963ac08364e	d0e06eac-e98c-4b6c-af28-900882579f2a.rna_seq.transcriptome.gdc_realn.bam	cb4680f1-ece3-4a98-95a7-4963ac08364e
controlled	a4f68239-5b9f-40d7-9e52-b68efa170c1c	TCGA-3B-A9I1	Structural Variation	BEDPE	RNA-Seq	4512f19b-70b9-4ea7-977f-a36eb955b7d4	TCGA-SARC.310d1141-9520-44df-a947-908efb35a72b.arriba.rna_fusion.bedpe	4512f19b-70b9-4ea7-977f-a36eb955b7d4
controlled	8d8921ac-ca12-4e17-bd5e-982ff0d699a1	TCGA-DX-A23U	Structural Variation	TSV	RNA-Seq	fb5e26ce-81da-4028-ba58-0f2cc7b50558	TCGA-SARC.4978856b-6d35-4dca-b6e7-9da34da77918.star_fusion.rna_fusion.tsv	fb5e26ce-81da-4028-ba58-0f2cc7b50558
open	93dfe3c6-445d-4976-93c0-9a826730fd58	TCGA-QQ-A5V9	Transcriptome Profiling	TSV	RNA-Seq	06357208-e81a-4b2a-a1e5-0abe866ffc27	cb0e559c-12ee-4328-9e55-e4e1f8448956.rna_seq.augmented_star_gene_counts.tsv	06357208-e81a-4b2a-a1e5-0abe866ffc27
controlled	93dfe3c6-445d-4976-93c0-9a826730fd58	TCGA-QQ-A5V9	Transcriptome Profiling	TSV	RNA-Seq	7cfac806-bfd3-4b0d-949e-3273ff02b318	cb0e559c-12ee-4328-9e55-e4e1f8448956.rna_seq.star_splice_junctions.tsv.gz	7cfac806-bfd3-4b0d-949e-3273ff02b318
controlled	8d8921ac-ca12-4e17-bd5e-982ff0d699a1	TCGA-DX-A23U	Sequencing Reads	BAM	RNA-Seq	45b30b4f-9b0d-42cd-b68a-1c0a3b77eaab	2da56f78-6a21-4de6-a5e3-8abfb6e2d418.rna_seq.genomic.gdc_realn.bam	45b30b4f-9b0d-42cd-b68a-1c0a3b77eaab
controlled	9bdc3867-2115-4351-af5f-a52a2c20ae5d	TCGA-K1-A42X	Structural Variation	TSV	RNA-Seq	dc116f1b-2e5e-4841-8754-4019ed6de0ca	TCGA-SARC.8c60086c-466c-4b70-98d8-16447d93bc93.star_fusion.rna_fusion.tsv	dc116f1b-2e5e-4841-8754-4019ed6de0ca
controlled	9bdc3867-2115-4351-af5f-a52a2c20ae5d	TCGA-K1-A42X	Structural Variation	BEDPE	RNA-Seq	5180b321-b4a6-4814-93f7-e8874bec5863	TCGA-SARC.59f701db-39ec-4644-8f7f-859f20eceb5f.arriba.rna_fusion.bedpe	5180b321-b4a6-4814-93f7-e8874bec5863
controlled	94359edf-7208-4b4c-ad7c-4064974de818	TCGA-DX-AB3C	Sequencing Reads	BAM	RNA-Seq	9c1511e3-6fff-4260-89ee-59c78c300cc9	14ca95e3-ac3e-4bb4-b304-cd43f109553f.rna_seq.chimeric.gdc_realn.bam	9c1511e3-6fff-4260-89ee-59c78c300cc9
controlled	9111759f-a0b7-452d-a0de-838fe010245e	TCGA-LI-A9QH	Sequencing Reads	BAM	RNA-Seq	3333c638-ff47-4e2c-a1ba-79960d754c67	e265b64c-39c9-41e7-a5fc-08cf0bf3fae7.rna_seq.transcriptome.gdc_realn.bam	3333c638-ff47-4e2c-a1ba-79960d754c67
controlled	94359edf-7208-4b4c-ad7c-4064974de818	TCGA-DX-AB3C	Transcriptome Profiling	TSV	RNA-Seq	193c27fb-1528-41f6-8f6d-6b332724e821	14ca95e3-ac3e-4bb4-b304-cd43f109553f.rna_seq.star_splice_junctions.tsv.gz	193c27fb-1528-41f6-8f6d-6b332724e821
open	89ea0e21-c5af-42b4-9f64-5ba4874ab76e	TCGA-DX-A7EF	Transcriptome Profiling	TSV	RNA-Seq	373c09a7-76e8-4534-a594-f188be15b16a	c6ca7cbb-2be2-4abb-9b66-04069fe6690f.rna_seq.augmented_star_gene_counts.tsv	373c09a7-76e8-4534-a594-f188be15b16a
controlled	a4f68239-5b9f-40d7-9e52-b68efa170c1c	TCGA-3B-A9I1	Sequencing Reads	BAM	RNA-Seq	787171ed-cf6c-40be-a7af-caf0c1eaa118	62a39969-0f5d-48f2-9ecd-b6c199f0723e.rna_seq.chimeric.gdc_realn.bam	787171ed-cf6c-40be-a7af-caf0c1eaa118
controlled	a4f68239-5b9f-40d7-9e52-b68efa170c1c	TCGA-3B-A9I1	Structural Variation	TSV	RNA-Seq	48b63d90-dfd5-47ba-8431-7c4f3e782320	TCGA-SARC.48551e0e-371f-4436-83cf-94a9ba6b673e.star_fusion.rna_fusion.tsv	48b63d90-dfd5-47ba-8431-7c4f3e782320
controlled	9111759f-a0b7-452d-a0de-838fe010245e	TCGA-LI-A9QH	Structural Variation	BEDPE	RNA-Seq	b0b1d82e-bc86-4b81-b916-0ae537fcc5da	TCGA-SARC.c58084a5-9b5a-4cba-8784-59c360de5351.star_fusion.rna_fusion.bedpe	b0b1d82e-bc86-4b81-b916-0ae537fcc5da
controlled	94359edf-7208-4b4c-ad7c-4064974de818	TCGA-DX-AB3C	Structural Variation	BEDPE	RNA-Seq	e8998b97-d103-4404-ac67-9282d7b57437	TCGA-SARC.4ee8421c-11fe-4bc4-8771-03c207f1d30f.star_fusion.rna_fusion.bedpe	e8998b97-d103-4404-ac67-9282d7b57437
controlled	8f3f6f7c-4b50-467e-a6e8-d836735913f6	TCGA-DX-A3U5	Sequencing Reads	BAM	RNA-Seq	88645f2d-bcf0-438f-be3a-8220c33880ab	a7400b7d-094a-4148-b97e-eea0ad3eff5a.rna_seq.chimeric.gdc_realn.bam	88645f2d-bcf0-438f-be3a-8220c33880ab
controlled	9111759f-a0b7-452d-a0de-838fe010245e	TCGA-LI-A9QH	Sequencing Reads	BAM	RNA-Seq	3a8976f0-1a9a-4996-ad44-0762d4bab501	e265b64c-39c9-41e7-a5fc-08cf0bf3fae7.rna_seq.chimeric.gdc_realn.bam	3a8976f0-1a9a-4996-ad44-0762d4bab501
controlled	a4f68239-5b9f-40d7-9e52-b68efa170c1c	TCGA-3B-A9I1	Structural Variation	TSV	RNA-Seq	a6989c12-ce68-4c5b-9cb9-b51de456a5fb	TCGA-SARC.310d1141-9520-44df-a947-908efb35a72b.arriba.rna_fusion.tsv	a6989c12-ce68-4c5b-9cb9-b51de456a5fb
open	914df75d-25f5-4b2f-96c7-95861d7dfa30	TCGA-DX-A8BM	Transcriptome Profiling	TSV	RNA-Seq	e06a860b-222f-4d7d-85b1-71753ca601c0	7ebf770f-f8f9-423e-afa6-10f52201be85.rna_seq.augmented_star_gene_counts.tsv	e06a860b-222f-4d7d-85b1-71753ca601c0
controlled	a4f68239-5b9f-40d7-9e52-b68efa170c1c	TCGA-3B-A9I1	Transcriptome Profiling	TSV	RNA-Seq	60d942fd-3c56-486f-a8a5-f6546ea63960	62a39969-0f5d-48f2-9ecd-b6c199f0723e.rna_seq.star_splice_junctions.tsv.gz	60d942fd-3c56-486f-a8a5-f6546ea63960
controlled	914df75d-25f5-4b2f-96c7-95861d7dfa30	TCGA-DX-A8BM	Sequencing Reads	BAM	RNA-Seq	a125bef2-536e-4459-8148-970093884efc	7ebf770f-f8f9-423e-afa6-10f52201be85.rna_seq.genomic.gdc_realn.bam	a125bef2-536e-4459-8148-970093884efc
controlled	8f4293b0-bafc-4348-a203-9516d6f2dc48	TCGA-UE-A6QT	Structural Variation	BEDPE	RNA-Seq	dd89dd01-d6a0-4bbd-8a01-4e60ee722333	TCGA-SARC.678fcf85-a1ec-48bc-a1e5-55ec6895139f.arriba.rna_fusion.bedpe	dd89dd01-d6a0-4bbd-8a01-4e60ee722333
controlled	91d9a1b9-ae23-4eae-9354-8b3a29e3d1e6	TCGA-DX-AB2Z	Sequencing Reads	BAM	RNA-Seq	00f74f1e-27f0-4520-93fd-aaa9cffaf08d	5ae92201-6967-4b74-bb81-8319fac72b1e.rna_seq.transcriptome.gdc_realn.bam	00f74f1e-27f0-4520-93fd-aaa9cffaf08d
controlled	9bf78d02-f5e5-4cee-8d4d-57cc567cb510	TCGA-MB-A8JL	Structural Variation	TSV	RNA-Seq	a9f2fec0-395d-4878-8b38-f545bd5cd284	TCGA-SARC.a79ca33b-5a78-4f52-95e8-92023ae009d1.arriba.rna_fusion.tsv	a9f2fec0-395d-4878-8b38-f545bd5cd284
controlled	91d9a1b9-ae23-4eae-9354-8b3a29e3d1e6	TCGA-DX-AB2Z	Sequencing Reads	BAM	RNA-Seq	97ac60bc-c145-46f5-81a6-5894f1a6fc8a	5ae92201-6967-4b74-bb81-8319fac72b1e.rna_seq.chimeric.gdc_realn.bam	97ac60bc-c145-46f5-81a6-5894f1a6fc8a
controlled	8f4293b0-bafc-4348-a203-9516d6f2dc48	TCGA-UE-A6QT	Sequencing Reads	BAM	RNA-Seq	69a49f09-f216-41ff-9f47-5cf2af53f927	07a8cc94-707a-453f-a34d-97cbb79e6523.rna_seq.transcriptome.gdc_realn.bam	69a49f09-f216-41ff-9f47-5cf2af53f927
open	9bf78d02-f5e5-4cee-8d4d-57cc567cb510	TCGA-MB-A8JL	Transcriptome Profiling	TSV	RNA-Seq	1007aeda-3b28-4be0-8c4c-3e6ffd8aef8f	725add0b-85a3-4a47-ba37-7b8e58064c58.rna_seq.augmented_star_gene_counts.tsv	1007aeda-3b28-4be0-8c4c-3e6ffd8aef8f
controlled	9517413b-b5b8-4130-8ba1-d86d44abe2ec	TCGA-DX-A1L3	Structural Variation	BEDPE	RNA-Seq	1ba36c3c-37b4-4839-8d22-60bdb7ad71bc	TCGA-SARC.26694390-7003-463c-acc3-9bf694bfff04.star_fusion.rna_fusion.bedpe	1ba36c3c-37b4-4839-8d22-60bdb7ad71bc
controlled	9517413b-b5b8-4130-8ba1-d86d44abe2ec	TCGA-DX-A1L3	Sequencing Reads	BAM	RNA-Seq	fc1eb9ae-56dc-4cfa-ab37-fcc3afa28003	10956a5c-ff2c-4c4b-9fcc-a634668f7988.rna_seq.chimeric.gdc_realn.bam	fc1eb9ae-56dc-4cfa-ab37-fcc3afa28003
controlled	a7613c60-93a1-4a4c-9b12-dfd2103b0168	TCGA-QC-AA9N	Transcriptome Profiling	TSV	RNA-Seq	7248aa10-c352-436d-8c4e-4b31c5c0cae4	11109910-f64e-4c34-b99b-a84657295bfc.rna_seq.star_splice_junctions.tsv.gz	7248aa10-c352-436d-8c4e-4b31c5c0cae4
controlled	8f4c042c-fbe3-4d0c-b2bd-695bc37483f5	TCGA-N1-A6IA	Sequencing Reads	BAM	RNA-Seq	ecdc3e19-8337-498c-a301-5f24b90ac54b	d6d922a1-f6ae-4190-be36-0ac1e03f85fa.rna_seq.transcriptome.gdc_realn.bam	ecdc3e19-8337-498c-a301-5f24b90ac54b
controlled	a7613c60-93a1-4a4c-9b12-dfd2103b0168	TCGA-QC-AA9N	Sequencing Reads	BAM	RNA-Seq	d17a11bd-bce2-4765-9dad-292fdb079025	11109910-f64e-4c34-b99b-a84657295bfc.rna_seq.transcriptome.gdc_realn.bam	d17a11bd-bce2-4765-9dad-292fdb079025
controlled	969954a8-7f15-4052-9e6a-c5956115f3ad	TCGA-DX-A6BG	Structural Variation	TSV	RNA-Seq	cddaaf9c-f5e0-46c2-929a-d0522baab0a9	TCGA-SARC.3425a065-e441-464b-b6cd-d29519b765c4.arriba.rna_fusion.tsv	cddaaf9c-f5e0-46c2-929a-d0522baab0a9
controlled	8f4c042c-fbe3-4d0c-b2bd-695bc37483f5	TCGA-N1-A6IA	Structural Variation	BEDPE	RNA-Seq	44d013cb-ba2d-4fb3-86b6-862cb1b1f340	TCGA-SARC.91ebf145-7f94-465b-897e-9301cd2f55d1.star_fusion.rna_fusion.bedpe	44d013cb-ba2d-4fb3-86b6-862cb1b1f340
controlled	9c58e3b2-1dee-4375-8239-ce69a725e3de	TCGA-DX-A6B8	Structural Variation	BEDPE	RNA-Seq	5507c64b-d898-40c1-9c5d-1d29db20567f	TCGA-SARC.c6fabb56-50fd-4036-afc3-108e06390c36.star_fusion.rna_fusion.bedpe	5507c64b-d898-40c1-9c5d-1d29db20567f
open	91f6eb4c-0143-47b9-bcbd-5332d913a039	TCGA-DX-AB3B	Transcriptome Profiling	TSV	RNA-Seq	654dbe49-db11-4aff-b024-9c168aab37af	7099f710-e5d8-422e-a7c3-4dd513941552.rna_seq.augmented_star_gene_counts.tsv	654dbe49-db11-4aff-b024-9c168aab37af
controlled	9c58e3b2-1dee-4375-8239-ce69a725e3de	TCGA-DX-A6B8	Structural Variation	TSV	RNA-Seq	6fa6e77a-aa9c-43d1-bb42-dada3977e1b3	TCGA-SARC.5d8b0755-cbb4-4f18-a790-b5f4d884381e.arriba.rna_fusion.tsv	6fa6e77a-aa9c-43d1-bb42-dada3977e1b3
controlled	98b4dd76-e6c4-4125-ba9e-9dc318ffb61c	TCGA-DX-AB2F	Sequencing Reads	BAM	RNA-Seq	930aa35a-2423-421e-a19d-727cd7f6ec0b	1ca97535-07b9-4c33-9bbc-1c0734aa2824.rna_seq.genomic.gdc_realn.bam	930aa35a-2423-421e-a19d-727cd7f6ec0b
controlled	8fabdaf2-00b1-4d41-a27b-f4aa13f7b451	TCGA-DX-A3M2	Structural Variation	TSV	RNA-Seq	3fa4106a-474b-4672-91b4-805921e574dc	TCGA-SARC.971eca9a-18e0-4cac-8d37-bb6c27a27488.arriba.rna_fusion.tsv	3fa4106a-474b-4672-91b4-805921e574dc
controlled	98b4dd76-e6c4-4125-ba9e-9dc318ffb61c	TCGA-DX-AB2F	Structural Variation	BEDPE	RNA-Seq	a2410b6f-53a4-45f2-bf42-ee3e40b85a41	TCGA-SARC.e0183a1e-6307-462e-8fb5-05ec517d39d4.arriba.rna_fusion.bedpe	a2410b6f-53a4-45f2-bf42-ee3e40b85a41
controlled	9dcdbd1b-2e03-4314-aef2-1f6b6fe18523	TCGA-DX-AB2X	Transcriptome Profiling	TSV	RNA-Seq	b3e8e082-73ea-48e6-b665-523521b9c05b	f0e41d6c-d029-4593-9e9f-175fc440ac72.rna_seq.star_splice_junctions.tsv.gz	b3e8e082-73ea-48e6-b665-523521b9c05b
controlled	9dcdbd1b-2e03-4314-aef2-1f6b6fe18523	TCGA-DX-AB2X	Sequencing Reads	BAM	RNA-Seq	f8d4a460-fcf5-4ee3-9b4e-e942aa691a6a	f0e41d6c-d029-4593-9e9f-175fc440ac72.rna_seq.transcriptome.gdc_realn.bam	f8d4a460-fcf5-4ee3-9b4e-e942aa691a6a
controlled	ac9c3d6a-2df7-472a-b9d7-0a5583463750	TCGA-X6-A8C7	Structural Variation	TSV	RNA-Seq	59b0cba9-e64b-4558-bcc7-f768acecd503	TCGA-SARC.ee8eba3e-6ebc-42f0-91ed-0d7b76e5aa09.star_fusion.rna_fusion.tsv	59b0cba9-e64b-4558-bcc7-f768acecd503
open	9dcdbd1b-2e03-4314-aef2-1f6b6fe18523	TCGA-DX-AB2X	Transcriptome Profiling	TSV	RNA-Seq	5180ebbb-ddaf-4adc-9a08-47f6fa8d0ed9	f0e41d6c-d029-4593-9e9f-175fc440ac72.rna_seq.augmented_star_gene_counts.tsv	5180ebbb-ddaf-4adc-9a08-47f6fa8d0ed9
controlled	91f6eb4c-0143-47b9-bcbd-5332d913a039	TCGA-DX-AB3B	Structural Variation	TSV	RNA-Seq	18b9dbd3-0106-4ecc-960d-c0a59ebe72e9	TCGA-SARC.dc05ec5c-8bcf-471c-a3c4-a369cbcf6011.arriba.rna_fusion.tsv	18b9dbd3-0106-4ecc-960d-c0a59ebe72e9
controlled	a857d684-7195-44f9-ba21-b88020bd9633	TCGA-SI-A71O	Structural Variation	BEDPE	RNA-Seq	de9b8a58-f8d5-459d-8bdf-0aa234e9df76	TCGA-SARC.17e955d8-00c4-4d9f-bf6e-d5297be3c2e1.arriba.rna_fusion.bedpe	de9b8a58-f8d5-459d-8bdf-0aa234e9df76
controlled	a8ce2be1-1f15-4e02-9161-5f161447a541	TCGA-3B-A9I0	Sequencing Reads	BAM	RNA-Seq	604eaac6-68b3-4bff-aa72-5068aab72d94	94dcead6-4b21-4551-8131-056255764af2.rna_seq.genomic.gdc_realn.bam	604eaac6-68b3-4bff-aa72-5068aab72d94
controlled	9ebda267-a475-408a-a512-cd3761de83b4	TCGA-QC-A6FX	Structural Variation	TSV	RNA-Seq	61d03bb2-ae1a-46ef-b32d-40dd8be447ba	TCGA-SARC.032247ca-09dc-49b8-a627-91c633d3a812.star_fusion.rna_fusion.tsv	61d03bb2-ae1a-46ef-b32d-40dd8be447ba
controlled	9ebda267-a475-408a-a512-cd3761de83b4	TCGA-QC-A6FX	Sequencing Reads	BAM	RNA-Seq	9a825fa9-d77e-4615-8b62-5e6188951f37	2485fa0a-b3e8-4524-8566-d7dd5a423b49.rna_seq.transcriptome.gdc_realn.bam	9a825fa9-d77e-4615-8b62-5e6188951f37
controlled	9bdc3867-2115-4351-af5f-a52a2c20ae5d	TCGA-K1-A42X	Structural Variation	BEDPE	RNA-Seq	f38ec2c3-db9f-42d6-8e52-313540f64dfd	TCGA-SARC.118b6dd1-d114-4cd1-9e5b-90083b0a26fc.star_fusion.rna_fusion.bedpe	f38ec2c3-db9f-42d6-8e52-313540f64dfd
controlled	b85e2156-d5ac-486c-93e1-86525ea41a64	TCGA-DX-A3M1	Structural Variation	TSV	RNA-Seq	b31232e6-6bf2-4ac9-9fdd-5f072ba7a834	TCGA-SARC.9870d323-3afe-4027-be3a-e7a4f9ea762f.star_fusion.rna_fusion.tsv	b31232e6-6bf2-4ac9-9fdd-5f072ba7a834
controlled	a8ce2be1-1f15-4e02-9161-5f161447a541	TCGA-3B-A9I0	Structural Variation	TSV	RNA-Seq	acd22629-19cf-4fca-8c43-e483eb59155f	TCGA-SARC.c85a181c-3439-46c9-8bac-9b71b7217244.star_fusion.rna_fusion.tsv	acd22629-19cf-4fca-8c43-e483eb59155f
controlled	c20682a1-f340-430d-99f9-077fe093ed19	TCGA-IW-A3M5	Sequencing Reads	BAM	RNA-Seq	6c8b1418-1570-488a-a99f-509bae5cac8d	5088af66-9478-445a-b884-e8c14a11b83f.rna_seq.genomic.gdc_realn.bam	6c8b1418-1570-488a-a99f-509bae5cac8d
controlled	c20682a1-f340-430d-99f9-077fe093ed19	TCGA-IW-A3M5	Sequencing Reads	BAM	RNA-Seq	08bede38-82f9-452d-83ba-a9b9005e2108	5088af66-9478-445a-b884-e8c14a11b83f.rna_seq.chimeric.gdc_realn.bam	08bede38-82f9-452d-83ba-a9b9005e2108
controlled	cc891960-42a2-4d76-b93b-c2914c929154	TCGA-DX-A6B9	Sequencing Reads	BAM	RNA-Seq	62ac3fbb-bc37-4bbf-8c84-99c967816574	66f3a0b4-0702-4a27-8711-e434bcb68935.rna_seq.chimeric.gdc_realn.bam	62ac3fbb-bc37-4bbf-8c84-99c967816574
controlled	c20682a1-f340-430d-99f9-077fe093ed19	TCGA-IW-A3M5	Structural Variation	BEDPE	RNA-Seq	795f704b-98a5-434a-8149-296e05a01a45	TCGA-SARC.d656e081-56ad-4b69-bfbf-43ba0cce533b.arriba.rna_fusion.bedpe	795f704b-98a5-434a-8149-296e05a01a45
controlled	cc891960-42a2-4d76-b93b-c2914c929154	TCGA-DX-A6B9	Structural Variation	BEDPE	RNA-Seq	68715e46-3d45-4a42-ab59-0210ae79deb7	TCGA-SARC.8edc6877-89c8-4852-8dce-87c23dbe1825.arriba.rna_fusion.bedpe	68715e46-3d45-4a42-ab59-0210ae79deb7
controlled	cc891960-42a2-4d76-b93b-c2914c929154	TCGA-DX-A6B9	Structural Variation	TSV	RNA-Seq	37054200-29f2-4ab0-8779-b09a4b630cc3	TCGA-SARC.8edc6877-89c8-4852-8dce-87c23dbe1825.arriba.rna_fusion.tsv	37054200-29f2-4ab0-8779-b09a4b630cc3
controlled	a8ce2be1-1f15-4e02-9161-5f161447a541	TCGA-3B-A9I0	Sequencing Reads	BAM	RNA-Seq	7ad960d6-b176-44e5-a9d8-807a20aab380	94dcead6-4b21-4551-8131-056255764af2.rna_seq.chimeric.gdc_realn.bam	7ad960d6-b176-44e5-a9d8-807a20aab380
controlled	b0c194ce-8f60-423f-afca-7f577813421c	TCGA-X9-A971	Transcriptome Profiling	TSV	RNA-Seq	e9f88213-874f-497b-898b-55bfb0fad646	d524c684-9f85-4a97-8c77-a037c17367c6.rna_seq.star_splice_junctions.tsv.gz	e9f88213-874f-497b-898b-55bfb0fad646
controlled	b0c194ce-8f60-423f-afca-7f577813421c	TCGA-X9-A971	Structural Variation	BEDPE	RNA-Seq	7dc65d5c-fb35-44a8-95ce-0c0a696fb6ed	TCGA-SARC.06bc721e-618c-4e9b-b791-ec7afb7c6b4e.arriba.rna_fusion.bedpe	7dc65d5c-fb35-44a8-95ce-0c0a696fb6ed
controlled	c20682a1-f340-430d-99f9-077fe093ed19	TCGA-IW-A3M5	Transcriptome Profiling	TSV	RNA-Seq	9d51887b-5ca5-477a-9504-cc673bd6000a	5088af66-9478-445a-b884-e8c14a11b83f.rna_seq.star_splice_junctions.tsv.gz	9d51887b-5ca5-477a-9504-cc673bd6000a
controlled	c20682a1-f340-430d-99f9-077fe093ed19	TCGA-IW-A3M5	Structural Variation	TSV	RNA-Seq	970887e8-39fc-4b29-b5c8-b8e998db41ef	TCGA-SARC.291343d3-5b94-4dee-9c88-05d1e5660a6d.star_fusion.rna_fusion.tsv	970887e8-39fc-4b29-b5c8-b8e998db41ef
controlled	b8dd67ae-5808-45fc-9a1f-47f18a2f827d	TCGA-DX-A6YS	Structural Variation	TSV	RNA-Seq	9a320143-bbfe-4897-bc10-8952364c1592	TCGA-SARC.a991cac5-5aee-4576-b048-ed8290420517.star_fusion.rna_fusion.tsv	9a320143-bbfe-4897-bc10-8952364c1592
controlled	b8dd67ae-5808-45fc-9a1f-47f18a2f827d	TCGA-DX-A6YS	Structural Variation	TSV	RNA-Seq	ee8438fe-e9cb-43df-9028-18bb38c9aeb3	TCGA-SARC.f02e84f4-6fcc-4c81-ab5d-d9a9cb1b60f8.arriba.rna_fusion.tsv	ee8438fe-e9cb-43df-9028-18bb38c9aeb3
controlled	b8dd67ae-5808-45fc-9a1f-47f18a2f827d	TCGA-DX-A6YS	Sequencing Reads	BAM	RNA-Seq	3665b61c-2cbf-4ede-a2eb-e8fe8442d106	7adc764d-9ed6-401c-8ad0-8a520feefd91.rna_seq.chimeric.gdc_realn.bam	3665b61c-2cbf-4ede-a2eb-e8fe8442d106
open	b8dd67ae-5808-45fc-9a1f-47f18a2f827d	TCGA-DX-A6YS	Transcriptome Profiling	TSV	RNA-Seq	d99885cc-6287-4c9c-9924-7731599d5ac7	7adc764d-9ed6-401c-8ad0-8a520feefd91.rna_seq.augmented_star_gene_counts.tsv	d99885cc-6287-4c9c-9924-7731599d5ac7
controlled	cc9eb46b-47a6-44b2-97c1-3ee866bbfc3d	TCGA-DX-AB2E	Transcriptome Profiling	TSV	RNA-Seq	e572f3c0-4ab0-4801-814e-4c80137832f5	3dcc3841-21f9-4434-84ef-6d12f60967af.rna_seq.star_splice_junctions.tsv.gz	e572f3c0-4ab0-4801-814e-4c80137832f5
controlled	cc9eb46b-47a6-44b2-97c1-3ee866bbfc3d	TCGA-DX-AB2E	Sequencing Reads	BAM	RNA-Seq	4503020d-e56d-4ad0-a6dd-c7eb436f4205	3dcc3841-21f9-4434-84ef-6d12f60967af.rna_seq.chimeric.gdc_realn.bam	4503020d-e56d-4ad0-a6dd-c7eb436f4205
controlled	b9a01a64-3c9d-44b3-8ee1-a880b7816fee	TCGA-DX-A7EM	Structural Variation	TSV	RNA-Seq	3ad82641-ac94-4d39-b210-9e4667e62aeb	TCGA-SARC.177def1d-42da-4cac-9fdb-8fb80d10f7fa.star_fusion.rna_fusion.tsv	3ad82641-ac94-4d39-b210-9e4667e62aeb
controlled	cc9eb46b-47a6-44b2-97c1-3ee866bbfc3d	TCGA-DX-AB2E	Structural Variation	TSV	RNA-Seq	f997f650-1f75-4447-bed3-a08c81c57fab	TCGA-SARC.6d743d02-b95b-466d-bd37-06ab2bf5df3e.star_fusion.rna_fusion.tsv	f997f650-1f75-4447-bed3-a08c81c57fab
controlled	a93fd240-59c1-4527-854e-dfd042222fcf	TCGA-3B-A9I3	Structural Variation	TSV	RNA-Seq	fef35349-8234-482c-94a7-2517785e07f9	TCGA-SARC.c9458021-5d2a-4521-92e2-130069563786.star_fusion.rna_fusion.tsv	fef35349-8234-482c-94a7-2517785e07f9
controlled	b9a01a64-3c9d-44b3-8ee1-a880b7816fee	TCGA-DX-A7EM	Transcriptome Profiling	TSV	RNA-Seq	0322c96e-bae7-48ae-9036-bb5a254e517e	319846dc-74b1-4a8b-9ef8-06027b03092d.rna_seq.star_splice_junctions.tsv.gz	0322c96e-bae7-48ae-9036-bb5a254e517e
controlled	9ef5cdda-8aba-4027-8cf0-e53b2f54704a	TCGA-3B-A9HU	Sequencing Reads	BAM	RNA-Seq	23ea8377-aaf1-4adc-bc4f-2aa29e67425f	54044b5f-4cca-48f1-b0e0-340f6e7dff1e.rna_seq.chimeric.gdc_realn.bam	23ea8377-aaf1-4adc-bc4f-2aa29e67425f
controlled	cc9eb46b-47a6-44b2-97c1-3ee866bbfc3d	TCGA-DX-AB2E	Structural Variation	BEDPE	RNA-Seq	86c2057d-900f-44b2-8ace-7676644e7e03	TCGA-SARC.290b5285-bdc7-4423-8438-995a038fe554.arriba.rna_fusion.bedpe	86c2057d-900f-44b2-8ace-7676644e7e03
open	cc9eb46b-47a6-44b2-97c1-3ee866bbfc3d	TCGA-DX-AB2E	Transcriptome Profiling	TSV	RNA-Seq	37d59165-dc3a-435c-a4fc-e629d4b91963	3dcc3841-21f9-4434-84ef-6d12f60967af.rna_seq.augmented_star_gene_counts.tsv	37d59165-dc3a-435c-a4fc-e629d4b91963
controlled	b1a92728-e119-4f5f-a303-2ebb8ea3db88	TCGA-PC-A5DO	Sequencing Reads	BAM	RNA-Seq	72979a76-a939-45d2-9599-d9acd5509386	ed43dc49-ca57-4c57-a06d-8a1dbf3993c5.rna_seq.genomic.gdc_realn.bam	72979a76-a939-45d2-9599-d9acd5509386
controlled	c5b0e6be-48b5-40e5-9d90-f9112050aa88	TCGA-HB-A5W3	Sequencing Reads	BAM	RNA-Seq	d06ae702-4678-4f40-9d44-c497a3fdd1e3	458c8c03-d9d2-4b8a-8d3c-39ae59b813bd.rna_seq.transcriptome.gdc_realn.bam	d06ae702-4678-4f40-9d44-c497a3fdd1e3
controlled	b2ee912a-0a57-4d46-bc25-3594028fe387	TCGA-X6-A8C4	Transcriptome Profiling	TSV	RNA-Seq	f25ecead-5a46-49fa-91bb-f01b04fbf3ff	bf6981c0-7cb3-4370-9ca4-97b939533c8b.rna_seq.star_splice_junctions.tsv.gz	f25ecead-5a46-49fa-91bb-f01b04fbf3ff
controlled	cd8637c0-1651-4e8a-9a88-7fb06dc36ff8	TCGA-JV-A75J	Transcriptome Profiling	TSV	RNA-Seq	d44eb359-b38c-411b-b2ba-012b1dc399ab	59d4607e-766e-44bc-9af3-68f469b0bd4d.rna_seq.star_splice_junctions.tsv.gz	d44eb359-b38c-411b-b2ba-012b1dc399ab
open	cd8637c0-1651-4e8a-9a88-7fb06dc36ff8	TCGA-JV-A75J	Transcriptome Profiling	TSV	RNA-Seq	946d36eb-d3b2-4870-907f-d5231d2f7d53	59d4607e-766e-44bc-9af3-68f469b0bd4d.rna_seq.augmented_star_gene_counts.tsv	946d36eb-d3b2-4870-907f-d5231d2f7d53
open	c5b0e6be-48b5-40e5-9d90-f9112050aa88	TCGA-HB-A5W3	Transcriptome Profiling	TSV	RNA-Seq	5d8ec243-95ae-4e7e-9bca-703c991290eb	458c8c03-d9d2-4b8a-8d3c-39ae59b813bd.rna_seq.augmented_star_gene_counts.tsv	5d8ec243-95ae-4e7e-9bca-703c991290eb
controlled	cedf4099-076d-4ea7-9a86-76fe9530b88c	TCGA-JV-A5VF	Sequencing Reads	BAM	RNA-Seq	716799ac-5610-419a-8806-e60d424e70b5	02e2efbf-cd56-48de-8106-dee44354b184.rna_seq.transcriptome.gdc_realn.bam	716799ac-5610-419a-8806-e60d424e70b5
open	a37238f3-55b5-43df-a0c5-3d22ee5156f3	TCGA-DX-A48R	Transcriptome Profiling	TSV	RNA-Seq	1e807b38-cbc9-4a26-8a7b-05866886b58a	1378619e-4196-48ec-a823-b1de339ec37b.rna_seq.augmented_star_gene_counts.tsv	1e807b38-cbc9-4a26-8a7b-05866886b58a
controlled	a37238f3-55b5-43df-a0c5-3d22ee5156f3	TCGA-DX-A48R	Sequencing Reads	BAM	RNA-Seq	ca9f0502-92e8-4af6-b448-f45be29df3b6	1378619e-4196-48ec-a823-b1de339ec37b.rna_seq.transcriptome.gdc_realn.bam	ca9f0502-92e8-4af6-b448-f45be29df3b6
controlled	ab706ea0-d642-4f58-ba8d-f5d930b91286	TCGA-WK-A8Y0	Sequencing Reads	BAM	RNA-Seq	e48f33a6-cd39-48d6-b795-ce926a0d01cd	40aef268-f856-44be-b886-04ae0c72b54c.rna_seq.transcriptome.gdc_realn.bam	e48f33a6-cd39-48d6-b795-ce926a0d01cd
controlled	a37238f3-55b5-43df-a0c5-3d22ee5156f3	TCGA-DX-A48R	Structural Variation	TSV	RNA-Seq	5f0f8a26-0c86-4cae-a37b-46d6b2aabe23	TCGA-SARC.61541bf2-d1ff-42e6-8b1b-b34975cc3d6d.star_fusion.rna_fusion.tsv	5f0f8a26-0c86-4cae-a37b-46d6b2aabe23
controlled	d7d9204b-b85e-4260-8a54-c39e7847e982	TCGA-SG-A849	Sequencing Reads	BAM	RNA-Seq	2dafca59-8653-4da5-a9a9-c3cfe3a49697	151226ac-c70a-4932-a9a5-9a1c6d06ec1c.rna_seq.genomic.gdc_realn.bam	2dafca59-8653-4da5-a9a9-c3cfe3a49697
open	e119dc43-9ba7-43ad-add0-1ce8a01e3b06	TCGA-JV-A5VE	Transcriptome Profiling	TSV	RNA-Seq	77f49441-64a8-4833-b3a7-4fa9d1fd4317	a00ca4f8-2855-4653-8cee-81738f40ef4c.rna_seq.augmented_star_gene_counts.tsv	77f49441-64a8-4833-b3a7-4fa9d1fd4317
controlled	bfaafe2d-0e83-43aa-9f81-b34b62a46d38	TCGA-DX-A1KY	Structural Variation	BEDPE	RNA-Seq	47474348-cd4a-4f71-8575-a779d4d5191b	TCGA-SARC.6faf6fa5-3dd9-40bd-91cf-bde8fca453c8.star_fusion.rna_fusion.bedpe	47474348-cd4a-4f71-8575-a779d4d5191b
controlled	e119dc43-9ba7-43ad-add0-1ce8a01e3b06	TCGA-JV-A5VE	Structural Variation	TSV	RNA-Seq	513cd90d-a880-465f-be13-5c449ffe14c2	TCGA-SARC.6267c3eb-3537-47af-a7d7-028febd214af.star_fusion.rna_fusion.tsv	513cd90d-a880-465f-be13-5c449ffe14c2
controlled	b5f27002-4277-418d-90b0-cc5a2742692e	TCGA-DX-A23R	Structural Variation	BEDPE	RNA-Seq	a5abecc0-6dd8-431b-a313-959e550cdaac	TCGA-SARC.d51031f6-8ee9-47ed-9d62-83df892a845f.arriba.rna_fusion.bedpe	a5abecc0-6dd8-431b-a313-959e550cdaac
controlled	c849127a-2f15-4fab-8815-db09b017f48c	TCGA-X6-A7W8	Sequencing Reads	BAM	RNA-Seq	25382aa6-c6c6-4773-9736-9206a0a676df	5fdbbbb1-3a95-44b6-ba85-0a2f86114fc0.rna_seq.transcriptome.gdc_realn.bam	25382aa6-c6c6-4773-9736-9206a0a676df
controlled	b61e39f5-f0dd-485e-8e22-d4fdea751f55	TCGA-SI-A71Q	Structural Variation	TSV	RNA-Seq	561e9d3f-9a09-4f53-9af0-d8aeaba89ea2	TCGA-SARC.ac97927a-1ccf-45f3-a67e-ba4b24004949.star_fusion.rna_fusion.tsv	561e9d3f-9a09-4f53-9af0-d8aeaba89ea2
controlled	d7dc8efc-30d9-4d86-84a2-f39f4e1ea50e	TCGA-DX-A48L	Structural Variation	TSV	RNA-Seq	069d33d7-0a41-46ab-92e6-7e001b6a6d0f	TCGA-SARC.27bb0349-7928-4015-a6cb-85ee4e10597f.star_fusion.rna_fusion.tsv	069d33d7-0a41-46ab-92e6-7e001b6a6d0f
controlled	bfb21f9b-31af-4ecc-a4f4-d7d3f5728e01	TCGA-3B-A9HR	Sequencing Reads	BAM	RNA-Seq	ec206712-d47e-4824-ad4d-27e9a7fdd779	40f39dd0-1c43-4ecc-a4d9-da32d47f9fcc.rna_seq.chimeric.gdc_realn.bam	ec206712-d47e-4824-ad4d-27e9a7fdd779
controlled	e4fb6a08-9d3f-4e62-85ce-7ba0dc03c8e2	TCGA-QQ-A5VD	Sequencing Reads	BAM	RNA-Seq	660329c3-3700-4569-920d-d495ad870127	2d591d26-142e-438e-b731-02d757a9bbc2.rna_seq.transcriptome.gdc_realn.bam	660329c3-3700-4569-920d-d495ad870127
controlled	e4fb6a08-9d3f-4e62-85ce-7ba0dc03c8e2	TCGA-QQ-A5VD	Sequencing Reads	BAM	RNA-Seq	c51af4ae-e951-4376-829e-98b932cc4d46	2d591d26-142e-438e-b731-02d757a9bbc2.rna_seq.genomic.gdc_realn.bam	c51af4ae-e951-4376-829e-98b932cc4d46
controlled	d7dc8efc-30d9-4d86-84a2-f39f4e1ea50e	TCGA-DX-A48L	Transcriptome Profiling	TSV	RNA-Seq	cd51c4ca-7b7d-410f-9130-7f4e74f11269	4d2236a8-cde8-4fe1-80ca-24c051407da0.rna_seq.star_splice_junctions.tsv.gz	cd51c4ca-7b7d-410f-9130-7f4e74f11269
controlled	b61e39f5-f0dd-485e-8e22-d4fdea751f55	TCGA-SI-A71Q	Sequencing Reads	BAM	RNA-Seq	8540de9a-2a49-4faf-8796-ab25f2b2e26f	d6367ba7-ab2f-463f-ab02-576c493e5fc1.rna_seq.genomic.gdc_realn.bam	8540de9a-2a49-4faf-8796-ab25f2b2e26f
controlled	dc18ccea-b332-4fac-b49b-1e0217ad025b	TCGA-PC-A5DN	Sequencing Reads	BAM	RNA-Seq	b185d070-afbe-4d20-916c-7e2b757840a6	841359d9-f545-4205-8a90-669d7b7491de.rna_seq.genomic.gdc_realn.bam	b185d070-afbe-4d20-916c-7e2b757840a6
controlled	b61e39f5-f0dd-485e-8e22-d4fdea751f55	TCGA-SI-A71Q	Sequencing Reads	BAM	RNA-Seq	98637520-8ee2-4f36-b934-9b80a5c29d2d	d6367ba7-ab2f-463f-ab02-576c493e5fc1.rna_seq.chimeric.gdc_realn.bam	98637520-8ee2-4f36-b934-9b80a5c29d2d
controlled	e5608743-59c4-4846-96b5-b3d36efbed85	TCGA-MB-A5Y9	Sequencing Reads	BAM	RNA-Seq	26ec6231-892b-433c-8c86-fb95412f7784	b988a5a3-70e6-4d9e-a7a7-7bfe86f59cad.rna_seq.chimeric.gdc_realn.bam	26ec6231-892b-433c-8c86-fb95412f7784
open	c9a5b051-0503-4aae-8bc6-270af3033326	TCGA-DX-A6Z0	Transcriptome Profiling	TSV	RNA-Seq	c2354470-0b0b-4701-85c8-c516f583f6ee	0cb31d88-d149-4033-819f-a4b030852efc.rna_seq.augmented_star_gene_counts.tsv	c2354470-0b0b-4701-85c8-c516f583f6ee
controlled	b61e39f5-f0dd-485e-8e22-d4fdea751f55	TCGA-SI-A71Q	Structural Variation	BEDPE	RNA-Seq	117bc659-56b0-47cf-aa14-2c7bec98d8b8	TCGA-SARC.bf6ae066-0bd1-4d7e-8a42-f9ee180cc6db.arriba.rna_fusion.bedpe	117bc659-56b0-47cf-aa14-2c7bec98d8b8
controlled	e5608743-59c4-4846-96b5-b3d36efbed85	TCGA-MB-A5Y9	Sequencing Reads	BAM	RNA-Seq	5d72168f-1c31-4bb7-ac9e-a3a4f326ef0b	b988a5a3-70e6-4d9e-a7a7-7bfe86f59cad.rna_seq.transcriptome.gdc_realn.bam	5d72168f-1c31-4bb7-ac9e-a3a4f326ef0b
controlled	bfb21f9b-31af-4ecc-a4f4-d7d3f5728e01	TCGA-3B-A9HR	Structural Variation	TSV	RNA-Seq	1fbebd4d-6974-4abc-8ce9-facfdf60f2b9	TCGA-SARC.77927d57-b554-40fc-b17c-5389346c4de5.star_fusion.rna_fusion.tsv	1fbebd4d-6974-4abc-8ce9-facfdf60f2b9
controlled	dc18ccea-b332-4fac-b49b-1e0217ad025b	TCGA-PC-A5DN	Sequencing Reads	BAM	RNA-Seq	04d1c214-bd1b-4387-94ab-95ca8f7cc8df	841359d9-f545-4205-8a90-669d7b7491de.rna_seq.chimeric.gdc_realn.bam	04d1c214-bd1b-4387-94ab-95ca8f7cc8df
open	d51b9939-aef7-426b-a57f-01c3684e2dc2	TCGA-RN-A68Q	Transcriptome Profiling	TSV	RNA-Seq	43b5b912-98dc-4b26-8bb0-ef8d6fc05220	80cc71e5-41f2-48a1-9d91-4dd5d97b8e13.rna_seq.augmented_star_gene_counts.tsv	43b5b912-98dc-4b26-8bb0-ef8d6fc05220
controlled	c030f196-9591-4b0e-ad72-2320f277773b	TCGA-QQ-A5V2	Structural Variation	TSV	RNA-Seq	922f3627-537c-48df-8f3b-ec000652ab59	TCGA-SARC.6e1974bb-77f6-4f0b-8444-e71d361bc4e5.star_fusion.rna_fusion.tsv	922f3627-537c-48df-8f3b-ec000652ab59
controlled	e786de34-4c21-460f-89ab-008de4347049	TCGA-DX-A3LU	Structural Variation	TSV	RNA-Seq	a08a0253-968d-4ec5-a883-5608852516d2	TCGA-SARC.be043338-969e-40fc-a85b-61c7c03db6a5.arriba.rna_fusion.tsv	a08a0253-968d-4ec5-a883-5608852516d2
controlled	d51b9939-aef7-426b-a57f-01c3684e2dc2	TCGA-RN-A68Q	Sequencing Reads	BAM	RNA-Seq	c381bfc6-d0b3-4a50-bc52-c40c88261026	80cc71e5-41f2-48a1-9d91-4dd5d97b8e13.rna_seq.chimeric.gdc_realn.bam	c381bfc6-d0b3-4a50-bc52-c40c88261026
controlled	de0cfb5d-0db6-4bf9-8a92-c5de4208bb04	TCGA-Z4-A8JB	Sequencing Reads	BAM	RNA-Seq	4169dc24-65ac-485a-8312-62bd05c5e38c	9efdcc72-5ab6-4696-922e-7b5c260c76a1.rna_seq.genomic.gdc_realn.bam	4169dc24-65ac-485a-8312-62bd05c5e38c
controlled	de0cfb5d-0db6-4bf9-8a92-c5de4208bb04	TCGA-Z4-A8JB	Sequencing Reads	BAM	RNA-Seq	ecdb0bea-c403-449c-a514-fe8720aa5584	9efdcc72-5ab6-4696-922e-7b5c260c76a1.rna_seq.transcriptome.gdc_realn.bam	ecdb0bea-c403-449c-a514-fe8720aa5584
controlled	eea7d707-aeb9-4d00-ab5e-c1ea608517e9	TCGA-DX-A8BT	Structural Variation	BEDPE	RNA-Seq	583279ad-169a-4fa0-9f75-64e029f11cce	TCGA-SARC.4a229bee-11d6-438f-8a4c-ce89a9229d75.arriba.rna_fusion.bedpe	583279ad-169a-4fa0-9f75-64e029f11cce
controlled	eea7d707-aeb9-4d00-ab5e-c1ea608517e9	TCGA-DX-A8BT	Sequencing Reads	BAM	RNA-Seq	ba2032d1-559f-492e-8d8c-0ba8b23eac54	759a476c-94db-4be9-be54-267e733d7136.rna_seq.genomic.gdc_realn.bam	ba2032d1-559f-492e-8d8c-0ba8b23eac54
controlled	cabd63ee-d833-47b0-9a0b-8a046d260af1	TCGA-DX-AB3A	Structural Variation	BEDPE	RNA-Seq	40f6101b-1a70-49f1-a6c8-b462fe2c9d81	TCGA-SARC.ce6c5be2-2554-4dca-bb27-fc83ed752cee.arriba.rna_fusion.bedpe	40f6101b-1a70-49f1-a6c8-b462fe2c9d81
controlled	eea7d707-aeb9-4d00-ab5e-c1ea608517e9	TCGA-DX-A8BT	Structural Variation	TSV	RNA-Seq	683059ce-b596-48ac-850f-9b464a253d64	TCGA-SARC.0c274346-4b24-4754-a341-4e22248a15f2.star_fusion.rna_fusion.tsv	683059ce-b596-48ac-850f-9b464a253d64
controlled	de277edb-4543-4bd7-8f86-206c18b54d8d	TCGA-DX-A48P	Transcriptome Profiling	TSV	RNA-Seq	4a1889a3-7e01-4229-800c-b930865b7799	af58b4eb-da2f-411f-962a-8deb731c7f74.rna_seq.star_splice_junctions.tsv.gz	4a1889a3-7e01-4229-800c-b930865b7799
controlled	e786de34-4c21-460f-89ab-008de4347049	TCGA-DX-A3LU	Transcriptome Profiling	TSV	RNA-Seq	86a8ecc9-3d86-4322-af3b-65dbd0700e46	303b3d44-f71a-4c7a-bae9-1e2b5e875619.rna_seq.star_splice_junctions.tsv.gz	86a8ecc9-3d86-4322-af3b-65dbd0700e46
controlled	eea7d707-aeb9-4d00-ab5e-c1ea608517e9	TCGA-DX-A8BT	Sequencing Reads	BAM	RNA-Seq	ab9ec0cd-60d5-4020-97b7-f732e56729e3	759a476c-94db-4be9-be54-267e733d7136.rna_seq.transcriptome.gdc_realn.bam	ab9ec0cd-60d5-4020-97b7-f732e56729e3
controlled	eea7d707-aeb9-4d00-ab5e-c1ea608517e9	TCGA-DX-A8BT	Sequencing Reads	BAM	RNA-Seq	cbcb40b6-1b9e-435c-90ca-079944d3b913	759a476c-94db-4be9-be54-267e733d7136.rna_seq.chimeric.gdc_realn.bam	cbcb40b6-1b9e-435c-90ca-079944d3b913
controlled	d680595d-2956-4780-8ea4-e815edb0706d	TCGA-DX-A7EU	Transcriptome Profiling	TSV	RNA-Seq	d01e76b8-e9b9-48d1-8407-d8ca7b3067b3	fe575195-38f5-4ffa-806b-1ec61562b43d.rna_seq.star_splice_junctions.tsv.gz	d01e76b8-e9b9-48d1-8407-d8ca7b3067b3
controlled	de277edb-4543-4bd7-8f86-206c18b54d8d	TCGA-DX-A48P	Sequencing Reads	BAM	RNA-Seq	aee6efde-1660-4cb2-a432-d0855458fb6c	af58b4eb-da2f-411f-962a-8deb731c7f74.rna_seq.transcriptome.gdc_realn.bam	aee6efde-1660-4cb2-a432-d0855458fb6c
controlled	de277edb-4543-4bd7-8f86-206c18b54d8d	TCGA-DX-A48P	Sequencing Reads	BAM	RNA-Seq	aa7779bd-b598-408f-9588-d02051b7bb46	af58b4eb-da2f-411f-962a-8deb731c7f74.rna_seq.chimeric.gdc_realn.bam	aa7779bd-b598-408f-9588-d02051b7bb46
controlled	e786de34-4c21-460f-89ab-008de4347049	TCGA-DX-A3LU	Structural Variation	BEDPE	RNA-Seq	65219d1d-770d-413b-86cd-af0423ca10e5	TCGA-SARC.be043338-969e-40fc-a85b-61c7c03db6a5.arriba.rna_fusion.bedpe	65219d1d-770d-413b-86cd-af0423ca10e5
controlled	d680595d-2956-4780-8ea4-e815edb0706d	TCGA-DX-A7EU	Sequencing Reads	BAM	RNA-Seq	ca29f595-97a1-4e9f-be4e-c9762ef4efb4	fe575195-38f5-4ffa-806b-1ec61562b43d.rna_seq.chimeric.gdc_realn.bam	ca29f595-97a1-4e9f-be4e-c9762ef4efb4
controlled	de277edb-4543-4bd7-8f86-206c18b54d8d	TCGA-DX-A48P	Sequencing Reads	BAM	RNA-Seq	7a922781-81e5-4d97-8e6d-a46f7952bf29	af58b4eb-da2f-411f-962a-8deb731c7f74.rna_seq.genomic.gdc_realn.bam	7a922781-81e5-4d97-8e6d-a46f7952bf29
controlled	ef273fe6-aab0-41eb-94f7-cca980bf789e	TCGA-DX-A7EL	Sequencing Reads	BAM	RNA-Seq	9ef4c588-a8a8-422f-a8b6-a71c8a128185	0c389e19-e3fb-4345-a754-6267912ea70d.rna_seq.transcriptome.gdc_realn.bam	9ef4c588-a8a8-422f-a8b6-a71c8a128185
controlled	d7d9204b-b85e-4260-8a54-c39e7847e982	TCGA-SG-A849	Sequencing Reads	BAM	RNA-Seq	aa27c3bd-1587-481e-b383-b6a394c7f43c	151226ac-c70a-4932-a9a5-9a1c6d06ec1c.rna_seq.transcriptome.gdc_realn.bam	aa27c3bd-1587-481e-b383-b6a394c7f43c
controlled	cabd63ee-d833-47b0-9a0b-8a046d260af1	TCGA-DX-AB3A	Sequencing Reads	BAM	RNA-Seq	f15dcf4d-2aba-4cb0-b7b1-a21d47ba8498	2715cda3-22d3-4088-9354-63b7bea6011f.rna_seq.chimeric.gdc_realn.bam	f15dcf4d-2aba-4cb0-b7b1-a21d47ba8498
controlled	de509aa1-6f20-480f-bf9d-d6bc04a7f72c	TCGA-RN-AAAQ	Structural Variation	TSV	RNA-Seq	a92cdcbd-6b87-458b-a8dc-3c15b0bb5d35	TCGA-SARC.fdeba967-fc2a-4424-b996-769df94a2874.star_fusion.rna_fusion.tsv	a92cdcbd-6b87-458b-a8dc-3c15b0bb5d35
controlled	e7a72f7e-77b1-4d95-8f37-39a6cffc35dc	TCGA-DX-A3LT	Structural Variation	BEDPE	RNA-Seq	4950b626-8e18-47e9-a8f8-f5f6aa9b68c2	TCGA-SARC.355fcbf6-4bde-42f9-b8d6-c5293bd91153.star_fusion.rna_fusion.bedpe	4950b626-8e18-47e9-a8f8-f5f6aa9b68c2
controlled	de509aa1-6f20-480f-bf9d-d6bc04a7f72c	TCGA-RN-AAAQ	Transcriptome Profiling	TSV	RNA-Seq	248eabb0-8bbd-4dc1-9207-ef8bd86b528c	3a0617d7-2391-44ff-b407-520b16dd57c2.rna_seq.star_splice_junctions.tsv.gz	248eabb0-8bbd-4dc1-9207-ef8bd86b528c
controlled	c05498e7-5b93-4acb-9d91-3a505116558d	TCGA-KD-A5QT	Structural Variation	BEDPE	RNA-Seq	61d202c8-b71c-455e-bf97-59d8e02cb891	TCGA-SARC.b1bbaceb-4c5d-4e5b-820c-2100d4085bf7.star_fusion.rna_fusion.bedpe	61d202c8-b71c-455e-bf97-59d8e02cb891
controlled	c05498e7-5b93-4acb-9d91-3a505116558d	TCGA-KD-A5QT	Sequencing Reads	BAM	RNA-Seq	4d807149-edd2-4df4-a948-8219b2de2ec5	b6a1af60-1aff-47cf-a983-d3146dc293fd.rna_seq.genomic.gdc_realn.bam	4d807149-edd2-4df4-a948-8219b2de2ec5
controlled	f2fcb8c3-4679-4753-8887-bf4c2781df3a	TCGA-DX-A48U	Sequencing Reads	BAM	RNA-Seq	c73d9ac7-935b-4ac4-bc3a-b6f32fad3a3f	323cb777-7ac4-4bb2-b417-f4f8c2a7200a.rna_seq.transcriptome.gdc_realn.bam	c73d9ac7-935b-4ac4-bc3a-b6f32fad3a3f
controlled	f2fcb8c3-4679-4753-8887-bf4c2781df3a	TCGA-DX-A48U	Sequencing Reads	BAM	RNA-Seq	b6e6a75b-b136-4f59-8373-3551d4f0aee4	323cb777-7ac4-4bb2-b417-f4f8c2a7200a.rna_seq.chimeric.gdc_realn.bam	b6e6a75b-b136-4f59-8373-3551d4f0aee4
controlled	f2fcb8c3-4679-4753-8887-bf4c2781df3a	TCGA-DX-A48U	Structural Variation	TSV	RNA-Seq	61793bb4-b216-4057-9b9c-82c686b0b0da	TCGA-SARC.c22184f7-6db5-4e71-a1fb-e1f333ff4b8d.star_fusion.rna_fusion.tsv	61793bb4-b216-4057-9b9c-82c686b0b0da
open	c1bab0e5-4cb2-4d9a-ae92-673fe7967fde	TCGA-PC-A5DK	Transcriptome Profiling	TSV	RNA-Seq	064f0eb6-19f1-4304-8678-c76c7b00cd91	03d51e0c-2f6f-4c5a-a755-c37f52f2cafd.rna_seq.augmented_star_gene_counts.tsv	064f0eb6-19f1-4304-8678-c76c7b00cd91
controlled	e7a72f7e-77b1-4d95-8f37-39a6cffc35dc	TCGA-DX-A3LT	Sequencing Reads	BAM	RNA-Seq	0e1d16dd-011b-412a-b3f4-6245a3db3c4f	658612d1-8cda-4d69-bd7e-7042393451e0.rna_seq.genomic.gdc_realn.bam	0e1d16dd-011b-412a-b3f4-6245a3db3c4f
controlled	f2fcb8c3-4679-4753-8887-bf4c2781df3a	TCGA-DX-A48U	Structural Variation	BEDPE	RNA-Seq	9d4ef933-2cd2-4a93-921b-ccac2146725d	TCGA-SARC.c22184f7-6db5-4e71-a1fb-e1f333ff4b8d.star_fusion.rna_fusion.bedpe	9d4ef933-2cd2-4a93-921b-ccac2146725d
open	df4954d3-8334-4b0b-a781-43c12d03d604	TCGA-X6-A7WD	Transcriptome Profiling	TSV	RNA-Seq	0f74ab86-0794-4d76-b517-868123ce41f5	45efdc43-0925-4980-aa5f-94d30bf73208.rna_seq.augmented_star_gene_counts.tsv	0f74ab86-0794-4d76-b517-868123ce41f5
